# Blender 4.3.0
# www.blender.org
mtllib sam.mtl
g effect
v -50.236732 -4.171379 -2.963543
v -49.763428 6.518024 -2.742339
v -50.355354 -4.258554 1.502897
v -49.882050 6.430849 1.724100
v -49.723999 1.184945 -4.039180
v -49.905964 1.051220 2.812266
v -243.246368 -15.656305 -8.475471
v -245.099960 -4.332094 -8.303677
v -243.373566 -15.749786 -3.685973
v -245.227158 -4.425574 -3.514179
v -244.397995 -10.012241 -9.676056
v -244.593124 -10.155640 -2.329017
v -191.824432 -8.388599 -7.046396
v -193.061066 2.829412 -6.860289
v -191.955811 -8.485140 -2.100130
v -193.192444 2.732872 -1.914022
v -192.398270 -2.746995 -8.625598
v -192.618454 -2.908813 -0.334819
v -150.115585 -4.838553 -5.869380
v -150.806717 6.425993 -5.667876
v -150.246948 -4.935094 -0.923113
v -150.938080 6.329453 -0.721610
v -150.416672 0.826318 -7.440883
v -150.636856 0.664500 0.849896
v -105.389053 -3.260722 -4.650711
v -105.498474 8.023981 -4.433364
v -105.520416 -3.357263 0.295556
v -105.629837 7.927440 0.512902
v -105.399323 2.414267 -6.214293
v -105.619507 2.252449 2.076486
vn 0.0557 -0.2309 -0.9714
vn 0.0177 0.0178 -0.9997
vn 0.0201 0.0609 -0.9979
vn 0.0545 -0.2640 -0.9630
vn 0.0044 -0.2686 0.9632
vn 0.0059 -0.3012 0.9536
vn -0.0257 -0.0619 0.9977
vn -0.0354 -0.0212 0.9991
vn 0.1404 -0.9900 -0.0156
vn 0.1220 -0.9924 -0.0161
vn 0.1037 -0.9945 -0.0167
vn -0.0139 0.2669 -0.9636
vn -0.0068 0.3011 -0.9536
vn -0.1367 0.9905 0.0157
vn -0.1196 0.9927 0.0162
vn -0.1025 0.9946 0.0167
vn -0.0653 0.2292 0.9712
vn -0.0550 0.2639 0.9630
vn 0.0290 0.0196 -0.9994
vn 0.0403 -0.2651 -0.9634
vn -0.0059 -0.3022 0.9532
vn -0.0290 -0.0197 0.9994
vn 0.0688 -0.9975 -0.0176
vn 0.0523 -0.9985 -0.0181
vn 0.0059 0.3022 -0.9532
vn -0.0688 0.9975 0.0176
vn -0.0523 0.9985 0.0181
vn -0.0404 0.2651 0.9634
vn 0.0334 -0.0228 -0.9992
vn 0.0304 -0.2655 -0.9636
vn -0.0188 -0.3028 0.9529
vn -0.0226 0.0223 0.9995
vn 0.0185 -0.9996 -0.0190
vn 0.0014 -0.9998 -0.0195
vn 0.0226 0.3029 -0.9528
vn -0.0047 0.9998 0.0194
vn -0.0247 0.2655 0.9638
vn -0.9781 -0.2060 -0.0300
vn -0.9889 -0.1460 -0.0291
vn -0.9839 -0.1761 -0.0296
vn -0.9929 -0.1158 -0.0286
vn -0.0219 -0.2706 0.9625
vn -0.0136 -0.0203 0.9997
vn -0.0159 -0.9997 -0.0199
vn -0.0112 0.2321 0.9726
vn 0.0264 0.9994 0.0202
vn 0.0401 0.2698 -0.9621
vn 0.0394 0.0187 -0.9990
vn 0.0295 -0.2328 -0.9721
vn 0.9996 0.0009 0.0266
vn 0.9979 -0.0600 0.0253
vn 0.9992 -0.0295 0.0260
vn 0.9956 -0.0903 0.0247
vt 0.157930 0.077360
vt 0.324000 0.077360
vt 0.324000 0.317570
vt 0.157930 0.317570
vt 0.950360 0.077360
vt 0.950360 0.317570
vt 0.785010 0.317570
vt 0.785010 0.077360
vt 0.036240 0.077360
vt 0.036270 0.317570
vt 0.490110 0.077360
vt 0.490110 0.317570
vt 0.619110 0.077360
vt 0.619110 0.317570
vt 0.324000 0.515530
vt 0.157930 0.515530
vt 0.950360 0.515530
vt 0.785010 0.515530
vt 0.036300 0.515530
vt 0.490110 0.515530
vt 0.619110 0.515530
vt 0.324000 0.726750
vt 0.157930 0.726750
vt 0.950360 0.726750
vt 0.785010 0.726750
vt 0.036320 0.726750
vt 0.490110 0.726750
vt 0.619110 0.726750
vt 0.413120 0.054540
vt 0.247170 0.059040
vt 0.247170 0.033470
vt 0.413120 0.037970
vt 0.081220 0.054540
vt 0.081220 0.037970
vt 0.950360 0.986190
vt 0.785010 0.986190
vt 0.157930 0.986190
vt 0.036350 0.986190
vt 0.619110 0.986190
vt 0.490110 0.986190
vt 0.324000 0.986190
vt 0.554770 0.037470
vt 0.724530 0.032970
vt 0.724530 0.058540
vt 0.554770 0.054040
vt 0.894290 0.037470
vt 0.894290 0.054040
s 1
f 7/1/1 11/2/2 17/3/3
f 13/4/4 7/1/1 17/3/3
f 9/5/5 15/6/6 18/7/7
f 12/8/8 9/5/5 18/7/7
f 9/9/9 7/1/9 13/4/10
f 15/10/11 9/9/9 13/4/10
f 8/11/12 14/12/13 17/3/3
f 11/2/2 8/11/12 17/3/3
f 8/11/14 10/13/14 16/14/15
f 14/12/16 8/11/14 16/14/15
f 10/13/17 12/8/8 18/7/7
f 16/14/18 10/13/17 18/7/7
f 13/4/4 17/3/3 23/15/19
f 19/16/20 13/4/4 23/15/19
f 18/7/7 15/6/6 21/17/21
f 24/18/22 18/7/7 21/17/21
f 15/10/11 13/4/10 19/16/23
f 21/19/24 15/10/11 19/16/23
f 17/3/3 14/12/13 20/20/25
f 23/15/19 17/3/3 20/20/25
f 14/12/16 16/14/15 22/21/26
f 20/20/27 14/12/16 22/21/26
f 16/14/18 18/7/7 24/18/22
f 22/21/28 16/14/18 24/18/22
f 19/16/20 23/15/19 29/22/29
f 25/23/30 19/16/20 29/22/29
f 24/18/22 21/17/21 27/24/31
f 30/25/32 24/18/22 27/24/31
f 21/19/24 19/16/23 25/23/33
f 27/26/34 21/19/24 25/23/33
f 23/15/19 20/20/25 26/27/35
f 29/22/29 23/15/19 26/27/35
f 20/20/27 22/21/26 28/28/36
f 26/27/36 20/20/27 28/28/36
f 22/21/28 24/18/22 30/25/32
f 28/28/37 22/21/28 30/25/32
f 9/29/38 12/30/39 11/31/40
f 7/32/38 9/29/38 11/31/40
f 12/30/39 10/33/41 8/34/41
f 11/31/40 12/30/39 8/34/41
f 3/35/42 6/36/43 30/25/32
f 27/24/31 3/35/42 30/25/32
f 1/37/44 3/38/44 27/26/34
f 25/23/33 1/37/44 27/26/34
f 4/39/45 28/28/37 30/25/32
f 6/36/43 4/39/45 30/25/32
f 2/40/46 26/27/36 28/28/36
f 4/39/46 2/40/46 28/28/36
f 2/40/47 5/41/48 29/22/29
f 26/27/35 2/40/47 29/22/29
f 1/37/49 25/23/30 29/22/29
f 5/41/48 1/37/49 29/22/29
f 4/42/50 6/43/51 5/44/52
f 2/45/50 4/42/50 5/44/52
f 6/43/51 3/46/53 1/47/53
f 5/44/52 6/43/51 1/47/53
g item_blade
v 32.194431 32.899067 34.774910
v 32.306393 32.957848 34.772141
v 32.591961 32.418022 34.859020
v 32.480000 32.359241 34.861790
v 32.186802 33.048710 34.754173
v 28.895725 28.880890 35.009510
v 28.892609 28.974070 35.005871
v 29.257755 28.988148 35.053905
v 29.260872 28.894970 35.057545
v 28.812820 28.924343 34.996990
v 32.583702 32.500965 36.286209
v 32.297512 33.047028 36.306675
v 32.185551 32.988247 36.309441
v 32.471741 32.442184 36.288975
v 32.177784 33.139282 36.312618
v 29.249500 29.071081 36.480919
v 28.883816 29.062416 36.526043
v 28.886909 28.969444 36.533260
v 29.252594 28.978111 36.488132
v 28.803894 29.014000 36.539703
v 39.923130 18.494713 35.710613
v 40.209320 17.948647 35.690151
v 40.097366 17.889870 35.692921
v 39.811176 18.435934 35.713383
v 40.217094 17.797619 35.686977
v 35.202721 17.697506 35.744476
v 34.986473 17.400642 35.713737
v 34.911457 17.455849 35.708302
v 35.127705 17.752716 35.739040
v 34.900791 17.362114 35.704174
v 40.088490 17.979050 37.227455
v 40.200443 18.037830 37.224686
v 39.914871 18.577656 37.137802
v 39.802917 18.518877 37.140572
v 40.208076 17.888191 37.245422
v 34.902641 17.544403 37.232056
v 34.977676 17.488989 37.233910
v 35.194462 17.780439 37.171490
v 35.119427 17.835857 37.169628
v 34.891865 17.451771 37.246887
v 78.498276 48.491531 35.151024
v 80.096909 48.535568 35.220245
v 80.462540 48.730568 35.260784
v 78.492905 48.702465 35.251022
v 77.037636 48.528160 35.252731
v 76.831490 48.322582 35.167202
v 70.699600 46.896271 35.310898
v 73.186188 47.371567 35.211807
v 73.305260 47.652046 35.282051
v 67.301689 46.384312 35.320988
v 68.089279 44.807060 35.031601
v 69.553879 45.452866 34.875111
v 69.120491 46.379658 35.331783
v 65.565048 43.047642 35.484470
v 65.153572 43.830067 35.457001
v 74.993935 46.708939 34.981075
v 74.583664 45.852253 35.394047
v 75.115990 45.923481 35.392986
v 75.160751 47.947586 35.219570
v 75.302490 48.133774 35.265610
v 70.978432 45.913696 34.894676
v 71.168991 45.052711 35.420753
v 73.107208 45.569225 35.401951
v 73.158333 46.407043 34.940422
v 69.872658 44.668499 35.435581
v 68.496078 44.011833 35.465778
v 65.905823 42.401390 35.544384
v 77.046440 46.917881 35.032398
v 75.048187 47.736404 35.194572
v 76.611389 48.067169 35.127750
v 78.818031 47.855541 35.111549
v 78.610374 48.271206 35.138985
v 79.732216 48.341385 35.184963
v 80.462540 48.730568 35.260784
v 80.096336 48.541332 35.319420
v 78.496979 48.504539 35.374836
v 78.492905 48.702465 35.251022
v 77.037636 48.528160 35.252731
v 76.830383 48.333736 35.359116
v 73.185196 47.381512 35.382935
v 70.699600 46.896271 35.310898
v 73.305260 47.652046 35.282051
v 69.547958 45.512295 35.897705
v 68.084831 44.851727 35.800198
v 67.301689 46.384312 35.320988
v 69.120491 46.379658 35.331783
v 65.564812 43.050003 35.525101
v 65.153572 43.830067 35.457001
v 74.583664 45.852253 35.394047
v 74.989716 46.751282 35.709702
v 75.115990 45.923481 35.392986
v 75.302490 48.133774 35.265610
v 75.160110 47.954079 35.331272
v 70.972954 45.968712 35.841320
v 73.153564 46.454903 35.763882
v 73.107208 45.569225 35.401951
v 71.168991 45.052711 35.420753
v 69.872658 44.668499 35.435581
v 68.496078 44.011833 35.465778
v 65.905823 42.401390 35.544384
v 77.042816 46.954250 35.658199
v 75.047119 47.747135 35.379265
v 76.609665 48.084465 35.425346
v 78.608780 48.287167 35.413609
v 78.815834 47.877617 35.491402
v 79.731133 48.352299 35.372753
v 79.157539 47.239460 35.227604
v 79.322868 47.126190 35.347431
v 78.354149 46.027843 35.405659
v 78.072540 45.965595 35.311363
v 75.221085 43.506905 35.448181
v 73.415123 41.738968 35.626335
v 75.515663 43.454071 35.538811
v 71.600647 41.565651 35.112865
v 70.231239 40.739059 35.280415
v 71.066650 39.233917 35.758327
v 72.093796 40.732769 35.677166
v 67.330482 39.694729 35.689548
v 67.741722 38.914665 35.757645
v 74.755478 45.525944 35.414005
v 75.713196 45.342930 35.064625
v 77.045219 44.824005 35.468048
v 76.814087 44.807590 35.411621
v 72.786430 42.479958 35.104694
v 74.426010 43.999477 35.087677
v 73.685059 44.471794 35.469074
v 72.160255 43.170124 35.535900
v 71.108444 42.321503 35.579132
v 69.786377 41.561306 35.615662
v 66.989471 40.343346 35.670261
v 76.577888 44.831203 35.372265
v 77.739723 45.924248 35.258820
v 79.040596 47.454128 35.188961
v 79.156242 47.252464 35.451416
v 79.322868 47.126190 35.347431
v 78.354149 46.027843 35.405659
v 78.071426 45.976746 35.503277
v 73.415123 41.738968 35.626335
v 75.220093 43.516850 35.619308
v 75.515663 43.454071 35.538811
v 71.066650 39.233917 35.758327
v 70.226791 40.783730 36.049007
v 71.594734 41.625080 36.135460
v 72.093796 40.732769 35.677166
v 67.330254 39.697090 35.730175
v 67.741722 38.914665 35.757645
v 75.708977 45.385273 35.793251
v 74.755478 45.525944 35.414005
v 76.813438 44.814079 35.523323
v 77.045219 44.824005 35.468048
v 72.780952 42.534977 36.051338
v 72.160255 43.170124 35.535900
v 73.685059 44.471794 35.469074
v 74.421249 44.047337 35.911137
v 71.108444 42.321503 35.579132
v 69.786377 41.561306 35.615662
v 66.989471 40.343346 35.670261
v 76.576820 44.841934 35.556957
v 77.737999 45.941544 35.556412
v 79.039009 47.470085 35.463585
v 43.885857 10.054714 36.584332
v 43.864670 11.637768 36.492207
v 42.465282 10.804497 36.532539
v 43.682297 14.623295 36.363979
v 43.196968 16.561268 36.248543
v 40.805195 15.123650 36.318253
v 41.100117 12.354694 36.464333
v 44.421631 8.729527 36.710785
v 45.667160 9.281868 36.995308
v 44.743286 16.009384 36.598980
v 44.053684 16.846031 36.546368
v 45.743721 5.468033 37.217396
v 42.673836 7.799339 37.064144
v 45.273472 12.653725 36.797070
v 42.048908 18.273758 36.142376
v 43.314617 19.724707 36.374794
v 41.601166 19.418381 36.161362
v 41.381939 24.654142 36.077129
v 40.260578 21.772854 36.238091
v 43.481609 18.433107 36.450821
v 40.996223 10.036087 36.924446
v 39.859089 12.211102 36.791462
v 39.784176 14.639114 36.649921
v 43.454372 20.727879 36.317299
v 43.860565 11.678978 37.201294
v 43.881752 10.095924 37.293419
v 42.461178 10.845707 37.241623
v 40.801628 15.159492 36.934982
v 43.193398 16.597107 36.865273
v 43.678726 14.659138 36.980709
v 41.096359 12.392452 37.114048
v 45.667160 9.281868 36.995308
v 44.418060 8.765369 37.327511
v 44.053684 16.846031 36.546368
v 44.743286 16.009384 36.598980
v 45.743721 5.468033 37.217396
v 42.673836 7.799339 37.064144
v 45.273472 12.653725 36.797070
v 43.314617 19.724707 36.374794
v 42.045338 18.309599 36.759106
v 41.598614 19.444017 36.602493
v 41.381939 24.654142 36.077129
v 40.260578 21.772854 36.238091
v 43.481609 18.433107 36.450821
v 40.996223 10.036087 36.924446
v 39.859089 12.211102 36.791462
v 39.784176 14.639114 36.649921
v 43.454372 20.727879 36.317299
v 36.211258 18.139112 36.288998
v 35.776871 16.603317 36.355591
v 36.508953 16.528568 36.521164
v 36.700920 18.048634 36.433933
v 35.341072 15.287720 36.407631
v 34.798962 15.524910 36.569595
v 32.685364 13.706394 36.663052
v 33.296150 13.469086 36.463684
v 36.137802 14.963634 36.609962
v 30.418743 11.938148 36.752701
v 31.184364 11.614178 36.585735
v 31.868217 12.558456 36.485977
v 31.982655 13.947960 36.422436
v 31.049515 14.297649 36.619225
v 31.963219 11.267441 36.800617
v 34.260227 13.125687 36.705914
v 30.084461 10.102768 36.857433
v 32.524715 16.456562 36.312527
v 31.978954 16.692200 36.485439
v 34.612381 17.373999 36.461056
v 34.043785 17.604134 36.280426
v 33.068279 16.242901 36.517857
v 33.473305 17.853258 36.426609
v 35.519016 18.308823 36.270958
v 35.024754 18.616539 36.391228
v 35.922226 18.230824 36.418839
v 35.443512 16.690857 36.505566
v 35.922226 18.230824 36.418839
v 36.508953 16.528568 36.521164
v 35.775063 16.621506 36.668503
v 36.209679 18.154964 36.561752
v 36.700920 18.048634 36.433933
v 35.339008 15.308441 36.764191
v 33.293652 13.494186 36.895596
v 32.685364 13.706394 36.663052
v 34.798962 15.524910 36.569595
v 36.137802 14.963634 36.609962
v 31.182171 11.636211 36.964890
v 30.418743 11.938148 36.752701
v 31.049515 14.297649 36.619225
v 31.980087 13.973732 36.865944
v 31.865459 12.586151 36.962475
v 34.260227 13.125687 36.705914
v 31.963219 11.267441 36.800617
v 30.084461 10.102768 36.857433
v 32.522526 16.478542 36.690769
v 31.978954 16.692200 36.485439
v 34.041893 17.623125 36.607239
v 34.612381 17.373999 36.461056
v 33.068279 16.242901 36.517857
v 35.517387 18.325157 36.552025
v 33.473305 17.853258 36.426609
v 35.024754 18.616539 36.391228
v 35.922226 18.230824 36.418839
v 35.443512 16.690857 36.505566
v 35.922226 18.230824 36.418839
v 28.998550 30.792274 35.648746
v 28.653137 30.132675 35.528091
v 30.165390 29.621372 35.586704
v 30.361431 30.088543 35.697533
v 27.201218 29.954494 35.687038
v 27.321823 30.517826 35.476109
v 24.664177 29.862877 35.460987
v 24.502842 29.246593 35.712563
v 27.497086 31.374035 35.606251
v 21.935471 29.179621 35.511375
v 21.759193 28.384315 35.746799
v 24.063351 27.565731 35.807705
v 24.314991 28.510338 35.531754
v 23.104607 29.202255 35.467987
v 24.916458 30.871311 35.620533
v 22.081333 30.035042 35.652729
v 20.055504 29.149704 35.692459
v 26.565727 26.972975 35.856636
v 26.690224 27.537386 35.634789
v 28.496769 28.138996 35.636078
v 28.620968 28.752853 35.765087
v 26.812531 28.123779 35.791183
v 29.913216 28.955313 35.619785
v 28.370678 27.544136 35.833885
v 29.879829 28.387753 35.793591
v 30.070339 29.344690 35.739079
v 28.528500 29.823812 35.702312
v 30.070339 29.344690 35.739079
v 30.163815 29.637224 35.859459
v 28.651325 30.150860 35.841003
v 28.998550 30.792274 35.648746
v 30.361431 30.088543 35.697533
v 27.319759 30.538548 35.832668
v 27.201218 29.954494 35.687038
v 24.502842 29.246593 35.712563
v 24.661678 29.887978 35.892899
v 27.497086 31.374035 35.606251
v 21.759193 28.384315 35.746799
v 21.933277 29.201656 35.890533
v 23.101849 29.229948 35.944485
v 24.312424 28.536114 35.975262
v 24.063351 27.565731 35.807705
v 22.081333 30.035042 35.652729
v 24.916458 30.871311 35.620533
v 20.055504 29.149704 35.692459
v 26.688038 27.559368 36.013027
v 26.565727 26.972975 35.856636
v 28.620968 28.752853 35.765087
v 28.494877 28.157990 35.962891
v 26.812531 28.123779 35.791183
v 28.370678 27.544136 35.833885
v 29.911591 28.971647 35.900852
v 29.879829 28.387753 35.793591
v 30.070339 29.344690 35.739079
v 28.528500 29.823812 35.702312
v 30.070339 29.344690 35.739079
v 29.151073 39.581738 34.783062
v 27.857048 40.496521 34.722412
v 27.670376 38.902885 34.813950
v 30.290359 35.093353 35.096840
v 32.832180 36.246010 35.044559
v 31.508450 37.743793 34.949856
v 28.173965 36.903965 34.962818
v 28.211285 42.433945 34.967617
v 27.065140 41.692871 34.694637
v 33.537186 36.818905 35.324764
v 33.237846 37.860447 35.262501
v 25.108246 44.658798 34.820362
v 25.291435 40.811897 35.044991
v 30.769936 40.198746 35.112324
v 35.493172 34.579147 35.466248
v 33.594219 34.330845 35.160271
v 34.280312 33.322102 35.310966
v 38.464455 30.195005 35.738232
v 35.451733 30.905785 35.679489
v 34.522255 35.448662 35.410095
v 26.185818 38.163929 35.204056
v 27.335632 35.995583 35.336727
v 29.296295 34.557636 35.431641
v 36.400017 34.125465 35.497860
v 27.852943 40.537727 35.431499
v 29.146973 39.622948 35.492149
v 27.666271 38.944096 35.523033
v 31.504883 37.779636 35.566586
v 32.828613 36.281849 35.661293
v 30.286789 35.129196 35.713570
v 28.170204 36.941727 35.612534
v 27.061569 41.728714 35.311367
v 28.211285 42.433945 34.967617
v 33.237846 37.860447 35.262501
v 33.537186 36.818905 35.324764
v 25.108246 44.658798 34.820362
v 25.291435 40.811897 35.044991
v 30.769936 40.198746 35.112324
v 33.590649 34.366684 35.777004
v 35.493172 34.579147 35.466248
v 34.277760 33.347740 35.752098
v 38.464455 30.195005 35.738232
v 35.451733 30.905785 35.679489
v 34.522255 35.448662 35.410095
v 26.185818 38.163929 35.204056
v 27.335632 35.995583 35.336727
v 29.296295 34.557636 35.431641
v 36.400017 34.125465 35.497860
v 32.940174 35.320053 35.408413
v 32.908875 35.310020 35.739304
v 31.988232 36.269638 35.713646
v 32.021034 36.274433 35.347630
v 30.207958 37.826908 35.597378
v 29.677212 37.547020 35.912148
v 29.054832 38.714622 35.537724
v 30.357410 32.018799 35.585327
v 30.265602 33.376785 36.017616
v 30.808964 32.306450 35.979530
v 34.456177 33.342297 35.532124
v 35.030178 32.404861 35.589928
v 34.981506 32.402386 35.763680
v 34.418125 33.338905 35.800842
v 29.285191 34.470146 35.436661
v 29.091480 35.757767 35.360706
v 29.156578 35.833603 35.929283
v 29.371944 34.551243 36.015995
v 35.786324 30.564548 35.701256
v 31.280148 32.596436 36.312332
v 30.982079 33.808434 36.429241
v 31.520325 31.931831 36.139496
v 31.179222 31.726851 35.890778
v 29.371944 34.551243 36.015995
v 30.843983 35.346279 36.352474
v 29.984554 33.169167 35.516315
v 29.055069 37.158207 35.674728
v 29.021622 37.073692 35.283825
v 29.054832 38.714622 35.537724
v 33.760693 34.362465 35.468811
v 33.725178 34.354626 35.820576
v 31.121758 37.055344 35.656532
v 32.207775 31.547001 35.872627
v 32.376984 31.234102 35.759182
v 32.030357 31.224194 35.872787
v 33.806610 31.064865 35.660725
v 34.727493 30.926010 36.170460
v 34.564266 30.844191 35.677933
v 33.818474 31.559284 36.020653
v 33.765022 32.057579 36.126900
v 34.449978 32.304195 36.468861
v 32.671337 33.187225 36.071476
v 31.814926 33.755829 36.130234
v 32.166237 34.498840 36.409531
v 33.090267 33.762978 36.457642
v 31.852779 32.827232 36.144497
v 31.990566 32.159889 36.029438
v 32.166470 33.153038 36.305714
v 32.521873 32.952888 36.285328
v 32.172615 32.826714 36.297760
v 32.929501 32.607193 36.256119
v 32.303947 32.311821 36.276588
v 33.492462 32.012756 36.206482
v 32.579330 31.410089 36.251190
v 33.539131 31.281389 36.173599
v 33.209251 31.089205 36.164917
v 32.579330 31.410089 36.251190
v 32.376984 31.234102 35.759182
v 32.207775 31.547001 35.872627
v 32.688789 31.030087 35.805470
v 33.507488 30.988499 36.113277
v 33.165668 30.835117 35.852188
v 33.816891 31.236065 35.976639
v 33.679306 30.699028 35.854721
v 33.240200 32.691231 36.078598
v 32.671337 33.187225 36.071476
v 30.961365 31.609947 35.612583
v 29.156578 35.833603 35.929283
v 30.208015 36.480377 36.271786
v 31.161789 37.051895 35.297474
v 33.808399 33.053444 36.503033
v 30.669468 36.769352 35.962299
v 31.486485 35.877007 36.066818
v 32.486866 34.846184 36.075760
v 33.179234 30.787781 35.673199
v 32.706043 30.981045 35.659229
v 33.726322 30.615978 35.686348
v 33.679306 30.699028 35.854721
v 31.733433 31.153936 35.643551
v 32.419437 30.947155 35.659538
v 31.963482 31.041286 35.651432
v 32.397930 31.183355 35.645687
v 32.419437 30.947155 35.659538
v 32.376984 31.234102 35.759182
v 33.726322 30.615978 35.686348
v 32.397930 31.183355 35.645687
v 35.786324 30.564548 35.701256
v 33.816891 31.236065 35.976639
v 33.806610 31.064865 35.660725
v 33.816891 31.236065 35.976639
v 30.230766 37.818729 35.247520
v 29.054832 38.714622 35.537724
v 29.035923 38.734131 35.187405
v 33.090267 33.762978 36.457642
v 33.808399 33.053444 36.503033
v 34.449978 32.304195 36.468861
v 29.035923 38.734131 35.187405
v 34.727493 30.926010 36.170460
v 31.992455 36.227249 34.984276
v 32.912689 35.271736 35.080570
v 29.684738 37.471489 34.612503
v 30.211998 37.786308 34.898834
v 29.058857 38.674187 34.841953
v 30.271503 33.317505 34.997612
v 30.357410 32.018799 35.585327
v 30.813671 32.259151 35.165691
v 34.983513 32.382240 35.417084
v 34.421227 33.307777 35.265186
v 29.163177 35.767269 34.787964
v 29.378674 34.483646 34.852867
v 35.786324 30.564548 35.701256
v 31.288860 32.508949 34.806995
v 30.992966 33.699047 34.547047
v 31.182495 31.693983 35.325253
v 31.526581 31.869003 35.058414
v 30.855030 35.235340 34.443558
v 29.378674 34.483646 34.852867
v 29.059631 37.112381 34.886173
v 29.058857 38.674187 34.841953
v 33.729233 34.313908 35.119934
v 31.125904 37.013699 34.939995
v 32.033028 31.197365 35.411160
v 32.378330 31.220600 35.526844
v 32.210651 31.518135 35.375977
v 34.733212 30.868513 35.181156
v 33.771069 31.996866 35.082241
v 33.822956 31.514271 35.246105
v 34.460087 32.202667 34.721939
v 32.177284 34.387886 34.500305
v 31.822273 33.681988 34.859718
v 32.677574 33.124596 34.993820
v 33.101315 33.652020 34.548416
v 31.859665 32.758018 34.953560
v 31.995670 32.108585 35.146729
v 32.530430 32.866962 34.806843
v 32.180187 33.061134 34.759460
v 32.184814 32.741615 34.805012
v 32.937462 32.527252 34.880600
v 32.311935 32.232460 34.887192
v 32.580990 31.341087 35.019947
v 33.498562 31.943243 35.005230
v 33.209114 31.032368 35.150093
v 33.545212 31.220343 35.123169
v 32.690510 31.012804 35.508102
v 32.580990 31.341087 35.019947
v 32.378330 31.220600 35.526844
v 33.512676 30.936388 35.216644
v 33.167767 30.814054 35.489784
v 33.820648 31.198326 35.327244
v 33.681305 30.678932 35.508953
v 33.246147 32.631493 35.050762
v 32.677574 33.124596 34.993820
v 30.961365 31.609947 35.612583
v 30.218933 36.370720 34.384991
v 29.163177 35.767269 34.787964
v 29.984554 33.169167 35.516315
v 33.819447 32.942490 34.593807
v 30.676979 36.693913 34.664223
v 31.494545 35.796013 34.673199
v 32.494274 34.771767 34.795269
v 33.681305 30.678932 35.508953
v 31.733433 31.153936 35.643551
v 32.419437 30.947155 35.659538
v 31.963482 31.041286 35.651432
v 32.378330 31.220600 35.526844
v 33.820648 31.198326 35.327244
v 29.058857 38.674187 34.841953
v 33.101315 33.652020 34.548416
v 33.819447 32.942490 34.593807
v 34.460087 32.202667 34.721939
v 34.733212 30.868513 35.181156
v 32.210651 31.518135 35.375977
v 27.930981 30.059311 35.698185
v 27.944202 30.062616 35.913235
v 27.294796 29.854225 35.706421
v 26.502884 29.505016 35.722134
v 26.511917 29.439405 35.986607
v 25.633770 29.012726 35.745716
v 28.572205 27.745728 35.950771
v 27.901039 27.940716 36.085884
v 28.044666 28.155291 36.375957
v 28.626160 27.955593 36.349449
v 30.322041 29.416454 36.025631
v 29.856018 29.777500 36.485203
v 31.790024 29.509598 35.752460
v 28.820656 28.217060 36.638718
v 28.093521 28.524857 36.664738
v 29.113285 28.072268 36.238869
v 27.268177 28.518782 36.330208
v 27.256992 28.959890 36.635193
v 26.508698 28.497849 35.780701
v 25.633770 29.012726 35.745716
v 26.558105 29.008970 36.295708
v 29.495377 29.743397 36.520226
v 28.392620 29.470917 36.590694
v 29.713722 30.238926 35.812393
v 27.288574 29.774029 36.108864
v 29.796116 28.270128 35.983479
v 29.782757 28.349380 36.073818
v 30.028702 28.493547 35.801319
v 29.771492 28.418787 35.921051
v 29.782757 28.349380 36.073818
v 29.342712 28.274225 36.370552
v 29.355396 28.500610 36.164349
v 28.822693 29.299458 36.252068
v 28.203148 28.994125 36.354675
v 28.392620 29.470917 36.590694
v 28.203148 28.994125 36.354675
v 28.093521 28.524857 36.664738
v 27.256992 28.959890 36.635193
v 28.668961 28.730076 36.312881
v 28.820656 28.217060 36.638718
v 28.755104 28.996357 36.537113
v 28.947697 29.113472 36.500271
v 29.049683 28.893604 36.498589
v 29.428471 29.314049 36.410839
v 29.633648 28.757338 36.412148
v 29.917461 29.403805 36.324558
v 30.232674 28.836187 36.320419
v 29.893818 28.721167 36.376190
v 30.549492 29.072403 36.231304
v 29.355396 28.500610 36.164349
v 28.668961 28.730076 36.312881
v 29.771492 28.418787 35.921051
v 29.893818 28.721167 36.376190
v 30.232674 28.836187 36.320419
v 30.309902 28.640709 35.970921
v 30.743725 29.058615 35.941517
v 29.857624 29.599663 36.116631
v 30.322041 29.416454 36.025631
v 29.351017 29.497627 36.177494
v 28.822693 29.299458 36.252068
v 28.755104 28.996357 36.537113
v 29.109905 27.930866 35.828701
v 29.342712 28.274225 36.370552
v 29.566406 28.179752 36.097862
v 27.255917 28.195719 35.927677
v 29.351017 29.497627 36.177494
v 29.495377 29.743397 36.520226
v 29.857624 29.599663 36.116631
v 30.796951 29.049923 35.773426
v 30.743725 29.058615 35.941517
v 30.729393 29.125093 35.768669
v 30.333935 28.625505 35.795414
v 29.801331 28.408810 35.804928
v 30.796951 29.049923 35.773426
v 29.572323 28.133568 35.819599
v 29.797173 28.242920 35.814545
v 30.028702 28.493547 35.801319
v 29.801331 28.408810 35.804928
v 30.549492 29.072403 36.231304
v 30.729393 29.125093 35.768669
v 29.856018 29.777500 36.485203
v 30.084179 30.360411 35.693146
v 31.790024 29.509598 35.752460
v 26.558105 29.008970 36.295708
v 29.689156 30.240948 35.697803
v 28.573524 27.732471 35.722706
v 27.904095 27.910049 35.558186
v 27.257362 28.181229 35.678337
v 27.946682 30.037693 35.484364
v 26.514923 29.409218 35.467163
v 28.051201 28.089672 35.246883
v 28.632217 27.894781 35.303051
v 29.864777 29.689520 34.971359
v 30.325226 29.384455 35.475006
v 31.790024 29.509598 35.752460
v 28.830212 28.121111 34.987705
v 28.103626 28.423332 34.917820
v 29.118111 28.023806 35.404980
v 27.267109 28.858299 34.887123
v 27.274479 28.455496 35.241264
v 25.633770 29.012726 35.745716
v 26.508698 28.497849 35.780701
v 26.564384 28.945906 35.210560
v 29.864777 29.689520 34.971359
v 29.715042 30.225681 35.584507
v 29.504532 29.651344 34.936371
v 27.293163 29.727947 35.315933
v 29.785816 28.318619 35.544533
v 29.798080 28.250376 35.643597
v 29.349174 28.209303 35.253448
v 29.785816 28.318619 35.544533
v 29.772839 28.405249 35.688091
v 29.359631 28.458057 35.432175
v 28.209984 28.925430 35.172680
v 28.828514 29.241011 35.246372
v 28.402489 29.371799 34.885223
v 28.103626 28.423332 34.917820
v 28.209984 28.925430 35.172680
v 27.267109 28.858299 34.887123
v 28.675110 28.668312 35.250153
v 28.830212 28.121111 34.987705
v 28.956245 29.027609 35.022839
v 28.764011 28.906885 34.997593
v 29.058060 28.809484 35.051155
v 29.436089 29.237516 35.093975
v 29.640896 28.684540 35.159527
v 29.924114 29.336990 35.174911
v 30.238876 28.773888 35.248409
v 29.900612 28.652952 35.202431
v 30.554802 29.019047 35.313210
v 29.359631 28.458057 35.432175
v 28.675110 28.668312 35.250153
v 29.772839 28.405249 35.688091
v 29.900612 28.652952 35.202431
v 30.238876 28.773888 35.248409
v 30.311939 28.620260 35.619064
v 30.745670 29.039051 35.604862
v 29.862015 29.555576 35.358047
v 30.325226 29.384455 35.475006
v 29.356071 29.446838 35.303574
v 28.828514 29.241011 35.246372
v 28.764011 28.906885 34.997593
v 29.569649 28.147203 35.537807
v 29.349174 28.209303 35.253448
v 29.504532 29.651344 34.936371
v 29.356071 29.446838 35.303574
v 29.862015 29.555576 35.358047
v 30.745670 29.039051 35.604862
v 30.554802 29.019047 35.313210
v 30.729393 29.125093 35.768669
v 30.084179 30.360411 35.693146
v 31.790024 29.509598 35.752460
v 26.564384 28.945906 35.210560
v 25.633770 29.012726 35.745716
v 28.402489 29.371799 34.885223
v 35.297852 16.096615 36.767437
v 35.298450 16.067070 36.553989
v 34.768631 15.659973 36.574581
v 33.969521 15.275970 36.852886
v 34.031635 15.206463 36.596676
v 33.132832 14.770550 36.616806
v 33.763580 17.293976 37.040268
v 33.520306 17.268639 36.738617
v 33.747444 17.916941 36.551929
v 33.930527 17.881571 36.965603
v 36.118969 17.882950 37.212708
v 36.109566 18.424826 36.697906
v 37.032425 19.553263 36.361416
v 34.241241 17.922329 37.268375
v 34.080574 17.154274 37.360199
v 34.308273 18.205976 36.842319
v 33.965267 16.219574 37.414429
v 33.624325 16.447243 37.068535
v 33.132832 14.770550 36.616806
v 33.204010 15.782154 36.558430
v 33.626320 15.585060 37.116753
v 36.118969 17.882950 37.212708
v 36.451424 17.442717 36.595043
v 35.884636 17.608953 37.262402
v 34.678936 15.738300 36.967327
v 34.924065 18.585033 36.671032
v 34.871033 18.631876 36.572983
v 35.195778 18.680286 36.401524
v 34.597794 18.293802 36.980984
v 34.924065 18.585033 36.671032
v 34.982414 18.522230 36.526356
v 34.801464 18.157469 36.796963
v 34.544121 16.951393 37.091248
v 35.151657 17.279526 36.987240
v 35.031670 16.862068 37.361889
v 34.080574 17.154274 37.360199
v 34.544121 16.951393 37.091248
v 33.965267 16.219574 37.414429
v 34.593330 17.478546 37.001057
v 34.241241 17.922329 37.268375
v 35.057175 17.510384 37.209949
v 34.849815 17.421314 37.245071
v 34.934349 17.717480 37.182152
v 35.499229 17.784496 37.116020
v 35.157864 18.265781 37.053844
v 35.854679 18.127872 37.014229
v 35.567032 18.705212 36.940060
v 35.277493 18.496532 37.001556
v 35.945381 18.824568 36.858093
v 34.801464 18.157469 36.796963
v 34.593330 17.478546 37.001057
v 34.982414 18.522230 36.526356
v 35.277493 18.496532 37.001556
v 35.567032 18.705212 36.940060
v 35.467705 18.845051 36.570053
v 36.058777 18.964310 36.558914
v 35.992210 17.948889 36.829224
v 36.109566 18.424826 36.697906
v 35.617950 17.595501 36.905464
v 35.151657 17.279526 36.987240
v 34.849815 17.421314 37.245071
v 34.210747 18.243408 36.421215
v 34.660709 18.504690 36.689617
v 34.597794 18.293802 36.980984
v 33.372017 16.580055 36.638123
v 35.884636 17.608953 37.262402
v 35.617950 17.595501 36.905464
v 35.992210 17.948889 36.829224
v 36.058777 18.964310 36.558914
v 36.090263 18.996891 36.388302
v 36.113983 18.898708 36.394142
v 34.996979 18.541271 36.408455
v 35.477661 18.856579 36.392910
v 36.090263 18.996891 36.388302
v 34.640087 18.508904 36.408268
v 34.857758 18.631884 36.402382
v 35.195778 18.680286 36.401524
v 34.996979 18.541271 36.408455
v 35.945381 18.824568 36.858093
v 36.113983 18.898708 36.394142
v 36.767395 17.667694 36.469467
v 37.032425 19.553263 36.361416
v 33.626320 15.585060 37.116753
v 35.031670 16.862068 37.361889
v 36.444916 17.410446 36.482552
v 33.523361 17.237972 36.210922
v 33.748764 17.903687 36.323864
v 33.373459 16.565567 36.388786
v 35.300331 16.071693 36.338566
v 33.972527 15.245781 36.333439
v 33.770115 17.228359 35.911194
v 33.936584 17.820759 35.919209
v 36.112751 18.392824 36.147285
v 36.127728 17.794971 35.698864
v 37.032425 19.553263 36.361416
v 34.250793 17.826378 35.617359
v 34.090683 17.052750 35.613277
v 34.313099 18.157513 36.008430
v 33.630627 16.383957 35.979595
v 33.975384 16.117981 35.666359
v 33.204010 15.782154 36.558430
v 33.132832 14.770550 36.616806
v 33.632599 15.521996 36.031605
v 35.893799 17.516907 35.678547
v 35.041538 16.762951 35.656414
v 36.452744 17.429474 36.367161
v 34.683525 15.692219 36.174400
v 34.872997 18.612123 36.233097
v 34.927128 18.554276 36.141750
v 34.983768 18.508694 36.293392
v 34.927128 18.554276 36.141750
v 34.604256 18.228880 35.863880
v 34.805698 18.114918 36.064789
v 35.157478 17.221077 35.981544
v 34.550961 16.882698 35.909248
v 35.041538 16.762951 35.656414
v 34.550961 16.882698 35.909248
v 34.090683 17.052750 35.613277
v 33.975384 16.117981 35.666359
v 34.599480 17.416782 35.938328
v 34.250793 17.826378 35.617359
v 34.858727 17.331844 35.705559
v 35.065723 17.424520 35.732517
v 34.942726 17.633362 35.734718
v 35.506847 17.707966 35.799152
v 35.165112 18.192984 35.801220
v 35.861332 18.061058 35.864578
v 35.573235 18.642910 35.868046
v 35.284286 18.428318 35.827801
v 35.950695 18.771212 35.939995
v 34.805698 18.114918 36.064789
v 34.599480 17.416782 35.938328
v 34.983768 18.508694 36.293392
v 35.284286 18.428318 35.827801
v 35.573235 18.642910 35.868046
v 35.469742 18.824602 36.218193
v 36.060722 18.944744 36.222260
v 35.996601 17.904804 36.070641
v 36.112751 18.392824 36.147285
v 35.623005 17.544712 36.031540
v 35.157478 17.221077 35.981544
v 34.858727 17.331844 35.705559
v 34.604256 18.228880 35.863880
v 34.663952 18.472141 36.129562
v 35.623005 17.544712 36.031540
v 35.893799 17.516907 35.678547
v 35.996601 17.904804 36.070641
v 36.060722 18.944744 36.222260
v 35.950695 18.771212 35.939995
v 36.113983 18.898708 36.394142
v 36.127728 17.794971 35.698864
v 36.767395 17.667694 36.469467
v 37.032425 19.553263 36.361416
v 33.632599 15.521996 36.031605
v 33.132832 14.770550 36.616806
v 42.704121 15.918098 36.958412
v 42.436073 17.216026 36.845989
v 42.478706 17.204529 36.516415
v 42.745068 15.907425 36.593342
v 42.433582 13.320206 37.393936
v 42.980503 13.569366 37.081047
v 43.059299 12.117424 37.164494
v 39.333691 16.154736 37.070972
v 38.291115 16.951168 36.506912
v 38.763855 17.198566 36.903580
v 41.219994 20.554289 36.488346
v 41.258369 20.576319 36.313396
v 41.706387 19.572739 36.374313
v 41.668510 19.569021 36.643055
v 40.728867 13.855576 37.273529
v 40.658199 13.790329 36.704304
v 39.705704 14.679569 36.647118
v 39.792442 14.760693 37.226452
v 40.168720 22.241533 36.210320
v 39.252743 17.454929 37.238434
v 40.074184 16.540760 37.485390
v 38.501827 17.819801 36.741379
v 38.851288 18.008909 36.991066
v 41.263962 15.556713 37.562870
v 39.792442 14.760693 37.226452
v 39.028816 15.992352 36.566906
v 41.704247 12.986931 36.757050
v 41.773037 13.004318 37.152058
v 43.059299 12.117424 37.164494
v 42.153801 18.422327 36.443764
v 42.109528 18.431124 36.794510
v 42.861492 14.759315 37.020229
v 38.782665 19.068478 36.503273
v 38.938221 18.764576 36.654442
v 38.572216 18.799929 36.632698
v 39.841770 21.213001 36.764542
v 39.459286 20.329342 36.317345
v 39.706703 21.077709 36.275284
v 40.228355 19.782459 36.877686
v 39.854370 20.095947 36.721786
v 40.802372 20.239784 37.206760
v 41.314339 17.124840 37.472179
v 40.518311 17.226406 37.141228
v 40.539536 18.243994 36.985451
v 41.231033 18.302103 37.403278
v 39.775684 17.780109 37.064827
v 39.310993 18.256973 36.879787
v 40.251366 18.273081 37.183193
v 40.213318 17.870510 37.240444
v 39.948944 18.057966 37.201061
v 40.199837 18.799435 37.100647
v 39.601208 18.452925 37.124241
v 40.032925 19.591156 36.966225
v 39.017361 19.183025 36.999039
v 39.459797 20.036896 36.861351
v 39.115158 19.872749 36.850952
v 38.789452 19.443743 36.514126
v 38.782665 19.068478 36.503273
v 39.204102 20.169518 36.775002
v 38.897278 19.949675 36.517975
v 39.589970 20.271868 36.647243
v 39.076580 20.448557 36.481674
v 40.454048 18.990730 36.916565
v 40.539536 18.243994 36.985451
v 38.296158 17.679754 36.464600
v 41.839664 14.389622 37.622929
v 40.728867 13.855576 37.273529
v 42.899414 14.759865 36.660927
v 41.052727 19.295061 37.344540
v 42.354500 14.577217 37.319641
v 42.079018 15.759727 37.297256
v 41.798500 17.161579 37.157406
v 38.766281 19.471487 36.363190
v 38.875065 19.970303 36.334827
v 39.043434 20.517746 36.303989
v 39.076580 20.448557 36.481674
v 38.357590 18.573376 36.413021
v 38.575855 19.254923 36.374676
v 38.395050 18.826483 36.398529
v 38.575855 19.254923 36.374676
v 38.758530 19.103342 36.384541
v 38.782665 19.068478 36.503273
v 39.043434 20.517746 36.303989
v 38.758530 19.103342 36.384541
v 40.168720 22.241533 36.210320
v 39.459286 20.329342 36.317345
v 39.589970 20.271868 36.647243
v 39.589970 20.271868 36.647243
v 43.004307 13.559296 36.731304
v 43.082230 12.057480 36.819038
v 43.059299 12.117424 37.164494
v 41.231033 18.302103 37.403278
v 41.052727 19.295061 37.344540
v 40.802372 20.239784 37.206760
v 43.082230 12.057480 36.819038
v 39.841770 21.213001 36.764542
v 42.439884 17.177742 36.187260
v 42.708340 15.875710 36.229042
v 42.984543 13.528767 36.382504
v 42.441105 13.244675 36.094292
v 43.063328 12.076988 36.468723
v 38.291115 16.951168 36.506912
v 39.339592 16.095459 36.050968
v 38.768562 17.151268 36.089741
v 41.221996 20.534145 36.141750
v 41.671608 19.537891 36.107399
v 40.735470 13.789249 36.132210
v 39.799171 14.693096 36.063320
v 40.168720 22.241533 36.210320
v 39.261452 17.367447 35.733101
v 40.085075 16.431374 35.603195
v 38.857540 17.946083 35.909985
v 38.505100 17.786936 36.175850
v 39.799171 14.693096 36.063320
v 41.275009 15.445774 35.653954
v 41.777599 12.958488 36.363503
v 43.063328 12.076988 36.468723
v 42.113583 18.390404 36.093868
v 42.865639 14.717674 36.303692
v 38.784012 19.054976 36.270935
v 38.574890 18.773100 36.171070
v 38.941093 18.735714 36.157791
v 39.847492 21.155504 35.775234
v 39.858852 20.050934 35.947243
v 40.234398 19.721748 35.833027
v 40.812469 20.138260 35.459835
v 40.545769 18.181364 35.907795
v 40.525665 17.152569 35.870712
v 41.325382 17.013878 35.562954
v 41.242081 18.191145 35.494053
v 39.782570 17.710894 35.873890
v 39.316101 18.205673 35.997074
v 40.223297 17.785713 35.693752
v 40.259922 18.187157 35.704708
v 39.960960 17.973213 35.708294
v 40.207794 18.719494 35.725128
v 39.610348 18.371355 35.734985
v 40.039642 19.520470 35.765045
v 39.023483 19.105545 35.768314
v 39.465878 19.975847 35.810921
v 39.119377 19.807627 35.836632
v 39.023483 19.105545 35.768314
v 38.791172 19.426460 36.216759
v 38.784012 19.054976 36.270935
v 39.209290 20.117409 35.878368
v 38.899376 19.928612 36.155575
v 39.593727 20.234127 35.997852
v 39.078579 20.428463 36.135906
v 40.459995 18.930996 35.888729
v 40.545769 18.181364 35.907795
v 38.296158 17.679754 36.464600
v 40.735470 13.789249 36.132210
v 41.850582 14.279968 35.736134
v 39.028816 15.992352 36.566906
v 41.063774 19.184103 35.435314
v 42.362011 14.501778 36.021564
v 42.087078 15.678734 35.903641
v 41.805908 17.087162 35.876915
v 39.078579 20.428463 36.135906
v 38.357590 18.573376 36.413021
v 38.575855 19.254923 36.374676
v 38.395050 18.826483 36.398529
v 38.784012 19.054976 36.270935
v 39.593727 20.234127 35.997852
v 43.063328 12.076988 36.468723
v 41.242081 18.191145 35.494053
v 41.063774 19.184103 35.435314
v 40.812469 20.138260 35.459835
v 39.847492 21.155504 35.775234
v 38.941093 18.735714 36.157791
v -7.297493 6.817165 36.020741
v -1.924820 10.382866 35.851181
v -2.603104 13.371418 36.478333
v -8.579834 9.196804 36.686363
v -42.170670 -15.730240 37.065731
v -43.983665 -12.245914 37.727676
v -58.707237 -19.945656 38.089962
v -56.876488 -23.450020 37.448517
v -23.381401 -5.864708 36.611958
v -25.524757 -1.667519 37.219707
v -12.312988 3.216896 36.184269
v -13.620789 5.848919 36.851761
v 29.302139 21.839846 36.022995
v 26.650879 22.919765 35.761536
v 25.434017 20.465565 35.922569
v 27.473804 20.864216 35.821602
v 24.329460 24.911346 35.963516
v 24.023674 22.511318 35.635963
v 28.493862 24.526279 36.009991
v -70.899422 -26.249474 38.385765
v -69.025795 -29.826828 37.780075
v 18.602585 26.146721 35.858582
v 20.415920 22.499983 35.387630
v -11.014748 0.680782 37.167194
v -6.024490 4.531509 36.972279
v -11.009796 0.631092 36.312180
v 28.214127 23.443722 36.071285
v 24.149307 20.512760 36.001995
v 21.433010 20.479191 36.204338
v -6.240631 4.868813 36.392807
v -1.363091 7.946339 36.505714
v -11.009796 0.631092 36.312180
v -6.024490 4.531509 36.972279
v -1.255821 7.487545 36.828079
v 4.223236 0.406849 37.271286
v 2.182617 2.582035 36.328304
v -3.804276 0.182861 36.426514
v -2.608749 -2.143471 37.379971
v -55.066139 -26.860794 38.512913
v -40.367760 -19.113220 38.147701
v -21.177109 -9.924580 37.724735
v -9.616707 -1.903870 36.497471
v -8.228233 -4.392601 37.478165
v 25.984165 19.420727 35.986481
v 28.690964 19.024231 36.002033
v -67.177971 -33.317238 38.818054
v 26.880486 17.085670 35.967815
v 24.855427 14.090851 35.896084
v 26.783386 10.609795 36.808872
v 29.010471 16.021198 36.507267
v -5.009148 2.603165 37.090221
v -11.014748 0.680782 37.167194
v -11.009796 0.631092 36.312180
v 29.992718 20.044842 36.281410
v 25.290375 18.345655 36.134552
v 23.712624 16.151127 36.469059
v 0.132713 4.850449 36.989372
v -4.825302 2.180824 36.557213
v 0.396942 4.546234 36.676353
v 10.144836 7.940765 36.867706
v 6.692787 7.848583 36.478146
v 3.236443 7.799850 36.835922
v 6.692787 7.848583 36.478146
v 10.144836 7.940765 36.867706
v 3.236443 7.799850 36.835922
v 16.081596 18.319754 35.643356
v 13.357750 20.264412 36.170094
v 17.765564 17.305782 36.367542
v 13.041504 14.825539 35.878609
v 15.819214 15.054932 36.487091
v 8.539543 14.680653 36.466721
v 15.819214 15.054932 36.487091
v 13.041504 14.825539 35.878609
v 8.539543 14.680653 36.466721
v 0.109032 10.573532 35.844658
v 8.078018 11.309143 35.927986
v 7.884689 13.636715 36.523602
v 0.077820 13.316967 36.497009
v 20.353371 12.896828 36.068150
v 19.916302 14.922703 36.518482
v 0.128456 8.323494 36.498161
v 8.296234 8.749939 36.809986
v 21.018215 9.860435 36.819061
v 0.130875 7.924149 36.810730
v -2.603104 13.371418 36.478333
v -1.934097 10.476089 37.455231
v -7.306854 6.911148 37.637901
v -8.579834 9.196804 36.686363
v -58.707237 -19.945656 38.089962
v -43.983665 -12.245914 37.727676
v -42.180763 -15.628891 38.809650
v -56.886360 -23.350899 39.154099
v -25.524757 -1.667519 37.219707
v -23.391373 -5.764614 38.334244
v -12.322540 3.312813 37.834686
v -13.620789 5.848919 36.851761
v 25.430489 20.500978 36.531910
v 26.647057 22.958126 36.421600
v 29.309383 21.861183 36.319695
v 27.469246 20.910009 36.609543
v -70.899422 -26.249474 38.385765
v -69.035301 -29.731331 39.423344
v 24.018311 22.565212 36.563328
v 20.407921 22.580303 36.769676
v 18.602585 26.146721 35.858582
v 24.329460 24.911346 35.963516
v -11.019691 0.730473 38.022209
v 28.214127 23.443722 36.071285
v 24.146816 20.537794 36.432739
v 21.433010 20.479191 36.204338
v -1.366493 7.980518 37.093868
v -6.247078 4.933521 37.506248
v -11.019691 0.730473 38.022209
v -6.024490 4.531509 36.972279
v -1.255821 7.487545 36.828079
v -3.813629 0.276844 38.043678
v 2.173332 2.675255 37.932354
v 4.223236 0.406849 37.271286
v -2.608749 -2.143471 37.379971
v -40.367760 -19.113220 38.147701
v -55.066139 -26.860794 38.512913
v -21.177109 -9.924580 37.724735
v -9.626259 -1.807953 38.147888
v -8.228233 -4.392601 37.478165
v 28.696117 19.066538 36.659618
v 25.980640 19.456139 36.595814
v 29.010471 16.021198 36.507267
v 26.875122 17.139565 36.895176
v 31.044388 19.661310 36.309784
v -67.177971 -33.317238 38.818054
v 26.783386 10.609795 36.808872
v 24.847359 14.171860 37.289978
v -11.019691 0.730473 38.022209
v 29.992718 20.044842 36.281410
v 25.287880 18.370687 36.565281
v 23.712624 16.151127 36.469059
v -4.831749 2.245533 37.670654
v 0.132713 4.850449 36.989372
v 0.393112 4.584717 37.338551
v -5.009148 2.603165 37.090221
v 6.688469 7.892017 37.225483
v 10.144836 7.940765 36.867706
v 3.236443 7.799850 36.835922
v 6.688469 7.892017 37.225483
v 16.074036 18.395687 36.949924
v 13.357750 20.264412 36.170094
v 17.765564 17.305782 36.367542
v 13.034515 14.895706 37.085972
v 15.819214 15.054932 36.487091
v 8.539543 14.680653 36.466721
v 13.034515 14.895706 37.085972
v 7.884689 13.636715 36.523602
v 8.069572 11.393936 37.387016
v 0.099670 10.667591 37.463081
v 0.077820 13.316967 36.497009
v 19.916302 14.922703 36.518482
v 20.346790 12.962925 37.205471
v 8.296234 8.749939 36.809986
v 0.125122 8.357014 37.074886
v 21.018215 9.860435 36.819061
v 0.130875 7.924149 36.810730
v 27.473804 20.864216 35.821602
v 25.434017 20.465565 35.922569
v 25.430489 20.500978 36.531910
v 27.469246 20.910009 36.609543
v 27.473804 20.864216 35.821602
v 27.469246 20.910009 36.609543
v 25.980640 19.456139 36.595814
v 25.984165 19.420727 35.986481
v 24.149307 20.512760 36.001995
v 21.433010 20.479191 36.204338
v 24.146816 20.537794 36.432739
v 25.287880 18.370687 36.565281
v 23.712624 16.151127 36.469059
v 25.290375 18.345655 36.134552
v 31.044388 19.661310 36.309784
v 28.493862 24.526279 36.009991
v -74.251961 -37.048851 38.993988
v -76.115334 -33.547432 37.981319
v -83.135323 -37.231224 38.185795
v -81.738319 -39.853203 39.010345
v -88.284523 -39.933113 38.339081
v -87.346504 -41.689194 38.987625
v -92.749504 -42.275833 38.474251
v -92.365089 -42.990097 38.854519
v -96.142708 -44.030136 39.003201
v -94.253899 -43.510078 38.929512
v -94.446114 -43.152809 38.741714
v -81.629662 -40.057137 39.074478
v -87.172905 -42.014206 39.107655
v -92.148079 -43.393303 39.069180
v -94.682304 -43.989441 39.117752
v -86.999290 -42.339218 39.227684
v -81.521004 -40.261070 39.138607
v -91.931084 -43.796516 39.283840
v -95.110695 -44.468880 39.304516
v -95.949409 -44.287529 39.141727
v -96.350990 -44.731148 39.312584
v -96.679634 -44.307877 39.084660
v -97.216515 -44.585617 39.165485
v -98.290352 -45.141258 39.325195
v -77.987923 -29.953529 38.560017
v -84.539970 -34.532326 38.684902
v -70.899422 -26.249474 38.385765
v -89.228798 -38.114365 38.768974
v -93.137794 -41.522575 38.764759
v -94.640251 -42.776314 38.884632
v -96.142708 -44.030136 39.003201
v -94.446114 -43.152809 38.741714
v -84.649223 -34.322403 38.723724
v -89.403557 -37.777748 38.848541
v -93.356987 -41.097366 38.928753
v -95.286720 -42.841446 39.047539
v -84.758476 -34.112488 38.762543
v -89.578316 -37.441139 38.928101
v -93.576180 -40.672150 39.092743
v -95.933250 -42.906693 39.208969
v -96.251640 -43.713531 39.106621
v -96.852684 -43.778336 39.254303
v -97.216515 -44.585617 39.165485
v -96.679634 -44.307877 39.084660
v -98.290352 -45.141258 39.325195
v -83.144173 -37.142334 39.715355
v -76.124535 -33.454948 39.572685
v -74.251961 -37.048851 38.993988
v -81.739510 -39.841232 39.216248
v -88.293083 -39.847244 39.816708
v -87.348808 -41.665993 39.386810
v -92.757759 -42.192833 39.902332
v -92.369469 -42.946091 39.611824
v -94.257637 -43.472519 39.575790
v -96.145821 -43.998878 39.541058
v -94.451775 -43.096024 39.718704
v -81.630257 -40.051155 39.177425
v -87.174049 -42.002609 39.307247
v -92.150276 -43.371300 39.447830
v -94.684135 -43.970726 39.439415
v -81.521004 -40.261070 39.138607
v -86.999290 -42.339218 39.227684
v -91.931084 -43.796516 39.283840
v -95.110695 -44.468880 39.304516
v -95.951118 -44.270454 39.435516
v -96.350990 -44.731148 39.312584
v -97.218056 -44.570137 39.431839
v -96.681969 -44.284538 39.486130
v -98.290352 -45.141258 39.325195
v -77.987923 -29.953529 38.560017
v -84.541161 -34.520355 38.890804
v -70.899422 -26.249474 38.385765
v -89.231102 -38.091164 39.168163
v -93.142174 -41.478569 39.522064
v -96.145821 -43.998878 39.541058
v -94.643990 -42.738754 39.530910
v -94.451775 -43.096024 39.718704
v -84.649818 -34.316422 38.826672
v -89.404716 -37.766151 39.048130
v -93.359184 -41.075363 39.307404
v -95.288582 -42.822746 39.369198
v -89.578316 -37.441139 38.928101
v -84.758476 -34.112488 38.762543
v -93.576180 -40.672150 39.092743
v -95.933250 -42.906693 39.208969
v -96.253349 -43.696465 39.400410
v -96.852684 -43.778336 39.254303
v -96.681969 -44.284538 39.486130
v -97.218056 -44.570137 39.431839
v -98.290352 -45.141258 39.325195
v 58.072037 34.984497 35.573334
v 57.607048 34.885536 34.622276
v 46.250786 28.923191 34.903072
v 46.329151 28.819168 35.863693
v 57.493370 35.090397 34.374836
v 46.137108 29.128052 34.655632
v 57.318604 35.415005 34.199318
v 56.881073 36.245964 34.148495
v 45.524807 30.283617 34.429295
v 45.946606 29.482540 34.478291
v 60.827423 36.431152 35.505203
v 60.759747 36.514877 34.545826
v 58.380295 35.291508 34.603157
v 58.270100 35.489758 34.356113
v 58.833282 35.797817 34.341469
v 58.155304 35.677456 33.699173
v 57.657143 36.623573 33.641308
v 58.094673 35.792595 33.691792
v 58.751694 35.933273 34.177490
v 58.201939 36.939453 34.115837
v 59.181007 35.974289 34.333225
v 58.567818 37.131550 34.106789
v 57.379238 35.299847 34.206364
v 57.657143 36.623573 33.641308
v 58.094673 35.792595 33.691792
v 60.456421 36.643913 34.301689
v 61.287590 36.343594 35.512955
v 61.208027 36.449890 34.552200
v 62.234909 36.794922 35.492207
v 62.187408 36.861603 34.987244
v 61.195267 37.030666 34.283489
v 61.208027 36.449890 34.552200
v 59.367249 37.551273 34.087021
v 62.187408 36.861603 34.987244
v 61.270927 38.602180 34.880787
v 60.581596 38.188835 34.056995
v 61.195267 37.030666 34.283489
v 60.581596 38.188835 34.056995
v 62.234909 36.794922 35.492207
v 61.268040 38.631191 35.379894
v 57.379238 35.299847 34.206364
v 58.155304 35.677456 33.699173
v 46.022976 29.337503 34.487160
v 56.150589 37.651627 34.453091
v 56.447845 38.069160 35.384666
v 44.704956 31.903828 35.675026
v 44.794331 31.689283 34.733891
v 56.266975 37.419556 34.232376
v 44.910713 31.457212 34.513176
v 56.443542 37.076920 34.097672
v 45.103008 31.084696 34.380299
v 59.281914 39.321564 34.374161
v 59.203232 39.515812 35.316536
v 56.923836 38.057602 34.433971
v 57.610130 38.120819 34.199387
v 57.036739 37.832146 34.212845
v 57.158974 37.569687 33.583439
v 57.683464 37.962051 34.053406
v 57.219612 37.454510 33.590141
v 57.952827 38.306839 34.190559
v 56.382904 37.192078 34.090630
v 57.219612 37.454510 33.590141
v 59.228241 38.976463 34.159023
v 59.482407 39.727177 34.351749
v 59.391838 39.943996 35.292744
v 60.354443 40.342762 34.774326
v 60.301170 40.467461 35.267582
v 59.966125 39.365036 34.140713
v 59.482407 39.727177 34.351749
v 60.354443 40.342762 34.774326
v 59.966125 39.365036 34.140713
v 60.301170 40.467461 35.267582
v 57.158974 37.569687 33.583439
v 56.382904 37.192078 34.090630
v 45.026642 31.229733 34.371426
v 57.596043 34.996056 36.524029
v 46.239784 29.033714 36.804829
v 57.479660 35.228127 36.744747
v 46.123394 29.265783 37.025543
v 56.865562 36.401722 36.828625
v 57.303093 35.570766 36.879452
v 45.931099 29.638300 37.158421
v 45.509300 30.439377 37.109425
v 60.748741 36.625401 36.447578
v 58.369286 35.402031 36.504910
v 58.819569 35.935547 36.711391
v 58.256386 35.627487 36.726036
v 58.134148 35.889946 37.355446
v 58.736183 36.089035 36.857624
v 58.073513 36.005123 37.348740
v 57.635986 36.836060 37.297577
v 58.186432 37.095215 36.795967
v 60.442707 36.781647 36.671612
v 59.167297 36.112019 36.703148
v 58.552307 37.287308 36.786919
v 57.363731 35.455608 36.886494
v 57.635986 36.836060 37.297577
v 58.073513 36.005123 37.348740
v 61.197021 36.560413 36.453949
v 62.181633 36.919617 35.985466
v 61.181553 37.168396 36.653412
v 61.197021 36.560413 36.453949
v 59.351738 37.707031 36.767151
v 60.566086 38.344597 36.737125
v 61.265152 38.660194 35.879005
v 62.181633 36.919617 35.985466
v 61.181553 37.168396 36.653412
v 60.566086 38.344597 36.737125
v 58.134148 35.889946 37.355446
v 57.363731 35.455608 36.886494
v 46.007465 29.493263 37.167294
v 56.139587 37.762150 36.354847
v 44.783329 31.799807 36.635643
v 56.253265 37.557289 36.602287
v 44.896999 31.594944 36.883087
v 56.428032 37.232681 36.777802
v 45.087502 31.240456 37.060429
v 59.270912 39.432087 36.275913
v 56.912834 38.168125 36.335728
v 57.023026 37.969879 36.582771
v 57.596416 38.258549 36.569309
v 57.137817 37.782177 37.239708
v 57.198448 37.667038 37.247093
v 57.667953 38.117813 36.733536
v 59.214527 39.114193 36.528946
v 57.939117 38.444569 36.560482
v 56.367397 37.347839 36.770760
v 57.198448 37.667038 37.247093
v 59.471405 39.837700 36.253502
v 59.214527 39.114193 36.528946
v 60.348663 40.400776 35.772549
v 59.952415 39.502769 36.510632
v 59.471405 39.837700 36.253502
v 60.348663 40.400776 35.772549
v 59.952415 39.502769 36.510632
v 56.367397 37.347839 36.770760
v 57.137817 37.782177 37.239708
v 45.011131 31.385492 37.051556
v 30.646313 21.035906 34.625553
v 29.980015 22.107719 34.577164
v 29.587608 21.129812 34.681709
v 28.627621 20.643993 34.840908
v 27.489758 20.815651 34.890305
v 26.775688 20.465687 35.315701
v 28.263645 20.271114 35.248611
v 33.098801 21.937950 34.042976
v 32.051788 21.474728 34.204277
v 32.972099 21.269056 34.811844
v 34.284576 21.815674 34.592735
v 33.779148 21.864464 34.246635
v 27.590454 19.712521 35.444710
v 29.663345 20.282362 35.162853
v 27.008541 19.161985 35.963356
v 28.700092 19.026747 35.974968
v 29.242550 19.696045 35.447502
v 36.588928 23.338810 34.266872
v 33.806343 21.944229 34.466389
v 33.779148 21.864464 34.246635
v 36.638252 23.236961 34.099846
v 29.916862 20.905624 34.871777
v 28.855549 20.942711 34.918377
v 28.627621 20.643993 34.840908
v 29.875931 20.627769 34.770939
v 30.617725 20.695744 34.722279
v 30.555706 20.928219 34.831310
v 31.241806 20.850485 34.672192
v 31.173668 21.079609 34.859959
v 25.353172 19.752953 35.907639
v 28.072029 21.125458 34.942875
v 36.588928 23.338810 34.266872
v 35.911964 23.198458 34.128830
v 34.137005 22.280514 34.311890
v 33.806343 21.944229 34.466389
v 33.037899 22.062845 34.394775
v 33.442360 22.303846 34.351902
v 32.017738 21.601185 34.540844
v 29.916862 20.905624 34.871777
v 30.555706 20.928219 34.831310
v 28.855549 20.942711 34.918377
v 28.072029 21.125458 34.942875
v 28.855549 20.942711 34.918377
v 28.582546 21.380733 34.721657
v 37.640095 26.112526 34.110783
v 37.117718 25.820864 33.839211
v 36.964500 22.950640 34.867104
v 37.434280 23.631397 34.093582
v 36.638252 23.236961 34.099846
v 37.479229 23.775230 34.135445
v 37.434280 23.631397 34.093582
v 31.342468 20.638857 35.065632
v 31.495247 20.612154 35.165031
v 33.033394 21.218315 34.806805
v 25.348610 19.798744 36.695560
v 27.266014 19.760460 37.396286
v 27.003727 19.210339 36.795383
v 29.195057 19.684402 35.781815
v 29.242550 19.696045 35.447502
v 28.700092 19.026747 35.974968
v 28.778942 19.304451 36.326324
v 29.663345 20.282362 35.162853
v 38.037312 22.601112 36.489872
v 38.492744 21.534990 37.713913
v 39.179688 23.458128 36.893559
v 36.891594 20.411839 38.472630
v 36.288380 21.092085 36.922276
v 35.873928 20.627285 37.947472
v 34.856705 20.728561 36.686085
v 34.551052 20.372915 37.345398
v 33.585938 20.437998 36.723370
v 33.430408 20.677856 36.388893
v 32.383392 20.418625 36.612274
v 32.589298 20.114908 36.966915
v 32.658966 20.614571 35.722069
v 33.850773 20.797873 36.113293
v 34.712532 21.072639 36.286869
v 36.063953 21.601973 36.342495
v 34.315979 21.756794 34.573685
v 34.315979 21.756794 34.573685
v 34.284576 21.815674 34.592735
v 38.042107 22.902170 36.116241
v 35.765903 22.118658 35.159714
v 28.787735 19.377729 37.613235
v 29.891663 19.693426 38.037201
v 29.710510 19.294510 37.593204
v 35.181835 22.081612 34.873009
v 36.814949 23.126429 35.263153
v 36.005283 22.661907 35.092075
v 30.665016 20.377264 35.112419
v 30.617725 20.695744 34.722279
v 29.875931 20.627769 34.770939
v 33.850773 20.797873 36.113293
v 32.658966 20.614571 35.722069
v 32.626213 20.673073 35.838512
v 33.779808 20.882772 36.160793
v 36.891594 20.411839 38.472630
v 36.656345 20.865692 38.595367
v 38.808823 21.995134 38.531265
v 39.034592 21.536888 38.418312
v 39.279282 22.122845 38.270241
v 38.847954 24.253908 37.900341
v 39.752747 24.010378 37.261616
v 35.617168 21.118444 37.992386
v 35.873928 20.627285 37.947472
v 34.415867 20.586330 37.441341
v 34.551052 20.372915 37.345398
v 33.427219 20.087460 37.178619
v 33.882542 21.599216 37.379391
v 35.028713 22.236032 37.924030
v 35.723927 22.636526 38.487061
v 30.502003 19.276878 37.544506
v 31.062504 19.785685 38.038616
v 31.344334 19.279060 37.497444
v 31.747391 19.927284 37.870716
v 31.893818 19.607819 37.373753
v 28.620083 19.971264 38.013695
v 30.335033 20.871662 37.971291
v 31.893818 19.607819 37.373753
v 31.794247 20.103895 36.833542
v 31.177494 19.562510 37.131104
v 30.386341 19.492495 36.936852
v 30.398941 19.380377 37.059994
v 31.177494 19.562510 37.131104
v 32.382923 20.816769 37.496460
v 33.056015 20.239470 37.441994
v 31.897030 20.597033 35.553001
v 31.458611 20.474930 35.355434
v 28.901001 19.377455 36.633896
v 29.669128 19.375700 36.832333
v 29.375183 19.418253 36.591312
v 34.712532 21.072639 36.286869
v 32.785370 19.894339 37.220371
v 29.710510 19.294510 37.593204
v 30.472294 19.365244 37.433693
v 32.785370 19.894339 37.220371
v 31.480042 20.694515 37.822731
v 28.778942 19.304451 36.326324
v 33.427219 20.087460 37.178619
v 28.110020 19.681919 37.673981
v 30.245003 20.802843 37.621189
v 28.110020 19.681919 37.673981
v 27.147594 20.793543 37.474403
v 28.304447 21.415365 37.681969
v 28.787735 19.377729 37.613235
v 28.695583 19.071888 36.751839
v 28.787735 19.377729 37.613235
v 28.260551 19.239037 37.170868
v 31.241806 20.850485 34.672192
v 30.774326 20.212206 35.420738
v 30.220440 19.976540 35.607460
v 37.869141 23.763386 38.443245
v 38.791618 24.362543 37.580387
v 33.820400 21.691736 37.110855
v 34.972790 22.323469 37.518879
v 35.028713 22.236032 37.924030
v 33.882542 21.599216 37.379391
v 35.667042 22.733576 38.247326
v 35.723927 22.636526 38.487061
v 32.320610 20.915962 37.338535
v 32.382923 20.816769 37.496460
v 30.335033 20.871662 37.971291
v 30.427742 20.898220 37.851467
v 31.449738 20.728697 37.684071
v 31.480042 20.694515 37.822731
v 37.810043 23.858639 38.193176
v 37.869141 23.763386 38.443245
v 39.179688 23.458128 36.893559
v 34.645721 24.534891 34.094776
v 36.094181 22.537361 34.896904
v 37.434280 23.631397 34.093582
v 36.964500 22.950640 34.867104
v 36.814949 23.126429 35.263153
v 37.479229 23.775230 34.135445
v 36.094181 22.537361 34.896904
v 36.005283 22.661907 35.092075
v 26.029503 20.182110 37.103039
v 25.992226 20.065437 35.516403
v 33.799793 20.826052 36.229752
v 33.010479 20.634821 36.405193
v 29.379639 19.585220 35.974976
v 29.371098 19.595915 36.031921
v 30.243843 19.984383 35.687534
v 29.383266 19.494884 36.511963
v 29.375183 19.418253 36.591312
v 30.386341 19.492495 36.936852
v 30.396851 19.540613 36.819500
v 31.161060 19.593073 37.009502
v 31.764565 20.133141 36.756359
v 32.364983 20.459156 36.550629
v 33.779808 20.882772 36.160793
v 31.892136 20.542202 35.603764
v 31.474976 20.439537 35.449348
v 32.626213 20.673073 35.838512
v 32.632118 20.644463 35.901585
v 30.793987 20.175459 35.507549
v 32.582649 20.713005 36.183430
v 31.643284 20.347240 36.522919
v 31.540012 20.578197 35.887592
v 30.469505 20.047056 36.276478
v 29.336430 19.613655 36.287872
v 31.344334 19.279060 37.497444
v 30.502003 19.276878 37.544506
v 30.472294 19.365244 37.433693
v 29.710510 19.294510 37.593204
v 31.173668 21.079609 34.859959
v 31.897030 20.597033 35.553001
v 39.034592 21.536888 38.418312
v 39.279282 22.122845 38.270241
v 29.195057 19.684402 35.781815
v 28.110020 19.681919 37.673981
v 30.245003 20.802843 37.621189
v 30.335033 20.871662 37.971291
v 28.620083 19.971264 38.013695
v 39.752747 24.010378 37.261616
v 33.963570 21.525173 36.187794
v 35.083275 22.130556 36.446377
v 34.972790 22.323469 37.518879
v 33.820400 21.691736 37.110855
v 38.791618 24.362543 37.580387
v 32.445820 20.792324 36.191219
v 32.320610 20.915962 37.338535
v 31.449738 20.728697 37.684071
v 31.354023 20.655838 36.567825
v 35.181835 22.081612 34.873009
v 39.023708 23.973999 36.721146
v 39.023708 23.973999 36.721146
v 39.752747 24.010378 37.261616
v 39.023708 23.973999 36.721146
v 30.427742 20.898220 37.851467
v 30.248093 20.771935 37.089272
v 36.814949 23.126429 35.263153
v 36.588928 23.338810 34.266872
v 37.479229 23.775230 34.135445
v 28.695583 19.071888 36.751839
v 28.896591 19.414701 36.313404
v 30.427742 20.898220 37.851467
v 39.023708 23.973999 36.721146
v 36.687191 23.112324 36.139572
v 36.814949 23.126429 35.263153
v 33.098801 21.937950 34.042976
v 33.037899 22.062845 34.394775
v 32.017738 21.601185 34.540844
v 32.051788 21.474728 34.204277
v 32.017738 21.601185 34.540844
v 36.814949 23.126429 35.263153
v 37.629372 26.220222 35.963917
v 37.640095 26.112526 34.110783
v 36.588928 23.338810 34.266872
v 36.687191 23.112324 36.139572
v 27.671577 21.012327 36.540611
v 26.401703 20.349350 36.633175
v 27.003727 19.210339 36.795383
v 28.695583 19.071888 36.751839
v 26.401703 20.349350 36.633175
v 25.348640 19.798687 36.695564
v 27.842655 21.082645 36.217564
v 28.778942 19.304451 36.326324
v 26.405842 20.307783 35.917961
v 27.675411 20.973974 35.880554
v 28.700092 19.026747 35.974968
v 27.008541 19.161985 35.963356
v 25.353199 19.752897 35.907642
v 26.405842 20.307783 35.917961
v 27.675411 20.973974 35.880554
v 27.842655 21.082645 36.217564
v 28.778942 19.304451 36.326324
v 28.700092 19.026747 35.974968
v 28.307541 21.384460 37.150055
v 30.248093 20.771935 37.089272
v 30.245003 20.802843 37.621189
v 28.304447 21.415365 37.681969
v 30.245003 20.802843 37.621189
v 36.687191 23.112324 36.139572
v 37.810043 23.858639 38.193176
v 35.667042 22.733576 38.247326
v 29.474346 23.261702 34.489418
v 28.948284 22.344009 34.607445
v 27.996449 21.842710 34.767593
v 27.462990 21.791719 35.155605
v 30.653378 24.130581 34.041840
v 31.636101 24.715906 33.873070
v 30.975693 25.060619 34.579941
v 32.180435 25.811844 34.348320
v 31.951302 25.335905 34.034313
v 26.612122 21.570564 35.331066
v 28.270370 22.927891 35.001045
v 27.535404 22.938240 35.249199
v 26.651016 22.918343 35.736946
v 25.803429 21.450724 35.823368
v 31.951302 25.335905 34.034313
v 32.021244 25.334475 34.259029
v 34.755859 26.820168 34.053940
v 34.708496 26.901934 33.875683
v 27.996449 21.842710 34.767593
v 28.367393 21.869816 34.861671
v 28.941162 22.758671 34.758438
v 28.694595 22.871353 34.633713
v 29.324081 23.267307 34.688244
v 29.173626 23.438368 34.554531
v 29.657295 23.859774 34.488136
v 29.797573 23.693085 34.700108
v 25.353199 19.752897 35.907642
v 32.493000 25.402800 34.120922
v 34.263481 26.329243 33.937340
v 34.755859 26.820168 34.053940
v 32.021244 25.334475 34.259029
v 31.686546 24.629333 34.237801
v 32.116207 24.822468 34.197857
v 30.721104 24.063751 34.390224
v 29.324081 23.267307 34.688244
v 28.941162 22.758671 34.758438
v 28.367393 21.869816 34.861671
v 28.367393 21.869816 34.861671
v 37.640095 26.112526 34.110783
v 35.484539 27.334341 33.867096
v 34.619568 27.404119 34.594715
v 34.708496 26.901934 33.875683
v 35.626163 27.294559 33.920193
v 35.484539 27.334341 33.867096
v 30.968994 25.139008 34.567001
v 29.580322 24.248968 34.942593
v 29.520626 24.098886 34.854008
v 26.369400 21.463301 37.292133
v 25.348640 19.798687 36.695564
v 25.798615 21.499077 36.655396
v 26.651016 22.918343 35.736946
v 27.535404 22.938240 35.249199
v 27.482090 22.937660 35.582836
v 26.906364 22.860842 36.108803
v 28.270370 22.927891 35.001045
v 34.179375 29.726923 37.212868
v 34.859070 28.637215 36.120686
v 36.191196 29.133852 36.546410
v 32.604885 28.087753 36.494400
v 32.309822 29.113518 37.940407
v 31.936180 28.105825 37.490059
v 31.505959 27.092281 36.296860
v 31.007080 27.103592 36.933727
v 29.852158 25.225931 36.318245
v 30.670307 25.919828 36.068279
v 30.544510 26.214258 36.370075
v 29.701424 25.599545 36.631454
v 30.214294 25.257481 35.438095
v 31.021233 26.171719 35.784611
v 32.925930 27.561689 35.977982
v 31.727127 26.742508 35.940083
v 32.150799 25.868893 34.322178
v 32.180435 25.811844 34.348320
v 32.150799 25.868893 34.322178
v 35.128067 28.436493 35.777744
v 33.241119 26.913698 34.866432
v 27.771179 23.720640 37.790886
v 26.906883 22.949829 37.394753
v 27.362820 23.753229 37.320496
v 32.893833 26.426960 34.607231
v 33.826881 26.799107 34.839031
v 34.659351 27.220327 35.012756
v 29.173626 23.438368 34.554531
v 28.919014 23.693268 34.909599
v 28.694595 22.871353 34.633713
v 30.237957 25.208838 35.561092
v 30.214294 25.257481 35.438095
v 31.021233 26.171719 35.784611
v 31.048393 26.070259 35.843510
v 34.695812 29.806538 38.053493
v 32.543335 28.677095 38.117596
v 32.309822 29.113518 37.940407
v 34.452816 30.238567 37.886086
v 36.606632 28.510611 37.639988
v 35.080742 30.096689 37.782536
v 36.951691 29.330124 36.936245
v 32.192074 27.623350 37.594524
v 31.936180 28.105825 37.490059
v 31.101040 26.881832 37.056290
v 31.007080 27.103592 36.933727
v 30.143429 26.324009 36.797173
v 31.634361 25.868946 37.118240
v 32.780533 26.505762 37.662880
v 33.475746 26.906254 38.225910
v 28.510983 24.631521 37.742226
v 27.799664 24.409145 37.230598
v 28.281544 25.095898 37.141670
v 29.024258 25.099045 37.554394
v 28.869663 25.351274 37.022465
v 28.994556 23.417492 37.815582
v 27.279606 22.517097 37.857986
v 29.248173 24.939388 36.537788
v 28.869663 25.351274 37.022465
v 28.438358 24.764660 36.812923
v 27.850655 24.220062 36.763985
v 27.941872 24.135014 36.652901
v 28.438358 24.764660 36.812923
v 30.134743 25.086500 37.235310
v 30.044628 25.958672 37.092190
v 29.776253 24.624802 35.306652
v 29.437164 24.314051 35.120621
v 27.444355 23.600977 36.573902
v 27.020138 22.949577 36.415413
v 27.324749 23.312429 36.353130
v 31.727127 26.742508 35.940083
v 29.618553 25.908737 36.852509
v 27.861027 24.324543 37.130367
v 27.362820 23.753229 37.320496
v 29.618553 25.908737 36.852509
v 29.505775 24.444035 37.593395
v 26.906364 22.860842 36.108803
v 30.143429 26.324009 36.797173
v 26.769539 22.227753 37.518269
v 26.769539 22.227753 37.518269
v 28.904522 23.348675 37.465477
v 26.906883 22.949829 37.394753
v 26.646503 22.963484 36.513813
v 26.906883 22.949829 37.394753
v 26.516121 22.552046 36.968235
v 29.657295 23.859774 34.488136
v 28.829811 23.905216 35.194862
v 28.312557 23.599985 35.385838
v 35.620960 28.033115 38.182095
v 36.680077 28.372765 37.335110
v 32.780533 26.505762 37.662880
v 32.841068 26.372021 37.271255
v 31.688679 25.740286 36.863232
v 31.634361 25.868946 37.118240
v 33.475746 26.906254 38.225910
v 33.535324 26.782125 37.999706
v 30.188889 24.964512 37.090912
v 30.134743 25.086500 37.235310
v 29.523663 24.386692 37.460335
v 29.074993 23.467358 37.694332
v 28.994556 23.417492 37.815582
v 29.505775 24.444035 37.593395
v 35.678326 27.907188 37.945553
v 35.620960 28.033115 38.182095
v 36.191196 29.133852 36.546410
v 33.784729 26.923460 34.628635
v 34.659351 27.220327 35.012756
v 34.619568 27.404119 34.594715
v 35.484539 27.334341 33.867096
v 35.626163 27.294559 33.920193
v 33.826881 26.799107 34.839031
v 33.784729 26.923460 34.628635
v 31.009628 26.125116 35.905643
v 30.395950 25.600323 36.101490
v 27.496613 23.155930 35.814178
v 27.495525 23.163517 35.756115
v 28.328251 23.622471 35.465015
v 27.941872 24.135014 36.652901
v 27.324749 23.312429 36.353130
v 27.396317 23.268482 36.281158
v 27.993294 24.105434 36.540302
v 28.460278 24.722383 36.695778
v 29.259258 24.891205 36.465340
v 29.878139 25.182156 36.261753
v 31.048393 26.070259 35.843510
v 29.725849 24.656403 35.352123
v 29.412624 24.356339 35.209785
v 30.237957 25.208838 35.561092
v 30.214615 25.235773 35.620766
v 28.806389 23.950298 35.276665
v 30.228733 25.183548 35.910000
v 29.541466 24.373825 35.655437
v 29.378223 24.649033 36.259808
v 28.478142 23.829042 36.045158
v 27.478661 23.141916 36.072075
v 28.281544 25.095898 37.141670
v 27.861027 24.324543 37.130367
v 27.799664 24.409145 37.230598
v 27.362820 23.753229 37.320496
v 29.797573 23.693085 34.700108
v 29.776253 24.624802 35.306652
v 35.080742 30.096689 37.782536
v 34.452816 30.238567 37.886086
v 27.482090 22.937660 35.582836
v 28.994556 23.417492 37.815582
v 28.904522 23.348675 37.465477
v 26.769539 22.227753 37.518269
v 27.279606 22.517097 37.857986
v 36.951691 29.330124 36.936245
v 32.841068 26.372021 37.271255
v 32.799065 26.468716 36.181042
v 31.679359 25.863331 35.922459
v 31.688679 25.740286 36.863232
v 36.680077 28.372765 37.335110
v 30.188889 24.964512 37.090912
v 30.215950 25.027283 35.932198
v 29.465607 24.242306 36.348465
v 29.523663 24.386692 37.460335
v 32.893833 26.426960 34.607231
v 36.535492 28.699602 36.432114
v 36.535492 28.699602 36.432114
v 36.951691 29.330124 36.936245
v 36.535492 28.699602 36.432114
v 28.907612 23.317766 36.933563
v 29.074993 23.467358 37.694332
v 34.755859 26.820168 34.053940
v 34.659351 27.220327 35.012756
v 35.626163 27.294559 33.920193
v 26.646503 22.963484 36.513813
v 27.064373 22.894444 36.100574
v 29.074993 23.467358 37.694332
v 34.531235 27.206909 35.889133
v 36.535492 28.699602 36.432114
v 34.659351 27.220327 35.012756
v 30.721104 24.063751 34.390224
v 31.686546 24.629333 34.237801
v 31.636101 24.715906 33.873070
v 30.653378 24.130581 34.041840
v 30.721104 24.063751 34.390224
v 37.640095 26.112526 34.110783
v 37.629372 26.220222 35.963917
v 34.659351 27.220327 35.012756
v 34.755859 26.820168 34.053940
v 34.531235 27.206909 35.889133
v 25.798615 21.499077 36.655396
v 26.646503 22.963484 36.513813
v 25.348640 19.798687 36.695564
v 25.348671 19.798632 36.695568
v 26.906364 22.860842 36.108803
v 26.651016 22.918343 35.736946
v 25.803429 21.450724 35.823368
v 26.405842 20.307783 35.917961
v 25.353230 19.752840 35.907642
v 25.353199 19.752897 35.907642
v 25.353199 19.752897 35.907642
v 26.906364 22.860842 36.108803
v 26.651016 22.918343 35.736946
v 28.904522 23.348675 37.465477
v 28.907612 23.317766 36.933563
v 28.307541 21.384460 37.150055
v 28.304447 21.415365 37.681969
v 28.904522 23.348675 37.465477
v 34.531235 27.206909 35.889133
v 33.535324 26.782125 37.999706
v 35.678326 27.907188 37.945553
v 45.993145 29.165854 33.860889
v 45.042183 29.920769 32.651608
v 45.355110 28.285995 34.186787
v 49.094006 32.135357 33.978317
v 47.240513 31.117323 33.290024
v 47.854446 30.367695 33.967632
v 44.346569 28.670879 33.566231
v 43.718254 27.861996 34.187580
v 46.638359 28.767887 34.787037
v 46.148052 28.112961 35.203911
v 46.623367 28.856476 35.863235
v 47.641853 30.190968 35.791576
v 47.854446 30.367695 33.967632
v 46.638359 28.767887 34.787037
v 49.084148 32.234322 35.681168
v 49.094006 32.135357 33.978317
v 46.139690 28.155731 35.901165
v 46.148052 28.112961 35.203911
v 41.488361 27.451855 34.192566
v 43.635708 28.002415 34.235622
v 42.112770 28.467041 34.102219
v 44.346569 28.670879 33.566231
v 44.073326 28.756004 33.916172
v 43.635708 28.002415 34.235622
v 43.718254 27.861996 34.187580
v 44.522373 29.718407 33.817966
v 45.042183 29.920769 32.651608
v 44.073326 28.756004 33.916172
v 44.522373 29.718407 33.817966
v 44.210693 27.798332 34.892994
v 40.277756 27.510559 34.261200
v 40.867191 27.394270 34.274754
v 44.413528 27.783812 35.220470
v 44.748741 27.872660 35.909565
v 46.139690 28.155731 35.901165
v 44.900105 31.241753 33.733921
v 43.798542 31.242220 34.005978
v 47.240513 31.117323 33.290024
v 49.094006 32.135357 33.978317
v 46.938370 32.107502 33.861221
v 42.521614 30.134649 34.048576
v 43.574169 30.137819 33.476505
v 44.892300 32.083992 34.584213
v 44.054863 32.088341 34.960766
v 46.938370 32.107502 33.861221
v 46.580807 32.206108 35.668324
v 44.902515 32.124718 35.663342
v 44.892300 32.083992 34.584213
v 49.094006 32.135357 33.978317
v 49.084148 32.234322 35.681168
v 44.050220 32.124039 35.658447
v 44.054863 32.088341 34.960766
v 42.587818 29.992563 34.113899
v 40.919533 28.532175 34.126492
v 42.587818 29.992563 34.113899
v 43.471584 29.898823 33.846272
v 43.574169 30.137819 33.476505
v 42.521614 30.134649 34.048576
v 44.522373 29.718407 33.817966
v 43.471584 29.898823 33.846272
v 42.713089 30.642574 34.719028
v 40.515766 28.061691 34.233932
v 43.028225 31.140251 35.709709
v 42.799721 30.848745 35.033009
v 44.050220 32.124039 35.658447
v 45.005962 30.284573 38.911510
v 45.970303 29.395294 37.808865
v 45.335480 28.483181 37.579746
v 44.320107 28.936684 38.139870
v 47.212311 31.400593 38.164185
v 49.074295 32.333282 37.384018
v 47.833515 30.577929 37.585098
v 43.698456 28.060848 37.609196
v 46.625885 28.893158 36.942558
v 46.139980 28.194023 36.598728
v 47.833515 30.577929 37.585098
v 46.625885 28.893158 36.942558
v 49.074295 32.333282 37.384018
v 46.139980 28.194023 36.598728
v 43.616562 28.194702 37.544262
v 41.468494 27.651396 37.626034
v 42.092503 28.670631 37.605370
v 43.616562 28.194702 37.544262
v 44.050972 28.980516 37.779297
v 44.320107 28.936684 38.139870
v 43.698456 28.060848 37.609196
v 44.499504 29.948116 37.770527
v 45.005962 30.284573 38.911510
v 44.050972 28.980516 37.779297
v 44.499504 29.948116 37.770527
v 44.198956 27.916229 36.921631
v 40.258759 27.700920 37.537086
v 40.848286 27.584265 37.543880
v 44.405544 27.864008 36.600407
v 43.778912 31.439405 37.398933
v 44.877258 31.471195 37.681896
v 43.547707 30.403622 38.050148
v 49.074295 32.333282 37.384018
v 47.212311 31.400593 38.164185
v 46.917439 32.317734 37.478683
v 42.501812 30.333502 37.470196
v 44.879826 32.209263 36.739735
v 44.046791 32.169399 36.355579
v 46.917439 32.317734 37.478683
v 44.879826 32.209263 36.739735
v 49.074295 32.333282 37.384018
v 44.046791 32.169399 36.355579
v 40.899666 28.731716 37.559959
v 42.568672 30.184849 37.422539
v 43.547707 30.403622 38.050148
v 43.449234 30.123333 37.709396
v 42.568672 30.184849 37.422539
v 42.501812 30.333502 37.470196
v 44.499504 29.948116 37.770527
v 43.449234 30.123333 37.709396
v 42.701351 30.760473 36.747669
v 40.496861 28.251686 37.503059
v 42.791737 30.928944 36.412945
v 41.314560 25.727486 34.081017
v 41.436157 25.229296 35.473572
v 41.888317 25.384226 35.530388
v 40.561592 26.016033 34.122005
v 36.822086 23.982155 34.230259
v 36.568417 23.239834 34.732613
v 40.511566 25.398731 34.636597
v 40.421051 25.113571 36.044872
v 42.062649 25.268942 36.045341
v 36.564522 23.060238 36.141891
v 37.640099 26.112530 34.110783
v 42.835079 26.781580 34.989346
v 43.416565 26.904045 35.958149
v 41.196033 26.193890 33.708115
v 42.307243 27.055347 34.728344
v 41.196033 26.193890 33.708115
v 42.474483 26.686972 34.707142
v 40.384014 26.332651 34.573986
v 39.359905 26.392242 34.567131
v 40.561592 26.016033 34.122005
v 41.196033 26.193890 33.708115
v 41.057632 26.484207 34.275326
v 43.333702 27.131456 35.944454
v 42.836155 26.981232 35.023525
v 42.835079 26.781580 34.989346
v 43.416565 26.904045 35.958149
v 44.212051 27.784826 34.660477
v 43.718254 27.861996 34.187580
v 42.264729 27.164522 34.419777
v 42.808537 27.052841 34.703568
v 44.212051 27.784826 34.660477
v 44.390793 27.757612 34.988548
v 44.210693 27.798332 34.892994
v 41.171150 27.219337 33.963409
v 43.554554 27.883162 33.953091
v 43.462166 28.055645 34.008739
v 41.488361 27.451855 34.192566
v 40.867191 27.394270 34.274754
v 40.277756 27.510559 34.261200
v 40.038368 27.365280 33.946777
v 44.390793 27.757612 34.988548
v 42.836155 26.981232 35.023525
v 39.414398 26.426697 34.469498
v 38.575054 26.627731 34.485386
v 38.495205 26.589872 34.553829
v 39.359905 26.392242 34.567131
v 40.357548 26.370556 34.466499
v 40.384014 26.332651 34.573986
v 42.307243 27.055347 34.728344
v 41.171150 27.219337 33.963409
v 40.038368 27.365280 33.946777
v 43.554554 27.883162 33.953091
v 43.333702 27.131456 35.944454
v 44.748741 27.872660 35.909565
v 44.390793 27.757612 34.988548
v 42.836155 26.981232 35.023525
v 40.384014 26.332651 34.573986
v 41.057632 26.484207 34.275326
v 42.307243 27.055347 34.728344
v 43.718254 27.861996 34.187580
v 43.635708 28.002415 34.235622
v 43.462166 28.055645 34.008739
v 43.554554 27.883162 33.953091
v 43.635708 28.002415 34.235622
v 41.488361 27.451855 34.192566
v 43.462166 28.055645 34.008739
v 42.474483 26.686972 34.707142
v 44.210693 27.798332 34.892994
v 44.390793 27.757612 34.988548
v 44.748741 27.872660 35.909565
v 37.640099 26.112530 34.110783
v 38.495205 26.589872 34.553829
v 38.998379 29.859110 35.190399
v 39.408989 29.346533 33.859665
v 39.379326 30.149282 35.238941
v 34.639442 26.903334 34.508541
v 35.418808 26.647236 34.067257
v 39.217102 28.569481 33.965828
v 38.655380 28.923986 34.420982
v 39.357529 30.406485 35.731113
v 38.298813 29.144112 35.798351
v 34.418724 27.135517 35.892632
v 41.092220 30.091604 34.786896
v 41.473972 30.593410 35.732494
v 39.743946 28.951687 33.539436
v 39.875599 28.729120 34.138020
v 41.031048 29.479090 34.580101
v 39.743946 28.951687 33.539436
v 38.822472 27.412933 34.504700
v 39.353951 28.288942 34.454334
v 39.217102 28.569481 33.965828
v 41.092220 30.091604 34.786896
v 41.255241 29.983686 34.839882
v 41.614616 30.396334 35.744762
v 41.473972 30.593410 35.732494
v 40.824127 29.821318 34.515434
v 41.031048 29.479090 34.580101
v 41.112194 29.353388 34.285896
v 42.521614 30.134649 34.048576
v 42.714447 30.629066 34.486511
v 41.314537 29.890236 34.530025
v 42.776951 30.822611 34.801083
v 42.714447 30.629066 34.486511
v 42.713089 30.642574 34.719028
v 42.544563 29.798349 33.902149
v 42.457962 29.965803 33.825710
v 40.560001 28.380030 33.892418
v 40.919533 28.532175 34.126492
v 40.515766 28.061691 34.233932
v 40.038368 27.365280 33.946777
v 40.277756 27.510559 34.261200
v 42.776951 30.822611 34.801083
v 41.255241 29.983686 34.839882
v 38.495205 26.589872 34.553829
v 38.575054 26.627731 34.485386
v 38.886612 27.429066 34.408192
v 38.822472 27.412933 34.504700
v 39.353951 28.288942 34.454334
v 39.375507 28.235641 34.352425
v 41.031048 29.479090 34.580101
v 40.560001 28.380030 33.892418
v 42.457962 29.965803 33.825710
v 42.776951 30.822611 34.801083
v 43.028225 31.140251 35.709709
v 41.614616 30.396334 35.744762
v 41.255241 29.983686 34.839882
v 39.875599 28.729120 34.138020
v 39.353951 28.288942 34.454334
v 41.031048 29.479090 34.580101
v 42.544563 29.798349 33.902149
v 42.587818 29.992563 34.113899
v 42.521614 30.134649 34.048576
v 42.457962 29.965803 33.825710
v 40.919533 28.532175 34.126492
v 42.587818 29.992563 34.113899
v 42.544563 29.798349 33.902149
v 40.824127 29.821318 34.515434
v 42.776951 30.822611 34.801083
v 42.713089 30.642574 34.719028
v 43.028225 31.140251 35.709709
v 37.640099 26.112530 34.110783
v 38.495205 26.589872 34.553829
v 41.429581 25.295374 36.610592
v 41.292263 25.951441 37.934566
v 41.882465 25.442984 36.541431
v 36.552284 23.401876 37.520828
v 36.800640 24.197559 37.936703
v 40.540012 26.232792 37.851749
v 40.495510 25.560003 37.411587
v 37.618645 26.327976 37.818024
v 42.823860 26.894239 36.927845
v 43.416565 26.904045 35.958149
v 41.169754 26.457823 38.249542
v 41.038101 26.680387 37.650959
v 42.293236 27.196043 37.149273
v 41.169754 26.457823 38.249542
v 39.343792 26.554102 37.352211
v 40.367870 26.494804 37.364117
v 40.540012 26.232792 37.851749
v 42.823860 26.894239 36.927845
v 42.825466 27.088587 36.870789
v 43.333702 27.131456 35.944454
v 43.416565 26.904045 35.958149
v 42.459972 26.832716 37.214935
v 42.293236 27.196043 37.149273
v 42.247238 27.340199 37.442608
v 43.698456 28.060848 37.609196
v 44.197620 27.929749 37.154152
v 42.794209 27.196758 37.179955
v 44.380119 27.864836 36.833519
v 44.197620 27.929749 37.154152
v 44.198956 27.916229 36.921631
v 43.440449 28.273737 37.761436
v 43.532078 28.108925 37.837749
v 41.148506 27.446775 37.876911
v 41.468494 27.651396 37.626034
v 40.848274 27.584265 37.543938
v 40.015705 27.592903 37.863457
v 40.258842 27.700966 37.537117
v 44.380119 27.864836 36.833519
v 42.825466 27.088587 36.870789
v 38.479126 26.751364 37.332554
v 38.558205 26.796947 37.397068
v 39.397175 26.599670 37.445816
v 39.343792 26.554102 37.352211
v 40.367870 26.494804 37.364117
v 40.340187 26.544888 37.466175
v 42.293236 27.196043 37.149273
v 40.015705 27.592903 37.863457
v 41.148506 27.446775 37.876911
v 43.532078 28.108925 37.837749
v 44.380119 27.864836 36.833519
v 42.825466 27.088587 36.870789
v 41.038101 26.680387 37.650959
v 40.367870 26.494804 37.364117
v 42.293236 27.196043 37.149273
v 43.440449 28.273737 37.761436
v 43.616562 28.194702 37.544262
v 43.698456 28.060848 37.609196
v 43.532078 28.108925 37.837749
v 41.468494 27.651396 37.626034
v 43.616562 28.194702 37.544262
v 43.440449 28.273737 37.761436
v 42.459972 26.832716 37.214935
v 44.380119 27.864836 36.833519
v 44.198956 27.916229 36.921631
v 37.618645 26.327976 37.818024
v 38.479126 26.751364 37.332554
v 39.386692 29.570488 37.713211
v 38.991802 29.925190 36.327415
v 39.373478 30.208040 36.249985
v 39.195522 28.786242 37.695572
v 35.397362 26.862640 37.773697
v 34.623306 27.065376 37.296757
v 38.639324 29.085258 37.195969
v 41.081005 30.204264 36.725395
v 41.473972 30.593410 35.732494
v 39.717667 29.215618 38.080864
v 41.017040 29.619785 37.001030
v 39.717667 29.215618 38.080864
v 40.809616 29.967062 37.023228
v 39.337807 28.451094 37.244461
v 38.806358 27.574791 37.289783
v 39.195522 28.786242 37.695572
v 39.717667 29.215618 38.080864
v 39.856068 28.925301 37.513653
v 41.614616 30.396334 35.744762
v 41.244553 30.091043 36.687149
v 41.081005 30.204264 36.725395
v 41.473972 30.593410 35.732494
v 42.700016 30.773991 36.980186
v 42.501812 30.333502 37.470196
v 41.094704 29.529064 37.308731
v 41.300209 30.034155 37.006409
v 42.700016 30.773991 36.980186
v 42.766277 30.929834 36.646053
v 42.701351 30.760473 36.747669
v 40.537357 28.607470 37.805920
v 42.435486 30.191565 37.710369
v 42.522846 30.016443 37.654846
v 40.899666 28.731716 37.559959
v 40.496849 28.251686 37.503117
v 40.258842 27.700966 37.537117
v 40.015705 27.592903 37.863457
v 42.766277 30.929834 36.646053
v 41.244553 30.091043 36.687149
v 38.869389 27.602039 37.384506
v 38.558205 26.796947 37.397068
v 38.479126 26.751364 37.332554
v 38.806358 27.574791 37.289783
v 39.358150 28.409973 37.352100
v 39.337807 28.451094 37.244461
v 41.017040 29.619785 37.001030
v 40.537357 28.607470 37.805920
v 42.435486 30.191565 37.710369
v 42.766277 30.929834 36.646053
v 41.244553 30.091043 36.687149
v 39.337807 28.451094 37.244461
v 39.856068 28.925301 37.513653
v 41.017040 29.619785 37.001030
v 42.501812 30.333502 37.470196
v 42.568672 30.184849 37.422539
v 42.522846 30.016443 37.654846
v 42.435486 30.191565 37.710369
v 42.568672 30.184849 37.422539
v 40.899666 28.731716 37.559959
v 42.522846 30.016443 37.654846
v 40.809616 29.967062 37.023228
v 42.701351 30.760473 36.747669
v 42.766277 30.929834 36.646053
v 37.618645 26.327976 37.818024
v 38.479126 26.751364 37.332554
v 64.460991 39.227982 33.385639
v 65.477669 39.024788 33.568195
v 64.139328 39.969730 32.547924
v 62.158058 38.659027 33.507839
v 62.163002 38.605366 33.622604
v 62.849892 38.678799 33.622311
v 62.840965 38.712288 33.476341
v 64.777542 40.300655 32.464207
v 65.866714 40.264343 32.684681
v 65.463593 40.722698 33.458477
v 66.843567 39.827229 33.481621
v 66.838921 39.834724 33.862057
v 67.281952 40.013496 33.934925
v 66.222786 39.475681 33.396767
v 66.673172 39.615696 33.909134
v 64.467117 39.207752 33.578369
v 65.424850 38.962711 33.676517
v 66.887428 40.375568 32.928574
v 66.271835 40.451561 33.635151
v 67.724434 40.592648 34.028778
v 66.887428 40.375568 32.928574
v 62.585350 39.183174 33.065762
v 65.866714 40.264343 32.684681
v 64.777542 40.300655 32.464207
v 61.624683 38.710835 33.613350
v 61.740482 38.766960 33.534084
v 67.724434 40.592648 34.028778
v 66.735191 40.741070 33.695198
v 67.723480 40.602165 34.192497
v 67.281189 40.021194 34.067436
v 67.723480 40.602165 34.192497
v 62.103401 38.942429 33.278671
v 64.467117 39.207752 33.578369
v 62.849892 38.678799 33.622311
v 63.245193 39.556885 33.495434
v 62.163002 38.605366 33.622604
v 66.271835 40.451561 33.635151
v 61.624683 38.710835 33.613350
v 67.281189 40.021194 34.067436
v 66.735191 40.741070 33.695198
v 67.723480 40.602165 34.192497
v 66.673172 39.615696 33.909134
v 66.838921 39.834724 33.862057
v 65.463593 40.722698 33.458477
v 64.070236 41.697784 33.404709
v 63.669853 40.730507 33.293739
v 64.139328 39.969730 32.547924
v 62.292759 39.736900 33.557594
v 61.842812 39.213463 33.585411
v 61.889900 39.168320 33.476688
v 62.322571 39.696823 33.416122
v 65.354324 41.237480 32.625164
v 65.463593 40.722698 33.458477
v 65.493309 42.390297 33.705750
v 65.508911 42.361992 33.326588
v 65.887878 42.661121 33.772987
v 65.216881 42.381470 33.739971
v 64.872108 42.040874 33.239868
v 63.647011 40.765301 33.483101
v 63.983799 41.699551 33.509121
v 66.012383 42.037457 32.826927
v 65.690201 41.556206 33.567589
v 66.610214 42.708755 33.899349
v 66.012383 42.037457 32.826927
v 62.585350 39.183174 33.065762
v 65.354324 41.237480 32.625164
v 61.624683 38.710835 33.613350
v 61.740482 38.766960 33.534084
v 66.610214 42.708755 33.899349
v 66.187965 41.780354 33.631634
v 66.609268 42.718273 34.063068
v 65.887108 42.668823 33.905499
v 66.609268 42.718273 34.063068
v 62.292759 39.736900 33.557594
v 63.647011 40.765301 33.483101
v 61.842812 39.213463 33.585411
v 65.216881 42.381470 33.739971
v 65.690201 41.556206 33.567589
v 63.983799 41.699551 33.509121
v 66.187965 41.780354 33.631634
v 65.887108 42.668823 33.905499
v 66.609268 42.718273 34.063068
v 65.493309 42.390297 33.705750
v 29.961758 22.291348 37.736618
v 30.627838 21.221586 37.820400
v 29.569920 21.307644 37.741535
v 29.859760 20.790363 37.568539
v 29.706215 20.298389 37.236237
v 26.764812 20.574999 37.196526
v 27.475243 20.961554 37.400700
v 32.029922 21.694519 37.986046
v 33.076080 22.166319 37.972363
v 33.011192 21.300425 37.058136
v 34.286385 21.927338 37.036236
v 33.757492 22.082083 37.991035
v 33.757492 22.082083 37.991035
v 33.786430 22.144348 37.909710
v 36.567463 23.554520 37.978416
v 36.615631 23.464256 38.010818
v 28.057446 21.272051 37.465172
v 29.901188 21.063169 37.582527
v 30.539536 21.090727 37.627472
v 30.600994 20.864016 37.617550
v 31.224545 21.023933 37.656567
v 31.157890 21.238197 37.588608
v 34.115520 22.496489 38.028015
v 35.888863 23.430649 38.123974
v 36.567463 23.554520 37.978416
v 33.786430 22.144348 37.909710
v 33.786430 22.144348 37.909710
v 33.017643 22.266520 37.899208
v 33.421394 22.514563 37.977562
v 31.998234 21.797220 37.913895
v 30.539536 21.090727 37.627472
v 29.901188 21.063169 37.582527
v 28.565559 21.551584 37.661205
v 28.057446 21.272051 37.465172
v 37.618614 26.328346 37.824268
v 36.567463 23.554520 37.978416
v 37.092953 26.069757 38.121754
v 37.596592 23.954321 37.975960
v 36.685562 23.218660 36.975140
v 36.615631 23.464256 38.010818
v 37.642109 24.092361 37.918240
v 37.596592 23.954321 37.975960
v 30.789616 20.233471 37.097672
v 31.224545 21.023933 37.656567
v 31.441437 20.545485 37.084614
v 34.623207 24.761183 37.988380
v 37.642109 24.092361 37.918240
v 31.157890 21.238197 37.588608
v 36.567463 23.554520 37.978416
v 36.685562 23.218660 36.975140
v 37.642109 24.092361 37.918240
v 31.998234 21.797220 37.913895
v 33.017643 22.266520 37.899208
v 33.076080 22.166319 37.972363
v 32.029922 21.694519 37.986046
v 37.618614 26.328346 37.824268
v 37.629375 26.220285 35.964886
v 36.687176 23.112329 36.139576
v 36.567463 23.554520 37.978416
v 29.455872 23.447382 37.684261
v 28.930595 22.521843 37.667271
v 28.678425 23.033947 37.431313
v 28.203606 23.152134 37.061691
v 31.613377 24.944275 37.802456
v 30.631512 24.350374 37.823608
v 30.910706 25.289658 36.814144
v 32.150394 25.983997 36.788116
v 31.929646 25.553522 37.778713
v 34.734390 27.035873 37.765488
v 32.001331 25.534594 37.702351
v 31.929646 25.553522 37.778713
v 34.685875 27.129229 37.786659
v 28.925488 22.916216 37.469189
v 29.156895 23.606642 37.449802
v 29.307915 23.429815 37.484406
v 29.640034 24.033220 37.472511
v 29.781796 23.851673 37.428761
v 34.734390 27.035873 37.765488
v 34.240376 26.561432 37.932484
v 32.471512 25.618776 37.837048
v 32.001331 25.534594 37.702351
v 31.666286 24.833008 37.742233
v 32.001331 25.534594 37.702351
v 32.095245 25.033184 37.823517
v 30.701595 24.259785 37.763279
v 28.925488 22.916216 37.469189
v 29.307915 23.429815 37.484406
v 34.734390 27.035873 37.765488
v 34.575714 27.225674 36.730061
v 35.646851 27.657265 37.749477
v 34.685875 27.129229 37.786659
v 35.789043 27.611691 37.702988
v 35.646851 27.657265 37.749477
v 28.771648 24.065983 36.863266
v 29.398479 24.425459 36.847301
v 29.640034 24.033220 37.472511
v 35.789043 27.611691 37.702988
v 29.781796 23.851673 37.428761
v 34.575714 27.225674 36.730061
v 34.734390 27.035873 37.765488
v 35.789043 27.611691 37.702988
v 31.613377 24.944275 37.802456
v 31.666286 24.833008 37.742233
v 30.701595 24.259785 37.763279
v 30.631512 24.350374 37.823608
v 34.531227 27.206888 35.889137
v 37.629375 26.220285 35.964886
v 37.618614 26.328346 37.824268
v 34.734390 27.035873 37.765488
v 64.949165 40.856064 37.520050
v 65.077255 40.612793 37.534927
v 60.735580 38.333294 37.642281
v 60.607491 38.576569 37.627403
v 64.949165 40.856064 37.520050
v 60.607491 38.576569 37.627403
v 60.461052 38.564308 37.106117
v 65.022095 40.958973 36.993340
v 60.735580 38.333294 37.642281
v 65.077255 40.612793 37.534927
v 65.229706 40.564682 37.017456
v 60.668663 38.170013 37.130234
v 65.229706 40.564682 37.017456
v 65.077255 40.612793 37.534927
v 64.949165 40.856064 37.520050
v 65.022095 40.958973 36.993340
v 60.461052 38.564308 37.106117
v 60.607491 38.576569 37.627403
v 60.735580 38.333294 37.642281
v 60.668663 38.170013 37.130234
v 67.876839 38.567329 35.732536
v 67.463524 38.975903 35.785629
v 68.492050 38.930794 35.594872
v 66.114395 38.779289 34.229359
v 66.657722 38.582214 34.889397
v 66.963287 38.899498 34.617874
v 69.633087 40.708202 35.229961
v 69.213860 40.203217 34.854111
v 69.272545 39.999886 35.388603
v 69.655754 40.655754 35.328354
v 68.492050 38.930794 35.594872
v 68.328949 39.090458 34.865009
v 67.849220 38.578175 35.215378
v 66.797470 38.812286 35.820988
v 67.098984 38.199318 35.415470
v 67.263115 38.889057 34.559071
v 66.919754 38.438423 34.973595
v 69.141235 40.822350 34.946526
v 68.467896 40.446735 34.515236
v 68.650383 40.198547 34.418945
v 69.293320 40.626232 34.859322
v 69.438202 40.913483 35.259815
v 69.574013 40.807053 35.168568
v 69.750763 40.917728 35.347099
v 68.698784 39.564621 34.435383
v 69.000725 39.800407 35.610691
v 69.319244 40.293777 35.519085
v 68.230530 39.320045 35.747700
v 69.750763 40.917728 35.347099
v 69.505165 40.649155 35.478622
v 69.750763 40.917728 35.347099
v 69.563011 40.871098 35.464447
v 69.383041 40.913269 35.315277
v 69.563011 40.871098 35.464447
v 67.790092 39.496143 34.030434
v 67.171104 39.303085 33.868313
v 66.516464 38.868370 34.132408
v 66.559311 39.181091 33.889347
v 67.007843 39.695866 33.789635
v 68.178062 39.548244 34.193707
v 65.504463 38.545006 34.115906
v 66.066734 38.761627 34.056316
v 66.003998 38.947678 33.955189
v 65.461449 38.627617 34.071091
v 64.405128 37.896423 34.436855
v 65.778061 38.342121 35.318275
v 66.231308 38.071774 35.190659
v 65.524193 38.592968 34.288357
v 66.219742 38.276649 35.088295
v 66.231308 38.071774 35.190659
v 67.098984 38.199318 35.415470
v 65.076752 38.429848 34.190586
v 64.405128 37.896423 34.436855
v 65.134010 38.357338 34.229450
v 65.967453 39.021561 33.965649
v 65.430878 38.683044 34.087242
v 67.876839 38.567329 35.732536
v 66.550781 39.291313 33.859985
v 64.932037 38.163185 34.502712
v 66.066734 38.761627 34.056316
v 65.504463 38.545006 34.115906
v 67.463524 38.975903 35.785629
v 66.797470 38.812286 35.820988
v 66.718613 39.099754 35.860947
v 67.324921 39.174721 35.884384
v 65.778061 38.342121 35.318275
v 65.623314 38.546120 35.387856
v 64.405128 37.896423 34.436855
v 65.623314 38.546120 35.387856
v 65.778061 38.342121 35.318275
v 68.167000 39.428623 35.825451
v 69.000725 39.800407 35.610691
v 68.230530 39.320045 35.747700
v 69.074379 40.821743 35.059986
v 67.523468 39.977211 34.210377
v 67.606979 39.989414 34.075840
v 68.467896 40.446735 34.515236
v 68.394943 40.439411 34.676960
v 67.007843 39.695866 33.789635
v 67.606979 39.989414 34.075840
v 67.797546 39.636314 33.940285
v 64.943062 40.178596 37.559551
v 64.862495 39.859047 37.577656
v 61.542412 38.115913 37.659752
v 61.229481 38.228867 37.651375
v 64.943062 40.178596 37.559551
v 61.229481 38.228867 37.651375
v 60.865288 38.091934 37.135868
v 65.166267 40.350067 37.029522
v 64.862495 39.859047 37.577656
v 64.997002 39.811829 37.059826
v 61.443874 37.946346 37.147678
v 61.542412 38.115913 37.659752
v 64.688148 39.100479 37.620735
v 62.397449 37.897800 37.677372
v 62.021263 37.977547 37.670563
v 64.762009 39.416512 37.602795
v 64.762009 39.416512 37.602795
v 62.021263 37.977547 37.670563
v 61.719257 37.873268 37.153519
v 64.899086 39.542763 37.074894
v 64.688148 39.100479 37.620735
v 64.773499 39.004673 37.105442
v 62.304749 37.708511 37.166481
v 62.397449 37.897800 37.677372
v 60.865288 38.091934 37.135868
v 61.229481 38.228867 37.651375
v 61.542412 38.115913 37.659752
v 61.443874 37.946346 37.147678
v 64.862495 39.859047 37.577656
v 64.943062 40.178596 37.559551
v 65.166267 40.350067 37.029522
v 64.997002 39.811829 37.059826
v 61.719257 37.873268 37.153519
v 62.021263 37.977547 37.670563
v 62.397449 37.897800 37.677372
v 62.304749 37.708511 37.166481
v 64.688148 39.100479 37.620735
v 64.762009 39.416512 37.602795
v 64.899086 39.542763 37.074894
v 64.773499 39.004673 37.105442
v 70.741417 42.854832 35.346622
v 70.340881 43.361107 34.608231
v 70.402084 42.759151 34.790741
v 71.180923 42.986469 35.639111
v 71.383873 42.700508 35.932461
v 71.770035 43.780586 35.913544
v 71.396622 43.345703 35.628372
v 69.063972 42.649422 33.964977
v 68.937775 41.928120 34.361752
v 69.928551 42.028728 35.019840
v 69.649155 41.700966 34.764908
v 69.450333 41.013805 35.004261
v 70.041664 41.582558 35.115742
v 68.487389 41.705437 34.370293
v 69.077400 41.611465 34.826260
v 68.238304 41.270943 34.478718
v 68.745743 41.089764 34.551544
v 69.077400 41.611465 34.826260
v 70.069069 41.360790 35.532719
v 70.821320 41.676922 35.938042
v 70.418106 41.694901 35.526325
v 68.593063 42.429585 34.424694
v 66.419189 41.244164 33.757690
v 66.678444 40.680012 33.822880
v 68.487389 41.705437 34.370293
v 71.021263 41.838387 35.933079
v 70.347748 42.020302 36.740356
v 71.383873 42.700508 35.932461
v 70.674644 42.780499 36.589775
v 71.770035 43.780586 35.913544
v 71.770035 43.780586 35.913544
v 70.930565 43.373837 36.083813
v 70.741417 42.854832 35.346622
v 71.396622 43.345703 35.628372
v 68.238304 41.270943 34.478718
v 69.153351 41.015480 35.076691
v 68.745743 41.089764 34.551544
v 62.734623 37.616592 37.185925
v 66.265724 39.473377 37.079483
v 66.138252 39.062889 37.026573
v 63.185829 37.512745 37.098892
v 66.821503 39.765743 37.065498
v 69.999451 42.178978 36.925148
v 69.531815 43.073997 36.879177
v 70.094757 43.365211 36.794182
v 70.347900 42.950623 36.810596
v 70.499557 43.569916 36.656151
v 70.884186 43.756760 36.399868
v 70.795166 43.313030 36.497005
v 70.795166 43.313030 36.497005
v 70.884186 43.756760 36.399868
v 70.930565 43.373837 36.083813
v 70.795166 43.313030 36.497005
v 68.532806 40.288162 36.933403
v 70.116829 41.295925 36.463104
v 70.069069 41.360790 35.532719
v 68.532585 40.220348 35.319736
v 64.867592 39.337742 37.451778
v 65.854408 39.678337 37.437691
v 65.131218 39.298645 37.455574
v 66.670929 41.409023 37.022480
v 66.035484 39.402218 37.135433
v 66.269981 41.243042 37.349159
v 66.211357 41.353981 37.342373
v 66.601700 41.539455 37.014496
v 65.153221 40.201191 37.403248
v 65.269135 40.579849 37.062557
v 65.159950 40.802628 37.379265
v 64.782867 39.001530 37.151470
v 64.867592 39.337742 37.451778
v 65.076927 38.898952 37.159134
v 64.782867 39.001530 37.151470
v 65.153221 40.201191 37.403248
v 65.159950 40.802628 37.379265
v 60.665371 38.161945 37.460777
v 62.218025 37.766201 37.492760
v 62.150803 37.620754 37.500824
v 61.635101 37.405872 37.510330
v 61.890244 37.154701 37.117035
v 60.712872 37.311989 36.955086
v 60.779366 37.573502 37.349640
v 61.635101 37.405872 37.510330
v 60.550686 38.379837 37.447449
v 60.566010 38.368469 37.129681
v 60.687126 38.137646 37.143795
v 60.665371 38.161945 37.460777
v 62.734623 37.616592 37.185925
v 62.218025 37.766201 37.492760
v 62.734623 37.616592 37.185925
v 62.578903 37.522308 37.190502
v 62.227005 37.337341 37.199215
v 59.637035 37.881157 37.159523
v 60.550686 38.379837 37.447449
v 59.340408 37.700470 36.758938
v 66.789299 40.379425 33.924946
v 66.971451 39.784241 34.112495
v 69.153351 41.015480 35.076691
v 68.238304 41.270943 34.478718
v 70.116829 41.295925 36.463104
v 70.821320 41.676922 35.938042
v 70.069069 41.360790 35.532719
v 70.069069 41.360790 35.532719
v 69.337379 40.984104 35.235935
v 68.532585 40.220348 35.319736
v 68.532806 40.288162 36.933403
v 70.116829 41.295925 36.463104
v 62.113686 37.013805 36.090050
v 60.817184 37.183464 36.355618
v 59.359985 37.684559 36.330273
v 70.770088 42.135098 35.578270
v 71.021263 41.838387 35.933079
v 70.844879 42.548359 35.244072
v 71.188942 42.868309 35.548847
v 71.396622 43.345703 35.628372
v 70.730827 42.760033 35.005905
v 70.052505 41.598644 35.007256
v 70.418106 41.694901 35.526325
v 70.447456 41.707462 35.362953
v 69.649155 41.700966 34.764908
v 70.066467 42.088993 34.729271
v 70.378563 41.949165 34.977772
v 70.840477 42.185486 35.460190
v 70.770088 42.135098 35.578270
v 71.188942 42.868309 35.548847
v 71.180923 42.986469 35.639111
v 71.396622 43.345703 35.628372
v 69.649155 41.700966 34.764908
v 70.041664 41.582558 35.115742
v 69.928551 42.028728 35.019840
v 70.066467 42.088993 34.729271
v 70.730827 42.760033 35.005905
v 70.741417 42.854832 35.346622
v 71.396622 43.345703 35.628372
v 69.649155 41.700966 34.764908
v 69.649155 41.700966 34.764908
v 68.487389 41.705437 34.370293
v 69.077400 41.611465 34.826260
v 68.532585 40.220348 35.319736
v 67.166260 39.502758 35.342499
v 67.171944 39.606434 37.014599
v 68.532806 40.288162 36.933403
v 68.532806 40.288162 36.933403
v 67.171944 39.606434 37.014599
v 66.821503 39.765743 37.065498
v 66.916931 39.731346 36.148617
v 66.236885 39.468140 36.169544
v 66.238182 39.410301 36.923546
v 67.171944 39.606434 37.014599
v 66.821503 39.765743 37.065498
v 69.337379 40.984104 35.235935
v 62.673603 37.243809 37.111519
v 62.227005 37.337341 37.199215
v 62.578903 37.522308 37.190502
v 63.470535 37.292980 36.091240
v 62.673603 37.243809 37.111519
v 63.185829 37.512745 37.098892
v 62.227005 37.337341 37.199215
v 62.673603 37.243809 37.111519
v 63.470535 37.292980 36.091240
v 63.149742 37.539494 36.065582
v 65.851273 38.901669 36.861202
v 66.138252 39.062889 37.026573
v 66.110886 39.037933 36.854156
v 66.265724 39.473377 37.079483
v 66.238182 39.410301 36.923546
v 65.851273 38.901669 36.861202
v 66.110886 39.037933 36.854156
v 66.238182 39.410301 36.923546
v 65.711121 39.167789 36.843536
v 64.897476 38.643867 36.015320
v 65.174202 38.187450 36.049126
v 65.851273 38.901669 36.861202
v 65.174202 38.187450 36.049126
v 70.821320 41.676922 35.938042
v 63.149742 37.539494 36.065582
v 64.782867 39.001530 37.151470
v 66.035484 39.402218 37.135433
v 66.670929 41.409023 37.022480
v 65.269135 40.579849 37.062557
v 65.269135 40.579849 37.062557
v 65.312347 40.862564 37.047279
v 65.159950 40.802628 37.379265
v 64.782867 39.001530 37.151470
v 65.076927 38.898952 37.159134
v 66.035484 39.402218 37.135433
v 69.649155 41.700966 34.764908
v 69.928551 42.028728 35.019840
v 69.077400 41.611465 34.826260
v 66.972031 39.588699 35.340408
v 66.411301 39.294178 35.361828
v 67.166260 39.502758 35.342499
v 66.972031 39.588699 35.340408
v 66.143494 39.117958 33.923183
v 67.166260 39.502758 35.342499
v 65.621826 41.022911 37.004665
v 60.687126 38.137646 37.143795
v 60.566010 38.368469 37.129681
v 70.968475 43.780888 36.068691
v 70.041664 41.582558 35.115742
v 66.980431 39.628433 34.207134
v 68.487389 41.705437 34.370293
v 69.063972 42.649422 33.964977
v 68.593063 42.429585 34.424694
v 70.817520 41.536743 36.122337
v 70.329727 40.573204 36.175510
v 70.064514 40.752155 36.338490
v 70.189316 41.217575 36.312160
v 69.080116 39.076721 36.083492
v 68.613304 39.457741 36.405319
v 66.064598 38.908916 36.405281
v 66.008995 38.864487 36.078060
v 70.064514 40.752155 36.338490
v 68.613304 39.457741 36.405319
v 68.526169 39.537193 36.292805
v 69.823624 40.797729 36.227055
v 69.959442 41.080158 36.211426
v 70.177643 41.235130 36.212635
v 70.189316 41.217575 36.312160
v 70.817520 41.536743 36.122337
v 70.595787 41.439541 35.954945
v 70.177643 41.235130 36.212635
v 69.758057 41.205658 36.199955
v 70.098724 41.384998 36.203468
v 70.616821 41.641880 35.943306
v 70.595787 41.439541 35.954945
v 69.728317 40.909950 36.489002
v 69.831352 40.806923 36.421318
v 68.535698 40.225594 36.807896
v 68.522484 39.546059 36.487022
v 66.125809 38.940372 36.508354
v 66.196190 39.154808 36.856586
v 69.948410 41.062630 36.359035
v 68.526169 39.537193 36.292805
v 69.831352 40.806923 36.421318
v 69.823624 40.797729 36.227055
v 69.948410 41.062630 36.359035
v 69.959442 41.080158 36.211426
v 68.242790 40.785118 36.842552
v 66.211418 39.724663 36.991997
v 65.726135 38.908020 36.868210
v 65.918785 39.571022 36.999229
v 69.206940 41.275826 36.565258
v 64.989655 38.523415 36.091984
v 65.327370 38.710426 36.429356
v 66.064598 38.908916 36.405281
v 65.401268 38.732384 36.516251
v 69.464752 41.388443 36.183243
v 69.758057 41.205658 36.199955
v 69.445290 41.386925 36.329872
v 69.959442 41.080158 36.211426
v 69.948410 41.062630 36.359035
v 70.817520 41.536743 36.122337
v 70.193024 41.180321 35.671093
v 70.068222 40.714897 35.697422
v 70.329727 40.573204 36.175510
v 68.616501 39.425686 35.853752
v 69.080116 39.076721 36.083492
v 65.972626 39.080589 35.768703
v 66.008995 38.864487 36.078060
v 68.544022 40.142006 35.369682
v 69.831322 40.763863 35.662342
v 69.957535 41.035183 35.662148
v 66.080658 39.299610 35.258865
v 65.735298 38.816006 35.284973
v 65.360817 38.615479 35.792194
v 70.193024 41.180321 35.671093
v 70.180214 41.209278 35.767776
v 69.957535 41.035183 35.662148
v 70.817520 41.536743 36.122337
v 70.595787 41.439541 35.954945
v 69.760780 41.178291 35.729034
v 70.101295 41.359142 35.758610
v 70.616821 41.641880 35.943306
v 69.213707 41.207855 35.395752
v 68.252480 40.687790 35.167839
v 69.449654 41.343079 35.575394
v 66.222519 39.613140 35.073029
v 65.929886 39.459499 35.080265
v 69.760780 41.178291 35.729034
v 69.467430 41.361584 35.721077
v 69.449654 41.343079 35.575394
v 69.957535 41.035183 35.662148
v 70.807449 43.658638 35.456142
v 66.789299 40.379425 33.924946
v 68.238304 41.270943 34.478718
v 65.367722 40.681652 33.612720
v 66.093987 39.257389 33.834091
v 65.864609 39.768555 33.668850
v 65.134010 38.357338 34.229450
v 65.864609 39.768555 33.668850
v 65.044807 43.569519 35.504669
v 64.945999 44.133556 35.392086
v 65.600632 44.422150 35.259003
v 64.196281 42.422161 34.006546
v 64.757004 43.089657 34.361591
v 64.309227 43.042473 34.616592
v 66.932541 44.444012 35.116783
v 67.093285 44.230598 34.607780
v 67.727287 44.327682 35.008583
v 67.692078 44.385155 35.100250
v 65.676086 44.128761 34.556850
v 65.600632 44.422150 35.259003
v 64.965256 44.055382 34.880371
v 64.530777 43.117180 35.557686
v 64.218254 43.670383 35.080841
v 64.335388 43.346642 34.673389
v 64.921425 43.336380 34.287056
v 66.791756 43.728436 34.203045
v 66.887451 43.448303 34.331650
v 67.556435 43.832199 34.762432
v 67.485840 44.058979 34.649364
v 67.778137 44.217773 34.959957
v 67.784019 44.055096 35.067665
v 67.960381 44.318001 35.139130
v 66.297241 44.125618 34.156418
v 67.194069 44.329906 35.272224
v 66.603226 44.353729 35.332195
v 65.764626 44.003273 35.461258
v 67.960381 44.318001 35.139130
v 67.593697 44.279411 35.256584
v 67.960381 44.318001 35.139130
v 67.809669 44.201035 35.260777
v 67.749771 44.015167 35.125557
v 67.809669 44.201035 35.260777
v 64.502419 42.693436 33.898457
v 65.244339 42.962383 33.644497
v 65.745949 43.378361 33.792984
v 64.796021 42.529919 33.684525
v 65.478607 42.600189 33.611996
v 66.000610 43.683655 33.940769
v 64.285881 42.210705 33.755611
v 64.163429 42.376369 33.835228
v 63.663467 42.041416 33.902054
v 63.709236 41.955410 33.867550
v 62.490662 41.532364 34.214470
v 63.632614 43.007202 34.888794
v 63.591393 42.495033 35.064270
v 63.799629 42.872921 34.807175
v 63.705414 42.047184 34.077087
v 64.218254 43.670383 35.080841
v 63.632614 43.007202 34.888794
v 62.490662 41.532364 34.214470
v 63.322472 41.761570 33.986809
v 63.293381 41.853058 34.015640
v 63.736652 41.900700 33.890438
v 64.945999 44.133556 35.392086
v 64.325371 42.140194 33.774906
v 64.883270 42.458241 33.666286
v 63.005486 41.822090 34.278919
v 63.663467 42.041416 33.902054
v 64.163429 42.376369 33.835228
v 64.720367 42.894817 35.628830
v 64.530777 43.117180 35.557686
v 65.044807 43.569519 35.504669
v 65.124680 43.353409 35.628803
v 63.591393 42.495033 35.064270
v 63.667835 42.259960 35.160706
v 63.667835 42.259960 35.160706
v 62.490662 41.532364 34.214470
v 63.591393 42.495033 35.064270
v 66.603226 44.353729 35.332195
v 65.813942 43.897522 35.552120
v 65.764626 44.003273 35.461258
v 67.512314 43.788418 34.878536
v 66.887451 43.448303 34.331650
v 66.045326 42.955292 33.894436
v 65.981171 42.906338 34.031219
v 66.831924 43.407890 34.495399
v 65.478607 42.600189 33.611996
v 65.869942 43.297203 33.716373
v 66.045326 42.955292 33.894436
v 60.885487 39.363537 37.583443
v 64.205574 41.106674 37.501347
v 64.514870 40.991814 37.509811
v 60.801292 39.042084 37.601635
v 60.508095 38.770317 37.094379
v 60.801292 39.042084 37.601635
v 64.514870 40.991814 37.509811
v 64.809074 41.028442 36.988033
v 60.715954 39.328812 37.063122
v 64.269073 41.194298 36.975269
v 64.205574 41.106674 37.501347
v 60.885487 39.363537 37.583443
v 61.042770 39.835892 37.556900
v 61.190224 40.190559 37.537140
v 63.480919 41.393238 37.480503
v 63.783516 41.274857 37.489132
v 60.811760 39.596775 37.048103
v 61.042770 39.835892 37.556900
v 63.783516 41.274857 37.489132
v 63.991592 41.266270 36.969479
v 61.007729 40.171814 37.015820
v 63.476475 41.467972 36.954777
v 63.480919 41.393238 37.480503
v 61.190224 40.190559 37.537140
v 60.885487 39.363537 37.583443
v 60.801292 39.042084 37.601635
v 60.508095 38.770317 37.094379
v 60.715954 39.328812 37.063122
v 64.809074 41.028442 36.988033
v 64.514870 40.991814 37.509811
v 64.205574 41.106674 37.501347
v 64.269073 41.194298 36.975269
v 61.190224 40.190559 37.537140
v 61.042770 39.835892 37.556900
v 60.811760 39.596775 37.048103
v 61.007729 40.171814 37.015820
v 63.991592 41.266270 36.969479
v 63.783516 41.274857 37.489132
v 63.480919 41.393238 37.480503
v 63.476475 41.467972 36.954777
v 70.114716 44.045063 35.273823
v 69.871559 43.766724 34.729115
v 71.430626 44.425190 35.874115
v 70.322754 44.715782 35.809200
v 70.457489 44.360413 35.555077
v 70.875679 44.335075 35.567860
v 68.991013 43.809303 34.910934
v 68.379478 42.988426 34.296898
v 67.886223 43.984352 34.822575
v 68.575920 43.739243 34.640240
v 68.683548 44.161888 34.957981
v 67.940552 42.743984 34.306770
v 68.174995 43.325306 34.721436
v 67.571831 43.319252 34.415184
v 67.436646 42.793446 34.385597
v 68.174995 43.325306 34.721436
v 69.161949 44.828384 35.745289
v 68.495811 44.348709 35.349968
v 68.968758 44.447506 35.357967
v 66.099167 41.780167 33.755589
v 67.940552 42.743984 34.306770
v 69.135315 44.322945 36.599522
v 69.408333 44.901653 35.745720
v 70.322754 44.715782 35.809200
v 71.430626 44.425190 35.874115
v 69.953224 44.150604 36.505974
v 70.114716 44.045063 35.273823
v 70.611588 43.979641 36.046761
v 71.430626 44.425190 35.874115
v 70.875679 44.335075 35.567860
v 67.715523 43.746185 34.909672
v 67.436646 42.793446 34.385597
v 67.571831 43.319252 34.415184
v 64.302307 42.549709 36.813305
v 64.709396 42.429146 36.898701
v 61.174980 40.578655 37.004757
v 61.349876 40.999565 36.885628
v 69.058937 43.965202 36.815895
v 65.265656 42.720604 36.884766
v 69.896667 43.807594 36.758183
v 70.464027 43.941917 36.458542
v 70.464027 43.941917 36.458542
v 70.611588 43.979641 36.046761
v 70.464027 43.941917 36.458542
v 68.495811 44.348709 35.349968
v 68.422791 44.513229 36.266323
v 66.672318 43.821594 36.717289
v 66.697578 43.705379 35.106579
v 64.626602 42.010174 37.295071
v 63.786236 41.391445 37.326164
v 63.903419 41.630478 37.312950
v 64.517502 42.285152 36.959103
v 66.533333 41.670338 37.006496
v 66.153069 41.465088 37.335579
v 65.054657 40.987186 37.037643
v 64.660492 41.136971 37.346012
v 63.476891 41.481827 36.999767
v 63.786236 41.391445 37.326164
v 63.476891 41.481827 36.999767
v 63.558952 41.781887 36.982803
v 64.660492 41.136971 37.346012
v 60.831459 40.126442 37.347569
v 60.989555 40.099297 37.350060
v 60.435928 38.597698 37.434124
v 60.361855 39.824013 37.362427
v 60.022423 39.011089 37.261711
v 59.789558 39.065536 36.847836
v 60.319847 40.137184 36.934616
v 60.361855 39.824013 37.362427
v 60.444229 38.598949 37.115582
v 60.435928 38.597698 37.434124
v 61.174980 40.578655 37.004757
v 60.989555 40.099297 37.350060
v 61.174980 40.578655 37.004757
v 61.008923 40.503998 37.008133
v 60.656853 40.319366 37.016827
v 59.340408 37.700470 36.758938
v 67.715523 43.746185 34.909672
v 65.514381 42.551498 33.943241
v 65.909798 42.049763 33.822781
v 67.436646 42.793446 34.385597
v 69.161949 44.828384 35.745289
v 68.422791 44.513229 36.266323
v 68.495811 44.348709 35.349968
v 67.786095 43.930290 35.055737
v 68.495811 44.348709 35.349968
v 66.697578 43.705379 35.106579
v 66.672318 43.821594 36.717289
v 68.422791 44.513229 36.266323
v 60.382381 40.301888 35.888939
v 59.773205 39.166183 36.234344
v 59.359985 37.684559 36.330273
v 69.527641 44.494736 35.433949
v 69.408333 44.901653 35.745720
v 70.875679 44.335075 35.567860
v 70.369438 44.424717 35.453651
v 69.926598 44.292347 35.137402
v 70.047905 44.057034 34.926575
v 68.968758 44.447506 35.357967
v 68.708374 44.151405 34.851120
v 69.003937 44.448982 35.195274
v 68.575920 43.739243 34.640240
v 69.133377 43.861111 34.620884
v 69.182938 44.219894 34.838886
v 69.614929 44.513050 35.317825
v 69.527641 44.494736 35.433949
v 70.457489 44.360413 35.555077
v 70.369438 44.424717 35.453651
v 70.875679 44.335075 35.567860
v 68.683548 44.161888 34.957981
v 68.575920 43.739243 34.640240
v 70.047905 44.057034 34.926575
v 69.133377 43.861111 34.620884
v 68.991013 43.809303 34.910934
v 70.114716 44.045063 35.273823
v 70.875679 44.335075 35.567860
v 68.575920 43.739243 34.640240
v 68.575920 43.739243 34.640240
v 67.940552 42.743984 34.306770
v 68.174995 43.325306 34.721436
v 66.697578 43.705379 35.106579
v 66.672318 43.821594 36.717289
v 65.335999 43.093254 36.801331
v 65.331619 42.987103 35.129383
v 66.672318 43.821594 36.717289
v 65.335999 43.093254 36.801331
v 64.709396 42.429146 36.898701
v 64.649765 42.427017 36.739033
v 65.265656 42.720604 36.884766
v 65.337601 42.730808 35.965160
v 65.335999 43.093254 36.801331
v 65.265656 42.720604 36.884766
v 67.786095 43.930290 35.055737
v 60.656853 40.319366 37.016827
v 60.837654 40.730629 36.898254
v 61.008923 40.503998 37.008133
v 60.837654 40.730629 36.898254
v 61.381348 41.260750 35.848560
v 61.349876 40.999565 36.885628
v 61.381348 41.260750 35.848560
v 60.837654 40.730629 36.898254
v 60.656853 40.319366 37.016827
v 61.403358 40.856209 35.862724
v 64.302307 42.549709 36.813305
v 64.015327 42.388489 36.647938
v 64.274933 42.524754 36.640892
v 64.649765 42.427017 36.739033
v 64.709396 42.429146 36.898701
v 64.649765 42.427017 36.739033
v 64.274933 42.524754 36.640892
v 64.015327 42.388489 36.647938
v 64.155502 42.122208 36.662834
v 63.085014 42.155224 35.806442
v 63.304985 41.668312 35.830338
v 63.085014 42.155224 35.806442
v 64.015327 42.388489 36.647938
v 69.161949 44.828384 35.745289
v 61.403358 40.856209 35.862724
v 66.533333 41.670338 37.006496
v 64.517502 42.285152 36.959103
v 63.476891 41.481827 36.999767
v 65.054657 40.987186 37.037643
v 65.312347 40.862564 37.047279
v 65.054657 40.987186 37.037643
v 63.558952 41.781887 36.982803
v 63.476891 41.481827 36.999767
v 64.517502 42.285152 36.959103
v 68.991013 43.809303 34.910934
v 68.575920 43.739243 34.640240
v 68.174995 43.325306 34.721436
v 64.734482 42.321487 35.995026
v 64.731003 42.485378 35.166645
v 65.292213 42.778992 35.145283
v 65.292213 42.778992 35.145283
v 65.331619 42.987103 35.129383
v 65.331619 42.987103 35.129383
v 64.506592 42.226757 33.733040
v 60.444229 38.598949 37.115582
v 70.968475 43.780888 36.068691
v 68.683548 44.161888 34.957981
v 65.386627 42.655369 34.021996
v 69.063972 42.649422 33.964977
v 67.940552 42.743984 34.306770
v 68.593063 42.429585 34.424694
v 67.952362 44.763535 36.093140
v 67.963860 45.066452 35.900692
v 69.035294 44.921547 35.915310
v 68.407082 44.602379 36.105137
v 66.061844 44.303459 36.108940
v 66.029541 44.870346 35.729137
v 64.165192 42.516251 36.184647
v 64.113586 42.464233 35.857887
v 66.083405 44.176479 36.009052
v 66.061844 44.303459 36.108940
v 67.952362 44.763535 36.093140
v 67.858810 44.529289 35.998821
v 68.168808 44.480919 36.003426
v 68.407082 44.602379 36.105137
v 68.419899 44.573425 36.008453
v 69.035294 44.921547 35.915310
v 68.838043 44.777836 35.750763
v 68.158348 44.243824 36.014130
v 68.419899 44.573425 36.008453
v 68.498802 44.423557 36.017620
v 68.838043 44.777836 35.750763
v 69.016899 44.680439 35.757458
v 67.860992 44.549026 36.192440
v 67.883850 44.412964 36.274746
v 66.628830 43.847111 36.586391
v 64.220581 42.558762 36.287045
v 66.078835 44.187019 36.203167
v 64.419273 42.529510 36.650181
v 68.140717 44.495781 36.149052
v 67.860992 44.549026 36.192440
v 66.083405 44.176479 36.009052
v 67.858810 44.529289 35.998821
v 68.168808 44.480919 36.003426
v 68.140717 44.495781 36.149052
v 66.920944 43.295559 36.689003
v 63.949226 42.282722 36.661804
v 64.889572 42.235100 36.838448
v 64.596939 42.081463 36.845684
v 67.885101 43.786263 36.411713
v 63.582695 42.023903 36.226692
v 63.254387 41.819023 35.890411
v 64.165192 42.516251 36.184647
v 63.638290 42.080620 36.311462
v 68.158348 44.243824 36.014130
v 68.143105 43.898510 36.029716
v 68.123444 43.897366 36.176323
v 68.168808 44.480919 36.003426
v 68.140717 44.495781 36.149052
v 67.956070 44.726280 35.452072
v 68.410789 44.565125 35.464069
v 69.035294 44.921547 35.915310
v 67.963860 45.066452 35.900692
v 66.065041 44.271400 35.557373
v 66.029541 44.870346 35.729137
v 64.286171 42.283493 35.572803
v 64.113586 42.464233 35.857887
v 66.637146 43.763527 35.148178
v 67.863731 44.500694 35.433788
v 68.158371 44.452141 35.453156
v 68.422470 44.547569 35.563595
v 68.410789 44.565125 35.464069
v 68.158371 44.452141 35.453156
v 68.838043 44.777836 35.750763
v 69.035294 44.921547 35.915310
v 68.161072 44.216457 35.543209
v 68.501381 44.397701 35.572762
v 69.016899 44.680439 35.757458
v 67.891861 43.718296 35.242203
v 66.930634 43.198231 35.014290
v 64.553131 42.200687 35.081425
v 68.127808 43.853519 35.421848
v 64.900681 42.123577 34.919479
v 63.958385 42.190712 35.078564
v 64.608040 41.969940 34.926716
v 63.555649 42.043846 35.582504
v 68.145782 43.871651 35.567551
v 68.161072 44.216457 35.543209
v 68.127808 43.853519 35.421848
v 68.158371 44.452141 35.453156
v 70.807449 43.658638 35.456142
v 67.436646 42.793446 34.385597
v 65.909798 42.049763 33.822781
v 64.597618 42.099281 33.660275
v 64.896057 41.608021 33.556339
v 63.293381 41.853058 34.015640
v 64.896057 41.608021 33.556339
v 72.637321 43.924343 35.782856
v 71.680069 43.437363 35.532871
v 71.770004 43.276199 35.289188
v 70.552734 42.744938 34.823666
v 70.176971 42.535007 34.657238
v 69.526207 42.428688 34.234406
v 70.300652 42.185574 34.458900
v 70.575928 43.492729 34.736767
v 69.008766 42.614296 33.865898
v 69.554489 42.465065 34.126892
v 69.880493 42.638111 34.294910
v 72.860985 44.010387 36.185398
v 72.554489 43.948238 35.896168
v 68.830490 42.525208 33.944096
v 70.494911 42.788849 34.586456
v 70.552734 42.744938 34.823666
v 70.631996 43.537525 34.986450
v 70.182007 42.614475 34.432190
v 70.176971 42.535007 34.657238
v 69.880493 42.638111 34.294910
v 69.822296 42.581482 34.489815
v 69.507729 42.367329 33.953770
v 68.788353 42.487831 33.695786
v 69.023445 42.008915 33.870884
v 69.526207 42.428688 34.234406
v 69.554489 42.465065 34.126892
v 69.003601 42.006195 34.040714
v 69.023445 42.008915 33.870884
v 68.581017 41.699173 33.941219
v 68.830490 42.525208 33.944096
v 68.788353 42.487831 33.695786
v 69.507729 42.367329 33.953770
v 70.494911 42.788849 34.586456
v 69.509300 42.388100 34.135529
v 69.822296 42.581482 34.489815
v 67.699890 41.920311 33.787304
v 68.581017 41.699173 33.941219
v 67.558304 41.860123 34.022167
v 68.534874 41.650806 34.300499
v 70.213684 42.638649 34.878723
v 68.707237 42.468967 34.085625
v 68.974709 41.982025 34.340374
v 68.534874 41.650806 34.300499
v 67.558304 41.860123 34.022167
v 70.213684 42.638649 34.878723
v 70.631996 43.537525 34.986450
v 70.552734 42.744938 34.823666
v 69.509300 42.388100 34.135529
v 69.507729 42.367329 33.953770
v 68.974709 41.982025 34.340374
v 70.347427 41.758995 34.959728
v 70.182007 42.614475 34.432190
v 69.509300 42.388100 34.135529
v 69.003601 42.006195 34.040714
v 71.116585 44.507530 35.467415
v 72.047249 45.044994 35.714314
v 71.047356 44.648651 35.205246
v 69.943657 43.901695 34.752914
v 69.131119 43.179043 34.188511
v 69.566330 43.694721 34.586304
v 69.359184 43.973595 34.349541
v 69.182472 43.171604 34.083679
v 69.501175 43.358524 34.250847
v 72.014221 44.974316 35.833408
v 72.224602 45.219013 36.111473
v 69.008766 42.614296 33.865898
v 68.830490 42.525208 33.944096
v 69.958893 43.806858 34.524193
v 69.943657 43.901695 34.752914
v 69.645836 43.632767 34.369907
v 69.566330 43.694721 34.586304
v 69.501175 43.358524 34.250847
v 69.411812 43.361076 34.442131
v 69.084305 43.171490 33.904583
v 68.519173 42.966629 33.812309
v 69.131119 43.179043 34.188511
v 69.182472 43.171604 34.083679
v 68.519173 42.966629 33.812309
v 68.497139 42.968063 33.981884
v 68.010078 42.783493 33.874897
v 68.788353 42.487831 33.695786
v 68.830490 42.525208 33.944096
v 69.084305 43.171490 33.904583
v 69.958893 43.806858 34.524193
v 69.093132 43.178482 34.087189
v 69.411812 43.361076 34.442131
v 68.010078 42.783493 33.874897
v 67.699890 41.920311 33.787304
v 67.558304 41.860123 34.022167
v 67.926086 42.807014 34.229782
v 69.661224 43.687885 34.814548
v 68.445816 42.986496 34.278938
v 67.926086 42.807014 34.229782
v 69.661224 43.687885 34.814548
v 69.943657 43.901695 34.752914
v 69.093132 43.178482 34.087189
v 69.084305 43.171490 33.904583
v 69.009850 44.299316 34.804352
v 68.445816 42.986496 34.278938
v 68.830490 42.525208 33.944096
v 69.645836 43.632767 34.369907
v 69.093132 43.178482 34.087189
v 68.497139 42.968063 33.981884
v 70.347427 41.758995 34.959728
v 70.300652 42.185574 34.458900
v 69.009850 44.299316 34.804352
v 69.359184 43.973595 34.349541
v 70.347427 41.758995 34.959728
v 71.892807 43.035343 35.853825
v 71.899780 43.029858 35.847630
v 72.860985 44.010387 36.185398
v 70.890373 44.946938 35.730370
v 70.890610 44.938713 35.737404
v 69.009850 44.299316 34.804352
v 72.224602 45.219013 36.111473
v 71.899780 43.029858 35.847630
v 72.860985 44.010387 36.185398
v 72.637321 43.924343 35.782856
v 72.554489 43.948238 35.896168
v 72.860985 44.010387 36.185398
v 71.892807 43.035343 35.853825
v 71.770004 43.276199 35.289188
v 71.680069 43.437363 35.532871
v 70.890373 44.946938 35.730370
v 72.047249 45.044994 35.714314
v 72.224602 45.219013 36.111473
v 72.014221 44.974316 35.833408
v 70.890610 44.938713 35.737404
v 72.224602 45.219013 36.111473
v 71.047356 44.648651 35.205246
v 71.116585 44.507530 35.467415
v 70.233444 43.165459 34.307240
v 70.238144 43.290520 34.338581
v 69.278030 42.633705 33.813732
v 69.278030 42.633705 33.813732
v 69.121460 42.667084 33.758801
v 69.036217 42.628239 33.857624
v 69.207977 42.595703 33.931797
v 70.231911 43.298264 34.518909
v 70.238144 43.290520 34.338581
v 70.233444 43.165459 34.307240
v 70.213951 43.159092 34.497616
v 69.121460 42.667084 33.758801
v 69.180061 42.819763 33.802353
v 69.036217 42.628239 33.857624
v 69.121460 42.667084 33.758801
v 69.180061 42.819763 33.802353
v 69.103149 42.794781 33.919621
v 70.231911 43.298264 34.518909
v 70.108490 43.359650 34.485413
v 70.134247 43.353851 34.295715
v 70.238144 43.290520 34.338581
v 70.134247 43.353851 34.295715
v 69.036217 42.628239 33.857624
v 69.103149 42.794781 33.919621
v 70.108490 43.359650 34.485413
v 70.231911 43.298264 34.518909
v 70.213951 43.159092 34.497616
v 69.207977 42.595703 33.931797
v 69.399139 42.596203 33.835670
v 69.560959 42.565147 33.897324
v 70.214310 42.929844 34.235538
v 70.237297 43.064342 34.274067
v 69.560959 42.565147 33.897324
v 69.399139 42.596203 33.835670
v 69.273773 42.562859 33.985390
v 69.480560 42.516853 34.084946
v 70.213882 43.088844 34.491886
v 70.237297 43.064342 34.274067
v 70.214310 42.929844 34.235538
v 70.190010 42.912968 34.453777
v 69.399139 42.596203 33.835670
v 70.237297 43.064342 34.274067
v 70.213882 43.088844 34.491886
v 69.273773 42.562859 33.985390
v 70.190010 42.912968 34.453777
v 69.480560 42.516853 34.084946
v 69.273773 42.562859 33.985390
v 70.213882 43.088844 34.491886
v 69.933304 43.463528 34.202900
v 69.279961 43.098831 33.864681
v 69.216812 42.942474 33.814491
v 70.054970 43.410614 34.252888
v 69.110771 42.872429 33.966457
v 69.216812 42.942474 33.814491
v 69.279961 43.098831 33.864681
v 69.185226 43.077751 34.050640
v 70.050888 43.398411 34.472950
v 69.894676 43.473862 34.419472
v 69.933304 43.463528 34.202900
v 70.054970 43.410614 34.252888
v 70.050888 43.398411 34.472950
v 70.054970 43.410614 34.252888
v 69.216812 42.942474 33.814491
v 69.110771 42.872429 33.966457
v 69.110771 42.872429 33.966457
v 69.185226 43.077751 34.050640
v 69.894676 43.473862 34.419472
v 70.050888 43.398411 34.472950
v 66.601700 41.539455 37.014496
v 66.533333 41.670338 37.006496
v 65.054657 40.987186 37.037643
v 65.312347 40.862564 37.047279
v 66.670929 41.409023 37.022480
v 65.269135 40.579849 37.062557
v 42.307243 27.055347 34.728344
v 39.743946 28.951687 33.539436
v 41.169754 26.457823 38.249542
v 41.017040 29.619785 37.001030
v 65.174202 38.187439 36.049118
v 67.488106 39.403816 35.995022
v 65.509583 38.423920 34.771637
v 62.663548 36.901497 34.858292
v 63.470566 37.292969 36.091248
v 65.106026 38.731831 33.637650
v 61.837502 37.021679 33.808971
v 59.811367 37.765350 33.763840
v 58.726860 37.212898 34.067661
v 58.835407 37.005112 34.089149
v 60.398109 36.695038 34.013542
v 61.266068 37.138241 33.778526
v 61.408901 37.795994 33.448578
v 60.409363 38.068314 33.569164
v 64.461105 39.166943 33.678669
v 65.367691 40.681728 33.612720
v 61.079590 38.428291 33.684914
v 62.273479 38.397701 33.703804
v 62.388618 38.195934 33.430256
v 64.373474 38.980026 33.396248
v 65.475830 38.915970 33.778248
v 64.373474 38.980026 33.396248
v 62.388618 38.195934 33.430256
v 65.864540 39.768711 33.668842
v 66.093903 39.257545 33.834084
v 65.174202 38.187439 36.049118
v 64.894676 38.718307 36.016647
v 67.201393 39.948341 35.961807
v 67.488106 39.403816 35.995022
v 61.266068 37.138241 33.778526
v 62.289646 37.043388 34.847878
v 61.837502 37.021679 33.808971
v 62.663548 36.901497 34.858292
v 63.128918 37.528522 36.065079
v 63.470566 37.292969 36.091248
v 62.194908 36.864418 35.230125
v 62.113678 37.013786 36.090042
v 63.128918 37.528522 36.065079
v 61.256336 37.235981 35.460361
v 62.194908 36.864418 35.230125
v 62.289646 37.043388 34.847878
v 61.266068 37.138241 33.778526
v 58.827499 37.084496 35.455063
v 60.389610 36.780373 35.481827
v 60.398109 36.695038 34.013542
v 58.835407 37.005112 34.089149
v 61.266068 37.138241 33.778526
v 58.718903 37.292786 35.442280
v 58.726860 37.212898 34.067661
v 65.475830 38.915970 33.778248
v 65.106026 38.731831 33.637650
v 66.143402 39.118114 33.923176
v 65.399925 43.369678 35.752457
v 63.084930 42.155373 35.806427
v 61.381279 41.260925 35.848553
v 60.663757 40.699482 34.625996
v 63.533775 42.176353 34.542126
v 60.346836 39.852741 33.635815
v 63.615055 41.563480 33.464458
v 58.616524 37.420815 34.063725
v 59.251690 38.872314 33.880371
v 60.120110 39.314640 33.645409
v 60.758438 39.031357 33.373016
v 63.604927 40.792988 33.579216
v 61.730595 39.428749 33.640743
v 61.643780 39.610531 33.343735
v 63.415771 40.798889 33.285000
v 63.969093 41.777557 33.603226
v 61.643780 39.610531 33.343735
v 63.415771 40.798889 33.285000
v 64.896072 41.608021 33.556343
v 64.597626 42.099274 33.660275
v 65.686630 42.825165 35.785851
v 63.364452 41.624504 35.838898
v 63.084930 42.155373 35.806427
v 65.399925 43.369678 35.752457
v 60.568874 40.311466 34.647991
v 60.120110 39.314640 33.645409
v 60.346836 39.852741 33.635815
v 61.382481 40.845345 35.862209
v 60.663757 40.699482 34.625996
v 61.381279 41.260925 35.848553
v 61.382481 40.845345 35.862209
v 60.382286 40.302036 35.888924
v 60.348797 40.370541 35.015678
v 60.568874 40.311466 34.647991
v 60.348797 40.370541 35.015678
v 60.110374 39.412384 35.327248
v 60.120110 39.314640 33.645409
v 59.251690 38.872314 33.880371
v 59.243191 38.957645 35.348660
v 58.608620 37.500198 35.429638
v 58.616524 37.420815 34.063725
v 60.120110 39.314640 33.645409
v 63.969093 41.777557 33.603226
v 63.615055 41.563480 33.464458
v 64.506592 42.226738 33.733044
v 65.424850 38.962711 33.676517
v 66.265724 39.473377 37.079483
vn -0.0463 0.1348 0.9898
vn -0.1316 0.0343 0.9907
vn -0.0348 0.0192 -0.9992
vn -0.1202 -0.0808 -0.9895
vn 0.0348 -0.0192 0.9992
vn -0.0963 -0.0329 0.9948
vn -0.0963 -0.0328 0.9948
vn 0.0463 -0.1348 -0.9898
vn -0.0848 -0.1479 -0.9854
vn -0.0849 -0.1479 -0.9854
vn -0.0179 0.3714 -0.9283
vn 0.1750 0.0320 -0.9840
vn 0.1624 0.0252 -0.9864
vn -0.0071 0.2415 -0.9704
vn -0.0635 0.4208 -0.9049
vn -0.0627 0.2705 -0.9607
vn -0.0815 0.2823 -0.9559
vn -0.0700 0.2759 -0.9586
vn -0.0998 0.3472 -0.9325
vn -0.1211 0.3100 -0.9430
vn 0.0164 -0.0793 -0.9967
vn -0.0135 -0.1109 -0.9937
vn -0.1334 0.1284 -0.9827
vn -0.1434 -0.0002 -0.9897
vn -0.0238 -0.1408 -0.9898
vn -0.1250 -0.1260 -0.9841
vn 0.0816 -0.4704 -0.8787
vn 0.0218 -0.1374 -0.9903
vn -0.1008 0.3705 -0.9233
vn -0.0759 0.2442 -0.9668
vn 0.0202 -0.0720 -0.9972
vn 0.0241 -0.0996 -0.9947
vn 0.1119 -0.4852 -0.8672
vn 0.1429 -0.5001 -0.8541
vn 0.1594 -0.4895 -0.8573
vn 0.1191 -0.3636 -0.9239
vn 0.0781 -0.2561 -0.9635
vn 0.0371 -0.0416 -0.9984
vn -0.0390 0.1644 -0.9856
vn -0.0388 0.1393 -0.9895
vn 0.0170 0.0869 -0.9961
vn 0.0730 -0.0226 -0.9971
vn 0.0916 -0.0127 -0.9957
vn -0.0284 0.4765 0.8787
vn -0.0181 0.3522 0.9357
vn 0.1510 0.1394 0.9787
vn 0.1637 0.1458 0.9757
vn -0.0737 0.5227 0.8493
vn -0.0736 0.3799 0.9221
vn -0.0923 0.3911 0.9157
vn -0.1103 0.4528 0.8848
vn -0.0809 0.3850 0.9194
vn -0.1317 0.4171 0.8993
vn -0.1446 0.2413 0.9596
vn -0.0251 0.0049 0.9997
vn 0.0049 0.0367 0.9993
vn -0.1548 0.1144 0.9813
vn -0.0353 -0.0252 0.9991
vn -0.1364 -0.0112 0.9906
vn 0.0103 -0.0217 0.9997
vn 0.0712 -0.3654 0.9281
vn -0.0869 0.3545 0.9310
vn -0.1112 0.4749 0.8730
vn 0.0086 0.0441 0.9990
vn 0.1327 -0.3977 0.9079
vn 0.1015 -0.3814 0.9188
vn 0.0125 0.0163 0.9998
vn 0.1492 -0.3868 0.9100
vn 0.1082 -0.2540 0.9611
vn 0.0668 -0.1427 0.9875
vn 0.0256 0.0744 0.9969
vn -0.0503 0.2775 0.9594
vn -0.0501 0.2530 0.9662
vn 0.0615 0.0931 0.9938
vn 0.0056 0.2017 0.9794
vn 0.0801 0.1028 0.9915
vn 0.3419 -0.3119 -0.8865
vn 0.2433 -0.2340 -0.9413
vn 0.3554 -0.3748 -0.8563
vn 0.2351 -0.2951 -0.9261
vn 0.2339 -0.3167 -0.9192
vn 0.2757 -0.3660 -0.8889
vn 0.2353 -0.3040 -0.9232
vn 0.2336 -0.3636 -0.9018
vn 0.0793 -0.2756 -0.9580
vn -0.0489 -0.0438 -0.9978
vn -0.0058 -0.0372 -0.9993
vn -0.0317 -0.2123 -0.9767
vn -0.0794 -0.0351 -0.9962
vn -0.0508 0.0005 -0.9987
vn -0.2962 0.2472 -0.9226
vn 0.2063 -0.2918 -0.9340
vn 0.2938 -0.3790 -0.8775
vn 0.0024 -0.0382 -0.9993
vn -0.2871 0.3166 -0.9041
vn -0.2918 0.2815 -0.9141
vn -0.0182 -0.0192 -0.9997
vn -0.2689 0.3239 -0.9071
vn -0.1849 0.2138 -0.9592
vn -0.1178 0.1159 -0.9863
vn 0.1626 -0.2185 -0.9622
vn 0.1423 -0.2046 -0.9685
vn 0.1312 -0.1299 -0.9828
vn 0.3314 -0.2068 0.9205
vn 0.2322 -0.1233 0.9648
vn 0.3453 -0.2729 0.8980
vn 0.2242 -0.1857 0.9567
vn 0.2231 -0.2080 0.9524
vn 0.2244 -0.1948 0.9548
vn 0.2652 -0.2604 0.9284
vn 0.2229 -0.2565 0.9405
vn -0.0173 0.0788 0.9967
vn -0.0604 0.0721 0.9956
vn 0.0681 -0.1627 0.9843
vn -0.0431 -0.0977 0.9943
vn -0.0909 0.0805 0.9926
vn -0.3067 0.3522 0.8842
vn -0.0623 0.1161 0.9913
vn 0.2834 -0.2746 0.9188
vn 0.1953 -0.1815 0.9638
vn -0.0091 0.0778 0.9969
vn -0.0298 0.0966 0.9949
vn -0.3021 0.3853 0.8720
vn -0.2973 0.4190 0.8579
vn -0.2791 0.4266 0.8603
vn -0.1958 0.3234 0.9258
vn -0.1291 0.2293 0.9648
vn 0.1514 -0.1055 0.9828
vn 0.1310 -0.0909 0.9872
vn 0.1197 -0.0151 0.9927
vn -0.0724 -0.1239 -0.9896
vn 0.1135 -0.0434 -0.9926
vn 0.0537 -0.0898 -0.9945
vn -0.0789 -0.0613 -0.9950
vn 0.1471 0.0147 -0.9890
vn 0.1302 -0.0208 -0.9913
vn -0.1374 -0.1008 -0.9854
vn 0.2295 -0.0354 -0.9727
vn 0.0629 -0.0979 -0.9932
vn 0.2762 0.0702 -0.9585
vn 0.2458 0.0499 -0.9680
vn 0.0430 -0.1363 -0.9897
vn -0.1072 -0.1771 -0.9783
vn 0.2275 -0.0313 -0.9733
vn 0.0804 0.0087 -0.9967
vn 0.1517 -0.0373 -0.9877
vn 0.1310 0.0180 -0.9912
vn -0.0919 -0.0199 -0.9956
vn 0.0036 -0.0159 -0.9999
vn 0.2247 0.0237 -0.9741
vn -0.1501 -0.1821 -0.9718
vn -0.2605 -0.0719 -0.9628
vn -0.2476 -0.1210 -0.9613
vn 0.1069 -0.0330 -0.9937
vn -0.0839 -0.0085 0.9964
vn 0.0422 0.0260 0.9988
vn 0.1021 0.0720 0.9922
vn 0.1187 0.0943 0.9884
vn 0.1356 0.1293 0.9823
vn -0.0904 0.0543 0.9944
vn -0.1488 0.0140 0.9888
vn 0.0513 0.0179 0.9985
vn 0.2185 0.0779 0.9727
vn 0.2347 0.1619 0.9585
vn 0.2652 0.1810 0.9471
vn 0.0315 -0.0207 0.9993
vn -0.1186 -0.0627 0.9910
vn 0.2162 0.0818 0.9729
vn 0.0689 0.1242 0.9899
vn 0.1196 0.1328 0.9839
vn 0.1402 0.0775 0.9871
vn -0.1034 0.0955 0.9900
vn -0.0080 0.1000 0.9950
vn 0.2135 0.1366 0.9673
vn -0.1614 -0.0684 0.9845
vn -0.2717 0.0400 0.9616
vn -0.2587 -0.0090 0.9659
vn 0.0954 0.0824 0.9920
vn 0.2233 -0.1001 -0.9696
vn -0.0677 -0.0124 -0.9976
vn -0.0744 -0.0147 -0.9971
vn 0.2387 -0.0952 -0.9664
vn -0.0200 -0.0090 -0.9998
vn 0.0417 0.0951 -0.9946
vn -0.2595 0.1569 -0.9529
vn -0.0097 -0.0387 -0.9992
vn 0.1865 -0.1551 -0.9701
vn -0.2036 -0.0095 -0.9790
vn 0.0004 -0.0935 -0.9956
vn -0.0302 -0.1352 -0.9904
vn 0.0352 -0.0386 -0.9986
vn -0.2176 0.0123 -0.9760
vn 0.1456 -0.2459 -0.9583
vn 0.1571 -0.2201 -0.9627
vn -0.0515 -0.1402 -0.9888
vn -0.2206 0.1013 -0.9701
vn -0.0285 0.0004 -0.9996
vn 0.2498 -0.2139 -0.9444
vn 0.0191 -0.0398 -0.9990
vn 0.2003 -0.3543 -0.9134
vn -0.1234 0.2254 -0.9664
vn 0.1100 -0.2104 -0.9714
vn -0.1674 0.2112 -0.9630
vn -0.3919 0.0706 -0.9173
vn -0.3531 0.0809 -0.9321
vn 0.1997 -0.3776 -0.9042
vn -0.0859 0.1008 0.9912
vn -0.0792 0.1032 0.9915
vn 0.2121 0.0130 0.9772
vn 0.2274 0.0176 0.9736
vn -0.2704 0.2660 0.9253
vn 0.0303 0.2096 0.9773
vn -0.0316 0.1069 0.9938
vn -0.0213 0.0773 0.9968
vn 0.1752 -0.0416 0.9837
vn -0.0111 0.0225 0.9997
vn -0.2149 0.1039 0.9711
vn -0.0417 -0.0196 0.9989
vn 0.0237 0.0774 0.9967
vn -0.2288 0.1251 0.9654
vn 0.1343 -0.1331 0.9819
vn 0.1458 -0.1070 0.9835
vn -0.0630 -0.0248 0.9977
vn -0.0400 0.1162 0.9924
vn -0.2317 0.2129 0.9492
vn 0.2387 -0.1029 0.9656
vn 0.1895 -0.2460 0.9506
vn 0.0075 0.0762 0.9971
vn -0.1345 0.3358 0.9323
vn -0.1784 0.3212 0.9301
vn 0.0986 -0.0964 0.9904
vn -0.4023 0.1762 0.8984
vn -0.3637 0.1880 0.9123
vn 0.1890 -0.2702 0.9441
vn -0.0042 -0.1481 -0.9890
vn 0.0016 -0.1439 -0.9896
vn 0.0931 0.1472 -0.9847
vn 0.1057 0.1574 -0.9819
vn 0.0315 -0.1069 -0.9938
vn 0.0129 -0.0817 -0.9966
vn 0.0297 -0.3924 -0.9193
vn 0.1518 -0.1141 -0.9818
vn 0.0270 0.1477 -0.9887
vn -0.0740 -0.2555 -0.9640
vn 0.0385 -0.0448 -0.9983
vn -0.0642 -0.2790 -0.9581
vn -0.0266 -0.0422 -0.9988
vn -0.0785 -0.0435 -0.9960
vn -0.0714 0.1662 -0.9835
vn -0.0435 0.1608 -0.9860
vn -0.0948 -0.0581 -0.9938
vn 0.0344 -0.1191 -0.9923
vn 0.0069 -0.3309 -0.9436
vn 0.0133 0.2352 -0.9719
vn -0.1318 0.2763 -0.9520
vn 0.0284 -0.0574 -0.9979
vn 0.1639 -0.3203 -0.9330
vn 0.1271 -0.3481 -0.9288
vn -0.0617 0.1157 -0.9914
vn -0.1180 -0.4494 -0.8855
vn -0.0869 -0.4246 -0.9012
vn -0.1517 0.2898 -0.9450
vn 0.0819 0.2604 0.9620
vn -0.0100 -0.0284 0.9995
vn -0.0157 -0.0325 0.9993
vn 0.0945 0.2701 0.9582
vn 0.0200 0.0090 0.9998
vn 0.1404 0.0005 0.9901
vn 0.0188 -0.2833 0.9589
vn 0.0014 0.0343 0.9994
vn 0.0157 0.2613 0.9651
vn 0.0269 0.0712 0.9971
vn -0.0853 -0.1422 0.9862
vn -0.0755 -0.1662 0.9832
vn -0.0381 0.0737 0.9965
vn -0.0900 0.0721 0.9933
vn -0.0826 0.2790 0.9567
vn -0.0547 0.2739 0.9602
vn -0.1063 0.0574 0.9927
vn -0.0042 -0.2193 0.9756
vn 0.0229 -0.0033 0.9997
vn 0.0022 0.3462 0.9382
vn 0.0168 0.0586 0.9981
vn -0.1426 0.3847 0.9120
vn 0.1529 -0.2100 0.9657
vn -0.0731 0.2298 0.9705
vn 0.1161 -0.2381 0.9643
vn -0.1286 -0.3439 0.9302
vn -0.0976 -0.3174 0.9432
vn -0.1624 0.3972 0.9033
vn -0.0932 -0.0845 -0.9921
vn 0.0066 -0.0004 -1.0000
vn 0.0787 0.0229 -0.9966
vn 0.1066 0.0240 -0.9940
vn 0.1452 0.0182 -0.9892
vn -0.0451 -0.1255 -0.9911
vn -0.1112 -0.1505 -0.9823
vn 0.0051 0.0118 -0.9999
vn 0.1503 0.1157 -0.9818
vn 0.2291 0.0816 -0.9700
vn 0.2626 0.0961 -0.9601
vn -0.0379 0.0174 -0.9991
vn -0.1572 -0.0822 -0.9841
vn 0.1522 0.1117 -0.9820
vn 0.1028 -0.0340 -0.9941
vn 0.1390 0.0029 -0.9903
vn 0.1050 0.0513 -0.9931
vn -0.0184 -0.1594 -0.9870
vn 0.0392 -0.0836 -0.9957
vn 0.1960 0.0784 -0.9775
vn -0.1860 -0.1140 -0.9759
vn -0.1584 -0.2658 -0.9509
vn -0.1915 -0.2274 -0.9548
vn 0.0835 0.0115 -0.9964
vn -0.1047 0.0310 0.9940
vn 0.0671 0.1382 0.9881
vn -0.0049 0.1154 0.9933
vn -0.0566 -0.0098 0.9983
vn 0.1338 0.1327 0.9821
vn 0.0951 0.1391 0.9857
vn -0.1226 -0.0358 0.9918
vn 0.1387 0.2287 0.9636
vn -0.0064 0.1275 0.9918
vn 0.2515 0.2069 0.9455
vn 0.2180 0.1936 0.9566
vn -0.0494 0.1330 0.9899
vn -0.1686 0.0324 0.9852
vn 0.1410 0.2248 0.9642
vn 0.0914 0.0815 0.9925
vn 0.0936 0.1661 0.9817
vn 0.1275 0.1177 0.9848
vn -0.0299 -0.0440 0.9986
vn 0.0277 0.0323 0.9991
vn 0.1847 0.1912 0.9640
vn -0.1973 -0.0003 0.9803
vn -0.1696 -0.1540 0.9734
vn -0.2027 -0.1154 0.9724
vn 0.0720 0.1269 0.9893
vn 0.6977 0.7154 -0.0375
vn 0.5784 0.6163 0.5345
vn 0.6092 0.5812 0.5395
vn 0.7414 0.6702 -0.0347
vn -0.0755 0.2678 0.9605
vn -0.0562 0.2890 0.9557
vn 0.5230 0.6869 0.5046
vn -0.4448 -0.3229 0.8354
vn -0.5467 -0.3177 0.7747
vn -0.5435 -0.3750 0.7510
vn 0.8139 0.4103 0.4113
vn 0.8952 0.4452 -0.0207
vn 0.8437 0.5361 -0.0263
vn 0.7388 0.5107 0.4398
vn -0.8836 -0.3225 0.3395
vn -0.9698 -0.0748 0.2323
vn -0.9941 -0.1088 0.0006
vn -0.9469 -0.3214 0.0132
vn 0.5949 0.0864 0.7992
vn -0.0642 -0.1873 0.9802
vn -0.0249 -0.0636 0.9977
vn -0.3963 -0.5338 0.7470
vn -0.0502 -0.3144 0.9480
vn 0.0194 0.1092 0.9938
vn -0.2448 -0.0043 0.9696
vn -0.8006 -0.3796 0.4635
vn -0.9982 0.0111 0.0587
vn -0.9995 -0.0307 -0.0040
vn -0.8273 0.0534 0.5592
vn 0.7953 0.6054 -0.0306
vn 0.6591 0.5693 0.4914
vn 0.5444 0.6616 0.5156
vn -0.0148 -0.4809 0.8766
vn 0.3088 -0.2344 0.9218
vn -0.0346 -0.2359 0.9712
vn -0.2572 -0.9648 0.0546
vn -0.3071 -0.7983 0.5182
vn -0.3667 -0.9289 0.0519
vn -0.2651 -0.2675 0.9264
vn -0.1013 -0.1655 0.9810
vn 0.0760 -0.1571 0.9846
vn -0.2956 -0.3455 0.8907
vn 0.0602 0.0803 0.9950
vn 0.0331 -0.0843 0.9959
vn -0.2996 -0.3461 0.8891
vn -0.0635 -0.0818 0.9946
vn -0.1272 -0.2182 0.9676
vn -0.2340 -0.0760 0.9693
vn 0.2272 0.2388 0.9441
vn -0.0401 0.2075 0.9774
vn -0.2622 -0.1463 0.9539
vn 0.2237 0.1946 0.9550
vn -0.2188 -0.2985 0.9290
vn 0.2348 0.0576 0.9703
vn -0.1093 -0.4754 0.8730
vn 0.3163 -0.1249 0.9404
vn -0.6883 -0.5456 0.4782
vn -0.5950 -0.6993 0.3961
vn -0.6151 -0.6275 0.4774
vn -0.4468 -0.8033 0.3939
vn -0.3004 -0.8339 0.4631
vn 0.1993 -0.4861 0.8509
vn 0.8029 -0.3199 0.5031
vn 0.3114 -0.1998 0.9290
vn -0.0328 -0.0142 0.9994
vn 0.3687 0.4571 0.8094
vn -0.4432 -0.6480 0.6194
vn -0.0156 0.2228 0.9747
vn -0.2872 0.0161 0.9577
vn 0.6571 0.7527 -0.0399
vn -0.3751 -0.3312 0.8658
vn 0.3093 0.4167 0.8548
vn 0.3031 0.3426 0.8892
vn 0.3243 0.3918 0.8610
vn -0.4626 -0.8852 0.0488
vn -0.3278 -0.9433 0.0529
vn -0.2491 -0.8674 0.4308
vn -0.2765 -0.9595 0.0542
vn -0.3691 -0.6548 0.6596
vn 0.1057 -0.5091 0.8542
vn -0.2598 -0.7044 0.6605
vn -0.3070 -0.7983 0.5182
vn 0.9856 0.0978 0.1381
vn 0.9959 0.0907 0.0005
vn 0.9583 -0.2849 0.0221
vn -0.5584 -0.8284 0.0449
vn -0.2237 -0.9731 0.0553
vn 0.9844 -0.1751 0.0159
vn 0.9831 -0.1723 0.0614
vn -0.3722 -0.8109 0.4515
vn 0.6259 0.7788 -0.0416
vn 0.6099 0.7914 -0.0425
vn 0.6085 0.7934 0.0163
vn 0.4252 0.4552 0.7823
vn 0.5325 0.4407 0.7227
vn 0.6802 0.3861 0.6231
vn -0.9999 0.0082 -0.0063
vn 0.3656 -0.1261 0.9222
vn 0.5948 0.0863 0.7992
vn 0.6158 0.5152 -0.5961
vn 0.5848 0.5507 -0.5956
vn -0.0642 0.1547 -0.9859
vn 0.5292 0.6242 -0.5747
vn -0.0450 0.1763 -0.9833
vn -0.4353 -0.4178 -0.7974
vn -0.5351 -0.4598 -0.7087
vn -0.5379 -0.4057 -0.7389
vn 0.8189 0.3604 -0.4466
vn 0.7442 0.4568 -0.4874
vn -0.8799 -0.3602 -0.3100
vn -0.9671 -0.1018 -0.2333
vn 0.6041 -0.0064 -0.7969
vn -0.0530 -0.2997 -0.9526
vn -0.0134 -0.1787 -0.9838
vn -0.0395 -0.4222 -0.9057
vn -0.3880 -0.6171 -0.6846
vn -0.2336 -0.1167 -0.9653
vn 0.0310 -0.0067 -0.9995
vn -0.9975 0.0036 -0.0711
vn -0.8208 -0.0123 -0.5711
vn 0.6651 0.5090 -0.5464
vn 0.5508 0.5978 -0.5825
vn 0.2134 -0.2993 -0.9300
vn 0.3193 -0.3394 -0.8848
vn -0.0050 -0.5792 -0.8152
vn -0.3016 -0.8531 -0.4257
vn -0.2546 -0.3732 -0.8922
vn 0.0870 -0.2700 -0.9589
vn -0.0904 -0.2783 -0.9562
vn -0.2855 -0.4465 -0.8480
vn -0.2896 -0.4470 -0.8464
vn 0.0445 -0.1994 -0.9789
vn 0.0717 -0.0355 -0.9968
vn -0.0501 -0.1959 -0.9793
vn -0.0670 -0.3418 -0.9374
vn -0.2204 -0.1873 -0.9573
vn -0.0250 0.0933 -0.9953
vn 0.2387 0.1278 -0.9627
vn -0.2448 -0.2576 -0.9347
vn 0.2349 0.0826 -0.9685
vn 0.2455 -0.0552 -0.9678
vn -0.3277 -0.4328 -0.8398
vn 0.3264 -0.2331 -0.9160
vn -0.1015 -0.5729 -0.8133
vn -0.5912 -0.7414 -0.3175
vn -0.5263 -0.7555 -0.3900
vn -0.4426 -0.8439 -0.3032
vn -0.2954 -0.8822 -0.3668
vn 0.2076 -0.5808 -0.7871
vn 0.8084 -0.3755 -0.4533
vn 0.1593 -0.5051 -0.8482
vn -0.0213 -0.1301 -0.9913
vn 0.3789 0.3607 -0.8522
vn -0.4365 -0.7157 -0.5452
vn -0.2762 -0.0952 -0.9564
vn -0.0042 0.1084 -0.9941
vn -0.7457 -0.4057 -0.5285
vn -0.3653 -0.4295 -0.8259
vn 0.3194 0.3151 -0.8937
vn 0.3136 0.2375 -0.9194
vn 0.3345 0.2896 -0.8968
vn -0.2447 -0.9116 -0.3303
vn -0.3619 -0.7270 -0.5835
vn 0.1152 -0.6045 -0.7882
vn -0.2526 -0.7764 -0.5774
vn 0.9872 0.0818 -0.1371
vn 0.9583 -0.2849 0.0220
vn 0.9837 -0.1776 -0.0297
vn 0.6092 0.7866 -0.1011
vn 0.4345 0.3618 -0.8248
vn 0.5411 0.3544 -0.7627
vn 0.6876 0.3117 -0.6557
vn 0.6040 -0.0064 -0.7969
vn 0.3762 -0.2318 -0.8971
vn -0.5913 -0.7413 -0.3175
vn -0.7206 -0.4544 -0.5236
vn -0.3818 0.9226 -0.0558
vn -0.1753 0.9220 0.3452
vn -0.2084 0.9763 -0.0579
vn -0.5234 0.7607 0.3838
vn -0.4390 0.7286 0.5258
vn -0.4534 0.8897 -0.0543
vn 0.0400 -0.8169 0.5753
vn -0.2689 -0.6754 0.6867
vn -0.3245 -0.8698 0.3716
vn 0.0397 -0.9633 0.2655
vn 0.1847 -0.5762 0.7961
vn 0.0422 -0.8685 0.4938
vn 0.1152 -0.6897 0.7149
vn -0.2709 -0.5677 0.7774
vn 0.0914 -0.7492 0.6560
vn 0.3476 -0.8355 0.4255
vn -0.2734 -0.5465 0.7916
vn -0.3800 -0.6124 0.6933
vn -0.4121 -0.6229 0.6650
vn -0.3983 -0.6317 0.6651
vn -0.4196 -0.6867 0.5936
vn -0.1237 0.7066 0.6968
vn -0.0650 0.7893 0.6105
vn -0.1375 0.9216 0.3628
vn -0.3194 0.7738 0.5470
vn 0.7890 -0.6131 0.0402
vn 0.6208 -0.5415 0.5668
vn 0.6315 -0.6902 0.3533
vn 0.3574 0.6859 0.6339
vn 0.3275 0.6774 0.6586
vn 0.2691 0.8103 0.5206
vn 0.0017 0.9370 0.3493
vn 0.3305 -0.5993 0.7292
vn 0.2818 -0.2786 0.9181
vn 0.3266 -0.7193 0.6131
vn -0.2733 -0.5464 0.7916
vn -0.1857 0.5347 0.8244
vn 0.2711 0.5105 0.8160
vn 0.0599 0.5870 0.8074
vn 0.3175 0.5441 0.7766
vn 0.2817 -0.2786 0.9181
vn 0.3105 0.5826 0.7511
vn 0.0294 -0.3321 0.9428
vn -0.0472 0.4411 0.8962
vn -0.1623 0.5624 0.8108
vn 0.0139 0.4624 0.8865
vn 0.0989 -0.4039 0.9094
vn 0.2206 0.5060 0.8339
vn 0.1428 0.0697 0.9873
vn 0.3695 -0.1838 0.9109
vn 0.5406 -0.4332 0.7212
vn -0.1490 -0.6232 0.7678
vn 0.0536 -0.7271 0.6844
vn 0.2707 -0.8773 0.3964
vn 0.1591 -0.8325 0.5308
vn 0.5032 -0.7952 0.3382
vn 0.3503 -0.7823 0.5150
vn 0.6612 -0.6837 0.3088
vn 0.5319 0.6863 0.4961
vn 0.1555 0.7571 0.6345
vn -0.1167 0.7467 0.6549
vn -0.2245 0.7161 0.6609
vn 0.0598 0.5870 0.8073
vn -0.1850 -0.5973 0.7804
vn 0.2818 -0.2786 0.9182
vn 0.3570 -0.9324 0.0563
vn 0.4571 -0.7794 0.4285
vn 0.3842 -0.7333 0.5609
vn -0.4132 -0.8413 0.3485
vn -0.0635 -0.8890 0.4535
vn 0.2287 -0.8338 0.5024
vn 0.2717 -0.8031 0.5302
vn 0.7114 0.7018 -0.0367
vn 0.6400 0.7003 0.3161
vn 0.7444 0.6668 -0.0344
vn 0.3711 -0.9269 0.0560
vn 0.5470 -0.8356 0.0517
vn 0.6861 -0.7261 0.0462
vn 0.3982 -0.9156 0.0555
vn 0.5896 -0.8062 0.0503
vn -0.2251 0.9726 -0.0578
vn -0.3494 0.9353 -0.0564
vn 0.5430 0.6653 0.5124
vn 0.1896 -0.4869 0.8526
vn 0.0933 0.8522 0.5148
vn 0.1041 0.7939 0.5991
vn 0.3331 0.7110 0.6192
vn -0.3831 0.5100 0.7702
vn -0.1858 0.5347 0.8244
vn -0.1834 0.9813 -0.0581
vn -0.3208 -0.9072 -0.2721
vn 0.0421 -0.9875 -0.1516
vn -0.4097 -0.8763 -0.2534
vn -0.1707 0.8757 -0.4516
vn -0.4324 0.6624 -0.6117
vn 0.0461 -0.8781 -0.4763
vn -0.2614 -0.7506 -0.6069
vn 0.1935 -0.6645 -0.7218
vn 0.1230 -0.7678 -0.6288
vn 0.0473 -0.9199 -0.3894
vn -0.2623 -0.6541 -0.7094
vn 0.0984 -0.8201 -0.5637
vn 0.3519 -0.8789 -0.3219
vn -0.3724 -0.6888 -0.6220
vn -0.2646 -0.6347 -0.7261
vn -0.4048 -0.6960 -0.5931
vn -0.4081 -0.7182 -0.5636
vn -0.3910 -0.7047 -0.5920
vn -0.0574 0.7133 -0.6986
vn -0.1327 0.8733 -0.4687
vn 0.1115 0.7192 -0.6858
vn -0.3126 0.7050 -0.6366
vn 0.6351 -0.7261 -0.2636
vn 0.6270 -0.6031 -0.4931
vn 0.3651 0.6081 -0.7049
vn 0.0063 0.8902 -0.4554
vn 0.2756 0.7447 -0.6078
vn 0.3355 0.5968 -0.7289
vn 0.3384 -0.6795 -0.6510
vn 0.3332 -0.7853 -0.5219
vn 0.2922 -0.3830 -0.8764
vn -0.2645 -0.6347 -0.7261
vn -0.1759 0.4354 -0.8829
vn 0.0696 0.4896 -0.8692
vn 0.2808 0.4127 -0.8665
vn 0.2809 0.4128 -0.8665
vn 0.2922 -0.3829 -0.8764
vn 0.3268 0.4507 -0.8307
vn 0.3196 0.4919 -0.8099
vn 0.0400 -0.4391 -0.8975
vn -0.1526 0.4646 -0.8723
vn -0.0366 0.3343 -0.9418
vn 0.0244 0.3566 -0.9339
vn 0.1091 -0.5065 -0.8553
vn 0.2305 0.4061 -0.8843
vn 0.1543 -0.0450 -0.9870
vn 0.3799 -0.2879 -0.8791
vn 0.5486 -0.5135 -0.6599
vn -0.1406 -0.7080 -0.6921
vn 0.0610 -0.8015 -0.5949
vn 0.2746 -0.9171 -0.2889
vn 0.1646 -0.8882 -0.4289
vn 0.5065 -0.8287 -0.2380
vn 0.3557 -0.8365 -0.4168
vn 0.6643 -0.7144 -0.2199
vn 0.5380 0.6246 -0.5661
vn 0.1634 0.6786 -0.7161
vn -0.1086 0.6657 -0.7383
vn -0.2164 0.6346 -0.7419
vn 0.0695 0.4896 -0.8692
vn -0.1763 -0.6838 -0.7080
vn 0.3901 -0.7931 -0.4677
vn 0.4615 -0.8235 -0.3301
vn -0.0589 -0.9356 -0.3482
vn 0.2773 -0.8590 -0.4304
vn 0.2339 -0.8863 -0.3998
vn 0.6441 0.6594 -0.3877
vn 0.5493 0.6018 -0.5797
vn 0.1991 -0.5823 -0.7882
vn 0.1865 0.6907 -0.6987
vn 0.3407 0.6348 -0.6936
vn -0.4351 0.4003 -0.8065
vn -0.3739 0.4171 -0.8284
vn -0.1759 0.4355 -0.8829
vn -0.1152 0.6210 -0.7753
vn 0.5447 -0.8370 0.0518
vn 0.6874 -0.7248 0.0461
vn 0.6412 -0.6287 0.4400
vn 0.3092 -0.8207 0.4805
vn 0.4770 -0.8773 0.0537
vn 0.3235 -0.7196 0.6144
vn -0.6778 0.5464 0.4919
vn -0.7827 0.5987 0.1700
vn -0.9178 0.2570 0.3027
vn -0.7422 0.2236 0.6317
vn -0.4090 0.5513 0.7272
vn -0.5376 0.5501 0.6390
vn -0.7149 0.5694 0.4059
vn -0.6595 0.1701 0.7322
vn -0.5971 0.5583 0.5760
vn -0.5111 0.7954 0.3258
vn -0.7538 0.0976 0.6499
vn -0.6441 0.1576 0.7485
vn -0.7792 0.0744 0.6223
vn -0.8324 0.0972 0.5456
vn -0.7786 0.0906 0.6209
vn 0.5813 -0.4382 0.6856
vn 0.6614 -0.5957 0.4556
vn 0.6815 -0.3029 0.6662
vn 0.4274 -0.6447 0.6338
vn -0.0586 0.9966 -0.0583
vn -0.2270 0.9403 0.2535
vn -0.1216 0.8685 0.4806
vn 0.7347 -0.0306 0.6777
vn 0.7537 -0.4912 0.4366
vn 0.7926 -0.1839 0.5814
vn 0.7095 -0.0481 0.7030
vn -0.3419 0.6776 0.6511
vn -0.4369 0.7308 0.5244
vn -0.1154 0.4757 0.8720
vn -0.6440 0.1576 0.7486
vn 0.2927 -0.3741 0.8800
vn 0.4759 -0.2031 0.8557
vn 0.5324 0.0142 0.8464
vn 0.5325 0.0143 0.8463
vn 0.5884 0.0298 0.8080
vn 0.6173 -0.0000 0.7867
vn -0.3038 0.3006 0.9041
vn 0.3295 -0.3718 0.8679
vn 0.2908 -0.2008 0.9355
vn 0.3435 -0.1635 0.9248
vn -0.3217 0.3949 0.8606
vn 0.4991 -0.0230 0.8662
vn 0.0887 0.1726 0.9810
vn 0.0126 0.4939 0.8694
vn -0.0858 0.7564 0.6484
vn -0.6354 0.3006 0.7113
vn -0.6018 0.5176 0.6082
vn -0.5876 0.7528 0.2967
vn -0.6208 0.6487 0.4402
vn -0.3854 0.8923 0.2350
vn -0.4704 0.7763 0.4197
vn -0.2026 0.9568 0.2084
vn 0.8409 0.0994 0.5320
vn 0.6787 -0.2365 0.6953
vn 0.5147 -0.4525 0.7282
vn 0.4282 -0.5234 0.7367
vn 0.4759 -0.2032 0.8557
vn -0.6352 0.2577 0.7281
vn -0.5669 0.8222 -0.0511
vn -0.4132 0.7810 0.4683
vn -0.4030 0.8542 0.3285
vn -0.9435 0.1658 0.2869
vn -0.7897 0.4901 0.3691
vn -0.5328 0.7248 0.4368
vn -0.5811 0.7040 0.4083
vn 0.9823 0.1874 -0.0052
vn 0.9721 0.2343 -0.0080
vn 0.9228 0.1633 0.3489
vn -0.3793 0.9236 -0.0559
vn -0.5544 0.8306 -0.0515
vn -0.2102 0.9759 -0.0579
vn -0.5297 0.8466 -0.0523
vn -0.3309 0.9419 -0.0567
vn 0.6748 -0.7365 0.0467
vn 0.5735 -0.8176 0.0508
vn 0.8291 0.1219 0.5456
vn -0.3357 0.5106 0.7916
vn 0.7277 -0.3525 0.5884
vn 0.7423 -0.0661 0.6668
vn 0.1633 -0.5280 0.8334
vn 0.4756 -0.4318 0.7664
vn 0.7058 -0.7070 0.0452
vn -0.7803 0.5745 -0.2472
vn -0.9141 0.2196 -0.3410
vn -0.9400 0.1309 -0.3150
vn 0.6458 -0.6750 -0.3568
vn 0.3301 -0.7857 -0.5231
vn -0.6717 0.4853 -0.5597
vn -0.7348 0.1484 -0.6619
vn -0.4002 0.4631 -0.7908
vn -0.7098 0.5181 -0.4773
vn -0.5298 0.4720 -0.7046
vn -0.6509 0.0837 -0.7546
vn -0.5900 0.4874 -0.6437
vn -0.5068 0.7519 -0.4216
vn -0.6353 0.0694 -0.7691
vn -0.7462 0.0211 -0.6654
vn -0.7719 0.0013 -0.6357
vn -0.7713 0.0176 -0.6362
vn -0.7935 0.0139 -0.6084
vn 0.4842 -0.5173 -0.7057
vn 0.5889 -0.5142 -0.6235
vn 0.6662 -0.6441 -0.3759
vn 0.4343 -0.7134 -0.5499
vn -0.1154 0.8069 -0.5794
vn -0.2234 0.9045 -0.3633
vn 0.7424 -0.1085 -0.6611
vn 0.7176 -0.1288 -0.6845
vn 0.7991 -0.2495 -0.5470
vn 0.7583 -0.5380 -0.3681
vn -0.3339 0.5975 -0.7291
vn -0.1051 0.3715 -0.9225
vn -0.4303 0.6648 -0.6106
vn -0.6353 0.0694 -0.7692
vn 0.3027 -0.4733 -0.8273
vn 0.5421 -0.0836 -0.8361
vn 0.4856 -0.3006 -0.8209
vn 0.5422 -0.0835 -0.8361
vn 0.5977 -0.0636 -0.7992
vn -0.1051 0.3714 -0.9225
vn 0.6264 -0.0908 -0.7742
vn -0.2932 0.1936 -0.9363
vn 0.3014 -0.3076 -0.9025
vn 0.3393 -0.4695 -0.8151
vn 0.3540 -0.2693 -0.8956
vn -0.3115 0.2923 -0.9042
vn 0.5091 -0.1229 -0.8519
vn 0.1001 0.0578 -0.9933
vn 0.0230 0.3899 -0.9206
vn -0.0778 0.6762 -0.7326
vn -0.6270 0.2158 -0.7486
vn -0.5944 0.4433 -0.6710
vn -0.5837 0.7129 -0.3887
vn -0.6153 0.5929 -0.5195
vn -0.3820 0.8589 -0.3412
vn -0.4650 0.7221 -0.5122
vn -0.1995 0.9261 -0.3202
vn 0.8471 0.0376 -0.5302
vn 0.6865 -0.3150 -0.6553
vn 0.5228 -0.5335 -0.6649
vn 0.4363 -0.6049 -0.6661
vn 0.4856 -0.3007 -0.8208
vn -0.6266 0.1712 -0.7603
vn -0.1050 0.3714 -0.9225
vn -0.3986 0.8101 -0.4299
vn -0.4073 0.7212 -0.5603
vn -0.7850 0.4435 -0.4325
vn -0.5758 0.6516 -0.4938
vn -0.5272 0.6690 -0.5239
vn 0.9269 0.1224 -0.3548
vn 0.8354 0.0584 -0.5465
vn -0.3262 0.4152 -0.8492
vn 0.7087 -0.3011 -0.6380
vn 0.6890 -0.3775 -0.6187
vn 0.7499 -0.1424 -0.6460
vn 0.1228 -0.6593 -0.7417
vn 0.1725 -0.6208 -0.7647
vn 0.3026 -0.4734 -0.8273
vn 0.9857 0.1686 -0.0041
vn 0.9732 0.2299 -0.0077
vn 0.7962 0.2261 0.5611
vn 0.8078 0.1806 0.5611
vn 0.1290 -0.1206 0.9843
vn 0.8360 0.0926 0.5409
vn 0.1576 -0.1171 0.9805
vn -0.5597 -0.1046 0.8220
vn -0.6543 -0.1647 0.7381
vn -0.6102 -0.1971 0.7673
vn 0.9206 0.3901 -0.0173
vn 0.8748 0.4840 -0.0231
vn 0.7782 0.4781 0.4071
vn 0.8167 0.3627 0.4488
vn -0.7833 -0.5130 0.3511
vn -0.8019 -0.5968 0.0300
vn -0.6533 -0.7560 0.0402
vn -0.6231 -0.7331 0.2726
vn 0.3682 0.5169 0.7728
vn -0.2397 0.1460 0.9598
vn -0.1165 0.1105 0.9870
vn -0.3346 0.2257 0.9149
vn -0.7012 0.0452 0.7115
vn -0.1911 -0.1063 0.9758
vn 0.0508 0.0496 0.9975
vn -0.7895 -0.4008 0.4648
vn -0.5599 -0.8213 0.1096
vn -0.4535 -0.6567 0.6026
vn -0.5919 -0.8049 0.0434
vn 0.9503 0.3111 -0.0126
vn 0.8171 0.2693 0.5097
vn 0.8267 0.1254 0.5485
vn -0.4478 0.3415 0.8264
vn -0.4191 0.1164 0.9004
vn -0.0639 0.4735 0.8785
vn -0.9418 0.3353 -0.0249
vn -0.9742 0.2249 -0.0187
vn -0.8564 0.2451 0.4543
vn -0.4168 0.0207 0.9088
vn -0.1356 0.2447 0.9601
vn -0.2428 0.1033 0.9646
vn -0.4965 0.0360 0.8673
vn -0.4992 0.0329 0.8659
vn -0.1006 0.1696 0.9804
vn 0.0501 0.0995 0.9938
vn -0.1532 0.0887 0.9842
vn -0.3002 0.1103 0.9475
vn -0.2439 -0.0572 0.9681
vn 0.0986 -0.0561 0.9935
vn 0.2777 0.1429 0.9500
vn -0.3169 -0.0423 0.9475
vn 0.2389 0.1659 0.9568
vn -0.5591 0.0319 0.8285
vn 0.1317 0.2533 0.9584
vn -0.4967 0.2604 0.8280
vn 0.0294 0.4199 0.9071
vn -0.9323 -0.0588 0.3570
vn -0.9335 0.1212 0.3375
vn -0.8792 0.2653 0.3958
vn -0.3294 0.5179 0.7895
vn 0.1671 0.8876 0.4292
vn -0.0343 0.4569 0.8889
vn -0.0806 0.0765 0.9938
vn 0.5442 0.1238 0.8298
vn -0.8152 0.0585 0.5762
vn -0.1978 -0.1537 0.9681
vn 0.1253 -0.0448 0.9911
vn 0.9935 0.1139 -0.0009
vn -0.5285 -0.0397 0.8480
vn 0.4750 0.1020 0.8740
vn 0.4088 0.1418 0.9015
vn 0.4627 0.1289 0.8771
vn -0.9640 0.2650 -0.0210
vn -0.9925 0.1212 -0.0128
vn -0.8760 0.3232 0.3580
vn -0.9483 0.3164 -0.0239
vn -0.7808 0.1271 0.6117
vn -0.4015 0.4542 0.7953
vn -0.7596 0.2449 0.6025
vn -0.8565 0.2451 0.4543
vn 0.6324 0.7685 0.0971
vn 0.6394 0.7678 -0.0409
vn 0.3082 0.9498 -0.0534
vn -0.9999 0.0103 -0.0064
vn -0.9296 0.3675 -0.0267
vn 0.4128 0.9108 -0.0048
vn 0.4135 0.9091 -0.0504
vn -0.9004 0.1923 0.3902
vn 0.9973 0.0734 0.0015
vn 0.9965 0.0564 0.0614
vn 0.9986 0.0531 0.0027
vn 0.5760 0.1687 0.7998
vn 0.6280 0.2595 0.7337
vn 0.6718 0.4020 0.6221
vn -0.5600 -0.8273 0.0448
vn 0.3681 0.5168 0.7729
vn 0.0574 0.4594 0.8864
vn 0.8143 0.1149 -0.5689
vn 0.8028 0.1601 -0.5743
vn 0.1403 -0.2338 -0.9621
vn 0.1688 -0.2298 -0.9585
vn 0.8422 0.0298 -0.5383
vn -0.5503 -0.1995 -0.8108
vn -0.6015 -0.2851 -0.7463
vn -0.6458 -0.2495 -0.7216
vn 0.7832 0.4283 -0.4508
vn 0.8221 0.3088 -0.4783
vn -0.7796 -0.5507 -0.2983
vn -0.6204 -0.7601 -0.1930
vn 0.3775 0.4241 -0.8232
vn -0.2285 0.0337 -0.9730
vn -0.1051 -0.0047 -0.9945
vn -0.6929 -0.0380 -0.7200
vn -0.3239 0.1180 -0.9387
vn 0.0623 -0.0662 -0.9959
vn -0.1799 -0.2187 -0.9591
vn -0.5592 -0.8288 -0.0202
vn -0.4469 -0.7224 -0.5277
vn 0.8231 0.2090 -0.5280
vn 0.8331 0.0616 -0.5497
vn -0.0783 0.2546 -0.9639
vn -0.4380 0.2432 -0.8655
vn -0.0535 0.3685 -0.9281
vn -0.8510 0.1902 -0.4895
vn -0.4063 -0.0850 -0.9098
vn -0.2320 -0.0095 -0.9727
vn -0.1244 0.1315 -0.9835
vn -0.4864 -0.0651 -0.8713
vn 0.0616 -0.0163 -0.9980
vn -0.0894 0.0550 -0.9945
vn -0.4891 -0.0680 -0.8696
vn -0.1402 -0.0248 -0.9898
vn -0.2718 0.0473 -0.9612
vn -0.2308 -0.1675 -0.9585
vn 0.2888 0.0326 -0.9568
vn 0.1125 -0.1680 -0.9793
vn -0.3036 -0.1459 -0.9416
vn 0.2498 0.0542 -0.9668
vn -0.4994 -0.1066 -0.8598
vn 0.1425 0.1403 -0.9798
vn -0.4877 0.1604 -0.8582
vn 0.0396 0.3117 -0.9494
vn -0.9288 -0.1002 -0.3567
vn -0.9296 0.0809 -0.3597
vn -0.9000 -0.0459 -0.4334
vn -0.8743 0.2173 -0.4340
vn -0.3201 0.4215 -0.8484
vn 0.1726 0.8320 -0.5272
vn -0.2822 0.3335 -0.8995
vn -0.0691 -0.0392 -0.9968
vn 0.5543 0.0276 -0.8319
vn -0.8085 -0.0092 -0.5884
vn 0.1367 -0.1592 -0.9777
vn -0.1868 -0.2649 -0.9460
vn -0.7795 -0.5507 -0.2983
vn -0.7299 -0.4358 -0.5267
vn -0.5188 -0.1380 -0.8437
vn 0.4852 0.0004 -0.8744
vn 0.4193 0.0367 -0.9071
vn 0.4729 0.0268 -0.8807
vn -0.8716 0.2790 -0.4031
vn -0.7736 0.0548 -0.6313
vn -0.3920 0.3588 -0.8471
vn -0.7525 0.1729 -0.6355
vn 0.6341 0.7525 -0.1781
vn 0.3082 0.9498 -0.0535
vn 0.4133 0.9055 -0.0959
vn 0.9972 0.0496 -0.0560
vn 0.5853 0.0753 -0.8073
vn 0.6366 0.1731 -0.7515
vn 0.6792 0.3277 -0.6567
vn 0.0679 0.3537 -0.9329
vn 0.3774 0.4241 -0.8233
vn -0.7559 -0.3874 -0.5277
vn -0.9288 -0.1003 -0.3567
vn -0.1544 0.1787 -0.9717
vn -0.0766 0.2007 -0.9766
vn -0.0180 0.0190 -0.9997
vn -0.0352 0.0226 -0.9991
vn 0.0053 -0.0583 -0.9983
vn -0.0932 0.1302 -0.9871
vn -0.0928 0.1265 -0.9876
vn 0.0042 -0.0588 -0.9983
vn -0.1089 0.1258 -0.9861
vn -0.0068 -0.0646 -0.9979
vn -0.1415 0.1570 -0.9774
vn -0.0551 0.0436 -0.9975
vn 0.0432 -0.0390 -0.9983
vn 0.0107 -0.1000 -0.9949
vn 0.0598 0.0419 -0.9973
vn 0.1063 -0.0056 -0.9943
vn 0.0262 -0.0385 -0.9989
vn 0.0426 0.1346 -0.9900
vn 0.1150 0.0244 -0.9931
vn 0.0046 -0.0586 -0.9983
vn -0.0895 0.1219 -0.9885
vn 0.0230 -0.0400 -0.9989
vn -0.0499 0.1012 -0.9936
vn 0.6157 -0.7879 0.0057
vn 0.5064 -0.6831 -0.5263
vn 0.6114 -0.7898 0.0494
vn 0.1945 -0.0003 -0.9809
vn -0.0363 -0.2238 -0.9740
vn 0.1012 -0.2768 -0.9556
vn 0.1540 -0.3722 -0.9153
vn 0.3000 -0.4158 -0.8585
vn 0.0156 -0.0365 -0.9992
vn 0.6158 -0.7879 0.0057
vn 0.2561 -0.5403 -0.8016
vn 0.1082 -0.3201 -0.9412
vn 0.0489 -0.1402 -0.9889
vn 0.0558 -0.1002 -0.9934
vn 0.1480 -0.2358 -0.9605
vn 0.1010 -0.2416 -0.9651
vn 0.1038 -0.2445 -0.9641
vn 0.0912 -0.2543 -0.9628
vn 0.0980 -0.2978 -0.9496
vn 0.0548 -0.1651 -0.9848
vn 0.1189 -0.0695 -0.9905
vn -0.0255 -0.0303 -0.9992
vn 0.0991 -0.2364 -0.9666
vn 0.1857 -0.1344 -0.9734
vn 0.1019 -0.1891 -0.9767
vn 0.0245 -0.0554 -0.9982
vn 0.0339 -0.0516 -0.9981
vn -0.3050 0.9506 -0.0570
vn -0.2479 0.7494 -0.6139
vn 0.1601 0.0654 -0.9849
vn -0.1319 0.1284 -0.9829
vn -0.1556 0.0027 -0.9878
vn -0.1941 0.2890 -0.9374
vn -0.1294 0.3963 -0.9089
vn -0.3436 0.5182 -0.7832
vn -0.2479 0.7495 -0.6139
vn 0.1094 -0.0894 -0.9900
vn 0.1804 -0.1632 -0.9700
vn -0.1058 0.1301 -0.9858
vn -0.0201 0.9981 -0.0581
vn -0.1359 0.0658 -0.9885
vn 0.0415 -0.1010 -0.9940
vn 0.2226 -0.2744 -0.9355
vn 0.2358 -0.2609 -0.9361
vn -0.0426 -0.0231 -0.9988
vn -0.1391 0.0611 -0.9884
vn 0.0511 -0.9970 0.0582
vn 0.0504 -0.9885 0.1425
vn -0.0079 0.2294 -0.9733
vn -0.0153 0.2345 -0.9720
vn 0.0138 -0.0315 -0.9994
vn 0.0182 -0.0276 -0.9995
vn -0.0538 0.2195 -0.9741
vn -0.0097 -0.0299 -0.9995
vn 0.0415 -0.2963 -0.9542
vn 0.0734 -0.4365 -0.8967
vn 0.0317 -0.2563 -0.9661
vn 0.1133 -0.5944 -0.7962
vn -0.1655 0.2900 0.9426
vn -0.0467 0.1381 0.9893
vn -0.0295 0.1347 0.9904
vn -0.0878 0.3125 0.9459
vn -0.0063 0.0578 0.9983
vn -0.0073 0.0572 0.9983
vn -0.1041 0.2400 0.9652
vn -0.1046 0.2437 0.9642
vn -0.0184 0.0514 0.9985
vn -0.1202 0.2391 0.9635
vn -0.1527 0.2691 0.9509
vn -0.0666 0.1589 0.9851
vn 0.0306 0.0771 0.9966
vn 0.0938 0.1101 0.9895
vn 0.0480 0.1573 0.9864
vn -0.0011 0.0158 0.9999
vn -0.0069 0.0574 0.9983
vn -0.1008 0.2355 0.9666
vn 0.0313 0.2484 0.9682
vn -0.0613 0.2155 0.9746
vn 0.0114 0.0760 0.9970
vn 0.0146 0.0775 0.9969
vn 0.6152 -0.7829 0.0927
vn 0.1828 0.1146 0.9765
vn 0.0899 -0.1641 0.9823
vn -0.0477 -0.1095 0.9928
vn 0.2898 -0.3134 0.9043
vn 0.1433 -0.2636 0.9539
vn 0.0041 0.0795 0.9968
vn 0.6153 -0.7829 0.0927
vn 0.4817 -0.5918 0.6463
vn 0.2465 -0.4436 0.8617
vn 0.0972 -0.2088 0.9731
vn 0.1367 -0.1229 0.9830
vn 0.0443 0.0156 0.9989
vn 0.0374 -0.0247 0.9990
vn 0.0925 -0.1307 0.9871
vn 0.0897 -0.1281 0.9877
vn 0.0799 -0.1410 0.9868
vn 0.0868 -0.1857 0.9788
vn 0.0433 -0.0498 0.9978
vn -0.0379 0.0857 0.9956
vn 0.1066 0.0453 0.9933
vn 0.0219 0.0646 0.9977
vn 0.1742 -0.0210 0.9845
vn 0.1235 0.1005 0.9872
vn 0.0878 -0.1227 0.9886
vn 0.0129 0.0606 0.9981
vn 0.0905 -0.0746 0.9931
vn 0.1488 0.1788 0.9726
vn -0.1670 0.1170 0.9790
vn -0.1431 0.2413 0.9598
vn -0.2047 0.3956 0.8953
vn -0.3522 0.6052 0.7139
vn -0.1395 0.4989 0.8554
vn -0.2458 0.7899 0.5618
vn 0.1690 -0.0496 0.9844
vn 0.0979 0.0259 0.9949
vn -0.1170 0.2433 0.9629
vn -0.1472 0.1798 0.9726
vn 0.0299 0.0149 0.9994
vn 0.2116 -0.1641 0.9635
vn 0.2248 -0.1505 0.9627
vn -0.0542 0.0928 0.9942
vn -0.1505 0.1750 0.9730
vn 0.0514 -0.9983 -0.0264
vn -0.0190 0.3406 0.9400
vn 0.0066 0.0883 0.9961
vn 0.0022 0.0845 0.9964
vn -0.0263 0.3455 0.9380
vn -0.0212 0.0861 0.9961
vn -0.0649 0.3308 0.9415
vn 0.0628 -0.3296 0.9420
vn 0.0303 -0.1837 0.9825
vn 0.0204 -0.1427 0.9896
vn 0.1037 -0.4980 0.8609
vn 0.0852 -0.9947 0.0583
vn 0.1943 -0.9792 0.0580
vn -0.7723 0.6339 -0.0413
vn -0.6978 0.7149 -0.0456
vn -0.0094 -0.9983 0.0580
vn 0.0167 -0.9982 0.0581
vn -0.8289 0.5581 -0.0372
vn -0.8141 0.5794 -0.0384
vn 0.1353 -0.0134 -0.9907
vn 0.1035 0.1393 0.9848
vn 0.0959 -0.2607 -0.9606
vn -0.0036 -0.0629 -0.9980
vn 0.0015 -0.0603 -0.9982
vn 0.0953 -0.2372 -0.9668
vn 0.1113 -0.3125 -0.9434
vn -0.0070 -0.0647 -0.9979
vn 0.1049 -0.3903 -0.9147
vn -0.0520 -0.0882 -0.9947
vn -0.0964 -0.1113 -0.9891
vn 0.0828 -0.4296 -0.8992
vn -0.0937 -0.1099 -0.9895
vn 0.0924 -0.2655 -0.9597
vn 0.0988 -0.3189 -0.9426
vn 0.0954 -0.3947 -0.9139
vn 0.0835 -0.4274 -0.9002
vn 0.0919 -0.2651 -0.9598
vn 0.0956 -0.3161 -0.9439
vn 0.0940 -0.3910 -0.9156
vn 0.0834 -0.4251 -0.9013
vn 0.0828 -0.4240 -0.9019
vn 0.0828 -0.4217 -0.9029
vn -0.0919 -0.1090 -0.9898
vn -0.0926 -0.1093 -0.9897
vn -0.0918 -0.1090 -0.9898
vn -0.1116 0.1334 -0.9847
vn -0.0923 0.1191 -0.9886
vn -0.1463 0.1768 -0.9733
vn -0.2152 0.2180 -0.9519
vn -0.0964 -0.1112 -0.9891
vn -0.0938 -0.1099 -0.9895
vn -0.2611 0.2234 -0.9391
vn -0.1177 0.1333 -0.9841
vn -0.1587 0.1702 -0.9725
vn -0.2244 0.2127 -0.9510
vn -0.2588 0.2226 -0.9399
vn -0.1581 0.1659 -0.9734
vn -0.1175 0.1327 -0.9842
vn -0.2220 0.2093 -0.9523
vn -0.2569 0.2211 -0.9408
vn -0.2563 0.2200 -0.9412
vn -0.2547 0.2188 -0.9419
vn -0.0919 -0.1089 -0.9898
vn 0.0846 -0.1476 0.9854
vn 0.0840 -0.1235 0.9888
vn -0.0101 0.0557 0.9984
vn -0.0151 0.0531 0.9985
vn 0.1002 -0.2011 0.9744
vn -0.0185 0.0513 0.9985
vn 0.0943 -0.2815 0.9549
vn -0.0636 0.0275 0.9976
vn -0.1078 0.0040 0.9942
vn -0.1053 0.0054 0.9944
vn 0.0721 -0.3225 0.9438
vn 0.0811 -0.1525 0.9850
vn 0.0877 -0.2075 0.9743
vn 0.0846 -0.2861 0.9545
vn 0.0728 -0.3201 0.9446
vn 0.0845 -0.2045 0.9752
vn 0.0807 -0.1520 0.9851
vn 0.0832 -0.2822 0.9557
vn 0.0729 -0.3180 0.9453
vn 0.0721 -0.3165 0.9458
vn 0.0720 -0.3147 0.9465
vn -0.1041 0.0060 0.9945
vn -0.1034 0.0064 0.9946
vn -0.1033 0.0064 0.9946
vn -0.1229 0.2465 0.9613
vn -0.1036 0.2328 0.9670
vn -0.1574 0.2883 0.9445
vn -0.2261 0.3266 0.9177
vn -0.1079 0.0041 0.9942
vn -0.2718 0.3306 0.9038
vn -0.1289 0.2464 0.9606
vn -0.1698 0.2816 0.9444
vn -0.2352 0.3213 0.9173
vn -0.2693 0.3297 0.9049
vn -0.1288 0.2457 0.9607
vn -0.1692 0.2774 0.9457
vn -0.2329 0.3181 0.9190
vn -0.2676 0.3284 0.9058
vn -0.2668 0.3273 0.9065
vn -0.2654 0.3262 0.9073
vn -0.1034 0.0065 0.9946
vn 0.4652 -0.8835 0.0540
vn 0.4111 -0.8034 -0.4307
vn 0.4103 -0.8043 -0.4299
vn 0.4639 -0.8842 0.0541
vn 0.2898 -0.5875 -0.7555
vn 0.2874 -0.5886 -0.7556
vn 0.0058 -0.0580 -0.9983
vn -0.2178 -0.1734 -0.9605
vn 0.4130 -0.8064 -0.4232
vn 0.0779 -0.9484 -0.3072
vn 0.1446 -0.9878 0.0582
vn 0.5592 -0.5532 -0.6175
vn 0.3899 -0.6193 -0.6815
vn 0.3498 -0.7694 -0.5344
vn 0.3631 0.1348 -0.9220
vn 0.4605 -0.0920 -0.8829
vn 0.5953 0.1138 -0.7954
vn 0.5496 0.2404 -0.8001
vn 0.0784 -0.0197 -0.9967
vn 0.2380 -0.4373 -0.8672
vn 0.2590 -0.6245 -0.7368
vn -0.4274 -0.2777 -0.8604
vn -0.4271 -0.2781 -0.8603
vn 0.1567 -0.4090 -0.8990
vn 0.1074 -0.9139 -0.3916
vn 0.1530 -0.9865 0.0582
vn 0.4725 -0.8278 -0.3024
vn 0.4357 -0.8984 0.0547
vn 0.5000 -0.3546 -0.7901
vn 0.4099 -0.1059 -0.9060
vn 0.4726 -0.8278 -0.3024
vn 0.4099 -0.1058 -0.9060
vn 0.3296 0.1163 -0.9369
vn 0.8175 0.4054 -0.4090
vn 0.8584 0.4160 -0.3001
vn 0.3295 0.1162 -0.9370
vn 0.8852 0.4647 -0.0219
vn -0.4268 -0.2787 -0.8603
vn -0.2176 -0.1740 -0.9604
vn 0.1343 -0.3003 -0.9443
vn 0.1344 -0.3004 -0.9443
vn -0.4652 0.8835 -0.0540
vn -0.4665 0.8829 -0.0540
vn -0.4069 0.7477 -0.5248
vn -0.4056 0.7478 -0.5256
vn -0.2807 0.4958 -0.8218
vn -0.2829 0.4945 -0.8219
vn -0.4074 0.7518 -0.5185
vn -0.7330 0.6789 -0.0437
vn -0.7201 0.5670 -0.3999
vn -0.1066 0.7112 -0.6949
vn -0.4073 0.6684 -0.6224
vn -0.2537 0.6031 -0.7563
vn 0.4712 0.3495 -0.8098
vn 0.2300 0.3459 -0.9096
vn -0.1809 0.3583 -0.9159
vn -0.3295 0.4931 -0.8052
vn -0.4276 -0.2773 -0.8604
vn -0.2022 0.2725 -0.9407
vn -0.7271 0.6851 -0.0440
vn -0.6707 0.5639 -0.4819
vn -0.4942 0.8677 -0.0533
vn -0.3973 0.8242 -0.4035
vn 0.0318 0.5346 -0.8445
vn -0.3973 0.8243 -0.4034
vn 0.1910 0.3099 -0.9314
vn 0.1910 0.3098 -0.9314
vn 0.8439 0.4436 -0.3018
vn -0.2181 -0.1729 -0.9605
vn -0.4279 -0.2766 -0.8604
vn -0.1232 0.1888 -0.9742
vn -0.1232 0.1889 -0.9742
vn 0.4048 -0.7488 0.5249
vn 0.4056 -0.7478 0.5256
vn 0.2807 -0.4958 0.8218
vn 0.2782 -0.4969 0.8220
vn -0.0058 0.0580 0.9983
vn -0.2290 -0.0612 0.9715
vn -0.2290 -0.0611 0.9715
vn 0.4076 -0.7516 0.5186
vn 0.0737 -0.9064 0.4159
vn 0.5516 -0.4775 0.6839
vn 0.3431 -0.7021 0.6240
vn 0.3816 -0.5359 0.7531
vn 0.3113 0.2204 0.9244
vn 0.5405 0.3319 0.7731
vn 0.5861 0.2056 0.7837
vn 0.4301 -0.0159 0.9027
vn 0.0357 0.0797 0.9962
vn 0.2274 -0.3424 0.9116
vn 0.1518 -0.2967 0.9428
vn 0.2501 -0.5348 0.8071
vn -0.4375 -0.1764 0.8818
vn -0.4372 -0.1769 0.8818
vn 0.1023 -0.8623 0.4960
vn 0.4684 -0.7869 0.4017
vn 0.4906 -0.2603 0.8316
vn 0.4685 -0.7869 0.4017
vn 0.3994 0.0001 0.9168
vn 0.3993 0.0001 0.9168
vn 0.8552 0.4485 0.2598
vn 0.8130 0.4506 0.3687
vn 0.3189 0.2242 0.9209
vn 0.3188 0.2242 0.9209
vn -0.2288 -0.0617 0.9715
vn -0.4369 -0.1774 0.8818
vn 0.1232 -0.1888 0.9742
vn 0.1233 -0.1889 0.9742
vn -0.4111 0.8034 0.4307
vn -0.4124 0.8032 0.4299
vn -0.2898 0.5875 0.7555
vn -0.2920 0.5861 0.7557
vn -0.4128 0.8065 0.4232
vn -0.7243 0.6090 0.3232
vn -0.1141 0.7868 0.6065
vn -0.2620 0.6864 0.6784
vn -0.4140 0.7357 0.5360
vn 0.1855 0.4487 0.8742
vn 0.4620 0.4413 0.7693
vn -0.1984 0.4662 0.8621
vn -0.1629 0.3700 0.9146
vn -0.3384 0.5829 0.7388
vn -0.4377 -0.1760 0.8817
vn -0.6758 0.6154 0.4056
vn -0.8301 0.4299 0.3552
vn -0.4014 0.8651 0.3007
vn 0.0224 0.6289 0.7772
vn 0.1804 0.4158 0.8914
vn -0.4014 0.8652 0.3006
vn 0.1805 0.4158 0.8914
vn -0.6758 0.6155 0.4056
vn 0.8407 0.4761 0.2581
vn -0.4380 -0.1753 0.8817
vn -0.2293 -0.0607 0.9715
vn -0.1343 0.3003 0.9443
vn -0.1343 0.3004 0.9443
vn -0.0695 -0.4227 -0.9036
vn -0.0559 -0.0902 -0.9944
vn 0.0627 -0.5887 -0.8059
vn -0.0827 -0.4804 -0.8732
vn -0.2135 -0.1712 -0.9618
vn -0.2935 -0.2116 -0.9322
vn -0.0460 -0.3984 -0.9161
vn 0.0903 -0.5914 -0.8013
vn 0.2376 -0.7805 -0.5782
vn 0.2091 -0.7784 -0.5919
vn 0.2334 -0.7890 -0.5684
vn 0.3617 -0.5089 -0.7811
vn 0.0280 -0.7130 -0.7006
vn -0.0741 -0.4660 -0.8817
vn -0.0104 -0.5035 -0.8639
vn -0.0261 -0.6376 -0.7699
vn -0.1823 -0.7157 -0.6742
vn -0.3933 0.6989 -0.5973
vn -0.0715 0.9211 -0.3826
vn -0.1599 0.9042 -0.3960
vn -0.4334 0.8433 -0.3177
vn -0.0596 0.3429 -0.9375
vn -0.0396 0.3157 -0.9480
vn -0.0842 -0.0578 -0.9948
vn -0.0635 0.3482 -0.9353
vn -0.1166 0.4103 -0.9045
vn -0.1291 0.3792 -0.9163
vn -0.3354 0.5355 -0.7751
vn -0.3721 0.5360 -0.7578
vn -0.2749 -0.8375 -0.4723
vn 0.0205 -0.0503 -0.9985
vn 0.0363 -0.3685 -0.9289
vn 0.0940 -0.3782 -0.9209
vn 0.1643 -0.3732 -0.9131
vn 0.6930 -0.3425 -0.6344
vn -0.0381 -0.1795 -0.9830
vn -0.0133 -0.2469 -0.9689
vn -0.0315 -0.2404 -0.9702
vn 0.0548 -0.8586 -0.5097
vn -0.0513 -0.7877 -0.6139
vn -0.0558 -0.6921 -0.7197
vn -0.2466 -0.1880 -0.9507
vn -0.0842 -0.0579 -0.9948
vn 0.1858 0.0378 -0.9819
vn 0.8417 -0.3182 -0.4362
vn 0.3818 -0.7996 -0.4635
vn 0.3906 -0.7956 -0.4630
vn 0.3770 -0.8038 -0.4602
vn -0.3488 0.5649 -0.7478
vn 0.0907 -0.5787 -0.8105
vn 0.1851 -0.7489 -0.6363
vn 0.2066 -0.7693 -0.6045
vn -0.2584 -0.7736 0.5786
vn -0.2835 -0.4234 0.8605
vn -0.3543 -0.7641 0.5392
vn 0.8107 -0.5604 0.1693
vn 0.8250 -0.5522 0.1205
vn 0.8159 -0.5578 0.1525
vn 0.6189 -0.7830 -0.0623
vn 0.8306 -0.5481 0.0989
vn 0.6685 -0.3106 -0.6757
vn 0.5210 -0.6711 -0.5274
vn 0.5053 -0.6307 -0.5890
vn 0.1552 -0.9172 -0.3670
vn 0.3011 -0.7702 -0.5622
vn 0.2593 -0.8573 -0.4448
vn 0.2517 -0.8123 -0.5261
vn 0.2548 -0.8888 -0.3810
vn 0.1115 -0.7352 -0.6687
vn 0.1418 -0.7825 -0.6063
vn 0.0982 -0.7861 -0.6102
vn 0.1675 -0.7840 -0.5978
vn 0.1508 -0.9740 -0.1693
vn 0.3327 -0.8170 -0.4711
vn 0.3206 -0.8488 -0.4205
vn 0.3661 -0.7215 -0.5877
vn 0.2813 -0.7834 -0.5542
vn -0.1939 0.0551 -0.9795
vn 0.0902 0.0269 -0.9956
vn 0.4381 -0.5800 -0.6868
vn 0.5713 -0.4215 -0.7043
vn -0.0068 -0.9397 0.3418
vn -0.0121 -0.3921 0.9199
vn -0.1515 -0.8274 0.5408
vn 0.4033 -0.4240 -0.8109
vn 0.0902 0.0270 -0.9956
vn 0.4470 -0.3768 -0.8113
vn 0.8170 -0.3631 -0.4479
vn 0.0070 -0.7537 -0.6571
vn 0.1246 -0.7857 -0.6060
vn 0.1513 -0.8002 -0.5803
vn -0.0501 -0.6705 0.7402
vn -0.0729 -0.8325 0.5492
vn -0.0701 -0.7613 0.6446
vn -0.0382 -0.6128 0.7893
vn 0.2646 -0.1121 0.9578
vn 0.2582 0.0467 0.9650
vn -0.2333 -0.2172 0.9478
vn -0.1458 -0.2947 0.9444
vn 0.5984 0.3949 0.6971
vn 0.2635 0.7191 0.6430
vn 0.4622 0.1887 0.8665
vn -0.4189 -0.3985 0.8159
vn -0.4262 -0.2774 0.8611
vn -0.1191 -0.4810 0.8686
vn -0.1356 -0.3081 0.9416
vn 0.1951 -0.7729 -0.6038
vn -0.4491 -0.1830 0.8746
vn -0.1692 -0.0557 0.9840
vn -0.2804 -0.0922 0.9554
vn 0.2609 -0.6796 0.6856
vn 0.1528 -0.3057 0.9398
vn 0.0439 -0.7298 0.6822
vn 0.4200 -0.7021 0.5751
vn 0.3479 -0.2803 0.8947
vn 0.0533 0.0893 0.9946
vn -0.1346 -0.4528 0.8814
vn 0.2300 -0.8291 -0.5096
vn 0.3016 -0.7690 -0.5637
vn 0.2089 -0.7020 -0.6808
vn 0.2301 -0.8291 -0.5095
vn 0.1782 -0.9229 -0.3413
vn 0.2019 -0.8360 -0.5102
vn 0.1909 -0.3247 0.9263
vn 0.1956 0.1401 0.9706
vn 0.3376 -0.8034 -0.4904
vn 0.2423 -0.9022 -0.3567
vn 0.2015 -0.8842 -0.4214
vn 0.1197 -0.9421 -0.3131
vn 0.4147 -0.9099 0.0107
vn -0.0158 -0.4982 0.8669
vn 0.1260 -0.7306 -0.6711
vn 0.0408 -0.9215 -0.3862
vn -0.0068 -0.9398 0.3418
vn 0.3322 -0.6907 0.6423
vn 0.1681 0.4089 0.8969
vn 0.6188 -0.7830 -0.0623
vn 0.1249 -0.6049 0.7864
vn -0.2284 -0.4705 0.8523
vn -0.0849 0.0162 0.9963
vn -0.2035 -0.0473 0.9779
vn -0.0785 0.0042 0.9969
vn -0.1515 -0.8274 0.5407
vn 0.8430 -0.5290 0.0976
vn 0.8315 -0.5554 0.0093
vn -0.1515 -0.8275 0.5407
vn -0.1459 -0.8766 0.4586
vn 0.2238 -0.7955 -0.5631
vn 0.2388 -0.8613 -0.4484
vn 0.2484 -0.9025 -0.3519
vn 0.1956 0.1491 0.9693
vn -0.0563 0.9983 0.0157
vn -0.4705 0.7880 0.3970
vn -0.6364 0.6998 0.3245
vn -0.5298 0.8471 0.0415
vn -0.4640 0.8831 0.0695
vn -0.5251 0.7586 0.3858
vn -0.5476 0.8087 0.2145
vn -0.2641 0.9521 0.1541
vn -0.1852 0.8748 0.4478
vn 0.1900 0.9431 0.2727
vn 0.0346 0.9905 0.1329
vn -0.0400 0.9983 0.0426
vn -0.2724 0.9618 0.0265
vn 0.1682 0.4089 0.8969
vn -0.3920 0.8949 0.2133
vn -0.3398 0.8517 0.3990
vn 0.6685 -0.3105 -0.6757
vn 0.3787 -0.7994 -0.4664
vn 0.8951 -0.2620 0.3608
vn 0.5864 -0.6227 0.5180
vn 0.7256 -0.5004 0.4723
vn 0.8951 -0.2620 0.3609
vn 0.3419 -0.7402 0.5789
vn 0.3419 -0.7399 0.5793
vn -0.3917 -0.1507 0.9077
vn -0.3502 -0.2398 -0.9055
vn 0.0884 -0.8284 -0.5531
vn 0.2482 -0.8674 -0.4312
vn 0.3609 -0.9322 -0.0263
vn 0.4604 -0.8673 0.1892
vn 0.3240 -0.9252 -0.1976
vn 0.2146 -0.8243 -0.5239
vn 0.2016 -0.8842 -0.4215
vn 0.3053 -0.7555 -0.5797
vn 0.3225 -0.8125 -0.4857
vn 0.2969 -0.7599 -0.5783
vn 0.1464 -0.8033 -0.5773
vn 0.2652 -0.7601 -0.5932
vn 0.3501 -0.9211 -0.1702
vn 0.2455 -0.9541 -0.1716
vn 0.1953 -0.9679 -0.1580
vn 0.3034 -0.7778 -0.5505
vn 0.3515 -0.9259 -0.1385
vn 0.1132 -0.9787 -0.1714
vn 0.3425 -0.8777 -0.3353
vn 0.2586 -0.9656 -0.0271
vn 0.2433 -0.8004 -0.5479
vn 0.3687 -0.8991 -0.2359
vn 0.1288 -0.7551 -0.6429
vn -0.0553 -0.7878 -0.6134
vn 0.0408 -0.9215 -0.3863
vn -0.0467 -0.7893 -0.6122
vn 0.2893 -0.8171 -0.4986
vn 0.1508 -0.9739 -0.1693
vn -0.0749 -0.8994 0.4308
vn 0.7203 -0.4589 -0.5202
vn 0.6268 -0.6134 -0.4805
vn 0.1119 -0.8171 -0.5656
vn -0.2725 0.9618 0.0265
vn -0.2540 0.9654 -0.0597
vn 0.7113 -0.3215 -0.6251
vn -0.4640 0.8831 0.0694
vn -0.5297 0.8472 0.0414
vn -0.4293 0.8782 -0.2108
vn -0.4342 0.8786 -0.1987
vn -0.0563 0.9983 0.0156
vn -0.3474 0.9265 -0.1445
vn -0.2641 0.9521 0.1540
vn -0.0778 0.9915 -0.1042
vn 0.0345 0.9905 0.1328
vn 0.3409 -0.7144 0.6111
vn 0.5891 -0.0822 -0.8038
vn 0.5892 -0.0822 -0.8038
vn -0.1585 0.9507 -0.2664
vn 0.2164 0.9102 -0.3531
vn 0.1513 0.9840 -0.0947
vn -0.0401 0.9983 0.0426
vn -0.3900 0.8786 0.2758
vn -0.4334 0.8434 -0.3177
vn -0.3631 0.9275 0.0891
vn -0.0517 -0.9449 0.3232
vn 0.5385 -0.8285 -0.1534
vn 0.6188 -0.7830 -0.0624
vn -0.3631 0.9275 0.0890
vn -0.3654 0.9182 -0.1531
vn -0.1586 0.9507 -0.2663
vn -0.5478 0.7620 -0.3454
vn -0.5632 0.7519 -0.3428
vn -0.1531 0.9190 -0.3632
vn -0.1202 0.9246 -0.3615
vn -0.3721 0.5361 -0.7578
vn 0.8417 -0.3182 -0.4361
vn 0.9479 -0.3069 -0.0851
vn 0.8171 -0.3631 -0.4478
vn 0.9504 -0.2806 0.1340
vn -0.0174 -0.1337 -0.9909
vn -0.0418 -0.0695 -0.9967
vn -0.4766 -0.3015 -0.8258
vn -0.4793 -0.3424 -0.8081
vn -0.3383 -0.9370 0.0870
vn -0.3384 -0.9370 0.0871
vn -0.8821 -0.4701 0.0298
vn -0.8852 -0.4646 0.0249
vn 0.0018 0.0450 0.9990
vn -0.0054 0.0582 0.9983
vn -0.0174 0.0591 0.9981
vn -0.3372 -0.9409 0.0313
vn -0.3373 -0.9409 0.0313
vn -0.8821 -0.4700 0.0298
vn -0.8852 -0.4645 0.0249
vn -0.7810 -0.3810 0.4949
vn -0.7798 -0.3833 0.4950
vn -0.2540 0.9654 -0.0596
vn 0.1513 0.9839 -0.0946
vn 0.2990 0.9527 -0.0536
vn -0.2541 0.9653 -0.0596
vn -0.3655 0.9182 -0.1530
vn -0.5476 0.8088 0.2145
vn -0.3920 0.8949 0.2132
vn -0.3415 0.0939 -0.9352
vn -0.4079 0.3050 -0.8606
vn -0.3979 0.1183 -0.9098
vn -0.3076 0.0983 -0.9464
vn -0.3946 0.3297 -0.8577
vn -0.4916 0.5523 -0.6733
vn -0.4778 0.5783 -0.6613
vn -0.4876 0.5804 -0.6522
vn -0.1739 0.5084 -0.8434
vn -0.5351 0.3563 -0.7660
vn -0.3808 0.1165 -0.9173
vn -0.5204 0.1538 -0.8400
vn -0.5003 0.2629 -0.8250
vn -0.3764 0.1916 -0.9065
vn 0.3815 -0.7727 -0.5073
vn 0.4635 -0.8600 -0.2135
vn 0.6726 -0.6768 -0.2993
vn 0.7359 -0.6124 -0.2888
vn 0.2953 -0.3310 -0.8962
vn 0.2972 -0.3370 -0.8934
vn -0.0453 -0.1318 -0.9902
vn 0.2847 -0.3002 -0.9104
vn 0.2846 -0.4065 -0.8682
vn 0.3167 -0.4125 -0.8542
vn 0.2889 -0.6503 -0.7026
vn 0.2677 -0.6791 -0.6835
vn -0.5486 0.1174 -0.8278
vn -0.0452 -0.1318 -0.9902
vn -0.2357 0.1480 -0.9605
vn 0.1433 0.7014 -0.6983
vn -0.1678 0.2573 -0.9516
vn -0.2113 0.2016 -0.9564
vn -0.1197 -0.0244 -0.9925
vn -0.1618 0.0351 -0.9862
vn -0.1667 0.0164 -0.9859
vn -0.6458 0.3413 -0.6829
vn -0.6491 0.4783 -0.5914
vn -0.5644 0.2739 -0.7788
vn 0.2377 0.8289 -0.5063
vn -0.4176 0.7184 -0.5564
vn -0.4238 0.7171 -0.5533
vn -0.4093 0.7235 -0.5559
vn 0.3042 -0.6753 -0.6719
vn 0.3042 -0.6753 -0.6720
vn -0.4849 0.5439 -0.6848
vn -0.4787 0.5118 -0.7134
vn -0.3835 0.3220 -0.8656
vn -0.7395 0.2706 0.6163
vn -0.6216 0.1028 0.7766
vn -0.5521 0.0868 0.8293
vn -0.0035 0.9984 0.0573
vn 0.0079 0.9996 0.0256
vn -0.0095 0.9972 0.0740
vn -0.2896 0.9423 -0.1678
vn 0.0155 0.9999 0.0042
vn 0.1578 0.6594 -0.7351
vn -0.2023 0.7131 -0.6712
vn -0.2297 0.7547 -0.6146
vn -0.6475 0.6074 -0.4603
vn -0.5354 0.6519 -0.5371
vn -0.4342 0.6262 -0.6476
vn -0.4986 0.6126 -0.6133
vn -0.5670 0.6720 -0.4764
vn -0.5075 0.4405 -0.7406
vn -0.5194 0.5207 -0.6775
vn -0.5599 0.4636 -0.6867
vn -0.5323 0.4979 -0.6846
vn -0.7066 0.6545 -0.2689
vn -0.4592 0.6871 -0.5630
vn -0.4948 0.6998 -0.5152
vn -0.4567 0.6181 -0.6398
vn -0.3560 0.6499 -0.6715
vn 0.1233 -0.0360 -0.9917
vn -0.0154 -0.2839 -0.9587
vn 0.0129 0.6389 -0.7692
vn -0.1938 0.6201 -0.7602
vn -0.7936 0.5545 0.2505
vn -0.7933 0.3916 0.4662
vn -0.3754 0.2979 0.8777
vn -0.0791 0.4921 -0.8669
vn 0.1234 -0.0360 -0.9917
vn 0.1873 0.8328 -0.5210
vn -0.0155 0.5014 -0.8651
vn -0.5827 0.3661 -0.7256
vn -0.5428 0.5181 -0.6610
vn -0.5447 0.4856 -0.6837
vn -0.6169 0.4058 0.6744
vn -0.5651 0.3879 0.7281
vn -0.6980 0.4312 0.5717
vn -0.7534 0.4597 0.4702
vn 0.0097 0.3719 0.9282
vn -0.3724 0.1357 0.9181
vn -0.3586 0.0206 0.9333
vn 0.1363 0.2782 0.9508
vn 0.6290 0.3368 0.7007
vn 0.3737 0.3568 0.8562
vn 0.7083 -0.1257 0.6946
vn -0.6062 -0.0428 0.7942
vn -0.5131 -0.1124 0.8510
vn -0.5067 0.2551 0.8235
vn -0.3775 0.1514 0.9135
vn -0.4944 0.5365 -0.6839
vn -0.1913 -0.0138 0.9814
vn -0.2829 -0.0876 0.9551
vn -0.4452 0.6615 0.6036
vn -0.6094 0.5109 0.6064
vn -0.2119 0.3869 0.8974
vn -0.3679 0.7942 0.4835
vn -0.0781 0.5288 0.8452
vn -0.4929 0.2277 0.8398
vn 0.0536 0.0887 0.9946
vn -0.5255 0.6059 -0.5973
vn -0.4244 0.5008 -0.7544
vn -0.4327 0.6258 -0.6489
vn -0.5255 0.6058 -0.5973
vn -0.5471 0.5865 -0.5972
vn -0.6405 0.6319 -0.4364
vn -0.2053 0.4277 0.8803
vn 0.1773 0.1748 0.9685
vn -0.4444 0.6817 -0.5813
vn -0.5864 0.6715 -0.4530
vn -0.5914 0.6217 -0.5135
vn -0.5134 0.8526 -0.0972
vn -0.6909 0.5974 -0.4073
vn -0.4621 0.3495 0.8151
vn -0.4954 0.4496 -0.7433
vn -0.7936 0.5545 0.2504
vn -0.7150 0.5139 -0.4740
vn -0.4117 0.7222 0.5559
vn 0.3864 -0.0057 0.9223
vn -0.2897 0.9423 -0.1678
vn -0.4660 0.5173 0.7178
vn -0.5592 0.1577 0.8139
vn -0.0912 0.0283 0.9954
vn 0.0383 0.9993 0.0042
vn 0.0146 0.9962 -0.0856
vn -0.7933 0.3916 0.4661
vn -0.8264 0.4158 0.3796
vn -0.4987 0.5768 -0.6470
vn -0.5501 0.6370 -0.5401
vn -0.5833 0.6772 -0.4485
vn 0.1847 0.1698 0.9680
vn 0.7880 -0.6051 0.1138
vn 0.3611 -0.7912 0.4936
vn 0.4594 -0.8705 0.1767
vn 0.3939 -0.9071 0.1487
vn 0.1981 -0.8850 0.4214
vn 0.3435 -0.8837 0.3181
vn 0.3064 -0.8206 0.4824
vn 0.5916 -0.6005 0.5380
vn 0.6252 -0.7368 0.2574
vn 0.8694 -0.3471 0.3516
vn 0.6349 -0.7613 0.1319
vn 0.7958 -0.5892 0.1398
vn 0.8272 -0.5148 0.2250
vn 0.8272 -0.5149 0.2250
vn 0.5027 -0.8042 0.3172
vn 0.4874 -0.7193 0.4951
vn -0.4190 0.7155 -0.5590
vn 0.2741 0.9173 0.2887
vn -0.0236 0.9225 0.3853
vn -0.2054 0.8811 0.4260
vn -0.4435 0.7517 0.4881
vn -0.4437 0.7519 0.4876
vn -0.6031 0.4848 -0.6334
vn -0.5506 0.6498 -0.5240
vn -0.5604 0.8174 -0.1333
vn -0.5669 0.7668 -0.3010
vn -0.4614 0.8834 0.0821
vn -0.5296 0.5890 -0.6103
vn -0.4188 0.6197 -0.6637
vn -0.5913 0.6217 -0.5136
vn -0.5472 0.5865 -0.5972
vn -0.4606 0.6748 -0.5767
vn -0.4272 0.6153 -0.6625
vn -0.5484 0.5161 -0.6580
vn -0.4446 0.5880 -0.6757
vn -0.5501 0.7886 -0.2748
vn -0.6365 0.7210 -0.2740
vn -0.6770 0.6888 -0.2594
vn -0.4396 0.6334 -0.6368
vn -0.5549 0.7954 -0.2438
vn -0.7317 0.6260 -0.2695
vn -0.5104 0.7421 -0.4344
vn -0.4925 0.5969 -0.6334
vn -0.6458 0.7520 -0.1321
vn -0.5182 0.7852 -0.3389
vn -0.5153 0.4683 -0.7177
vn -0.6482 0.3382 -0.6823
vn -0.6446 0.3462 -0.6817
vn -0.7150 0.5139 -0.4741
vn -0.4825 0.6489 -0.5883
vn -0.8035 0.4844 0.3462
vn -0.1246 0.8137 -0.5678
vn 0.0574 0.8000 -0.5972
vn -0.5798 0.4966 -0.6459
vn 0.6525 -0.7564 0.0456
vn 0.6348 -0.7613 0.1319
vn 0.1705 0.7055 -0.6879
vn 0.4594 -0.8705 0.1766
vn 0.4860 -0.8691 -0.0918
vn 0.4891 -0.8660 -0.1041
vn 0.3939 -0.9070 0.1487
vn 0.7879 -0.6052 0.1136
vn 0.5719 -0.8195 -0.0377
vn 0.6252 -0.7368 0.2573
vn 0.8272 -0.5149 0.2249
vn 0.7762 -0.6305 -0.0050
vn -0.4247 0.7395 0.5222
vn 0.3070 0.4537 -0.8366
vn 0.7051 -0.6894 -0.1660
vn 0.8887 -0.3667 -0.2750
vn 0.7958 -0.5892 0.1397
vn 0.8994 -0.4370 -0.0077
vn 0.4872 -0.7874 0.3777
vn 0.5520 -0.8106 0.1954
vn 0.4634 -0.8600 -0.2135
vn -0.8224 0.5187 0.2337
vn -0.3680 0.8931 -0.2587
vn -0.2896 0.9423 -0.1679
vn 0.5521 -0.8106 0.1953
vn 0.5553 -0.8304 -0.0461
vn 0.3331 -0.9110 -0.2431
vn 0.7101 -0.6523 -0.2650
vn 0.6869 -0.6764 -0.2657
vn 0.3159 -0.9177 -0.2407
vn 0.1874 0.8328 -0.5210
vn 0.2896 0.9434 -0.1615
vn 0.2377 0.8290 -0.5063
vn 0.1434 0.7014 -0.6982
vn 0.3016 0.9516 0.0587
vn -0.0616 -0.0357 -0.9975
vn -0.5127 -0.2790 -0.8119
vn -0.0378 -0.0407 -0.9985
vn -0.8882 -0.4585 0.0291
vn -0.0199 0.0686 0.9974
vn -0.0122 0.0717 0.9974
vn -0.0329 0.0438 0.9985
vn 0.0329 -0.0438 -0.9985
vn -0.0417 0.0606 0.9973
vn -0.7822 -0.3787 0.4947
vn 0.9555 -0.2941 0.0226
vn 0.8995 -0.4369 -0.0077
vn 0.6525 -0.7564 0.0457
vn 0.5552 -0.8304 -0.0461
vn 0.5027 -0.8042 0.3171
vn 0.3435 -0.8837 0.3180
vn 0.3225 -0.7682 -0.5530
vn 0.2638 -0.6792 -0.6849
vn 0.4614 -0.5765 -0.6744
vn 0.6754 -0.5731 -0.4640
vn 0.4342 -0.4250 -0.7943
vn 0.8039 -0.5631 -0.1914
vn 0.2913 -0.8138 -0.5028
vn 0.1906 -0.6649 -0.7222
vn 0.6878 -0.6658 -0.2894
vn 0.5224 -0.8389 -0.1528
vn 0.6878 -0.6657 -0.2894
vn 0.6755 -0.5731 -0.4639
vn 0.8079 -0.5881 0.0389
vn 0.8100 -0.5851 0.0387
vn 0.8039 -0.5631 -0.1913
vn 0.8177 -0.5743 0.0381
vn 0.5225 -0.8389 -0.1528
vn 0.5457 -0.8364 0.0518
vn -0.0330 -0.0783 -0.9964
vn -0.3575 -0.1705 -0.9182
vn -0.1534 0.3332 -0.9303
vn -0.7017 0.0335 -0.7117
vn -0.3576 -0.1705 -0.9182
vn -0.4765 -0.0068 -0.8791
vn -0.7961 0.1924 -0.5738
vn -0.5945 0.1341 -0.7928
vn -0.3743 0.5327 -0.7590
vn -0.4765 -0.0069 -0.8792
vn 0.2172 -0.9459 -0.2411
vn -0.0338 -0.1203 -0.9922
vn -0.0428 -0.0834 -0.9956
vn 0.2933 -0.9543 0.0572
vn 0.1872 -0.9786 -0.0854
vn 0.5456 -0.8365 0.0518
vn -0.4208 0.6436 -0.6393
vn -0.1783 0.6385 -0.7487
vn -0.0648 0.8327 -0.5500
vn 0.0026 0.9587 -0.2844
vn -0.0632 0.5197 -0.8520
vn -0.4021 0.4610 -0.7911
vn -0.4785 0.6483 -0.5922
vn -0.1427 0.9114 -0.3859
vn -0.3857 0.8857 -0.2583
vn -0.1427 0.9115 -0.3858
vn -0.0235 0.9980 -0.0581
vn -0.0273 0.9979 -0.0582
vn -0.0648 0.8327 -0.5499
vn -0.0103 0.9983 -0.0581
vn -0.3856 0.8858 -0.2583
vn -0.3807 0.9230 -0.0559
vn 0.2337 -0.4020 -0.8853
vn -0.2968 -0.2859 -0.9112
vn -0.3346 -0.6636 -0.6691
vn -0.2645 -0.8172 -0.5121
vn -0.2317 -0.4718 -0.8507
vn -0.2968 -0.2860 -0.9111
vn -0.2291 -0.8713 -0.4341
vn 0.2638 -0.6792 -0.6850
vn -0.6423 0.6865 -0.3409
vn -0.0682 -0.0550 -0.9962
vn -0.6940 0.6950 -0.1877
vn -0.6211 0.7822 -0.0491
vn -0.3808 0.9230 -0.0558
vn 0.2402 -0.5490 0.8006
vn 0.3138 -0.6939 0.6480
vn 0.4128 -0.4881 0.7690
vn 0.2548 -0.5859 0.7693
vn 0.6744 -0.5294 0.5147
vn 0.8013 -0.5366 0.2646
vn 0.4493 -0.3744 0.8112
vn 0.2850 -0.7499 0.5970
vn 0.6810 -0.6119 0.4022
vn 0.5201 -0.8152 0.2550
vn 0.6811 -0.6119 0.4021
vn 0.6744 -0.5295 0.5147
vn 0.5201 -0.8151 0.2550
vn -0.0445 0.0376 0.9983
vn -0.1639 0.4386 0.8836
vn -0.3682 -0.0633 0.9276
vn -0.7098 0.1153 0.6949
vn -0.8025 0.2570 0.5384
vn -0.4866 0.0947 0.8685
vn -0.3683 -0.0632 0.9276
vn -0.6035 0.2246 0.7651
vn -0.3758 0.6117 0.6961
vn 0.2138 -0.9114 0.3515
vn -0.0453 -0.0046 0.9990
vn -0.0543 0.0324 0.9980
vn 0.1855 -0.9620 0.2003
vn -0.3553 0.5820 0.7314
vn -0.3758 0.6118 0.6961
vn -0.2058 0.6868 0.6972
vn -0.4251 0.7094 0.5622
vn -0.0786 0.9007 0.4272
vn -0.0937 0.6569 0.7481
vn -0.0000 0.9852 0.1715
vn -0.4849 0.7122 0.5076
vn -0.1370 0.9417 0.3071
vn -0.3880 0.9094 0.1495
vn -0.1370 0.9418 0.3071
vn -0.0787 0.9007 0.4272
vn -0.0001 0.9852 0.1715
vn -0.3880 0.9095 0.1494
vn -0.3075 -0.1786 0.9347
vn 0.2232 -0.2965 0.9286
vn -0.3428 -0.5819 0.7375
vn -0.3075 -0.1787 0.9346
vn -0.2418 -0.3703 0.8969
vn -0.2709 -0.7526 0.6002
vn -0.2341 -0.8155 0.5293
vn 0.2549 -0.5859 0.7693
vn -0.2418 -0.3702 0.8969
vn -0.6457 0.7209 0.2516
vn -0.0797 0.0607 0.9950
vn -0.6957 0.7116 0.0979
vn 0.5329 -0.7643 -0.3630
vn 0.1766 -0.9591 -0.2212
vn 0.2832 -0.7048 -0.6504
vn 0.2044 -0.8503 -0.4849
vn 0.4380 -0.8261 -0.3546
vn 0.2518 -0.5028 -0.8269
vn -0.0938 -0.5588 -0.8239
vn 0.2787 -0.9587 0.0573
vn 0.5382 -0.8412 0.0520
vn 0.4755 -0.8781 0.0538
vn 0.0601 0.0273 -0.9978
vn 0.7516 -0.1848 -0.6332
vn 0.8542 -0.1924 -0.4831
vn 0.2326 -0.5590 -0.7959
vn 0.6043 -0.0246 -0.7963
vn -0.0696 0.7983 -0.5982
vn 0.5211 0.2537 -0.8149
vn -0.2921 0.7579 -0.5833
vn 0.0468 0.7737 -0.6319
vn -0.1699 0.8264 -0.5368
vn -0.3443 0.8335 -0.4321
vn -0.4717 0.6826 -0.5582
vn 0.7515 -0.1848 -0.6333
vn 0.7122 0.2024 -0.6722
vn 0.8424 0.1791 -0.5083
vn 0.2322 -0.8794 -0.4156
vn 0.2380 -0.8251 -0.5124
vn 0.2914 -0.8138 -0.5028
vn 0.3964 -0.8321 -0.3879
vn 0.3336 0.9303 -0.1528
vn 0.3189 0.9250 -0.2068
vn 0.4873 0.8282 -0.2768
vn -0.2106 0.5664 -0.7968
vn -0.0822 0.7854 -0.6135
vn 0.0738 0.8641 -0.4979
vn 0.1505 0.8763 -0.4577
vn 0.3254 -0.9201 -0.2181
vn 0.4468 -0.8816 -0.1523
vn -0.1441 -0.8746 -0.4629
vn 0.3840 -0.4735 -0.7927
vn -0.2334 -0.6231 -0.7465
vn -0.1038 -0.7220 -0.6841
vn 0.1794 -0.9137 -0.3648
vn 0.0856 -0.7800 -0.6199
vn 0.1325 -0.9383 -0.3193
vn -0.2244 -0.1768 -0.9583
vn 0.1702 -0.6368 -0.7520
vn 0.3398 -0.8588 -0.3833
vn 0.4558 -0.8884 0.0543
vn 0.3255 -0.9201 -0.2180
vn -0.2580 0.8803 -0.3981
vn -0.3442 0.8336 -0.4320
vn -0.1700 0.8264 -0.5368
vn 0.7152 0.5463 -0.4360
vn 0.6475 0.6525 -0.3936
vn 0.6220 0.6859 -0.3777
vn -0.2361 0.8903 0.3894
vn 0.6044 -0.0247 -0.7963
vn 0.3404 0.9388 -0.0527
vn 0.3189 0.9249 -0.2069
vn -0.1316 0.5057 -0.8526
vn -0.3078 0.8325 -0.4607
vn -0.3861 0.5663 -0.7282
vn -0.6772 0.6624 -0.3203
vn -0.5587 0.5990 -0.5736
vn -0.4712 0.1579 -0.8678
vn -0.2290 0.4102 -0.8828
vn -0.4129 0.7899 -0.4534
vn -0.6330 0.7727 -0.0486
vn -0.3889 0.9196 -0.0557
vn -0.4548 0.8889 -0.0543
vn 0.3061 0.6611 -0.6850
vn 0.3506 0.7641 -0.5416
vn -0.2121 0.4209 -0.8820
vn 0.4621 -0.7725 -0.4356
vn 0.5974 -0.7442 -0.2988
vn 0.5118 -0.7921 -0.3326
vn 0.4868 -0.7212 -0.4928
vn 0.6100 -0.6548 -0.4462
vn 0.6943 -0.4561 -0.5566
vn 0.3506 0.7641 -0.5415
vn 0.6505 0.5434 -0.5306
vn 0.6040 0.4077 -0.6848
vn 0.3062 0.6611 -0.6850
vn 0.5451 0.2082 -0.8121
vn 0.3625 0.4346 -0.8244
vn -0.5703 0.6448 -0.5089
vn -0.4398 0.7558 -0.4851
vn -0.5175 0.6099 -0.6002
vn 0.9616 -0.2625 -0.0798
vn 0.9711 -0.0907 -0.2206
vn 0.9516 -0.2768 -0.1333
vn 0.2336 -0.4020 -0.8853
vn 0.6299 -0.5670 -0.5308
vn 0.3863 -0.5671 -0.7275
vn 0.7772 -0.4719 -0.4162
vn 0.8287 -0.4119 -0.3789
vn -0.5608 0.7632 -0.3210
vn -0.4637 0.8476 -0.2581
vn -0.7774 0.3283 -0.5365
vn -0.6180 0.2546 -0.7438
vn -0.7629 0.2550 -0.5941
vn -0.5616 0.4490 -0.6950
vn -0.6311 0.6254 -0.4589
vn -0.6802 0.6051 -0.4137
vn -0.3892 0.4255 -0.8170
vn -0.4940 0.7248 -0.4802
vn -0.4746 0.8786 -0.0538
vn -0.6210 0.7822 -0.0491
vn 0.6100 -0.6549 -0.4462
vn 0.8766 0.2396 -0.4173
vn 0.9356 0.0903 -0.3412
vn 0.9235 0.1285 -0.3616
vn 0.8766 0.2397 -0.4173
vn 0.5784 -0.6566 0.4841
vn 0.9675 -0.2521 0.0202
vn 0.9516 -0.2768 -0.1334
vn 0.7044 -0.4828 -0.5204
vn 0.6943 -0.4561 -0.5567
vn 0.3839 -0.4735 -0.7927
vn 0.5282 -0.7168 0.4552
vn 0.2752 -0.6245 0.7309
vn 0.1734 -0.9269 0.3328
vn 0.1982 -0.7883 0.5825
vn -0.1037 -0.4597 0.8820
vn 0.2419 -0.4034 0.8825
vn 0.4334 -0.7792 0.4529
vn 0.0486 0.1428 0.9886
vn 0.7441 -0.1098 0.6590
vn 0.8484 -0.1346 0.5119
vn 0.2602 -0.3956 0.8808
vn -0.3567 0.8278 0.4330
vn -0.2620 0.9203 0.2905
vn -0.3486 0.8778 0.3286
vn -0.2983 0.8202 0.4882
vn -0.1756 0.8829 0.4355
vn 0.0400 0.8417 0.5385
vn 0.8485 -0.1345 0.5119
vn 0.8365 0.2373 0.4938
vn 0.7045 0.2793 0.6524
vn 0.7441 -0.1097 0.6590
vn 0.5118 0.3468 0.7860
vn 0.5951 0.0682 0.8008
vn 0.2268 -0.8252 0.5174
vn 0.3913 -0.7813 0.4863
vn 0.2316 -0.7600 0.6073
vn 0.3324 0.9419 0.0478
vn 0.4846 0.8550 0.1846
vn 0.3171 0.9429 0.1020
vn -0.1640 0.4386 0.8836
vn -0.0887 0.8511 0.5174
vn -0.2194 0.6547 0.7233
vn 0.0686 0.9160 0.3953
vn 0.1458 0.9235 0.3549
vn 0.3223 -0.8884 0.3269
vn 0.4444 -0.8577 0.2586
vn -0.1500 -0.8152 0.5594
vn -0.1122 -0.6379 0.7619
vn -0.2424 -0.5326 0.8109
vn 0.3745 -0.3782 0.8466
vn 0.0779 -0.7029 0.7070
vn 0.1746 -0.8651 0.4702
vn 0.1282 -0.8949 0.4274
vn -0.2355 -0.0647 0.9697
vn 0.1610 -0.5453 0.8226
vn 0.3348 -0.8084 0.4841
vn 0.4444 -0.8577 0.2585
vn 0.3224 -0.8884 0.3269
vn -0.1756 0.8829 0.4354
vn -0.3486 0.8778 0.3285
vn 0.7104 0.5936 0.3780
vn 0.6181 0.7254 0.3029
vn 0.6434 0.6942 0.3228
vn -0.2310 0.8390 -0.4926
vn 0.5951 0.0681 0.8008
vn 0.3405 0.9388 -0.0525
vn 0.0487 0.1427 0.9886
vn -0.1411 0.6010 0.7867
vn -0.3126 0.8800 0.3576
vn -0.6804 0.6946 0.2336
vn -0.3941 0.6466 0.6532
vn -0.5649 0.6610 0.4939
vn -0.4175 0.8369 0.3540
vn -0.2389 0.5096 0.8266
vn -0.4810 0.2570 0.8382
vn 0.0497 0.1420 0.9886
vn 0.2986 0.7362 0.6073
vn 0.3448 0.8219 0.4534
vn -0.2971 0.5251 0.7975
vn 0.3533 0.5274 0.7727
vn 0.6405 -0.4986 0.5841
vn 0.5358 0.3012 0.7888
vn 0.4806 -0.6590 0.5787
vn 0.6876 -0.3881 0.6137
vn 0.6043 -0.5983 0.5261
vn 0.5073 -0.7479 0.4280
vn 0.3157 -0.7645 0.5620
vn 0.3449 0.8219 0.4534
vn 0.2987 0.7362 0.6073
vn 0.5964 0.4847 0.6398
vn 0.6447 0.6017 0.4715
vn -0.5757 0.6990 0.4241
vn -0.5240 0.6749 0.5195
vn -0.4448 0.8067 0.3891
vn 0.9605 -0.2509 0.1208
vn 0.9498 -0.2588 0.1755
vn 0.9685 -0.0639 0.2408
vn 0.2232 -0.2966 0.9286
vn 0.3775 -0.4788 0.7927
vn 0.6234 -0.5013 0.6001
vn 0.7721 -0.4200 0.4770
vn 0.8240 -0.3646 0.4337
vn -0.5640 0.7948 0.2240
vn -0.4661 0.8715 0.1528
vn -0.7834 0.3877 0.4859
vn -0.7695 0.3216 0.5517
vn -0.6264 0.3386 0.7021
vn -0.6359 0.6740 0.3761
vn -0.5692 0.5261 0.6318
vn -0.6845 0.6485 0.3330
vn -0.3983 0.5170 0.7576
vn -0.4991 0.7752 0.3872
vn -0.5639 0.7949 0.2239
vn 0.5934 -0.7042 0.3899
vn 0.5074 -0.7479 0.4279
vn 0.6043 -0.5984 0.5260
vn 0.8719 0.2870 0.3968
vn 0.9193 0.1701 0.3549
vn 0.9317 0.1298 0.3393
vn 0.5835 -0.7079 -0.3980
vn 0.3533 0.5275 0.7727
vn 0.9675 -0.2521 0.0203
vn 0.9605 -0.2508 0.1208
vn 0.6980 -0.4188 0.5809
vn 0.6875 -0.3881 0.6138
vn 0.1423 -0.6570 -0.7403
vn 0.2128 -0.8472 -0.4868
vn 0.0718 -0.8609 -0.5037
vn 0.1906 -0.9489 -0.2513
vn -0.0512 -0.8943 -0.4444
vn -0.0776 -0.7897 -0.6085
vn 0.1393 -0.8463 -0.5141
vn 0.2566 0.8843 -0.3901
vn 0.1372 0.9298 -0.3415
vn -0.2442 0.5488 -0.7995
vn 0.6466 -0.7449 -0.1644
vn 0.5929 -0.8048 0.0255
vn 0.5615 -0.7138 -0.4186
vn 0.5999 -0.7876 -0.1404
vn 0.3784 -0.7633 -0.5236
vn 0.0609 -0.9652 -0.2542
vn 0.0979 -0.9472 -0.3052
vn -0.0556 0.9392 -0.3387
vn -0.0475 0.9469 -0.3180
vn 0.5017 -0.5856 -0.6366
vn 0.7920 -0.5934 -0.1431
vn 0.0375 -0.6404 -0.7671
vn 0.3529 -0.5852 -0.7301
vn 0.2148 -0.6092 -0.7634
vn -0.3114 -0.6381 -0.7042
vn -0.1933 -0.8093 -0.5547
vn -0.0517 0.9045 -0.4234
vn 0.1931 0.9711 -0.1406
vn 0.6463 -0.7616 0.0480
vn 0.7908 -0.6107 0.0401
vn 0.1667 0.9844 -0.0562
vn -0.3568 -0.2431 -0.9020
vn 0.0060 0.0642 0.9979
vn -0.0178 0.1508 0.9884
vn -0.0796 0.0771 0.9938
vn 0.0023 0.1299 0.9915
vn -0.1503 0.1770 0.9727
vn 0.0319 0.0778 0.9965
vn -0.4301 0.1353 0.8926
vn -0.3081 0.1688 0.9363
vn -0.4424 0.1237 0.8882
vn -0.2686 0.1776 0.9467
vn -0.1683 0.1629 0.9722
vn -0.0121 0.0547 0.9984
vn -0.4222 0.4150 -0.8059
vn -0.6416 0.4942 -0.5866
vn -0.5513 0.6040 -0.5755
vn -0.6626 0.3214 -0.6765
vn -0.7419 0.4175 -0.5247
vn -0.6593 0.6654 -0.3501
vn -0.5909 0.5404 -0.5990
vn 0.8921 -0.3227 -0.3163
vn 0.3529 -0.5851 -0.7301
vn 0.8594 -0.4417 -0.2576
vn -0.2374 0.9340 -0.2671
vn -0.2473 0.8223 -0.5126
vn -0.3267 0.9416 -0.0814
vn -0.3866 0.6896 -0.6124
vn -0.3002 0.9219 -0.2450
vn -0.7462 0.5676 -0.3479
vn -0.7078 0.5831 -0.3988
vn 0.7576 -0.6053 -0.2443
vn 0.7675 -0.6009 -0.2234
vn -0.1649 0.6804 -0.7141
vn -0.0315 0.9706 -0.2388
vn -0.4666 0.3171 -0.8257
vn -0.3406 0.4456 -0.8279
vn -0.7471 0.2424 -0.6190
vn -0.7470 0.2424 -0.6190
vn 0.7355 -0.5906 -0.3320
vn 0.9149 -0.3997 -0.0567
vn -0.2620 0.9634 -0.0575
vn -0.0555 0.9968 -0.0582
vn 0.9066 -0.4209 0.0297
vn -0.0317 -0.0138 0.9994
vn 0.0642 -0.0049 0.9979
vn 0.0582 0.0237 0.9980
vn -0.0444 -0.1248 0.9912
vn 0.0114 -0.1300 0.9914
vn -0.0104 -0.1370 0.9905
vn -0.1776 -0.3443 0.9219
vn -0.1939 -0.3483 0.9171
vn -0.0830 -0.2586 0.9624
vn -0.0539 -0.2301 0.9717
vn -0.1048 -0.2923 0.9506
vn 0.0544 -0.4985 0.8652
vn -0.0674 0.0255 0.9974
vn -0.2630 -0.0797 0.9615
vn -0.3003 -0.1001 0.9486
vn -0.0221 -0.5313 0.8469
vn -0.0369 -0.3247 0.9451
vn 0.2627 -0.7431 0.6155
vn 0.2351 -0.7684 0.5952
vn 0.3246 -0.6868 0.6503
vn 0.2672 -0.8425 0.4678
vn 0.3386 -0.8512 0.4009
vn -0.2156 0.4661 0.8581
vn 0.0310 0.2491 0.9680
vn -0.1255 0.3314 0.9351
vn -0.0588 0.6657 0.7439
vn -0.0768 -0.3827 0.9207
vn -0.1571 -0.0223 0.9873
vn 0.0413 -0.3730 0.9269
vn -0.0046 -0.4357 0.9001
vn -0.2395 0.2251 0.9444
vn -0.2268 0.1983 0.9535
vn 0.2517 -0.5458 0.7992
vn 0.1535 -0.2648 0.9520
vn 0.0767 -0.2750 0.9584
vn -0.0640 -0.0868 0.9942
vn 0.0015 0.0825 0.9966
vn -0.1256 0.3315 0.9351
vn -0.1400 0.0267 0.9898
vn -0.3052 -0.1028 0.9467
vn 0.1745 0.1514 0.9730
vn 0.0311 0.2491 0.9680
vn 0.2447 0.1870 0.9514
vn 0.4387 -0.8584 0.2660
vn 0.4575 -0.8517 0.2554
vn 0.7579 -0.6043 -0.2457
vn -0.1362 0.3563 0.9244
vn -0.1362 0.3564 0.9244
vn 0.1371 -0.6319 0.7628
vn 0.2712 -0.6663 0.6947
vn 0.2762 -0.6677 0.6913
vn 0.8016 -0.4356 -0.4095
vn 0.2730 -0.7760 0.5687
vn -0.4370 0.8362 -0.3314
vn -0.0410 0.6322 0.7737
vn -0.1400 0.0266 0.9898
vn -0.4240 0.4233 0.8006
vn 0.9450 -0.3176 0.0779
vn 0.9450 -0.3176 0.0778
vn -0.3475 0.1687 0.9224
vn -0.4225 0.4072 0.8098
vn -0.4919 0.3609 0.7923
vn -0.3357 0.2423 0.9103
vn -0.4929 0.6918 0.5277
vn -0.4132 0.7145 0.5646
vn -0.5283 0.6814 0.5065
vn -0.5646 0.7372 0.3711
vn -0.5279 0.7945 0.3003
vn 0.2177 -0.3569 0.9084
vn 0.4766 -0.3509 0.8061
vn 0.1543 -0.1999 0.9676
vn 0.1737 -0.0219 0.9846
vn -0.4048 0.2397 0.8824
vn -0.4064 0.3268 0.8532
vn -0.3301 0.3319 0.8837
vn 0.0017 -0.2330 0.9725
vn -0.0135 -0.2067 0.9783
vn -0.3462 0.5896 0.7297
vn -0.2307 0.3089 0.9227
vn -0.1785 0.3658 0.9134
vn -0.1576 0.0910 0.9833
vn 0.1543 -0.2000 0.9676
vn 0.0185 0.0501 0.9986
vn -0.1073 -0.0356 0.9936
vn -0.4049 0.2397 0.8824
vn 0.1737 -0.0218 0.9846
vn -0.4702 0.8679 0.1604
vn -0.0546 0.9388 -0.3401
vn -0.4535 0.8786 0.1496
vn 0.1692 -0.2237 0.9599
vn 0.1692 -0.2237 0.9598
vn -0.4801 0.5402 0.6911
vn -0.4270 0.6679 0.6096
vn -0.4289 0.6632 0.6133
vn 0.1171 0.8644 -0.4890
vn -0.5117 0.7143 0.4775
vn 0.4562 -0.8603 -0.2276
vn -0.1073 -0.0355 0.9936
vn 0.0186 0.0501 0.9986
vn 0.4576 -0.3146 0.8316
vn 0.0672 -0.5097 0.8577
vn 0.2709 0.9626 -0.0004
vn 0.2709 0.9626 -0.0005
vn -0.4600 0.8813 0.1085
vn 0.4581 -0.8625 0.2151
vn 0.8598 0.4655 0.2100
vn -0.8624 -0.4387 0.2526
vn 0.3570 -0.2368 0.9036
vn 0.1288 -0.1985 0.9716
vn 0.1079 -0.1227 0.9866
vn 0.0618 -0.8873 -0.4569
vn 0.1214 -0.6838 -0.7195
vn 0.2657 -0.9452 -0.1898
vn 0.9058 -0.3836 0.1800
vn 0.8472 -0.5013 0.1760
vn 0.7744 -0.2794 -0.5677
vn 0.8207 -0.2228 -0.5262
vn 0.4201 -0.8319 -0.3627
vn 0.5246 -0.7389 -0.4228
vn 0.6489 -0.7200 -0.2460
vn -0.0931 -0.5800 0.8093
vn -0.0929 -0.3970 0.9131
vn 0.1254 -0.7094 -0.6935
vn 0.2409 -0.8000 -0.5496
vn 0.5384 0.2988 -0.7879
vn 0.4028 0.2356 -0.8844
vn 0.0244 0.6953 -0.7183
vn 0.0048 0.8648 -0.5021
vn 0.0928 0.9788 -0.1828
vn 0.5550 0.3935 -0.7329
vn 0.0829 0.9648 -0.2496
vn 0.6238 -0.4548 -0.6356
vn 0.7137 -0.3365 0.6144
vn 0.5698 -0.3419 0.7473
vn 0.3259 -0.3461 0.8798
vn 0.8158 -0.1452 -0.5598
vn 0.6810 -0.2780 0.6775
vn 0.6335 -0.1996 0.7476
vn 0.6334 -0.1997 0.7476
vn 0.0209 0.9815 0.1905
vn -0.0837 0.9963 0.0211
vn 0.2060 -0.8809 -0.4260
vn 0.2271 -0.5055 -0.8324
vn 0.3923 -0.6006 -0.6967
vn 0.0587 -0.4156 -0.9076
vn 0.1148 -0.0485 -0.9922
vn 0.4088 -0.5090 -0.7575
vn -0.1095 -0.2556 -0.9606
vn -0.0631 -0.1994 -0.9779
vn 0.1167 -0.4842 -0.8671
vn 0.0273 -0.4686 -0.8830
vn -0.1496 -0.6179 0.7719
vn -0.2414 -0.5477 0.8011
vn -0.2647 -0.6294 0.7306
vn 0.2141 -0.6165 -0.7577
vn 0.3810 -0.8990 -0.2161
vn 0.2999 -0.8377 -0.4564
vn 0.2272 -0.5586 -0.7977
vn 0.2385 -0.6758 -0.6974
vn 0.4001 -0.6539 -0.6422
vn -0.0855 -0.3300 -0.9401
vn -0.2359 -0.0444 -0.9708
vn -0.1847 0.0265 -0.9824
vn 0.4740 -0.8794 -0.0437
vn 0.0295 -0.2552 -0.9664
vn 0.4402 -0.7044 -0.5569
vn 0.4166 -0.8969 0.1483
vn 0.2948 -0.9519 0.0833
vn 0.1178 -0.3142 0.9420
vn -0.0951 -0.2987 0.9496
vn -0.0929 -0.3969 0.9132
vn 0.1288 -0.1986 0.9716
vn -0.2987 -0.4336 0.8502
vn -0.2987 -0.4336 0.8501
vn 0.3259 -0.3462 0.8797
vn 0.5698 -0.3418 0.7473
vn 0.2861 -0.3942 0.8733
vn -0.2827 0.9463 -0.1566
vn -0.3980 0.9019 -0.1678
vn -0.4000 0.9038 -0.1523
vn -0.3890 0.9087 -0.1515
vn -0.3880 0.9091 -0.1514
vn -0.3761 0.9143 -0.1505
vn 0.3444 -0.0239 -0.9385
vn 0.1966 0.4511 -0.8705
vn -0.4611 0.8826 0.0913
vn 0.1421 -0.9434 0.2997
vn 0.0432 -0.9453 0.3234
vn 0.7737 -0.5760 0.2638
vn 0.7351 -0.6274 0.2570
vn 0.1646 -0.9375 0.3065
vn 0.0730 -0.9438 0.3222
vn 0.7739 -0.5872 0.2373
vn 0.7748 -0.5859 0.2373
vn 0.1420 -0.9434 0.2997
vn -0.2791 -0.8833 0.3766
vn 0.7738 -0.5759 0.2639
vn 0.9275 -0.2465 0.2810
vn 0.7351 -0.6273 0.2570
vn 0.0729 -0.9439 0.3222
vn 0.1645 -0.9376 0.3065
vn -0.2307 -0.9064 0.3540
vn -0.2306 -0.9064 0.3540
vn 0.9569 -0.2124 0.1980
vn 0.9570 -0.2123 0.1979
vn 0.7749 -0.5859 0.2372
vn 0.7125 -0.3535 -0.6061
vn 0.6213 0.2824 -0.7309
vn 0.9022 -0.1739 -0.3948
vn 0.6914 -0.3112 -0.6520
vn 0.6731 -0.3261 -0.6637
vn 0.6626 -0.2909 -0.6902
vn 0.6668 -0.3046 -0.6801
vn 0.2382 0.0661 -0.9690
vn 0.5470 -0.5757 -0.6078
vn 0.3685 -0.5893 -0.7190
vn 0.5542 -0.7500 -0.3611
vn 0.3890 -0.8294 -0.4010
vn 0.4609 -0.4308 -0.7759
vn 0.4410 -0.6462 -0.6228
vn 0.3929 -0.3434 -0.8531
vn -0.1006 0.5352 -0.8387
vn 0.2587 0.1920 -0.9467
vn 0.4991 -0.2896 -0.8167
vn 0.6283 -0.6944 -0.3507
vn 0.6274 -0.7787 0.0008
vn 0.5894 -0.7679 -0.2510
vn 0.3928 -0.3433 -0.8531
vn 0.2847 -0.0758 -0.9556
vn 0.1947 0.0426 -0.9799
vn 0.2532 0.0743 -0.9646
vn 0.2587 0.1919 -0.9467
vn 0.6668 -0.2248 0.7105
vn 0.5391 -0.2820 0.7936
vn 0.6384 -0.4397 0.6317
vn 0.6115 -0.1436 0.7781
vn 0.5960 -0.0780 0.7992
vn -0.4386 0.7706 -0.4623
vn -0.5518 0.7936 -0.2565
vn -0.4471 0.8614 -0.2411
vn -0.4424 0.8235 -0.3551
vn -0.3140 -0.9430 0.1103
vn -0.0699 -0.9928 -0.0977
vn -0.3508 -0.9257 0.1413
vn 0.3325 -0.5894 0.7362
vn 0.1235 -0.1843 0.9751
vn 0.0247 0.0036 0.9997
vn 0.1355 -0.1357 0.9814
vn 0.2327 -0.1061 0.9667
vn 0.0314 0.0166 0.9994
vn 0.3504 0.0547 0.9350
vn 0.1612 0.1446 0.9763
vn 0.0469 0.0856 0.9952
vn 0.3825 0.2557 0.8879
vn 0.6217 0.0230 0.7829
vn 0.7413 0.4223 0.5218
vn 0.9954 -0.0882 -0.0383
vn 0.7412 0.4222 0.5218
vn 0.6217 0.0231 0.7829
vn -0.4379 0.8990 -0.0112
vn 0.5541 -0.8068 -0.2053
vn 0.5893 -0.7679 -0.2510
vn 0.6026 -0.6934 0.3950
vn 0.5252 -0.8478 0.0732
vn 0.0713 -0.3583 0.9309
vn 0.3681 -0.2195 0.9035
vn -0.0970 -0.3233 0.9413
vn 0.4192 0.0507 0.9065
vn 0.5186 -0.4271 0.7407
vn 0.6175 0.1325 0.7753
vn 0.5154 0.3200 0.7950
vn 0.2710 0.2003 0.9415
vn -0.8090 -0.4491 -0.3791
vn -0.9500 0.1045 -0.2943
vn -0.9658 0.2374 -0.1040
vn -0.9525 0.3021 -0.0382
vn -0.9525 0.3021 -0.0383
vn -0.1623 -0.6064 0.7784
vn 0.0531 -0.6184 0.7840
vn 0.0012 0.0617 0.9981
vn -0.0028 0.0564 0.9984
vn 0.0641 -0.2533 0.9652
vn 0.2300 -0.3449 0.9100
vn 0.2564 -0.1837 0.9490
vn -0.4659 -0.2250 0.8558
vn -0.2197 -0.8341 0.5060
vn -0.2615 -0.5510 0.7925
vn -0.2483 -0.9099 0.3322
vn 0.1184 -0.9111 0.3948
vn 0.6319 0.7749 -0.0157
vn 0.6074 0.7942 -0.0185
vn 0.8839 0.4670 0.0253
vn 0.8839 0.4670 0.0256
vn 0.2475 0.9673 -0.0561
vn 0.2475 0.9673 -0.0562
vn 0.2864 -0.3368 0.8970
vn 0.1356 -0.1357 0.9814
vn 0.3490 -0.7309 0.5865
vn -0.3185 -0.1101 0.9415
vn -0.5830 -0.2599 0.7698
vn -0.3098 -0.9108 0.2729
vn 0.5364 -0.3624 -0.7622
vn 0.4739 -0.2843 -0.8334
vn 0.4011 -0.1791 -0.8984
vn 0.5893 -0.7679 -0.2509
vn 0.6273 -0.7788 0.0008
vn 0.4460 -0.8166 -0.3665
vn 0.6026 -0.6934 0.3951
vn -0.2009 -0.9720 0.1216
vn 0.2228 -0.9557 0.1925
vn -0.3004 -0.9501 0.0838
vn 0.6076 -0.4117 -0.6792
vn 0.8078 -0.5128 -0.2907
vn 0.7026 -0.2518 -0.6655
vn 0.7677 -0.2598 -0.5857
vn 0.7407 -0.3047 -0.5987
vn 0.6216 -0.7608 -0.1867
vn 0.2660 -0.8432 -0.4672
vn 0.4959 -0.3895 -0.7762
vn 0.4608 -0.4308 -0.7759
vn 0.6315 -0.4264 -0.6476
vn 0.8566 -0.5078 -0.0913
vn 0.7002 -0.4028 0.5895
vn 0.7239 -0.4112 0.5540
vn 0.7701 -0.4266 0.4744
vn -0.1515 -0.9755 -0.1598
vn -0.6290 0.7551 -0.1846
vn -0.6702 0.7216 -0.1735
vn -0.6195 0.7408 -0.2598
vn -0.4387 0.7707 -0.4622
vn -0.2841 0.7062 -0.6485
vn -0.2842 0.7062 -0.6485
vn 0.4411 -0.6462 -0.6228
vn 0.4991 -0.2897 -0.8167
vn -0.0226 -0.9994 0.0260
vn 0.0064 -0.9959 0.0897
vn 0.1036 -0.0887 0.9907
vn 0.0657 0.0369 0.9972
vn 0.7277 -0.6855 0.0253
vn 0.4250 -0.8984 0.1104
vn -0.0734 -0.9924 0.0987
vn 0.0656 -0.9976 0.0219
vn -0.0227 -0.9994 0.0260
vn 0.4460 -0.8166 -0.3664
vn 0.2864 -0.3367 0.8970
vn 0.2554 -0.4359 0.8630
vn 0.4521 -0.8319 0.3217
vn -0.3966 -0.8202 -0.4124
vn -0.3965 -0.8202 -0.4124
vn 0.7181 -0.6960 -0.0004
vn 0.8059 -0.5915 -0.0242
vn 0.4657 -0.8779 0.1120
vn 0.7277 -0.6854 0.0253
vn 0.6866 -0.7106 0.1541
vn 0.3384 0.1756 -0.9245
vn 0.0419 0.0474 -0.9980
vn 0.0419 0.0473 -0.9980
vn 0.3535 0.1821 -0.9175
vn 0.5926 0.2825 -0.7543
vn 0.4532 -0.8301 0.3249
vn 0.4657 -0.8778 0.1120
vn 0.6274 -0.7787 0.0007
vn 0.4465 -0.8702 0.2082
vn 0.0055 -0.0576 -0.9983
vn 0.0049 -0.0569 -0.9984
vn -0.8090 -0.4492 -0.3792
vn -0.9104 0.1177 -0.3967
vn -0.1006 0.5353 -0.8387
vn 0.3326 -0.5893 0.7363
vn 0.4097 -0.8834 0.2276
vn -0.0142 -0.9807 0.1951
vn -0.0143 -0.9807 0.1951
vn 0.0063 -0.9959 0.0897
vn 0.4617 -0.8821 -0.0936
vn 0.5259 -0.5477 -0.6507
vn -0.0024 0.0598 0.9982
vn -0.0042 0.0567 0.9984
vn 0.9957 -0.0925 0.0072
vn 0.5608 -0.5508 -0.6182
vn -0.7264 0.1563 -0.6693
vn 0.2006 -0.0198 0.9795
vn 0.1404 -0.0951 0.9855
vn 0.3750 -0.2176 0.9011
vn 0.4141 -0.1016 0.9045
vn 0.2273 -0.6945 0.6826
vn 0.2772 -0.5537 0.7853
vn 0.3110 -0.9432 0.1172
vn 0.2369 -0.9484 0.2109
vn -0.4112 0.3640 0.8357
vn -0.2692 0.6308 0.7278
vn -0.3035 0.5892 0.7489
vn -0.3942 0.4617 0.7946
vn -0.2944 0.1941 0.9358
vn -0.4113 0.3640 0.8357
vn -0.2943 0.1942 0.9358
vn -0.4871 0.8582 0.1619
vn -0.4807 0.8625 0.1584
vn -0.4095 0.9045 0.1193
vn -0.4095 0.9045 0.1192
vn 0.2047 0.0923 0.9745
vn -0.0336 0.0414 0.9986
vn -0.2943 0.1941 0.9358
vn 0.1951 0.0903 0.9766
vn 0.4308 0.1376 0.8919
vn 0.2692 -0.2768 0.9225
vn 0.4546 -0.1607 0.8761
vn 0.3723 0.0318 0.9276
vn 0.2195 -0.5073 0.8333
vn 0.2892 -0.9108 0.2945
vn 0.4296 -0.7988 0.4212
vn 0.4839 0.4505 0.7503
vn 0.8123 -0.5831 0.0134
vn 0.8087 -0.5881 0.0139
vn 0.4937 -0.8674 0.0625
vn 0.9047 -0.4261 -0.0001
vn 0.1658 -0.0284 0.9857
vn 0.1458 -0.2324 0.9616
vn 0.3303 -0.7808 0.5304
vn 0.1195 -0.1632 0.9793
vn 0.2793 0.2681 0.9220
vn 0.2828 -0.9510 0.1252
vn 0.3649 -0.9305 -0.0319
vn -0.1601 0.7436 0.6491
vn 0.2927 -0.9462 0.1381
vn 0.4634 0.7682 0.4417
vn 0.5297 0.8404 0.1147
vn 0.5240 0.8481 0.0783
vn 0.5181 0.8440 0.1389
vn 0.5297 0.8404 0.1146
vn 0.6201 -0.3902 -0.6806
vn 0.4427 -0.3141 -0.8399
vn 0.5636 -0.0559 -0.8242
vn 0.7502 -0.3144 -0.5817
vn 0.3441 -0.5395 -0.7685
vn 0.2263 -0.6132 -0.7568
vn 0.0823 -0.6752 -0.7331
vn 0.4231 -0.8161 -0.3937
vn 0.2559 -0.1738 -0.9509
vn 0.2506 -0.4269 -0.8689
vn 0.1812 0.0583 -0.9817
vn 0.5189 -0.8385 -0.1662
vn 0.7053 -0.7016 -0.1015
vn 0.3908 -0.6389 -0.6627
vn -0.4904 0.8148 -0.3090
vn 0.1196 0.4276 -0.8960
vn 0.1196 0.4275 -0.8961
vn 0.2957 0.3322 -0.8957
vn 0.2247 0.5394 -0.8115
vn 0.5637 -0.0559 -0.8241
vn 0.2524 0.1245 -0.9596
vn 0.1319 0.2287 -0.9645
vn 0.3666 0.0171 -0.9302
vn 0.2576 -0.3000 -0.9185
vn 0.3156 -0.0864 -0.9450
vn 0.3321 0.0777 -0.9401
vn 0.3949 -0.4933 -0.7750
vn 0.2573 -0.4410 -0.8599
vn 0.5269 0.8317 -0.1750
vn 0.5255 0.8336 -0.1700
vn 0.5316 0.8250 -0.1918
vn 0.5326 0.8235 -0.1953
vn 0.8480 0.3457 -0.4017
vn 0.4992 -0.2897 -0.8167
vn 0.1507 0.0189 -0.9884
vn 0.4361 -0.2753 -0.8568
vn 0.2898 -0.0860 -0.9532
vn 0.4881 -0.8537 0.1816
vn -0.0376 0.5127 0.8578
vn -0.0893 0.2518 0.9637
vn -0.1390 0.3101 0.9405
vn -0.4571 0.4149 -0.7867
vn -0.6714 0.5052 -0.5421
vn -0.6168 0.7308 -0.2923
vn 0.1893 0.9771 0.0967
vn 0.3087 0.7495 -0.5857
vn 0.2381 0.7392 -0.6300
vn 0.0595 0.9946 0.0845
vn -0.4274 0.7776 -0.4611
vn -0.2116 0.9141 -0.3459
vn -0.2887 0.8057 -0.5173
vn -0.5703 0.3265 0.7538
vn -0.4249 0.2336 0.8746
vn -0.4934 0.5946 -0.6349
vn -0.4772 0.4351 -0.7635
vn 0.5906 0.1997 -0.7818
vn 0.7389 -0.5294 -0.4169
vn 0.6216 -0.4388 -0.6489
vn 0.4666 0.1144 -0.8770
vn 0.8664 -0.4905 -0.0930
vn 0.8527 -0.4972 -0.1602
vn 0.6751 0.1654 -0.7189
vn 0.0119 0.7074 -0.7067
vn 0.0046 0.7317 0.6816
vn 0.0972 0.8343 0.5427
vn -0.1439 0.5462 0.8252
vn 0.3715 0.6987 -0.6114
vn 0.1237 0.7806 0.6127
vn 0.1575 0.7042 0.6923
vn 0.8091 -0.5155 0.2821
vn 0.7705 -0.6260 0.1204
vn -0.2362 0.5931 -0.7697
vn -0.2449 0.3909 -0.8872
vn -0.5860 0.6231 -0.5180
vn -0.2628 0.1949 -0.9450
vn 0.0752 0.0269 -0.9968
vn -0.1485 0.5494 -0.8223
vn -0.2239 -0.0383 -0.9739
vn -0.3254 0.2012 -0.9239
vn -0.2884 0.2850 -0.9141
vn -0.1506 -0.0333 -0.9880
vn -0.6275 0.1855 0.7562
vn -0.6316 0.2976 0.7159
vn -0.7043 0.2055 0.6795
vn -0.5121 0.7972 -0.3198
vn -0.3473 0.4497 -0.8229
vn -0.2902 0.4242 -0.8578
vn -0.4957 0.6732 -0.5488
vn -0.3853 0.5088 -0.7699
vn -0.2724 0.0251 -0.9618
vn -0.2783 0.6346 -0.7210
vn -0.1215 -0.2617 -0.9575
vn -0.4520 0.8791 -0.1513
vn -0.0336 -0.2606 -0.9649
vn -0.1445 0.0752 -0.9866
vn -0.3014 0.7041 -0.6430
vn -0.6196 0.7846 -0.0229
vn -0.5086 0.8601 0.0408
vn -0.2389 0.3632 0.9006
vn -0.1390 0.3102 0.9405
vn -0.3472 0.1802 0.9203
vn -0.4687 0.0638 0.8810
vn -0.6274 0.1855 0.7563
vn -0.6580 0.0926 0.7473
vn -0.1440 0.5463 0.8252
vn -0.2057 0.5399 0.8162
vn 0.0045 0.7317 0.6817
vn 0.6255 -0.7785 -0.0511
vn 0.5242 -0.8494 -0.0606
vn 0.5349 -0.8437 -0.0442
vn 0.5341 -0.8443 -0.0443
vn 0.5238 -0.8506 -0.0450
vn 0.5459 -0.8367 -0.0434
vn 0.5261 -0.1747 -0.8323
vn 0.2229 0.2069 -0.9526
vn 0.4595 -0.8658 0.1983
vn -0.7101 0.6749 0.2007
vn -0.1118 0.9810 0.1587
vn -0.0479 0.9846 0.1684
vn -0.7688 0.5970 0.2290
vn -0.6928 0.6908 0.2068
vn -0.0542 0.9885 0.1409
vn -0.0558 0.9884 0.1409
vn -0.7507 0.6206 0.2266
vn -0.7689 0.5970 0.2291
vn -0.9034 0.3023 0.3041
vn -0.9034 0.3024 0.3041
vn -0.0479 0.9845 0.1684
vn -0.1117 0.9810 0.1587
vn 0.3092 0.9277 0.2092
vn -0.7508 0.6205 0.2266
vn -0.8937 0.3529 0.2770
vn -0.8938 0.3528 0.2769
vn -0.6929 0.6907 0.2069
vn -0.0557 0.9884 0.1409
vn -0.0541 0.9885 0.1409
vn 0.3583 0.9248 0.1283
vn 0.3584 0.9247 0.1282
vn 0.1440 0.7263 -0.6722
vn 0.3885 0.8016 -0.4544
vn 0.1690 0.6808 -0.7127
vn 0.1619 0.6542 -0.7388
vn 0.1713 0.6421 -0.7472
vn 0.1470 0.6730 -0.7248
vn -0.2393 0.5650 -0.7896
vn -0.1325 0.7147 -0.6867
vn -0.2841 0.8421 -0.4585
vn -0.0538 0.5466 -0.8357
vn -0.4411 0.7470 -0.4974
vn -0.2498 0.6658 -0.7030
vn -0.0166 0.4342 -0.9007
vn 0.4251 -0.4632 -0.7776
vn 0.0860 0.4949 -0.8647
vn 0.3521 0.0145 -0.9358
vn -0.1969 0.8728 -0.4466
vn -0.2844 0.8915 -0.3525
vn -0.2844 0.9529 -0.1051
vn -0.0165 0.4342 -0.9007
vn 0.1473 0.1853 -0.9716
vn 0.3521 0.0145 -0.9359
vn 0.1576 0.7422 0.6514
vn -0.0312 0.8320 0.5539
vn 0.0340 0.6773 0.7349
vn 0.2337 0.6101 0.7571
vn 0.1896 0.6576 0.7291
vn 0.4080 -0.8373 -0.3640
vn 0.4440 -0.8598 -0.2522
vn 0.4667 -0.8741 -0.1350
vn 0.3524 -0.9235 -0.1515
vn -0.9588 0.2817 0.0354
vn -0.9671 0.2447 0.0698
vn -0.8508 0.4905 -0.1884
vn -0.3329 0.6745 0.6589
vn -0.0840 0.2813 0.9559
vn -0.0333 0.1137 0.9930
vn -0.1305 0.2981 0.9456
vn -0.0188 0.1120 0.9935
vn -0.0038 0.3432 0.9393
vn 0.1967 0.3467 0.9171
vn 0.3322 0.5729 0.7493
vn 0.4939 0.8641 -0.0966
vn 0.7413 0.4222 0.5218
vn 0.4913 -0.8656 0.0967
vn -0.3387 0.8887 -0.3090
vn -0.4027 0.9147 -0.0346
vn -0.2482 0.9223 0.2962
vn -0.2844 0.8916 -0.3525
vn -0.3009 0.3487 0.8876
vn -0.3682 0.1916 0.9098
vn -0.0171 0.5120 0.8588
vn 0.2339 0.4028 0.8849
vn 0.4202 0.5073 0.7524
vn -0.0942 0.7368 0.6695
vn -0.3474 -0.9372 -0.0322
vn -0.4381 -0.8677 -0.2348
vn -0.2899 -0.9563 0.0387
vn -0.5177 0.4656 0.7177
vn -0.6297 0.2812 0.7241
vn -0.0055 0.0614 0.9981
vn -0.2204 0.2871 0.9322
vn -0.4922 -0.1750 0.8527
vn -0.0533 0.4045 0.9130
vn -0.1988 0.4696 0.8602
vn -0.8357 0.3358 0.4345
vn -0.7017 0.6464 0.2995
vn -0.9056 0.3383 0.2559
vn -0.6412 0.1700 0.7484
vn 0.9962 0.0830 0.0271
vn 0.9983 0.0518 0.0269
vn 0.9384 -0.3448 0.0240
vn -0.1595 0.5102 0.8452
vn -0.0841 0.2813 0.9559
vn -0.4324 0.7532 0.4957
vn -0.9382 0.2826 0.1999
vn 0.0861 0.4949 -0.8647
vn 0.1255 0.3445 -0.9304
vn 0.0769 0.4696 -0.8795
vn 0.0446 0.5716 -0.8194
vn -0.2845 0.8915 -0.3525
vn -0.2845 0.9529 -0.1051
vn -0.3999 0.7900 -0.4647
vn -0.2481 0.9223 0.2962
vn -0.4028 0.9146 -0.0346
vn -0.9191 0.3921 0.0382
vn -0.6689 0.7380 0.0889
vn -0.9557 0.2944 0.0077
vn 0.0403 0.6657 -0.7451
vn 0.0511 0.9242 -0.3786
vn 0.2249 0.6554 -0.7210
vn 0.1997 0.7228 -0.6616
vn 0.2513 0.7210 -0.6457
vn 0.1691 0.6808 -0.7127
vn -0.2635 0.9202 -0.2895
vn -0.5188 0.6473 -0.5584
vn -0.1969 0.8728 -0.4465
vn -0.0000 0.5521 -0.8337
vn 0.0402 0.6966 -0.7163
vn 0.0729 0.9805 -0.1823
vn 0.0363 0.8580 0.5124
vn 0.0622 0.9178 0.3922
vn 0.0446 0.8788 0.4751
vn -0.8798 0.4078 -0.2444
vn 0.2707 -0.9499 -0.1564
vn 0.2218 -0.9726 -0.0699
vn 0.2733 -0.9586 -0.0797
vn 0.3523 -0.9235 -0.1514
vn 0.4080 -0.8373 -0.3639
vn 0.4520 -0.6919 -0.5630
vn -0.2498 0.6658 -0.7031
vn -0.0166 0.4342 -0.9006
vn -0.8196 0.5729 -0.0062
vn -0.8357 0.5449 -0.0684
vn -0.0640 0.2295 0.9712
vn 0.0175 0.1285 0.9916
vn -0.7840 0.6160 -0.0768
vn -0.1521 0.9854 -0.0769
vn -0.2025 0.9780 0.0509
vn -0.7840 0.6159 -0.0768
vn -0.8358 0.5448 -0.0684
vn -0.8624 0.5061 0.0071
vn -0.1595 0.5101 0.8452
vn -0.2569 0.5370 0.8035
vn -0.4437 0.8694 0.2177
vn -0.8784 0.0949 -0.4684
vn -0.8784 0.0950 -0.4684
vn -0.8784 0.0950 -0.4683
vn -0.1649 0.9809 -0.1029
vn -0.4632 0.8862 0.0041
vn -0.0280 0.9923 -0.1210
vn -0.2025 0.9780 0.0508
vn 0.3827 0.0913 -0.9193
vn 0.3963 0.1008 -0.9126
vn 0.1128 -0.0874 -0.9898
vn 0.1129 -0.0874 -0.9898
vn 0.6063 0.2566 -0.7527
vn -0.4632 0.8862 0.0042
vn -0.4417 0.8695 0.2209
vn -0.4727 0.8754 0.1015
vn 0.0059 -0.0585 -0.9983
vn 0.0062 -0.0594 -0.9982
vn -0.8090 -0.4491 -0.3792
vn -0.3996 -0.8524 -0.3373
vn 0.4251 -0.4633 -0.7776
vn -0.3329 0.6745 0.6590
vn -0.8624 0.5062 0.0071
vn -0.8241 0.5574 0.1010
vn -0.5053 0.8544 0.1213
vn -0.5031 0.8642 0.0026
vn -0.8624 0.5061 0.0070
vn -0.8197 0.5728 -0.0062
vn -0.8241 0.5573 0.1010
vn -0.1192 0.6776 -0.7257
vn -0.4586 0.8657 -0.2005
vn -0.0060 0.0601 0.9982
vn 0.4883 0.8711 -0.0518
vn -0.2841 0.8421 -0.4584
vn -0.1037 0.7111 -0.6953
vn -0.2498 -0.7488 -0.6140
vn 0.0483 0.2696 0.9618
vn 0.1059 0.4838 0.8687
vn -0.0115 0.5165 0.8562
vn -0.0481 0.2629 0.9636
vn -0.3374 0.6136 0.7139
vn -0.4764 0.6419 0.6008
vn -0.6049 0.7963 0.0108
vn -0.6559 0.7472 0.1071
vn 0.0240 -0.4626 0.8863
vn 0.1161 -0.5073 0.8539
vn 0.2746 -0.5087 0.8160
vn 0.3293 -0.5059 0.7973
vn -0.0544 -0.2616 0.9636
vn 0.0239 -0.4626 0.8863
vn -0.0543 -0.2616 0.9637
vn 0.4284 -0.8642 0.2640
vn 0.4212 -0.8667 0.2674
vn 0.5053 -0.8329 0.2255
vn 0.5053 -0.8330 0.2255
vn 0.1430 0.2095 0.9673
vn 0.1357 0.2029 0.9697
vn -0.0544 -0.2615 0.9637
vn -0.0352 0.0445 0.9984
vn 0.3126 0.3621 0.8781
vn 0.3126 0.3621 0.8782
vn -0.1213 0.4647 0.8771
vn 0.1907 0.3767 0.9065
vn 0.0816 0.5476 0.8327
vn -0.3345 0.5447 0.7690
vn -0.4342 0.8417 0.3208
vn -0.5996 0.7771 0.1913
vn 0.6070 0.2166 0.7646
vn -0.0193 0.9963 -0.0832
vn -0.4362 0.8987 -0.0455
vn -0.0255 0.9962 -0.0830
vn 0.1628 0.9829 -0.0863
vn 0.0212 0.2464 0.9689
vn -0.1567 0.3421 0.9265
vn -0.1156 0.2834 0.9520
vn -0.4812 0.7604 0.4361
vn 0.3324 0.1672 0.9282
vn -0.5564 0.8192 -0.1390
vn -0.6277 0.7782 0.0195
vn 0.4879 -0.4870 0.7244
vn -0.6188 0.7849 0.0322
vn 0.8721 -0.0081 0.4892
vn 0.9905 -0.0377 0.1325
vn 0.9855 -0.0253 0.1676
vn 0.9806 -0.0346 0.1927
vn 0.0651 0.6638 -0.7450
vn 0.1963 0.7376 -0.6460
vn 0.3151 0.4160 -0.8530
vn 0.0350 0.4600 -0.8872
vn -0.2097 0.5123 -0.8328
vn -0.3377 0.4580 -0.8223
vn -0.4715 0.3766 -0.7974
vn -0.4111 0.7683 -0.4906
vn 0.0500 0.2172 -0.9749
vn -0.1651 0.3627 -0.9172
vn 0.2001 0.0225 -0.9795
vn 0.4072 -0.8901 -0.2048
vn 0.4643 -0.2273 -0.8560
vn 0.6117 -0.1955 -0.7665
vn 0.4858 -0.0289 -0.8736
vn 0.3151 0.4161 -0.8530
vn 0.2938 0.0460 -0.9548
vn 0.3113 -0.1121 -0.9437
vn 0.2687 0.2029 -0.9416
vn 0.1555 0.2177 -0.9636
vn -0.0543 0.2924 -0.9547
vn -0.2703 0.6165 -0.7395
vn 0.2995 0.1396 -0.9438
vn -0.1426 0.5276 -0.8375
vn -0.1716 0.9639 -0.2034
vn -0.1734 0.3769 -0.9099
vn -0.3867 0.8814 -0.2714
vn 0.9914 -0.0504 -0.1210
vn 0.9894 -0.0443 -0.1386
vn 0.9919 -0.0522 -0.1158
vn 0.9889 -0.0430 -0.1423
vn 0.4791 0.8281 -0.2912
vn 0.0860 0.4950 -0.8647
vn 0.0640 0.4312 -0.9000
vn 0.1416 0.1955 -0.9704
vn -0.4341 0.8978 0.0745
vn 0.4940 0.8641 -0.0966
vn -0.1527 0.7770 -0.6107
vn -0.2047 0.7929 -0.5739
vn -0.1860 0.9163 -0.3546
vn -0.1004 0.7353 -0.6702
vn 0.2752 0.4733 -0.8368
vn 0.3643 0.7934 -0.4877
vn 0.2387 0.5347 -0.8106
vn 0.4300 0.0846 -0.8989
vn 0.4229 -0.0044 -0.9061
vn 0.2517 -0.4497 -0.8570
vn 0.7530 0.3628 -0.5490
vn -0.1653 0.9337 -0.3177
vn -0.0022 0.9782 -0.2079
vn 0.1950 -0.7781 -0.5971
vn 0.7530 0.3629 -0.5490
vn 0.8535 0.4316 -0.2920
vn 0.8833 -0.3837 -0.2695
vn 0.8029 -0.4954 -0.3316
vn 0.3698 -0.8815 -0.2937
vn 0.2628 -0.9172 -0.2994
vn 0.2525 -0.9426 -0.2187
vn 0.3057 -0.9306 -0.2013
vn 0.1802 -0.2618 -0.9481
vn 0.0402 -0.0399 -0.9984
vn 0.3025 -0.1928 -0.9335
vn 0.3096 -0.9246 -0.2217
vn 0.2667 -0.9321 -0.2452
vn 0.2616 -0.9572 -0.1236
vn 0.5841 -0.8092 0.0635
vn 0.4743 -0.8798 -0.0319
vn 0.2270 0.9659 -0.1248
vn 0.2257 0.9570 -0.1824
vn 0.2305 0.9546 -0.1886
vn 0.3940 0.1483 -0.9071
vn 0.2982 0.8987 -0.3215
vn 0.4267 0.4673 -0.7743
vn 0.0770 -0.3147 -0.9461
vn -0.1059 -0.8631 -0.4939
vn 0.2448 -0.9600 -0.1361
vn -0.1648 -0.9579 -0.2349
vn -0.3310 0.8821 -0.3352
vn -0.2408 0.2937 0.9251
vn -0.3985 0.1969 0.8958
vn -0.2204 -0.0565 0.9738
vn -0.0683 0.0250 0.9973
vn 0.2225 -0.2174 0.9504
vn -0.2136 -0.0528 0.9755
vn -0.3976 0.0864 0.9135
vn 0.5890 -0.8050 0.0712
vn 0.5334 -0.6443 -0.5481
vn 0.2257 -0.9722 -0.0625
vn 0.8030 -0.4953 -0.3315
vn 0.4173 0.0538 -0.9072
vn 0.4300 0.0845 -0.8989
vn 0.3257 -0.2020 -0.9236
vn 0.5829 -0.6200 -0.5252
vn 0.6656 -0.7011 -0.2557
vn 0.5646 -0.6681 -0.4846
vn 0.5813 -0.5593 -0.5910
vn 0.5873 -0.1193 -0.8005
vn 0.6157 -0.1813 -0.7668
vn 0.8833 -0.1924 -0.4274
vn 0.3586 0.2202 -0.9072
vn 0.2819 0.2636 -0.9225
vn 0.8133 -0.5707 -0.1131
vn 0.6897 -0.6903 -0.2184
vn -0.5784 0.4604 -0.6734
vn 0.2819 0.2635 -0.9225
vn -0.5371 0.4469 -0.7154
vn 0.1991 0.9157 -0.3490
vn 0.0648 0.9065 -0.4173
vn -0.5002 0.7707 -0.3948
vn -0.5899 0.7023 -0.3985
vn -0.6207 0.7157 -0.3202
vn -0.5815 0.7544 -0.3044
vn -0.0654 0.2045 -0.9767
vn 0.0600 0.2677 -0.9616
vn -0.5734 0.7524 -0.3243
vn -0.6026 0.7190 -0.3462
vn -0.6323 0.7406 -0.2275
vn -0.4526 0.8807 -0.1396
vn -0.3371 0.9404 -0.0436
vn 0.9290 -0.3675 -0.0432
vn 0.9249 -0.3689 -0.0921
vn 0.9239 -0.3690 -0.1013
vn 0.3910 0.1540 -0.9074
vn 0.9241 -0.2900 -0.2488
vn 0.6651 0.0146 -0.7466
vn 0.9241 -0.2900 -0.2489
vn -0.7448 0.3502 -0.5681
vn -0.1674 0.1496 -0.9745
vn -0.6435 0.7271 -0.2393
vn -0.7447 0.3502 -0.5681
vn -0.8692 0.3798 -0.3167
vn 0.5543 -0.7992 -0.2323
vn 0.0584 -0.2745 0.9598
vn -0.1091 -0.3526 0.9294
vn -0.1004 0.3957 0.9129
vn -0.2004 -0.2881 0.9364
vn -0.3314 0.9428 -0.0357
vn -0.6681 0.7252 -0.1663
vn -0.1996 0.7478 -0.6332
vn 0.1950 -0.7782 -0.5970
vn 0.0649 0.9065 -0.4173
vn 0.3585 0.2202 -0.9072
vn 0.3265 0.2262 -0.9177
vn 0.0651 0.2930 -0.9539
vn 0.5873 -0.1194 -0.8005
vn -0.4653 0.0929 0.8803
vn 0.5009 -0.6415 -0.5810
vn -0.2317 -0.3506 0.9074
vn -0.2141 0.7164 -0.6641
vn 0.1998 -0.6112 0.7659
vn 0.2055 -0.6065 0.7681
vn 0.2763 -0.5438 0.7924
vn -0.4207 0.5827 0.6954
vn -0.4276 0.5804 0.6930
vn -0.3302 0.6081 0.7220
vn 0.6917 -0.5913 -0.4147
vn 0.7236 -0.6188 -0.3058
vn 0.7323 -0.6236 -0.2736
vn -0.5403 0.2697 0.7971
vn -0.6595 0.4501 0.6021
vn -0.6369 0.4320 0.6386
vn 0.6829 -0.5964 -0.4218
vn -0.5269 0.2501 0.8123
vn -0.0730 0.8609 -0.5035
vn -0.0836 0.9259 -0.3684
vn -0.0829 0.9130 -0.3995
vn -0.0343 -0.7373 0.6747
vn -0.1248 -0.5194 0.8454
vn -0.0382 -0.7050 0.7081
vn -0.0818 0.8559 -0.5106
vn -0.1340 -0.4959 0.8580
vn 0.3616 0.1993 -0.9108
vn 0.3876 0.1484 -0.9098
vn 0.3510 0.2152 -0.9113
vn 0.2115 -0.9571 -0.1980
vn -0.0454 -0.9313 -0.3615
vn -0.0455 -0.9313 -0.3615
vn 0.2573 -0.9521 -0.1654
vn 0.8758 -0.4799 0.0516
vn 0.7840 -0.6194 0.0413
vn 0.9927 -0.0982 0.0699
vn 0.4147 0.0984 -0.9046
vn 0.3888 0.1491 -0.9092
vn -0.6569 0.6922 -0.2989
vn -0.6284 0.7301 -0.2683
vn -0.7731 0.4509 -0.4461
vn -0.7732 0.4509 -0.4460
vn 0.4792 0.8777 0.0099
vn -0.0666 0.9961 -0.0577
vn 0.1000 0.9942 -0.0388
vn 0.4218 0.0807 -0.9031
vn -0.4101 -0.1610 0.8977
vn -0.4101 -0.1611 0.8977
vn 0.3699 0.1858 -0.9103
vn 0.3700 0.1858 -0.9103
vn 0.2235 -0.9628 -0.1517
vn -0.0780 -0.9571 -0.2792
vn 0.2220 -0.9631 -0.1522
vn 0.8489 -0.5249 0.0622
vn 0.7729 -0.6331 0.0432
vn 0.9783 -0.1768 0.1085
vn -0.4209 0.8947 -0.1493
vn -0.4210 0.8947 -0.1492
vn -0.4189 -0.1047 0.9020
vn -0.4189 -0.1046 0.9020
vn 0.4083 0.1129 -0.9058
vn -0.6571 0.7097 -0.2540
vn -0.6580 0.7087 -0.2546
vn -0.8170 0.4465 -0.3650
vn -0.8170 0.4464 -0.3650
vn 0.4040 0.9138 0.0418
vn -0.0843 0.9948 -0.0564
vn 0.0469 0.9984 -0.0310
vn 0.5043 -0.8625 -0.0418
vn 0.5043 -0.8625 -0.0417
vn -0.3690 -0.1995 0.9078
vn 0.0056 -0.0581 -0.9983
vn 0.0059 -0.0586 -0.9983
vn 0.0052 -0.0583 -0.9983
vn 0.0054 -0.0576 -0.9983
vn -0.2580 0.8803 -0.3982
vn 0.2602 -0.3957 0.8808
vn 0.5074 -0.7479 0.4280
vn 0.4668 -0.8836 -0.0363
vn 0.4506 -0.8665 -0.2146
vn 0.2932 -0.9350 -0.1994
vn 0.1885 -0.5601 -0.8067
vn 0.4051 -0.7336 -0.5456
vn -0.1458 -0.2250 -0.9634
vn -0.1902 -0.1594 -0.9687
vn -0.2070 -0.1679 -0.9638
vn -0.1242 -0.3155 -0.9408
vn -0.0520 -0.0289 -0.9982
vn -0.0763 -0.5557 -0.8279
vn -0.1466 -0.1371 -0.9796
vn -0.1213 0.3647 -0.9232
vn 0.1353 0.0107 -0.9907
vn 0.0138 -0.0538 -0.9985
vn 0.0554 0.2624 -0.9634
vn -0.2290 0.6846 -0.6920
vn -0.0646 0.7269 -0.6837
vn 0.3437 -0.5870 -0.7330
vn 0.1400 -0.3737 -0.9169
vn 0.1436 -0.3787 -0.9143
vn 0.0766 -0.1219 -0.9896
vn 0.2218 -0.3056 -0.9260
vn -0.0068 0.0573 0.9983
vn -0.0069 0.0575 0.9983
vn -0.2800 -0.9495 0.1417
vn 0.2933 -0.9350 -0.1994
vn -0.1857 -0.9791 0.0832
vn 0.2124 -0.9729 0.0917
vn -0.4117 -0.7340 0.5401
vn -0.1856 -0.9791 0.0832
vn -0.4116 -0.7341 0.5401
vn -0.4116 -0.7340 0.5401
vn 0.5730 -0.8195 0.0108
vn 0.5730 -0.8195 0.0109
vn 0.2315 -0.9682 -0.0945
vn -0.1857 -0.9791 0.0831
vn 0.1261 -0.9891 -0.0762
vn -0.5955 -0.8022 0.0432
vn 0.1747 -0.9829 0.0581
vn 0.1452 -0.9877 0.0582
vn -0.5987 -0.7998 0.0430
vn 0.2125 -0.9729 0.0917
vn 0.1262 -0.9891 -0.0762
vn -0.8852 -0.4647 0.0219
vn 0.3130 0.5378 -0.7828
vn 0.3421 -0.6300 -0.6971
vn -0.4460 0.8363 -0.3187
vn -0.4599 0.8762 -0.1439
vn -0.5923 0.7468 -0.3023
vn -0.3459 0.6927 -0.6328
vn -0.3130 0.3923 -0.8650
vn -0.2193 -0.0856 -0.9719
vn -0.2825 -0.0149 -0.9592
vn -0.0030 -0.1218 -0.9925
vn -0.4585 0.1701 -0.8723
vn 0.2774 -0.3925 -0.8769
vn 0.2956 -0.1937 -0.9355
vn 0.4677 -0.6386 -0.6111
vn 0.5953 -0.5264 -0.6071
vn -0.2508 0.5420 -0.8021
vn -0.1839 0.2433 -0.9523
vn -0.1817 0.2374 -0.9543
vn -0.0071 0.0369 -0.9993
vn -0.0788 0.2654 -0.9609
vn -0.0070 0.0576 0.9983
vn -0.9465 0.3163 0.0643
vn -0.6839 0.7295 -0.0125
vn -0.9144 0.4049 -0.0015
vn -0.5923 0.7469 -0.3023
vn -0.8641 0.1252 0.4876
vn -0.9143 0.4049 -0.0015
vn -0.6599 0.7247 -0.1981
vn -0.3493 0.9321 -0.0963
vn -0.9144 0.4048 -0.0016
vn -0.7377 0.6516 -0.1766
vn -0.6599 0.7248 -0.1980
vn -0.9994 -0.0352 -0.0037
vn -0.9992 -0.0392 -0.0035
vn -0.7325 0.6793 -0.0437
vn -0.7119 0.7009 -0.0449
vn -0.7377 0.6517 -0.1765
vn 0.6590 -0.1193 -0.7426
vn -0.2889 0.5683 -0.7704
vn -0.1777 0.1282 0.9757
vn 0.6865 -0.7106 0.1541
vt 0.990403 0.322574
vt 0.990419 0.360704
vt 0.977569 0.360704
vt 0.977585 0.322574
vt 0.983994 0.369119
vt 0.980561 0.321864
vt 0.990079 0.322121
vt 0.989063 0.359718
vt 0.979545 0.359461
vt 0.984078 0.367965
vt 0.977569 0.360704
vt 0.990419 0.360704
vt 0.980597 0.322272
vt 0.979547 0.359833
vt 0.988927 0.360086
vt 0.989908 0.322523
vt 0.984019 0.368099
vt 0.977727 0.360560
vt 0.990261 0.360560
vt 0.990241 0.322612
vt 0.977747 0.322612
vt 0.983994 0.368783
vt 0.990261 0.360560
vt 0.977727 0.360560
vt 0.980597 0.322272
vt 0.989908 0.322523
vt 0.988927 0.360086
vt 0.979547 0.359833
vt 0.984019 0.368099
vt 0.817770 0.772760
vt 0.804134 0.801413
vt 0.804134 0.794244
vt 0.814503 0.772523
vt 0.827627 0.746571
vt 0.825301 0.746128
vt 0.844071 0.699425
vt 0.840533 0.697440
vt 0.852879 0.662254
vt 0.857447 0.638098
vt 0.837723 0.636673
vt 0.838928 0.614118
vt 0.867748 0.613276
vt 0.844051 0.558509
vt 0.833237 0.558509
vt 0.804134 0.709694
vt 0.806002 0.702882
vt 0.817716 0.715041
vt 0.835652 0.726713
vt 0.833452 0.725281
vt 0.834338 0.658064
vt 0.826399 0.689509
vt 0.810971 0.682402
vt 0.816081 0.654428
vt 0.819144 0.635276
vt 0.819681 0.612644
vt 0.822900 0.558509
vt 0.804134 0.742102
vt 0.831252 0.723849
vt 0.822976 0.745686
vt 0.811236 0.772286
vt 0.804134 0.771771
vt 0.804134 0.787075
vt 0.862499 0.811339
vt 0.839668 0.814314
vt 0.848286 0.793625
vt 0.859790 0.876742
vt 0.820691 0.882001
vt 0.825278 0.854097
vt 0.871507 0.839118
vt 0.829588 0.773298
vt 0.848792 0.773366
vt 0.808015 0.880651
vt 0.803782 0.865905
vt 0.850040 0.723315
vt 0.876779 0.770832
vt 0.815753 0.819323
vt 0.825361 0.928014
vt 0.801457 0.922213
vt 0.825962 0.910695
vt 0.829589 0.965965
vt 0.798865 0.997115
vt 0.806532 0.904488
vt 0.885981 0.809312
vt 0.875866 0.875940
vt 0.888521 0.843961
vt 0.794017 0.934468
vt 0.727827 0.609283
vt 0.742523 0.616520
vt 0.757563 0.593475
vt 0.749700 0.587793
vt 0.728685 0.697791
vt 0.740274 0.703379
vt 0.738418 0.649396
vt 0.727799 0.644637
vt 0.712355 0.637616
vt 0.744993 0.759310
vt 0.734846 0.730122
vt 0.730329 0.752363
vt 0.753326 0.710278
vt 0.770580 0.719242
vt 0.714704 0.746078
vt 0.710650 0.688781
vt 0.723027 0.788192
vt 0.792475 0.674179
vt 0.781811 0.669358
vt 0.771163 0.664495
vt 0.778242 0.632567
vt 0.767118 0.627589
vt 0.774057 0.604589
vt 0.768491 0.600466
vt 0.789376 0.637518
vt 0.762773 0.596554
vt 0.750821 0.620584
vt 0.147453 0.172269
vt 0.143643 0.173837
vt 0.161042 0.221347
vt 0.164945 0.219871
vt 0.071415 0.048368
vt 0.075174 0.099801
vt 0.102554 0.093134
vt 0.028017 0.296918
vt 0.025864 0.251057
vt 0.004339 0.300133
vt 0.191778 0.354217
vt 0.196002 0.354512
vt 0.191122 0.311988
vt 0.186961 0.312370
vt 0.019616 0.196337
vt 0.032216 0.150311
vt 0.019223 0.147051
vt 0.004975 0.195231
vt 0.189664 0.431236
vt 0.051012 0.294084
vt 0.059768 0.247988
vt 0.030870 0.323075
vt 0.047796 0.320765
vt 0.082154 0.193123
vt 0.005289 0.252495
vt 0.038828 0.100389
vt 0.048959 0.102971
vt 0.180068 0.265687
vt 0.176010 0.266734
vt 0.125869 0.132436
vt 0.052127 0.354397
vt 0.064024 0.361727
vt 0.064314 0.347212
vt 0.143121 0.415297
vt 0.154899 0.403464
vt 0.117230 0.397961
vt 0.160530 0.351127
vt 0.131106 0.352154
vt 0.126149 0.371905
vt 0.135417 0.282000
vt 0.113959 0.242788
vt 0.087340 0.263025
vt 0.109741 0.295898
vt 0.074664 0.296125
vt 0.067948 0.321850
vt 0.086431 0.301225
vt 0.099826 0.302443
vt 0.090887 0.289687
vt 0.083262 0.321174
vt 0.109276 0.320515
vt 0.080702 0.355510
vt 0.120706 0.349736
vt 0.096421 0.376056
vt 0.110997 0.376075
vt 0.073504 0.373325
vt 0.087917 0.386829
vt 0.104517 0.384699
vt 0.103860 0.398899
vt 0.120999 0.385200
vt 0.121936 0.321812
vt 0.018140 0.325094
vt 0.078588 0.145056
vt 0.129805 0.131269
vt 0.149743 0.316838
vt 0.101486 0.139315
vt 0.115630 0.183005
vt 0.133884 0.233776
vt 0.070560 0.377379
vt 0.084624 0.391729
vt 0.102738 0.404294
vt 0.038024 0.353655
vt 0.059239 0.372417
vt 0.044745 0.361530
vt 0.063772 0.365344
vt 0.106024 0.091393
vt 0.071132 0.044553
vt 0.075175 0.099793
vt 0.019538 0.196166
vt 0.032260 0.150347
vt 0.048987 0.102844
vt 0.086501 0.301395
vt 0.091332 0.289730
vt 0.083296 0.321131
vt 0.120706 0.349691
vt 0.080590 0.355488
vt 0.095895 0.376172
vt 0.312726 0.210470
vt 0.321052 0.242300
vt 0.326202 0.239663
vt 0.260282 0.139140
vt 0.283305 0.179492
vt 0.291008 0.175631
vt 0.212363 0.278998
vt 0.219905 0.253064
vt 0.207008 0.245400
vt 0.194838 0.277106
vt 0.313156 0.426389
vt 0.308591 0.333461
vt 0.290132 0.361807
vt 0.239429 0.256696
vt 0.225192 0.288650
vt 0.212939 0.303527
vt 0.261412 0.219257
vt 0.237041 0.217293
vt 0.260938 0.185659
vt 0.232649 0.177418
vt 0.288405 0.268664
vt 0.306207 0.317568
vt 0.340352 0.326868
vt 0.300729 0.215163
vt 0.224841 0.352586
vt 0.225681 0.336327
vt 0.220355 0.337160
vt 0.237749 0.318094
vt 0.225417 0.313192
vt 0.231487 0.340687
vt 0.262037 0.263620
vt 0.279979 0.290915
vt 0.250812 0.285114
vt 0.258761 0.302829
vt 0.268555 0.297822
vt 0.262405 0.289678
vt 0.278243 0.319109
vt 0.253013 0.329322
vt 0.283649 0.340000
vt 0.253009 0.340477
vt 0.259686 0.354741
vt 0.270905 0.368285
vt 0.247994 0.364144
vt 0.272225 0.380602
vt 0.294795 0.337816
vt 0.289538 0.314844
vt 0.197940 0.306056
vt 0.217632 0.325339
vt 0.217053 0.213752
vt 0.279153 0.384026
vt 0.271542 0.385860
vt 0.231519 0.344469
vt 0.244675 0.368704
vt 0.208625 0.329111
vt 0.215058 0.339785
vt 0.347665 0.344256
vt 0.343955 0.324235
vt 0.283571 0.339962
vt 0.983218 0.714384
vt 0.990052 0.760477
vt 0.965201 0.755578
vt 0.960207 0.714474
vt 0.932298 0.342136
vt 0.965694 0.342099
vt 0.965462 0.448679
vt 0.932295 0.448697
vt 0.970962 0.584990
vt 0.932295 0.584767
vt 0.978894 0.675067
vt 0.954355 0.674770
vt 0.932214 0.955876
vt 0.936925 0.945685
vt 0.950622 0.958790
vt 0.931818 0.994944
vt 0.955745 0.940899
vt 0.976211 0.948714
vt 0.964211 0.977528
vt 0.932295 0.254074
vt 0.966300 0.254017
vt 0.967133 0.920079
vt 0.995111 0.921006
vt 0.932295 0.674244
vt 0.932295 0.703177
vt 0.932295 0.675401
vt 0.955356 0.995398
vt 0.941636 0.935494
vt 0.947531 0.919252
vt 0.945179 0.751474
vt 0.942543 0.714467
vt 0.934798 0.714741
vt 0.939929 0.750727
vt 0.881175 0.714083
vt 0.904204 0.714313
vt 0.898217 0.754938
vt 0.873488 0.759776
vt 0.899128 0.448679
vt 0.898906 0.342103
vt 0.893629 0.584990
vt 0.885696 0.675067
vt 0.910235 0.674770
vt 0.915128 0.958350
vt 0.927691 0.945595
vt 0.898291 0.254018
vt 0.888462 0.948301
vt 0.870126 0.919922
vt 0.897829 0.919806
vt 0.908900 0.940617
vt 0.929706 0.714768
vt 0.908274 0.995089
vt 0.917363 0.918918
vt 0.923168 0.935313
vt 0.918948 0.751355
vt 0.921899 0.714468
vt 0.924133 0.750855
vt 0.915066 0.796984
vt 0.901881 0.816603
vt 0.929520 0.777866
vt 0.985125 0.794311
vt 0.991658 0.840207
vt 0.984157 0.817862
vt 0.981396 0.873103
vt 0.956541 0.882736
vt 0.939755 0.888664
vt 0.933722 0.870236
vt 0.945312 0.854496
vt 0.961693 0.828676
vt 0.977780 0.828660
vt 0.991370 0.858952
vt 0.991690 0.879914
vt 0.980833 0.776049
vt 0.955922 0.821946
vt 0.937129 0.815602
vt 0.959649 0.767861
vt 0.922235 0.893957
vt 0.904890 0.890459
vt 0.916165 0.808843
vt 0.942631 0.761160
vt 0.880048 0.884942
vt 0.938068 0.759682
vt 0.932188 0.955876
vt 0.949232 0.958581
vt 0.936916 0.945684
vt 0.976034 0.948881
vt 0.967133 0.920063
vt 0.955797 0.940911
vt 0.941644 0.935492
vt 0.927672 0.945597
vt 0.913731 0.958537
vt 0.908957 0.940603
vt 0.888327 0.948134
vt 0.899789 0.977097
vt 0.897825 0.919797
vt 0.923157 0.935318
vt 0.927911 0.920571
vt 0.939153 0.920643
vt 0.941778 0.910384
vt 0.925641 0.910259
vt 0.928017 0.920540
vt 0.925584 0.910238
vt 0.941720 0.910404
vt 0.939258 0.920676
vt 0.930180 0.930884
vt 0.933330 0.946950
vt 0.936528 0.930901
vt 0.936796 0.930948
vt 0.930450 0.930842
vt 0.900070 0.977871
vt 0.963937 0.978291
vt 0.906321 0.151889
vt 0.932295 0.151792
vt 0.932295 0.202678
vt 0.898185 0.202666
vt 0.914012 0.114667
vt 0.932295 0.114441
vt 0.924375 0.081356
vt 0.932295 0.080929
vt 0.933089 0.076811
vt 0.929129 0.077024
vt 0.933883 0.072692
vt 0.904301 0.151897
vt 0.910628 0.114708
vt 0.919905 0.081598
vt 0.927145 0.075841
vt 0.902281 0.151905
vt 0.907244 0.114750
vt 0.915434 0.081839
vt 0.925161 0.074658
vt 0.930765 0.072963
vt 0.930024 0.071068
vt 0.934385 0.070085
vt 0.934134 0.071388
vt 0.934888 0.067478
vt 0.958269 0.151889
vt 0.966405 0.202666
vt 0.966299 0.254018
vt 0.950578 0.114667
vt 0.940215 0.081356
vt 0.931501 0.076811
vt 0.930707 0.072692
vt 0.935461 0.077024
vt 0.960289 0.151897
vt 0.953962 0.114708
vt 0.944685 0.081598
vt 0.937445 0.075841
vt 0.957346 0.114750
vt 0.962309 0.151905
vt 0.949156 0.081839
vt 0.939429 0.074658
vt 0.933825 0.072963
vt 0.934566 0.071068
vt 0.930456 0.071388
vt 0.930205 0.070085
vt 0.929702 0.067478
vt 0.810390 0.049323
vt 0.839480 0.049323
vt 0.839480 0.395884
vt 0.810390 0.408747
vt 0.851060 0.049323
vt 0.851060 0.395884
vt 0.862710 0.049323
vt 0.890837 0.049323
vt 0.890837 0.395884
vt 0.862710 0.395884
vt 0.839480 0.421611
vt 0.839480 0.504023
vt 0.810390 0.504023
vt 0.858185 0.421611
vt 0.850947 0.434437
vt 0.850947 0.421611
vt 0.890837 0.436237
vt 0.855578 0.436237
vt 0.862710 0.421611
vt 0.890837 0.421611
vt 0.890837 0.457016
vt 0.853631 0.457016
vt 0.858185 0.395884
vt 0.853631 0.497041
vt 0.839480 0.512963
vt 0.810390 0.512926
vt 0.824417 0.542344
vt 0.810390 0.541564
vt 0.853631 0.520970
vt 0.890837 0.483867
vt 0.865916 0.527865
vt 0.879249 0.527865
vt 0.879249 0.539839
vt 0.859366 0.539839
vt 0.890837 0.520970
vt 0.879249 0.545194
vt 0.858273 0.545194
vt 0.858185 0.049323
vt 0.025716 0.733741
vt 0.008139 0.755907
vt 0.041064 0.757694
vt 0.287040 0.513876
vt 0.253003 0.463168
vt 0.253003 0.498098
vt 0.274992 0.537380
vt 0.325529 0.703570
vt 0.290845 0.675921
vt 0.289095 0.721258
vt 0.305878 0.743807
vt 0.323069 0.761080
vt 0.313081 0.570247
vt 0.297254 0.479510
vt 0.332839 0.531924
vt 0.351142 0.491563
vt 0.316046 0.441764
vt 0.290731 0.903251
vt 0.301990 0.746075
vt 0.285014 0.903452
vt 0.296302 0.581659
vt 0.267955 0.550807
vt 0.286926 0.587641
vt 0.295714 0.610697
vt 0.304719 0.609750
vt 0.298653 0.634777
vt 0.308071 0.635015
vt 0.265534 0.388918
vt 0.253003 0.524191
vt 0.065299 0.844994
vt 0.055365 0.858551
vt 0.055753 0.943157
vt 0.065299 0.963205
vt 0.045780 0.842049
vt 0.049895 0.828768
vt 0.049146 0.797669
vt 0.050262 0.750684
vt 0.040933 0.734823
vt 0.024018 0.710770
vt 0.008139 0.713032
vt 0.008139 0.695350
vt 0.008139 0.976544
vt 0.008139 0.994644
vt 0.294104 0.918658
vt 0.327206 0.904230
vt 0.288804 0.923864
vt 0.328297 0.705181
vt 0.329158 0.638759
vt 0.326201 0.633226
vt 0.197909 0.538684
vt 0.216434 0.506351
vt 0.245371 0.567486
vt 0.339759 0.537863
vt 0.353851 0.511258
vt 0.429544 0.961328
vt 0.486070 0.896515
vt 0.414878 0.903284
vt 0.478983 0.788107
vt 0.441469 0.812118
vt 0.509663 0.809171
vt 0.424164 0.754950
vt 0.446608 0.739110
vt 0.419431 0.659631
vt 0.401062 0.657574
vt 0.400765 0.701691
vt 0.418209 0.702897
vt 0.362783 0.678562
vt 0.388670 0.722054
vt 0.326573 0.760890
vt 0.410294 0.814343
vt 0.401893 0.756225
vt 0.353916 0.816382
vt 0.392024 0.910589
vt 0.604141 0.712587
vt 0.588164 0.696280
vt 0.582717 0.739712
vt 0.335586 0.799077
vt 0.341376 0.839655
vt 0.342157 0.906867
vt 0.323541 0.604091
vt 0.392171 0.718969
vt 0.367535 0.676437
vt 0.671542 0.350569
vt 0.652858 0.350569
vt 0.652858 0.448919
vt 0.671542 0.448919
vt 0.608163 0.291433
vt 0.589353 0.315271
vt 0.655929 0.333627
vt 0.653528 0.481640
vt 0.632811 0.481640
vt 0.639264 0.534142
vt 0.629372 0.534142
vt 0.438581 0.689681
vt 0.590859 0.481640
vt 0.590859 0.534142
vt 0.589353 0.448919
vt 0.631956 0.656003
vt 0.603753 0.658160
vt 0.619835 0.686409
vt 0.631535 0.630858
vt 0.611324 0.633828
vt 0.557606 0.666686
vt 0.557606 0.729658
vt 0.419001 0.596952
vt 0.407069 0.630013
vt 0.435437 0.623388
vt 0.117018 0.433030
vt 0.133210 0.451427
vt 0.130654 0.454078
vt 0.620579 0.583755
vt 0.590859 0.595953
vt 0.337073 0.633893
vt 0.347607 0.651011
vt 0.143873 0.484599
vt 0.144080 0.472080
vt 0.154496 0.494866
vt 0.436424 0.662205
vt 0.139630 0.441714
vt 0.159730 0.454601
vt 0.630958 0.595953
vt 0.586287 0.629737
vt 0.150647 0.504492
vt 0.631888 0.571558
vt 0.559796 0.754127
vt 0.245370 0.452985
vt 0.245371 0.493635
vt 0.200823 0.483672
vt 0.200823 0.410460
vt 0.180185 0.474243
vt 0.160723 0.514186
vt 0.183528 0.495394
vt 0.334278 0.604569
vt 0.337593 0.579833
vt 0.589353 0.350569
vt 0.582637 0.311161
vt 0.582637 0.481640
vt 0.582637 0.534142
vt 0.582637 0.448919
vt 0.582637 0.595953
vt 0.578706 0.628116
vt 0.557606 0.659304
vt 0.582637 0.350569
vt 0.400679 0.943305
vt 0.008139 0.899509
vt 0.329608 0.839206
vt 0.295229 0.925446
vt 0.245371 0.537439
vt 0.254414 0.425739
vt 0.397713 0.685143
vt 0.396606 0.718379
vt 0.341159 0.580218
vt 0.348563 0.540077
vt 0.346215 0.540374
vt 0.399669 0.568542
vt 0.402609 0.567191
vt 0.374160 0.532830
vt 0.370417 0.535273
vt 0.415342 0.596546
vt 0.403764 0.629641
vt 0.398261 0.657748
vt 0.341792 0.636049
vt 0.351947 0.649113
vt 0.371116 0.675665
vt 0.337889 0.604231
vt 0.384050 0.671317
vt 0.368252 0.584926
vt 0.359214 0.634212
vt 0.390289 0.629708
vt 0.359366 0.536511
vt 0.438743 0.597231
vt 0.419683 0.534835
vt 0.423348 0.565732
vt 0.429083 0.564989
vt 0.057086 0.767821
vt 0.497452 0.943678
vt 0.510416 0.922916
vt 0.573945 0.543005
vt 0.574359 0.618257
vt 0.560041 0.617423
vt 0.559504 0.519627
vt 0.437221 0.995080
vt 0.656466 0.560076
vt 0.658496 0.573025
vt 0.648160 0.571661
vt 0.647539 0.559502
vt 0.650935 0.614094
vt 0.648689 0.543900
vt 0.659750 0.543648
vt 0.652634 0.533859
vt 0.663244 0.535166
vt 0.383236 0.964620
vt 0.415842 0.968804
vt 0.642475 0.612170
vt 0.642779 0.620331
vt 0.657948 0.523456
vt 0.665309 0.525357
vt 0.288294 0.909274
vt 0.290930 0.908900
vt 0.291049 0.914982
vt 0.355148 0.517446
vt 0.569585 0.625545
vt 0.645143 0.594360
vt 0.653006 0.576592
vt 0.653565 0.605283
vt 0.286224 0.675685
vt 0.283808 0.721263
vt 0.796503 0.305451
vt 0.781992 0.305310
vt 0.789045 0.279887
vt 0.796807 0.282197
vt 0.782191 0.279825
vt 0.253389 0.388084
vt 0.252784 0.401477
vt 0.201806 0.401477
vt 0.202410 0.388084
vt 0.663022 0.523588
vt 0.648247 0.577786
vt 0.663830 0.582260
vt 0.658485 0.606821
vt 0.751449 0.065431
vt 0.708980 0.108084
vt 0.753047 0.095340
vt 0.786452 0.144901
vt 0.755934 0.159162
vt 0.797773 0.201530
vt 0.722105 0.031305
vt 0.718445 0.063484
vt 0.784363 0.087839
vt 0.785908 0.062800
vt 0.974767 0.038830
vt 0.963113 0.078848
vt 0.996064 0.071985
vt 0.995958 0.039017
vt 0.962630 0.121065
vt 0.996095 0.121100
vt 0.982099 0.022427
vt 0.995818 0.022288
vt 0.905647 0.010572
vt 0.938877 0.044350
vt 0.875027 0.028644
vt 0.717645 0.031656
vt 0.709869 0.055178
vt 0.692630 0.077642
vt 0.962106 0.029700
vt 0.987580 0.010572
vt 0.745491 0.027883
vt 0.857554 0.021837
vt 0.843415 0.010572
vt 0.773427 0.018407
vt 0.755391 0.025723
vt 0.800215 0.050778
vt 0.704975 0.325468
vt 0.707786 0.311752
vt 0.749257 0.316366
vt 0.737549 0.289803
vt 0.737278 0.159939
vt 0.758013 0.176715
vt 0.759151 0.298793
vt 0.696941 0.281257
vt 0.689279 0.327527
vt 0.696673 0.156387
vt 0.801069 0.226144
vt 0.727927 0.371322
vt 0.699509 0.388196
vt 0.765373 0.319784
vt 0.730399 0.554212
vt 0.760391 0.555894
vt 0.729391 0.560816
vt 0.767286 0.567561
vt 0.777413 0.589227
vt 0.763121 0.577045
vt 0.754868 0.565791
vt 0.703173 0.544801
vt 0.722424 0.551589
vt 0.720391 0.554580
vt 0.702233 0.549031
vt 0.180428 0.948948
vt 0.163237 0.934166
vt 0.165349 0.971980
vt 0.179210 0.984351
vt 0.166461 0.981684
vt 0.176000 0.994385
vt 0.139688 0.922861
vt 0.152197 0.975475
vt 0.160741 0.967868
vt 0.144079 0.906394
vt 0.132264 0.904227
vt 0.123040 0.881802
vt 0.123040 0.892657
vt 0.182828 0.948060
vt 0.189219 0.985003
vt 0.142313 0.850125
vt 0.123040 0.832587
vt 0.123040 0.836365
vt 0.140821 0.853253
vt 0.159547 0.871859
vt 0.156871 0.872647
vt 0.171788 0.931450
vt 0.178841 0.934127
vt 0.202362 0.939036
vt 0.202355 0.902608
vt 0.178690 0.890223
vt 0.715524 0.539654
vt 0.723181 0.529857
vt 0.729571 0.528872
vt 0.157405 0.978641
vt 0.153604 0.971570
vt 0.157916 0.967992
vt 0.153783 0.972335
vt 0.737822 0.361274
vt 0.807636 0.600899
vt 0.788350 0.600878
vt 0.133175 0.904227
vt 0.070350 0.898132
vt 0.123871 0.911815
vt 0.102638 0.890322
vt 0.093263 0.841082
vt 0.082464 0.823613
vt 0.079556 0.825725
vt 0.089349 0.842892
vt 0.070350 0.940089
vt 0.091496 0.943278
vt 0.070350 0.918536
vt 0.139841 0.972545
vt 0.135383 0.957331
vt 0.128113 0.956786
vt 0.136982 0.948266
vt 0.123968 0.936756
vt 0.107662 0.887857
vt 0.128299 0.908062
vt 0.088311 0.962702
vt 0.109185 0.965973
vt 0.133088 0.989864
vt 0.070350 0.846850
vt 0.070350 0.817198
vt 0.070350 0.812965
vt 0.101856 0.977436
vt 0.143369 0.973523
vt 0.137615 0.990964
vt 0.133324 0.994185
vt 0.070350 0.830616
vt 0.105969 0.846234
vt 0.108445 0.843093
vt 0.109782 0.849953
vt 0.107395 0.840483
vt 0.108469 0.858499
vt 0.105969 0.838727
vt 0.112046 0.864421
vt 0.108458 0.860961
vt 0.113188 0.862129
vt 0.112351 0.859807
vt 0.112951 0.858773
vt 0.105969 0.855493
vt 0.112656 0.853001
vt 0.325529 0.703570
vt 0.334682 0.905549
vt 0.784570 0.285283
vt 0.792431 0.284124
vt 0.792429 0.297825
vt 0.784565 0.297825
vt 0.408357 0.994957
vt 0.201289 0.994957
vt 0.201289 0.983276
vt 0.408357 0.983276
vt 0.192489 0.962844
vt 0.197357 0.946823
vt 0.317238 0.946823
vt 0.320648 0.962844
vt 0.329034 0.961465
vt 0.329034 0.947313
vt 0.341180 0.947313
vt 0.341180 0.961465
vt 0.360431 0.961022
vt 0.347921 0.961022
vt 0.347921 0.947101
vt 0.360498 0.947101
vt 0.270044 0.785390
vt 0.261274 0.742650
vt 0.251571 0.752683
vt 0.174702 0.745506
vt 0.181370 0.721362
vt 0.137901 0.719907
vt 0.263776 0.890564
vt 0.271091 0.852935
vt 0.230730 0.864343
vt 0.250495 0.894725
vt 0.227926 0.760962
vt 0.221969 0.796799
vt 0.220434 0.720171
vt 0.234803 0.705307
vt 0.194790 0.727386
vt 0.181622 0.759361
vt 0.232045 0.884628
vt 0.199303 0.854019
vt 0.183691 0.867501
vt 0.221536 0.897346
vt 0.257225 0.907114
vt 0.247470 0.898122
vt 0.238600 0.906521
vt 0.208049 0.829850
vt 0.275554 0.869492
vt 0.280105 0.837100
vt 0.282531 0.784606
vt 0.271748 0.891254
vt 0.267842 0.903829
vt 0.249785 0.915309
vt 0.237506 0.910695
vt 0.142910 0.739802
vt 0.148326 0.780118
vt 0.169088 0.805226
vt 0.130171 0.755789
vt 0.129476 0.791907
vt 0.184194 0.817309
vt 0.113949 0.694946
vt 0.119219 0.726584
vt 0.129858 0.721066
vt 0.118887 0.693403
vt 0.189355 0.686880
vt 0.187086 0.670309
vt 0.107777 0.629088
vt 0.181059 0.693766
vt 0.127159 0.691475
vt 0.113612 0.672820
vt 0.108917 0.673453
vt 0.110735 0.695386
vt 0.115276 0.727710
vt 0.126104 0.760356
vt 0.122074 0.654833
vt 0.267119 0.701076
vt 0.264305 0.696201
vt 0.270444 0.691957
vt 0.273749 0.700551
vt 0.257715 0.685198
vt 0.261757 0.682975
vt 0.259614 0.680867
vt 0.255640 0.682769
vt 0.246639 0.672445
vt 0.273538 0.708961
vt 0.272574 0.718543
vt 0.270157 0.709440
vt 0.218665 0.903202
vt 0.177826 0.875182
vt 0.147621 0.823803
vt 0.139685 0.827793
vt 0.163339 0.810070
vt 0.358597 0.968283
vt 0.204554 0.968270
vt 0.195651 0.978207
vt 0.367664 0.978222
vt 0.360498 0.961094
vt 0.131386 0.042311
vt 0.126682 0.004525
vt 0.090903 0.055934
vt 0.193363 0.199518
vt 0.176204 0.216637
vt 0.182235 0.170573
vt 0.197609 0.181651
vt 0.201294 0.005144
vt 0.169574 0.085859
vt 0.209047 0.049178
vt 0.249710 0.113550
vt 0.266061 0.081540
vt 0.273836 0.113482
vt 0.218950 0.084689
vt 0.243296 0.056656
vt 0.289538 0.107480
vt 0.292701 0.080337
vt 0.314476 0.072875
vt 0.226850 0.121378
vt 0.201952 0.119579
vt 0.232873 0.100511
vt 0.636635 0.189282
vt 0.636024 0.070359
vt 0.672796 0.073215
vt 0.672796 0.216007
vt 0.489288 0.773395
vt 0.491720 0.704096
vt 0.458329 0.735974
vt 0.526065 0.807584
vt 0.515026 0.735971
vt 0.137775 0.131245
vt 0.117649 0.078796
vt 0.142489 0.096847
vt 0.160825 0.158709
vt 0.276352 0.072302
vt 0.459136 0.303947
vt 0.459525 0.461534
vt 0.473732 0.475965
vt 0.473644 0.286269
vt 0.506166 0.691600
vt 0.472298 0.506626
vt 0.530574 0.723186
vt 0.552964 0.721929
vt 0.552964 0.691008
vt 0.552964 0.744187
vt 0.535234 0.758678
vt 0.552964 0.768635
vt 0.069461 0.032378
vt 0.014841 0.005144
vt 0.008620 0.032606
vt 0.203129 0.105764
vt 0.578118 0.936481
vt 0.585407 0.890578
vt 0.608897 0.890638
vt 0.617015 0.936494
vt 0.596334 0.188867
vt 0.597972 0.227970
vt 0.602889 0.177360
vt 0.656752 0.279298
vt 0.578081 0.233472
vt 0.653383 0.305275
vt 0.661810 0.304332
vt 0.661810 0.279298
vt 0.560165 0.503868
vt 0.560165 0.491902
vt 0.575655 0.473147
vt 0.560165 0.404449
vt 0.576763 0.422270
vt 0.582637 0.166275
vt 0.574823 0.179026
vt 0.661961 0.223526
vt 0.635471 0.208386
vt 0.175774 0.620511
vt 0.185397 0.651049
vt 0.182213 0.657694
vt 0.123448 0.610055
vt 0.150831 0.590907
vt 0.164280 0.578879
vt 0.195465 0.620654
vt 0.575921 0.290334
vt 0.561110 0.291316
vt 0.561110 0.279303
vt 0.575921 0.278995
vt 0.575921 0.365004
vt 0.561110 0.389773
vt 0.207304 0.661996
vt 0.208609 0.670170
vt 0.204485 0.643402
vt 0.112364 0.609233
vt 0.112364 0.546985
vt 0.119906 0.528636
vt 0.600960 0.144404
vt 0.550681 0.171348
vt 0.551302 0.064446
vt 0.601285 0.071927
vt 0.585505 0.890207
vt 0.597606 0.871911
vt 0.609084 0.890195
vt 0.497372 0.114853
vt 0.532218 0.182451
vt 0.504480 0.240085
vt 0.458329 0.682576
vt 0.458329 0.590570
vt 0.193269 0.564200
vt 0.235191 0.606512
vt 0.156587 0.546418
vt 0.195114 0.126336
vt 0.211929 0.142774
vt 0.361123 0.495825
vt 0.408343 0.558012
vt 0.407529 0.522194
vt 0.383111 0.489052
vt 0.402767 0.429418
vt 0.410519 0.425802
vt 0.375975 0.403258
vt 0.344285 0.427446
vt 0.348851 0.384706
vt 0.370120 0.435749
vt 0.418086 0.465662
vt 0.411062 0.469541
vt 0.413682 0.529951
vt 0.383052 0.400150
vt 0.329108 0.428545
vt 0.330331 0.412446
vt 0.336237 0.412023
vt 0.335136 0.431938
vt 0.334810 0.446394
vt 0.335102 0.404188
vt 0.314003 0.102896
vt 0.617021 0.936324
vt 0.618004 0.972718
vt 0.576922 0.972594
vt 0.578129 0.936289
vt 0.458329 0.519105
vt 0.614914 0.993981
vt 0.596978 0.993981
vt 0.596978 0.977153
vt 0.618566 0.979518
vt 0.618554 0.980589
vt 0.618003 0.972162
vt 0.261022 0.071656
vt 0.470689 0.275441
vt 0.460072 0.256519
vt 0.457364 0.277462
vt 0.694267 0.468891
vt 0.694267 0.460279
vt 0.681157 0.473039
vt 0.416590 0.304282
vt 0.414686 0.316775
vt 0.451921 0.462781
vt 0.450493 0.447413
vt 0.465944 0.475283
vt 0.442678 0.510715
vt 0.442678 0.537132
vt 0.429734 0.524549
vt 0.429734 0.511151
vt 0.429734 0.459059
vt 0.442678 0.454301
vt 0.681157 0.502518
vt 0.694267 0.515533
vt 0.456827 0.726051
vt 0.264182 0.659123
vt 0.265942 0.699558
vt 0.266729 0.715062
vt 0.252779 0.700792
vt 0.254763 0.688448
vt 0.260258 0.691668
vt 0.260258 0.693802
vt 0.257990 0.691669
vt 0.255400 0.707138
vt 0.255400 0.696334
vt 0.257478 0.694214
vt 0.199385 0.100375
vt 0.577628 0.993931
vt 0.577472 0.977442
vt 0.577404 0.975721
vt 0.577084 0.970873
vt 0.462506 0.018613
vt 0.521639 0.006766
vt 0.551787 0.483818
vt 0.552964 0.220067
vt 0.542736 0.214213
vt 0.031570 0.005144
vt 0.523480 0.059642
vt 0.230173 0.005144
vt 0.374935 0.260966
vt 0.374935 0.244733
vt 0.396867 0.242117
vt 0.396867 0.283090
vt 0.374935 0.159262
vt 0.397648 0.167590
vt 0.396867 0.050266
vt 0.372681 0.046314
vt 0.370427 0.237860
vt 0.370427 0.158129
vt 0.370427 0.251841
vt 0.372611 0.263685
vt 0.389480 0.282583
vt 0.365810 0.269572
vt 0.356887 0.255190
vt 0.385725 0.292941
vt 0.342773 0.174022
vt 0.363813 0.237295
vt 0.356362 0.236183
vt 0.346053 0.056266
vt 0.363813 0.048464
vt 0.363813 0.158316
vt 0.363813 0.247385
vt 0.317053 0.176729
vt 0.328320 0.052783
vt 0.346785 0.031796
vt 0.327342 0.068117
vt 0.333889 0.232847
vt 0.370427 0.015690
vt 0.396867 0.006941
vt 0.363813 0.017654
vt 0.342060 0.250375
vt 0.344202 0.258100
vt 0.418798 0.244733
vt 0.418798 0.260966
vt 0.418798 0.159262
vt 0.418798 0.047139
vt 0.426613 0.237577
vt 0.455872 0.174022
vt 0.426613 0.249613
vt 0.418798 0.017276
vt 0.446948 0.031796
vt 0.447680 0.056266
vt 0.421122 0.263685
vt 0.404253 0.282583
vt 0.427923 0.269572
vt 0.436846 0.255190
vt 0.408009 0.292941
vt 0.476681 0.176729
vt 0.459844 0.232847
vt 0.451673 0.250375
vt 0.465413 0.052783
vt 0.466391 0.068117
vt 0.449531 0.258100
vt 0.063382 0.005144
vt 0.617718 0.167545
vt 0.617718 0.067863
vt 0.672796 0.005420
vt 0.551538 0.006067
vt 0.617718 0.005420
vt 0.600960 0.006766
vt 0.618567 0.992742
vt 0.085849 0.770383
vt 0.075295 0.780446
vt 0.100416 0.817741
vt 0.054483 0.714433
vt 0.060034 0.685055
vt 0.031918 0.667029
vt 0.046668 0.695625
vt 0.049183 0.435797
vt 0.049087 0.397202
vt 0.005151 0.354899
vt 0.005151 0.544912
vt 0.095056 0.825073
vt 0.113067 0.832229
vt 0.010893 0.333524
vt 0.012230 0.567799
vt 0.082851 0.514192
vt 0.066819 0.499751
vt 0.089440 0.466759
vt 0.066954 0.462281
vt 0.069936 0.431539
vt 0.029303 0.631527
vt 0.005350 0.634838
vt 0.032084 0.654642
vt 0.064428 0.393601
vt 0.031733 0.609016
vt 0.036838 0.631079
vt 0.005350 0.645652
vt 0.035973 0.659474
vt 0.035714 0.683522
vt 0.005350 0.578170
vt 0.041143 0.603748
vt 0.009089 0.572377
vt 0.041966 0.706060
vt 0.015355 0.663893
vt 0.015112 0.667452
vt 0.011637 0.665038
vt 0.011637 0.659224
vt 0.015543 0.678390
vt 0.011637 0.681312
vt 0.015506 0.676270
vt 0.100136 0.679204
vt 0.053811 0.626696
vt 0.049161 0.435781
vt 0.048951 0.397110
vt 0.020960 0.675266
vt 0.113583 0.770816
vt 0.114093 0.770750
vt 0.113582 0.770816
vt 0.019451 0.688022
vt 0.017339 0.696104
vt 0.016569 0.694136
vt 0.016209 0.687617
vt 0.086349 0.537533
vt 0.077391 0.639953
vt 0.086349 0.631181
vt 0.100322 0.532832
vt 0.089609 0.518181
vt 0.077391 0.526714
vt 0.100322 0.640942
vt 0.094530 0.653498
vt 0.068434 0.537533
vt 0.068434 0.631181
vt 0.121592 0.451797
vt 0.112073 0.460168
vt 0.112073 0.508702
vt 0.121592 0.521344
vt 0.096330 0.510813
vt 0.102341 0.527743
vt 0.096330 0.450289
vt 0.107151 0.437730
vt 0.107430 0.501143
vt 0.107430 0.474657
vt 0.103288 0.478919
vt 0.103288 0.498442
vt 0.258814 0.707903
vt 0.260258 0.707898
vt 0.680351 0.500764
vt 0.719993 0.515113
vt 0.680251 0.580120
vt 0.719231 0.416713
vt 0.680376 0.441342
vt 0.753508 0.398197
vt 0.755571 0.509559
vt 0.798337 0.312271
vt 0.805370 0.310399
vt 0.805370 0.351230
vt 0.769982 0.351718
vt 0.781971 0.398556
vt 0.761488 0.383232
vt 0.805370 0.376837
vt 0.788489 0.430123
vt 0.805370 0.400112
vt 0.805370 0.544004
vt 0.777291 0.499253
vt 0.778563 0.429764
vt 0.771417 0.492994
vt 0.753353 0.522216
vt 0.773238 0.544004
vt 0.754717 0.544004
vt 0.440933 0.394773
vt 0.433564 0.394767
vt 0.433788 0.363496
vt 0.440973 0.363502
vt 0.720163 0.404436
vt 0.677154 0.427838
vt 0.682370 0.393153
vt 0.709095 0.396936
vt 0.780568 0.309389
vt 0.774291 0.309297
vt 0.775264 0.300962
vt 0.787668 0.305797
vt 0.797077 0.287679
vt 0.789837 0.297751
vt 0.778705 0.292178
vt 0.786028 0.280802
vt 0.787364 0.279350
vt 0.798872 0.287201
vt 0.748778 0.544004
vt 0.788286 0.311104
vt 0.788326 0.279833
vt 0.781141 0.279827
vt 0.780917 0.311098
s 1
usemtl 武器
f 33/48/54 32/49/54 31/50/54
f 34/51/54 33/48/54 31/50/54
f 31/50/54 32/49/54 35/52/54
f 39/53/55 38/54/55 37/55/55
f 36/56/55 39/53/55 37/55/55
f 36/56/55 37/55/55 40/57/55
f 43/58/56 42/59/56 41/48/56
f 44/51/56 43/58/56 41/48/56
f 43/58/56 45/52/56 42/59/56
f 49/60/57 48/61/57 47/62/57
f 46/63/57 49/60/57 47/62/57
f 48/61/57 50/64/57 47/62/57
f 53/65/58 52/66/58 51/67/58
f 54/68/58 53/65/58 51/67/58
f 53/65/58 55/69/58 52/66/58
f 59/53/59 58/56/59 57/55/59
f 56/54/59 59/53/59 57/55/59
f 58/56/59 60/57/60 57/55/59
f 63/67/61 62/70/61 61/71/61
f 64/68/61 63/67/61 61/71/61
f 61/71/61 62/70/61 65/69/61
f 69/72/62 68/73/62 67/74/63
f 66/75/63 69/72/62 67/74/63
f 66/75/63 67/74/63 70/76/62
usemtl 武器1
f 74/77/64 73/78/65 72/79/66
f 71/80/67 74/77/64 72/79/66
f 75/81/68 74/77/64 71/80/67
f 76/82/69 75/81/68 71/80/67
f 79/83/70 78/84/71 77/85/72
f 83/86/73 82/87/74 81/88/75
f 80/89/76 83/86/73 81/88/75
f 85/90/77 80/89/76 81/88/75
f 84/91/78 85/90/77 81/88/75
f 88/92/79 87/93/80 86/94/81
f 79/83/70 90/95/82 89/96/83
f 78/84/71 79/83/70 89/96/83
f 77/85/72 91/97/84 82/87/74
f 83/86/73 77/85/72 82/87/74
f 90/95/82 75/81/68 76/82/69
f 89/96/83 90/95/82 76/82/69
f 91/97/84 94/98/85 93/99/86
f 92/100/87 91/97/84 93/99/86
f 81/88/75 82/87/74 95/101/88
f 96/102/89 81/88/75 95/101/88
f 84/91/78 81/88/75 96/102/89
f 97/103/90 84/91/78 96/102/89
f 94/98/85 86/94/81 87/93/80
f 93/99/86 94/98/85 87/93/80
f 91/97/84 92/100/87 95/101/88
f 82/87/74 91/97/84 95/101/88
f 86/94/81 98/104/91 88/92/79
f 77/85/72 78/84/71 94/98/85
f 91/97/84 77/85/72 94/98/85
f 78/84/71 99/105/92 86/94/81
f 94/98/85 78/84/71 86/94/81
f 86/94/81 99/105/92 100/106/93
f 98/104/91 86/94/81 100/106/93
f 98/104/91 100/106/93 102/107/94
f 101/108/95 98/104/91 102/107/94
f 102/107/94 103/109/96 101/108/95
f 71/80/67 72/79/66 103/109/96
f 102/107/94 71/80/67 103/109/96
f 76/82/69 71/80/67 102/107/94
f 100/106/93 76/82/69 102/107/94
f 78/84/71 89/96/83 99/105/92
f 89/96/83 76/82/69 100/106/93
f 99/105/92 89/96/83 100/106/93
f 107/77/97 106/80/98 105/79/99
f 104/78/100 107/77/97 105/79/99
f 106/80/98 107/77/97 108/81/101
f 109/82/102 106/80/98 108/81/101
f 112/83/103 111/85/104 110/84/105
f 116/86/106 115/89/107 114/88/108
f 113/87/109 116/86/106 114/88/108
f 118/90/110 117/91/111 114/88/108
f 115/89/107 118/90/110 114/88/108
f 121/92/112 120/94/113 119/93/114
f 112/83/103 110/84/105 123/96/115
f 122/95/116 112/83/103 123/96/115
f 113/87/109 124/97/117 111/85/104
f 116/86/106 113/87/109 111/85/104
f 122/95/116 123/96/115 109/82/102
f 108/81/101 122/95/116 109/82/102
f 124/97/117 127/100/118 126/99/119
f 125/98/120 124/97/117 126/99/119
f 128/101/121 113/87/109 114/88/108
f 129/102/122 128/101/121 114/88/108
f 117/91/111 130/103/123 129/102/122
f 114/88/108 117/91/111 129/102/122
f 125/98/120 126/99/119 119/93/114
f 120/94/113 125/98/120 119/93/114
f 128/101/121 127/100/118 124/97/117
f 113/87/109 128/101/121 124/97/117
f 120/94/113 121/92/112 131/104/124
f 111/85/104 124/97/117 125/98/120
f 110/84/105 111/85/104 125/98/120
f 110/84/105 125/98/120 120/94/113
f 132/105/125 110/84/105 120/94/113
f 120/94/113 131/104/124 133/106/126
f 132/105/125 120/94/113 133/106/126
f 131/104/124 135/108/127 134/107/128
f 133/106/126 131/104/124 134/107/128
f 134/107/128 135/108/127 136/109/129
f 106/80/98 134/107/128 136/109/129
f 105/79/99 106/80/98 136/109/129
f 134/107/128 106/80/98 109/82/102
f 133/106/126 134/107/128 109/82/102
f 110/84/105 132/105/125 123/96/115
f 123/96/115 132/105/125 133/106/126
f 109/82/102 123/96/115 133/106/126
f 138/77/130 137/80/131 72/79/66
f 73/78/65 138/77/130 72/79/66
f 137/80/131 138/77/130 139/81/132
f 140/82/133 137/80/131 139/81/132
f 143/83/134 142/85/135 141/84/136
f 147/86/137 146/89/138 145/88/139
f 144/87/140 147/86/137 145/88/139
f 149/90/141 148/91/142 145/88/139
f 146/89/138 149/90/141 145/88/139
f 88/92/79 151/94/143 150/93/144
f 143/83/134 141/84/136 153/96/145
f 152/95/146 143/83/134 153/96/145
f 144/87/140 154/97/147 142/85/135
f 147/86/137 144/87/140 142/85/135
f 152/95/146 153/96/145 140/82/133
f 139/81/132 152/95/146 140/82/133
f 154/97/147 157/100/148 156/99/149
f 155/98/150 154/97/147 156/99/149
f 158/101/151 144/87/140 145/88/139
f 159/102/152 158/101/151 145/88/139
f 148/91/142 160/103/153 159/102/152
f 145/88/139 148/91/142 159/102/152
f 155/98/150 156/99/149 150/93/144
f 151/94/143 155/98/150 150/93/144
f 158/101/151 157/100/148 154/97/147
f 144/87/140 158/101/151 154/97/147
f 151/94/143 88/92/79 98/104/91
f 142/85/135 154/97/147 155/98/150
f 141/84/136 142/85/135 155/98/150
f 141/84/136 155/98/150 151/94/143
f 161/105/154 141/84/136 151/94/143
f 151/94/143 98/104/91 162/106/155
f 161/105/154 151/94/143 162/106/155
f 98/104/91 101/108/95 163/107/156
f 162/106/155 98/104/91 163/107/156
f 163/107/156 101/108/95 103/109/96
f 137/80/131 163/107/156 103/109/96
f 72/79/66 137/80/131 103/109/96
f 163/107/156 137/80/131 140/82/133
f 162/106/155 163/107/156 140/82/133
f 141/84/136 161/105/154 153/96/145
f 153/96/145 161/105/154 162/106/155
f 140/82/133 153/96/145 162/106/155
f 165/77/157 104/78/100 105/79/99
f 164/80/158 165/77/157 105/79/99
f 166/81/159 165/77/157 164/80/158
f 167/82/160 166/81/159 164/80/158
f 170/83/161 169/84/162 168/85/163
f 174/86/164 173/87/165 172/88/166
f 171/89/167 174/86/164 172/88/166
f 176/90/168 171/89/167 172/88/166
f 175/91/169 176/90/168 172/88/166
f 121/92/112 178/93/170 177/94/171
f 170/83/161 180/95/172 179/96/173
f 169/84/162 170/83/161 179/96/173
f 168/85/163 181/97/174 173/87/165
f 174/86/164 168/85/163 173/87/165
f 180/95/172 166/81/159 167/82/160
f 179/96/173 180/95/172 167/82/160
f 181/97/174 184/98/175 183/99/176
f 182/100/177 181/97/174 183/99/176
f 172/88/166 173/87/165 185/101/178
f 186/102/179 172/88/166 185/101/178
f 175/91/169 172/88/166 186/102/179
f 187/103/180 175/91/169 186/102/179
f 184/98/175 177/94/171 178/93/170
f 183/99/176 184/98/175 178/93/170
f 181/97/174 182/100/177 185/101/178
f 173/87/165 181/97/174 185/101/178
f 177/94/171 131/104/124 121/92/112
f 168/85/163 169/84/162 184/98/175
f 181/97/174 168/85/163 184/98/175
f 169/84/162 188/105/181 177/94/171
f 184/98/175 169/84/162 177/94/171
f 177/94/171 188/105/181 189/106/182
f 131/104/124 177/94/171 189/106/182
f 131/104/124 189/106/182 190/107/183
f 135/108/127 131/104/124 190/107/183
f 190/107/183 136/109/129 135/108/127
f 164/80/158 105/79/99 136/109/129
f 190/107/183 164/80/158 136/109/129
f 167/82/160 164/80/158 190/107/183
f 189/106/182 167/82/160 190/107/183
f 169/84/162 179/96/173 188/105/181
f 179/96/173 167/82/160 189/106/182
f 188/105/181 179/96/173 189/106/182
f 193/110/184 192/111/185 191/112/186
f 196/113/187 195/114/188 194/115/189
f 197/116/190 196/113/187 194/115/189
f 191/112/186 199/117/191 198/118/192
f 195/114/188 201/119/193 200/120/194
f 194/115/189 195/114/188 200/120/194
f 199/117/191 202/121/195 198/118/192
f 198/118/192 202/121/195 203/122/196
f 197/116/190 194/115/189 192/111/185
f 193/110/184 197/116/190 192/111/185
f 194/115/189 204/123/197 192/111/185
f 207/124/198 206/125/199 205/126/200
f 209/127/201 208/128/202 207/124/198
f 206/125/199 210/129/203 205/126/200
f 198/118/192 203/122/196 191/112/186
f 211/130/204 197/116/190 193/110/184
f 213/131/205 196/113/187 197/116/190
f 212/132/206 213/131/205 197/116/190
f 208/128/202 214/133/207 207/124/198
f 193/110/184 191/112/186 203/122/196
f 211/130/204 193/110/184 203/122/196
f 192/111/185 204/123/197 199/117/191
f 191/112/186 192/111/185 199/117/191
f 194/115/189 200/120/194 204/123/197
f 211/130/204 212/132/206 197/116/190
f 195/114/188 210/129/203 201/119/193
f 196/113/187 205/126/200 195/114/188
f 207/124/198 214/133/207 206/125/199
f 195/114/188 205/126/200 210/129/203
f 217/110/208 216/112/209 215/111/210
f 220/115/211 219/114/212 218/113/213
f 221/116/214 220/115/211 218/113/213
f 216/112/209 223/118/215 222/117/216
f 219/114/212 220/115/211 225/120/217
f 224/119/218 219/114/212 225/120/217
f 222/117/216 223/118/215 226/121/219
f 223/118/215 227/122/220 226/121/219
f 221/116/214 217/110/208 215/111/210
f 220/115/211 221/116/214 215/111/210
f 220/115/211 215/111/210 228/123/221
f 231/124/222 230/126/223 229/125/224
f 233/127/225 231/124/222 232/128/226
f 229/125/224 230/126/223 234/129/227
f 223/118/215 216/112/209 227/122/220
f 235/130/228 217/110/208 221/116/214
f 237/131/229 236/132/230 221/116/214
f 218/113/213 237/131/229 221/116/214
f 232/128/226 231/124/222 238/133/231
f 227/122/220 216/112/209 217/110/208
f 235/130/228 227/122/220 217/110/208
f 222/117/216 228/123/221 215/111/210
f 216/112/209 222/117/216 215/111/210
f 220/115/211 228/123/221 225/120/217
f 235/130/228 221/116/214 236/132/230
f 219/114/212 224/119/218 234/129/227
f 231/124/222 229/125/224 238/133/231
f 219/114/212 234/129/227 230/126/223
f 218/113/213 219/114/212 230/126/223
f 241/134/232 240/135/233 239/136/234
f 242/137/235 241/134/232 239/136/234
f 246/138/236 245/139/237 244/140/238
f 243/141/239 246/138/236 244/140/238
f 247/142/240 243/141/239 240/135/233
f 241/134/232 247/142/240 240/135/233
f 248/143/241 250/144/242 249/145/243
f 248/143/241 251/146/244 250/144/242
f 248/143/241 252/147/245 251/146/244
f 253/148/246 246/138/236 254/149/247
f 253/148/246 250/144/242 246/138/236
f 253/148/246 249/145/243 250/144/242
f 253/148/246 255/150/248 249/145/243
f 249/145/243 255/150/248 248/143/241
f 252/147/245 257/151/249 256/152/250
f 251/146/244 252/147/245 256/152/250
f 260/153/251 256/152/250 259/154/252
f 258/155/253 260/153/251 259/154/252
f 263/156/254 262/157/255 259/154/252
f 261/158/256 263/156/254 259/154/252
f 264/159/257 239/136/234 240/135/233
f 265/160/258 264/159/257 240/135/233
f 254/149/247 246/138/236 243/141/239
f 247/142/240 254/149/247 243/141/239
f 243/141/239 244/140/238 265/160/258
f 240/135/233 243/141/239 265/160/258
f 251/146/244 245/139/237 250/144/242
f 250/144/242 245/139/237 246/138/236
f 251/146/244 256/152/250 260/153/251
f 245/139/237 251/146/244 260/153/251
f 256/152/250 257/151/249 261/158/256
f 259/154/252 256/152/250 261/158/256
f 262/157/255 266/159/259 258/155/253
f 259/154/252 262/157/255 258/155/253
f 269/136/260 268/135/261 267/134/262
f 270/137/263 269/136/260 267/134/262
f 274/140/264 273/139/265 272/138/266
f 271/141/267 274/140/264 272/138/266
f 268/135/261 271/141/267 275/142/268
f 267/134/262 268/135/261 275/142/268
f 280/144/269 277/143/270 276/145/271
f 279/146/272 277/143/270 280/144/269
f 279/146/272 278/147/273 277/143/270
f 272/138/266 282/148/274 281/149/275
f 280/144/269 282/148/274 272/138/266
f 280/144/269 276/145/271 282/148/274
f 282/148/274 276/145/271 283/150/276
f 276/145/271 277/143/270 283/150/276
f 278/147/273 279/146/272 284/152/277
f 285/151/278 278/147/273 284/152/277
f 288/153/279 287/155/280 286/154/281
f 284/152/277 288/153/279 286/154/281
f 291/156/282 290/158/283 286/154/281
f 289/157/284 291/156/282 286/154/281
f 268/135/261 269/136/260 292/159/285
f 293/160/286 268/135/261 292/159/285
f 271/141/267 272/138/266 281/149/275
f 275/142/268 271/141/267 281/149/275
f 271/141/267 268/135/261 293/160/286
f 274/140/264 271/141/267 293/160/286
f 279/146/272 280/144/269 273/139/265
f 280/144/269 272/138/266 273/139/265
f 279/146/272 273/139/265 288/153/279
f 284/152/277 279/146/272 288/153/279
f 284/152/277 286/154/281 290/158/283
f 285/151/278 284/152/277 290/158/283
f 289/157/284 286/154/281 287/155/280
f 294/159/287 289/157/284 287/155/280
f 297/136/288 296/135/289 295/134/290
f 298/137/291 297/136/288 295/134/290
f 301/138/292 300/141/293 299/140/294
f 302/139/295 301/138/292 299/140/294
f 296/135/289 300/141/293 303/142/296
f 295/134/290 296/135/289 303/142/296
f 305/143/297 307/146/298 306/147/299
f 305/143/297 308/144/300 307/146/298
f 305/143/297 304/145/301 308/144/300
f 301/138/292 310/148/302 309/149/303
f 308/144/300 310/148/302 301/138/292
f 308/144/300 304/145/301 310/148/302
f 310/148/302 304/145/301 311/150/304
f 304/145/301 305/143/297 311/150/304
f 306/147/299 307/146/298 313/152/305
f 312/151/306 306/147/299 313/152/305
f 316/153/307 315/155/308 314/154/309
f 313/152/305 316/153/307 314/154/309
f 319/156/310 318/158/311 314/154/309
f 317/157/312 319/156/310 314/154/309
f 296/135/289 297/136/288 320/159/313
f 321/160/314 296/135/289 320/159/313
f 300/141/293 301/138/292 309/149/303
f 303/142/296 300/141/293 309/149/303
f 300/141/293 296/135/289 321/160/314
f 299/140/294 300/141/293 321/160/314
f 307/146/298 308/144/300 302/139/295
f 308/144/300 301/138/292 302/139/295
f 307/146/298 302/139/295 316/153/307
f 313/152/305 307/146/298 316/153/307
f 313/152/305 314/154/309 318/158/311
f 312/151/306 313/152/305 318/158/311
f 317/157/312 314/154/309 315/155/308
f 322/159/315 317/157/312 315/155/308
f 325/134/316 324/135/317 323/136/318
f 326/137/319 325/134/316 323/136/318
f 330/138/320 329/139/321 328/140/322
f 327/141/323 330/138/320 328/140/322
f 331/142/324 327/141/323 324/135/317
f 325/134/316 331/142/324 324/135/317
f 335/146/325 332/143/326 336/147/327
f 334/144/328 332/143/326 335/146/325
f 334/144/328 333/145/329 332/143/326
f 337/148/330 330/138/320 338/149/331
f 337/148/330 334/144/328 330/138/320
f 337/148/330 333/145/329 334/144/328
f 337/148/330 339/150/332 333/145/329
f 333/145/329 339/150/332 332/143/326
f 336/147/327 341/151/333 340/152/334
f 335/146/325 336/147/327 340/152/334
f 344/153/335 340/152/334 343/154/336
f 342/155/337 344/153/335 343/154/336
f 347/156/338 346/157/339 343/154/336
f 345/158/340 347/156/338 343/154/336
f 348/159/341 323/136/318 324/135/317
f 349/160/342 348/159/341 324/135/317
f 338/149/331 330/138/320 327/141/323
f 331/142/324 338/149/331 327/141/323
f 327/141/323 328/140/322 349/160/342
f 324/135/317 327/141/323 349/160/342
f 335/146/325 329/139/321 334/144/328
f 334/144/328 329/139/321 330/138/320
f 344/153/335 329/139/321 335/146/325
f 340/152/334 344/153/335 335/146/325
f 340/152/334 341/151/333 345/158/340
f 343/154/336 340/152/334 345/158/340
f 346/157/339 350/159/343 342/155/337
f 343/154/336 346/157/339 342/155/337
f 353/110/344 352/112/345 351/111/346
f 356/115/347 355/114/348 354/113/349
f 357/116/350 356/115/347 354/113/349
f 352/112/345 359/118/351 358/117/352
f 355/114/348 356/115/347 361/120/353
f 360/119/354 355/114/348 361/120/353
f 358/117/352 359/118/351 362/121/355
f 359/118/351 363/122/356 362/121/355
f 357/116/350 353/110/344 351/111/346
f 356/115/347 357/116/350 351/111/346
f 356/115/347 351/111/346 364/123/357
f 367/124/358 366/126/359 365/125/360
f 369/127/361 367/124/358 368/128/362
f 365/125/360 366/126/359 370/129/363
f 359/118/351 352/112/345 363/122/356
f 371/130/364 353/110/344 357/116/350
f 373/131/365 372/132/366 357/116/350
f 354/113/349 373/131/365 357/116/350
f 368/128/362 367/124/358 374/133/367
f 363/122/356 352/112/345 353/110/344
f 371/130/364 363/122/356 353/110/344
f 358/117/352 364/123/357 351/111/346
f 352/112/345 358/117/352 351/111/346
f 356/115/347 364/123/357 361/120/353
f 371/130/364 357/116/350 372/132/366
f 355/114/348 360/119/354 370/129/363
f 354/113/349 355/114/348 366/126/359
f 367/124/358 365/125/360 374/133/367
f 355/114/348 370/129/363 366/126/359
f 377/110/368 376/111/369 375/112/370
f 380/113/371 379/114/372 378/115/373
f 381/116/374 380/113/371 378/115/373
f 375/112/370 383/117/375 382/118/376
f 379/114/372 385/119/377 384/120/378
f 378/115/373 379/114/372 384/120/378
f 383/117/375 386/121/379 382/118/376
f 382/118/376 386/121/379 387/122/380
f 381/116/374 378/115/373 376/111/369
f 377/110/368 381/116/374 376/111/369
f 378/115/373 388/123/381 376/111/369
f 391/124/382 390/125/383 389/126/384
f 393/127/385 392/128/386 391/124/382
f 390/125/383 394/129/387 389/126/384
f 382/118/376 387/122/380 375/112/370
f 395/130/388 381/116/374 377/110/368
f 397/131/389 380/113/371 381/116/374
f 396/132/390 397/131/389 381/116/374
f 392/128/386 398/133/391 391/124/382
f 377/110/368 375/112/370 387/122/380
f 395/130/388 377/110/368 387/122/380
f 376/111/369 388/123/381 383/117/375
f 375/112/370 376/111/369 383/117/375
f 378/115/373 384/120/378 388/123/381
f 395/130/388 396/132/390 381/116/374
f 379/114/372 394/129/387 385/119/377
f 391/124/382 398/133/391 390/125/383
f 379/114/372 389/126/384 394/129/387
f 380/113/371 389/126/384 379/114/372
f 402/161/392 401/162/393 400/163/394
f 399/164/395 402/161/392 400/163/394
f 405/165/396 404/166/397 403/167/398
f 408/168/399 407/169/400 406/170/401
f 411/171/402 410/172/403 409/173/404
f 412/174/405 411/171/402 409/173/404
f 416/175/406 415/176/407 414/177/408
f 413/178/409 416/175/406 414/177/408
f 417/179/410 410/172/403 411/171/402
f 407/169/400 408/168/399 418/180/411
f 419/181/412 407/169/400 418/180/411
f 408/168/399 421/182/413 420/183/414
f 418/180/411 408/168/399 420/183/414
f 419/181/412 423/184/415 422/175/416
f 416/175/406 413/178/409 424/185/417
f 427/165/418 426/186/419 425/187/420
f 428/188/421 399/164/395 400/163/394
f 429/189/422 428/188/421 400/163/394
f 404/166/397 430/190/423 403/167/398
f 433/191/424 432/192/425 431/193/426
f 436/194/427 435/195/428 434/196/429
f 439/197/430 438/198/431 437/199/432
f 443/200/433 442/201/434 441/202/435
f 440/203/436 443/200/433 441/202/435
f 442/201/434 423/184/415 441/202/435
f 423/184/415 419/181/412 441/202/435
f 419/181/412 418/180/411 444/204/437
f 441/202/435 419/181/412 444/204/437
f 445/205/438 444/204/437 418/180/411
f 420/183/414 445/205/438 418/180/411
f 448/206/439 447/207/440 446/208/441
f 450/209/442 449/210/443 447/207/440
f 448/206/439 450/209/442 447/207/440
f 452/211/444 451/212/445 449/210/443
f 450/209/442 452/211/444 449/210/443
f 454/213/446 453/214/447 451/212/445
f 452/211/444 454/213/446 451/212/445
f 444/204/437 445/205/438 450/209/442
f 448/206/439 444/204/437 450/209/442
f 457/193/448 456/192/449 455/211/450
f 456/192/449 458/215/451 455/211/450
f 460/216/452 459/217/453 454/213/446
f 462/218/454 461/219/455 459/217/453
f 437/199/432 453/214/447 461/219/455
f 463/220/456 449/210/443 451/212/445
f 438/198/431 463/220/456 451/212/445
f 464/203/457 447/207/440 449/210/443
f 463/220/456 464/203/457 449/210/443
f 464/203/457 441/202/435 446/208/441
f 447/207/440 464/203/457 446/208/441
f 444/204/437 448/206/439 446/208/441
f 441/202/435 444/204/437 446/208/441
f 421/182/413 406/170/401 465/221/458
f 421/182/413 433/191/424 420/183/414
f 431/193/426 445/205/438 420/183/414
f 433/191/424 431/193/426 420/183/414
f 423/184/415 467/222/459 466/176/460
f 422/175/416 423/184/415 466/176/460
f 415/176/407 425/187/420 426/186/419
f 414/177/408 415/176/407 426/186/419
f 401/162/393 402/161/392 468/223/461
f 430/190/423 401/162/393 468/223/461
f 467/222/459 404/166/397 466/176/460
f 407/169/400 416/175/406 424/185/417
f 419/181/412 416/175/406 407/169/400
f 412/174/405 409/173/404 428/188/421
f 429/189/422 412/174/405 428/188/421
f 469/224/462 463/220/456 438/198/431
f 439/197/430 469/224/462 438/198/431
f 443/200/433 440/203/436 463/220/456
f 469/224/462 443/200/433 463/220/456
f 404/166/397 467/222/459 470/225/463
f 470/225/463 467/222/459 471/226/464
f 471/226/464 423/184/415 442/201/434
f 472/227/465 471/226/464 442/201/434
f 460/216/452 458/215/451 474/228/466
f 473/229/467 460/216/452 474/228/466
f 476/218/468 460/216/452 473/229/467
f 475/230/469 476/218/468 473/229/467
f 421/182/413 465/221/458 477/231/470
f 433/191/424 478/232/471 432/192/425
f 479/233/472 478/232/471 433/191/424
f 439/197/430 437/199/432 435/195/473
f 482/192/474 481/232/475 480/234/475
f 462/218/454 483/230/476 461/219/455
f 421/182/413 408/168/399 406/170/401
f 421/182/413 477/231/470 433/191/424
f 433/191/424 477/231/470 479/233/472
f 460/216/452 476/218/468 459/217/453
f 458/215/451 456/192/449 484/234/477
f 474/228/466 458/215/451 484/234/477
f 454/213/446 459/217/453 453/214/447
f 453/214/447 459/217/453 461/219/455
f 435/195/428 436/194/427 485/179/478
f 435/195/473 437/199/432 461/219/455
f 483/230/476 487/196/479 486/219/480
f 435/195/428 488/219/481 434/196/429
f 415/176/407 404/166/397 425/187/420
f 425/187/420 404/166/397 405/165/396
f 430/190/423 468/223/461 489/235/482
f 403/167/398 430/190/423 489/235/482
f 489/235/482 491/236/483 490/165/484
f 403/167/398 489/235/482 490/165/484
f 472/227/465 442/201/434 492/200/485
f 429/189/422 492/200/485 493/224/486
f 412/174/405 429/189/422 493/224/486
f 412/174/405 493/224/486 494/197/487
f 407/169/400 424/185/417 406/170/401
f 427/165/418 495/236/488 426/186/419
f 412/174/405 494/197/487 411/171/402
f 411/171/402 494/197/487 417/179/410
f 492/200/485 429/189/422 472/227/465
f 401/162/393 471/226/464 472/227/465
f 400/163/394 401/162/393 472/227/465
f 471/226/464 401/162/393 430/190/423
f 470/225/463 471/226/464 430/190/423
f 470/225/463 430/190/423 404/166/397
f 429/189/422 400/163/394 472/227/465
f 467/222/459 423/184/415 471/226/464
f 439/197/430 496/195/489 417/179/490
f 402/161/392 399/164/395 498/163/491
f 497/162/492 402/161/392 498/163/491
f 501/165/493 500/167/494 499/237/495
f 504/168/496 503/170/497 502/169/498
f 409/173/404 410/172/403 505/171/499
f 506/174/500 409/173/404 505/171/499
f 508/238/501 413/178/409 414/177/408
f 507/239/502 508/238/501 414/177/408
f 505/171/499 410/172/403 509/179/503
f 510/180/504 504/168/496 502/169/498
f 511/181/505 510/180/504 502/169/498
f 513/183/506 512/182/507 504/168/496
f 510/180/504 513/183/506 504/168/496
f 511/181/505 515/238/508 514/184/509
f 508/238/501 424/185/417 413/178/409
f 517/165/510 516/240/511 426/186/419
f 498/163/491 399/164/395 428/188/421
f 518/189/512 498/163/491 428/188/421
f 500/167/494 519/190/513 499/237/495
f 522/193/514 521/192/515 520/191/516
f 436/194/427 434/196/429 523/195/517
f 526/197/518 525/199/519 524/198/520
f 530/200/521 529/203/522 528/202/523
f 527/201/524 530/200/521 528/202/523
f 527/201/524 528/202/523 514/184/509
f 514/184/509 528/202/523 511/181/505
f 511/181/505 528/202/523 531/204/525
f 510/180/504 511/181/505 531/204/525
f 510/180/504 531/204/525 532/205/526
f 513/183/506 510/180/504 532/205/526
f 535/241/527 534/242/528 533/207/529
f 537/243/530 535/241/527 533/207/529
f 536/210/531 537/243/530 533/207/529
f 536/210/531 539/244/532 538/245/533
f 537/243/530 536/210/531 538/245/533
f 539/244/532 541/214/534 540/246/535
f 538/245/533 539/244/532 540/246/535
f 531/204/525 535/241/527 537/243/530
f 532/205/526 531/204/525 537/243/530
f 532/205/526 537/243/530 522/193/514
f 544/192/536 543/245/537 542/215/538
f 546/216/539 540/246/535 545/217/540
f 548/218/541 545/217/540 547/219/542
f 525/199/519 539/244/532 524/198/520
f 539/244/532 536/210/531 549/220/543
f 524/198/520 539/244/532 549/220/543
f 536/210/531 533/207/529 550/203/544
f 549/220/543 536/210/531 550/203/544
f 550/203/544 533/207/529 534/242/528
f 528/202/523 550/203/544 534/242/528
f 534/242/528 535/241/527 531/204/525
f 528/202/523 534/242/528 531/204/525
f 512/182/507 551/221/545 503/170/497
f 512/182/507 513/183/506 520/191/516
f 513/183/506 532/205/526 522/193/514
f 520/191/516 513/183/506 522/193/514
f 553/239/546 552/222/547 514/184/509
f 515/238/508 553/239/546 514/184/509
f 507/239/502 414/177/408 426/186/419
f 516/240/511 507/239/502 426/186/419
f 497/162/492 519/190/513 468/223/461
f 402/161/392 497/162/492 468/223/461
f 552/222/547 553/239/546 499/237/495
f 502/169/498 554/185/548 508/238/501
f 511/181/505 502/169/498 508/238/501
f 506/174/500 518/189/512 428/188/421
f 409/173/404 506/174/500 428/188/421
f 555/224/549 526/197/518 524/198/520
f 549/220/543 555/224/549 524/198/520
f 530/200/521 555/224/549 549/220/543
f 529/203/522 530/200/521 549/220/543
f 499/237/495 556/225/550 552/222/547
f 556/225/550 557/226/551 552/222/547
f 557/226/551 558/227/552 527/201/524
f 514/184/509 557/226/551 527/201/524
f 546/216/539 473/229/467 474/228/466
f 542/215/538 546/216/539 474/228/466
f 559/218/553 475/230/469 473/229/467
f 546/216/539 559/218/553 473/229/467
f 512/182/507 560/231/554 551/221/545
f 520/191/516 521/192/515 561/232/555
f 562/233/556 520/191/516 561/232/555
f 526/197/518 523/195/517 525/199/519
f 563/192/557 480/234/475 481/232/475
f 548/218/541 547/219/542 483/230/558
f 512/182/507 503/170/497 504/168/496
f 512/182/507 520/191/516 560/231/554
f 520/191/516 562/233/556 560/231/554
f 546/216/539 545/217/540 559/218/553
f 542/215/538 474/228/466 484/234/477
f 544/192/536 542/215/538 484/234/477
f 540/246/535 541/214/534 545/217/540
f 541/214/534 547/219/542 545/217/540
f 523/195/517 485/179/478 436/194/427
f 523/195/517 547/219/542 525/199/519
f 483/230/476 564/219/559 487/196/479
f 523/195/517 434/196/429 547/219/542
f 507/239/502 516/240/511 499/237/495
f 516/240/511 501/165/493 499/237/495
f 519/190/513 500/167/494 489/235/482
f 468/223/461 519/190/513 489/235/482
f 565/165/560 491/236/483 489/235/482
f 500/167/494 565/165/560 489/235/482
f 558/227/552 566/200/561 527/201/524
f 518/189/512 506/174/500 567/224/562
f 566/200/561 518/189/512 567/224/562
f 506/174/500 568/197/563 567/224/562
f 502/169/498 503/170/497 554/185/548
f 517/165/510 426/186/419 495/236/488
f 506/174/500 505/171/499 568/197/563
f 505/171/499 509/179/503 568/197/563
f 566/200/561 558/227/552 518/189/512
f 558/227/552 557/226/551 497/162/492
f 498/163/491 558/227/552 497/162/492
f 557/226/551 556/225/550 519/190/513
f 497/162/492 557/226/551 519/190/513
f 556/225/550 499/237/495 519/190/513
f 518/189/512 558/227/552 498/163/491
f 552/222/547 557/226/551 514/184/509
f 526/197/518 509/179/564 569/195/565
f 538/245/533 540/246/535 542/215/538
f 525/199/519 541/214/534 539/244/532
f 540/246/535 546/216/539 542/215/538
f 525/199/519 547/219/542 541/214/534
f 538/245/533 544/192/566 570/193/567
f 537/243/530 538/245/533 570/193/567
f 458/215/451 460/216/452 454/213/446
f 458/215/451 454/213/446 452/211/444
f 437/199/432 438/198/431 451/212/445
f 437/199/432 451/212/445 453/214/447
f 573/247/568 572/248/569 571/249/570
f 576/250/571 575/251/572 574/252/573
f 580/253/574 579/254/575 578/255/576
f 577/256/577 580/253/574 578/255/576
f 583/257/578 582/258/579 581/259/580
f 585/260/581 579/254/575 584/261/582
f 580/253/574 586/262/583 584/261/582
f 585/260/581 588/263/584 587/264/585
f 591/265/586 590/250/587 589/266/588
f 572/248/569 593/267/589 592/268/590
f 594/269/591 572/248/569 592/268/590
f 595/270/592 573/247/568 574/252/573
f 575/251/572 595/270/592 574/252/573
f 598/271/593 597/272/594 596/273/595
f 602/274/596 601/275/597 600/272/598
f 599/276/599 602/274/596 600/272/598
f 605/267/600 604/277/601 603/278/602
f 605/267/600 588/263/603 604/277/601
f 608/263/604 607/260/605 606/277/606
f 607/260/605 609/279/607 604/277/608
f 610/261/609 602/274/596 609/279/607
f 613/280/610 612/281/611 611/282/612
f 613/280/610 614/283/613 612/281/611
f 613/280/610 615/284/614 614/283/613
f 615/284/614 616/285/615 614/283/613
f 618/286/616 617/287/617 616/285/615
f 615/284/614 618/286/616 616/285/615
f 617/287/617 619/288/618 616/285/615
f 621/279/619 620/274/620 613/280/610
f 620/274/620 615/284/614 613/280/610
f 620/274/620 622/276/621 615/284/614
f 622/276/621 623/286/622 615/284/614
f 625/289/623 624/287/624 623/286/622
f 625/289/623 626/290/625 619/288/618
f 617/287/617 625/289/623 619/288/618
f 628/259/626 627/291/627 616/285/615
f 629/292/628 614/283/613 616/285/615
f 627/291/627 629/292/628 616/285/615
f 630/278/629 612/281/611 614/283/613
f 629/292/628 630/278/629 614/283/613
f 630/278/629 606/277/630 611/282/612
f 612/281/611 630/278/629 611/282/612
f 621/279/619 613/280/610 631/282/631
f 604/277/632 621/279/619 631/282/631
f 577/256/577 632/293/633 586/262/583
f 580/253/574 577/256/577 586/262/583
f 586/262/583 634/294/634 633/275/635
f 587/264/585 591/265/586 589/266/588
f 635/295/636 587/264/585 589/266/588
f 588/263/584 591/265/586 587/264/585
f 587/264/585 635/295/636 578/255/576
f 579/254/575 587/264/585 578/255/576
f 585/260/581 587/264/585 579/254/575
f 638/291/637 637/268/638 636/292/639
f 603/278/602 636/292/639 637/268/638
f 605/267/600 603/278/602 637/268/638
f 641/296/640 640/290/641 639/297/642
f 625/289/623 622/276/621 643/298/643
f 642/299/644 625/289/623 643/298/643
f 626/290/625 625/289/623 642/299/644
f 644/297/645 626/290/625 642/299/644
f 632/293/633 645/300/646 634/294/634
f 586/262/583 632/293/633 634/294/634
f 645/300/646 646/301/647 596/273/595
f 634/294/634 645/300/646 596/273/595
f 597/272/594 633/275/635 596/273/595
f 600/272/598 647/271/648 599/276/599
f 646/301/647 598/271/593 596/273/595
f 599/276/599 647/271/648 648/298/649
f 622/276/621 625/289/623 623/286/622
f 649/288/650 640/290/641 628/259/626
f 616/285/615 649/288/650 628/259/626
f 581/259/580 650/296/651 583/257/578
f 652/302/652 594/269/591 651/258/653
f 640/290/641 641/296/640 628/259/626
f 637/268/638 638/291/637 582/258/579
f 607/260/605 610/261/609 609/279/607
f 610/261/609 601/275/597 602/274/596
f 582/258/579 638/291/637 581/259/580
f 653/257/654 652/302/652 651/258/653
f 579/254/575 580/253/574 584/261/582
f 586/262/583 633/275/635 584/261/582
f 633/275/635 634/294/634 596/273/595
f 576/250/571 654/265/655 575/251/572
f 654/265/655 608/263/656 595/270/592
f 575/251/572 654/265/655 595/270/592
f 595/270/592 608/263/656 593/267/589
f 572/248/569 594/269/591 655/303/657
f 571/249/570 572/248/569 655/303/657
f 573/247/568 595/270/592 572/248/569
f 652/302/652 655/303/657 594/269/591
f 595/270/592 593/267/589 572/248/569
f 578/255/576 657/255/658 656/256/659
f 577/256/577 578/255/576 656/256/659
f 578/255/576 635/295/636 658/295/660
f 657/255/658 578/255/576 658/295/660
f 632/293/633 577/256/577 656/256/659
f 635/295/636 589/266/588 658/295/660
f 573/247/568 571/249/570 659/248/661
f 576/250/571 574/252/573 660/251/662
f 662/253/663 656/256/659 657/255/658
f 661/254/664 662/253/663 657/255/658
f 665/257/665 664/259/666 663/258/667
f 667/260/668 666/261/669 661/254/664
f 662/253/663 666/261/669 668/262/670
f 667/260/668 670/264/671 669/263/672
f 673/265/673 672/266/674 671/250/675
f 676/268/676 675/269/677 674/258/678
f 677/270/679 660/251/662 574/252/573
f 573/247/568 677/270/679 574/252/573
f 598/271/593 679/273/680 678/272/681
f 683/274/682 682/276/683 681/272/684
f 680/275/685 683/274/682 681/272/684
f 686/267/686 685/278/687 684/277/688
f 686/267/686 684/277/688 669/263/689
f 689/263/690 688/277/691 687/260/692
f 687/260/693 684/277/694 690/279/695
f 691/261/696 690/279/695 683/274/682
f 694/280/697 693/282/698 692/281/699
f 694/280/697 692/281/699 695/283/700
f 694/280/697 695/283/700 696/284/701
f 696/284/701 695/283/700 697/304/702
f 699/286/703 697/304/702 698/287/704
f 696/284/701 697/304/702 699/286/703
f 698/287/704 697/304/702 700/288/705
f 702/279/706 694/280/697 701/274/707
f 701/274/707 694/280/697 696/284/701
f 701/274/707 696/284/701 703/276/708
f 703/276/708 696/284/701 704/286/709
f 706/289/710 704/286/709 705/287/711
f 706/289/710 698/287/704 700/288/705
f 707/290/712 706/289/710 700/288/705
f 709/259/713 697/304/702 708/291/714
f 697/304/702 695/283/700 710/292/715
f 708/291/714 697/304/702 710/292/715
f 695/283/700 692/281/699 711/278/716
f 710/292/715 695/283/700 711/278/716
f 711/278/716 692/281/699 693/282/698
f 688/277/717 711/278/716 693/282/698
f 712/282/718 694/280/697 702/279/706
f 684/277/694 712/282/718 702/279/706
f 668/262/670 632/293/633 656/256/659
f 662/253/663 668/262/670 656/256/659
f 668/262/670 714/275/719 713/294/720
f 670/264/671 658/295/660 672/266/674
f 673/265/673 670/264/671 672/266/674
f 669/263/672 670/264/671 673/265/673
f 657/255/658 658/295/660 670/264/671
f 661/254/664 657/255/658 670/264/671
f 667/260/668 661/254/664 670/264/671
f 717/291/721 716/292/722 715/268/723
f 715/268/723 716/292/722 685/278/687
f 686/267/686 715/268/723 685/278/687
f 641/296/640 639/297/642 718/290/724
f 706/289/710 642/299/644 643/298/643
f 703/276/708 706/289/710 643/298/643
f 707/290/712 644/297/645 642/299/644
f 706/289/710 707/290/712 642/299/644
f 713/294/720 645/300/646 632/293/633
f 668/262/670 713/294/720 632/293/633
f 679/273/680 646/301/647 645/300/646
f 713/294/720 679/273/680 645/300/646
f 678/272/681 679/273/680 714/275/719
f 681/272/684 682/276/683 647/271/648
f 646/301/647 679/273/680 598/271/593
f 682/276/683 648/298/649 647/271/648
f 703/276/708 704/286/709 706/289/710
f 719/288/725 697/304/702 709/259/713
f 718/290/724 719/288/725 709/259/713
f 664/259/666 665/257/665 720/296/726
f 721/302/727 674/258/678 675/269/677
f 718/290/724 709/259/713 641/296/640
f 715/268/723 663/258/667 717/291/721
f 687/260/693 690/279/695 691/261/696
f 691/261/696 683/274/682 680/275/685
f 663/258/667 664/259/666 717/291/721
f 722/257/728 674/258/678 721/302/727
f 661/254/664 666/261/669 662/253/663
f 668/262/670 666/261/669 714/275/719
f 714/275/719 679/273/680 713/294/720
f 724/250/729 660/251/662 723/265/730
f 723/265/730 660/251/662 677/270/679
f 689/263/731 723/265/730 677/270/679
f 677/270/679 725/267/732 689/263/731
f 655/303/657 675/269/677 659/248/661
f 571/249/570 655/303/657 659/248/661
f 573/247/568 659/248/661 677/270/679
f 652/302/652 675/269/677 655/303/657
f 677/270/679 659/248/661 725/267/732
f 728/247/733 727/249/734 726/248/735
f 731/250/736 730/252/737 729/251/738
f 735/253/739 734/256/740 733/255/741
f 732/254/742 735/253/739 733/255/741
f 738/257/743 737/259/744 736/258/745
f 740/260/746 739/261/747 732/254/742
f 735/253/739 739/261/747 741/262/748
f 740/260/746 743/264/749 742/263/750
f 746/265/751 745/266/752 744/250/753
f 749/268/754 748/269/755 747/258/756
f 750/270/757 729/251/738 730/252/737
f 728/247/733 750/270/757 730/252/737
f 753/271/758 752/273/759 751/272/760
f 757/274/761 756/276/762 755/272/763
f 754/275/764 757/274/761 755/272/763
f 760/267/765 759/278/766 758/277/767
f 760/267/765 758/277/767 742/263/768
f 763/263/769 762/277/770 761/260/771
f 761/260/772 758/277/767 764/279/773
f 765/261/774 764/279/773 757/274/761
f 768/280/775 767/282/776 766/281/777
f 768/280/775 766/281/777 769/283/778
f 768/280/775 769/283/778 770/284/779
f 770/284/779 769/283/778 771/285/780
f 773/286/781 771/285/780 772/287/782
f 770/284/779 771/285/780 773/286/781
f 772/287/782 771/285/780 774/288/783
f 776/279/784 768/280/775 775/274/785
f 775/274/785 768/280/775 770/284/779
f 775/274/785 770/284/779 777/276/786
f 777/276/786 770/284/779 778/286/787
f 780/289/788 778/286/787 779/287/789
f 780/289/788 772/287/782 774/288/783
f 781/290/790 780/289/788 774/288/783
f 783/259/791 771/285/780 782/291/792
f 771/285/780 769/283/778 784/292/793
f 782/291/792 771/285/780 784/292/793
f 769/283/778 766/281/777 785/278/794
f 784/292/793 769/283/778 785/278/794
f 785/278/794 766/281/777 767/282/776
f 762/277/795 785/278/794 767/282/776
f 786/282/796 768/280/775 776/279/784
f 758/277/767 786/282/796 776/279/784
f 741/262/748 787/293/797 734/256/740
f 735/253/739 741/262/748 734/256/740
f 741/262/748 789/275/798 788/294/799
f 743/264/749 790/295/800 745/266/752
f 746/265/751 743/264/749 745/266/752
f 742/263/750 743/264/749 746/265/751
f 733/255/741 790/295/800 743/264/749
f 732/254/742 733/255/741 743/264/749
f 740/260/746 732/254/742 743/264/749
f 793/291/801 792/292/802 791/268/803
f 791/268/803 792/292/802 759/278/766
f 760/267/765 791/268/803 759/278/766
f 796/296/804 795/297/805 794/290/806
f 780/289/788 798/299/807 797/298/808
f 777/276/786 780/289/788 797/298/808
f 781/290/790 799/297/809 798/299/807
f 780/289/788 781/290/790 798/299/807
f 788/294/799 800/300/810 787/293/797
f 741/262/748 788/294/799 787/293/797
f 752/273/759 801/301/811 800/300/810
f 788/294/799 752/273/759 800/300/810
f 751/272/760 752/273/759 789/275/798
f 755/272/763 756/276/762 802/271/812
f 801/301/811 752/273/759 753/271/758
f 756/276/762 803/298/813 802/271/812
f 777/276/786 778/286/787 780/289/788
f 804/288/814 771/285/780 783/259/791
f 794/290/806 804/288/814 783/259/791
f 737/259/744 738/257/743 805/296/815
f 806/302/816 747/258/756 748/269/755
f 794/290/806 783/259/791 796/296/804
f 791/268/803 736/258/745 793/291/801
f 761/260/772 764/279/773 765/261/774
f 765/261/774 757/274/761 754/275/764
f 736/258/745 737/259/744 793/291/801
f 807/257/817 747/258/756 806/302/816
f 732/254/742 739/261/747 735/253/739
f 741/262/748 739/261/747 789/275/798
f 789/275/798 752/273/759 788/294/799
f 731/250/736 729/251/738 808/265/818
f 808/265/818 729/251/738 750/270/757
f 763/263/769 808/265/818 750/270/757
f 750/270/757 809/267/819 763/263/769
f 810/303/820 748/269/755 726/248/735
f 727/249/734 810/303/820 726/248/735
f 728/247/733 726/248/735 750/270/757
f 806/302/816 748/269/755 810/303/820
f 750/270/757 726/248/735 809/267/819
f 734/256/740 812/256/821 811/255/822
f 733/255/741 734/256/740 811/255/822
f 733/255/741 811/255/822 813/295/823
f 790/295/800 733/255/741 813/295/823
f 734/256/740 787/293/797 812/256/821
f 745/266/752 790/295/800 813/295/823
f 728/247/733 814/248/824 727/249/734
f 731/250/736 815/251/825 730/252/737
f 817/253/826 816/254/827 811/255/822
f 812/256/821 817/253/826 811/255/822
f 820/257/828 819/258/829 818/259/830
f 822/260/831 816/254/827 821/261/832
f 817/253/826 823/262/833 821/261/832
f 822/260/831 825/263/834 824/264/835
f 828/265/836 827/250/837 826/266/838
f 814/248/824 830/267/839 829/268/840
f 831/269/841 814/248/824 829/268/840
f 832/270/842 728/247/733 730/252/737
f 815/251/825 832/270/842 730/252/737
f 753/271/758 834/272/843 833/273/844
f 838/274/845 837/275/846 836/272/847
f 835/276/848 838/274/845 836/272/847
f 841/267/849 840/277/850 839/278/851
f 841/267/849 825/263/852 840/277/850
f 844/263/853 843/260/854 842/277/855
f 843/260/856 845/279/857 840/277/858
f 846/261/859 838/274/845 845/279/857
f 849/280/860 848/281/861 847/282/862
f 849/280/860 850/283/863 848/281/861
f 849/280/860 851/284/864 850/283/863
f 851/284/864 852/304/865 850/283/863
f 854/286/866 853/287/867 852/304/865
f 851/284/864 854/286/866 852/304/865
f 853/287/867 855/288/868 852/304/865
f 857/279/869 856/274/870 849/280/860
f 856/274/870 851/284/864 849/280/860
f 856/274/870 858/276/871 851/284/864
f 858/276/871 859/286/872 851/284/864
f 861/289/873 860/287/874 859/286/872
f 861/289/873 862/290/875 855/288/868
f 853/287/867 861/289/873 855/288/868
f 864/259/876 863/291/877 852/304/865
f 865/292/878 850/283/863 852/304/865
f 863/291/877 865/292/878 852/304/865
f 866/278/879 848/281/861 850/283/863
f 865/292/878 866/278/879 850/283/863
f 866/278/879 842/277/880 847/282/862
f 848/281/861 866/278/879 847/282/862
f 857/279/869 849/280/860 867/282/881
f 840/277/882 857/279/869 867/282/881
f 812/256/821 787/293/797 823/262/833
f 817/253/826 812/256/821 823/262/833
f 823/262/833 869/294/883 868/275/884
f 824/264/835 828/265/836 826/266/838
f 813/295/823 824/264/835 826/266/838
f 825/263/834 828/265/836 824/264/835
f 824/264/835 813/295/823 811/255/822
f 816/254/827 824/264/835 811/255/822
f 822/260/831 824/264/835 816/254/827
f 872/291/885 871/268/886 870/292/887
f 839/278/851 870/292/887 871/268/886
f 841/267/849 839/278/851 871/268/886
f 796/296/804 873/290/888 795/297/805
f 861/289/873 858/276/871 797/298/808
f 798/299/807 861/289/873 797/298/808
f 862/290/875 861/289/873 798/299/807
f 799/297/809 862/290/875 798/299/807
f 787/293/797 800/300/810 869/294/883
f 823/262/833 787/293/797 869/294/883
f 800/300/810 801/301/811 833/273/844
f 869/294/883 800/300/810 833/273/844
f 834/272/843 868/275/884 833/273/844
f 836/272/847 802/271/812 835/276/848
f 801/301/811 753/271/758 833/273/844
f 835/276/848 802/271/812 803/298/813
f 858/276/871 861/289/873 859/286/872
f 874/288/889 873/290/888 864/259/876
f 852/304/865 874/288/889 864/259/876
f 818/259/830 875/296/890 820/257/828
f 877/302/891 831/269/841 876/258/892
f 873/290/888 796/296/804 864/259/876
f 871/268/886 872/291/885 819/258/829
f 843/260/856 846/261/859 845/279/857
f 846/261/859 837/275/846 838/274/845
f 819/258/829 872/291/885 818/259/830
f 878/257/893 877/302/891 876/258/892
f 816/254/827 817/253/826 821/261/832
f 823/262/833 868/275/884 821/261/832
f 868/275/884 869/294/883 833/273/844
f 880/250/894 879/265/895 815/251/825
f 879/265/895 844/263/896 832/270/842
f 815/251/825 879/265/895 832/270/842
f 832/270/842 844/263/896 830/267/839
f 810/303/820 727/249/734 814/248/824
f 831/269/841 810/303/820 814/248/824
f 728/247/733 832/270/842 814/248/824
f 806/302/816 810/303/820 831/269/841
f 832/270/842 830/267/839 814/248/824
f 884/161/897 883/164/898 882/163/899
f 881/162/900 884/161/897 882/163/899
f 887/165/901 886/167/902 885/166/903
f 890/168/904 889/170/905 888/169/906
f 893/173/907 892/172/908 891/171/909
f 894/174/910 893/173/907 891/171/909
f 898/175/911 897/178/912 896/177/913
f 895/176/914 898/175/911 896/177/913
f 899/179/915 891/171/909 892/172/908
f 900/180/916 890/168/904 888/169/906
f 901/181/917 900/180/916 888/169/906
f 903/183/918 902/182/919 890/168/904
f 900/180/916 903/183/918 890/168/904
f 901/181/917 905/175/920 904/184/921
f 898/175/911 906/185/922 897/178/912
f 909/165/923 908/187/924 907/186/925
f 882/163/899 883/164/898 910/188/926
f 911/189/927 882/163/899 910/188/926
f 885/166/903 886/167/902 912/190/928
f 915/191/929 914/193/930 913/192/931
f 918/194/932 917/196/933 916/195/934
f 921/197/935 920/199/936 919/198/937
f 925/200/938 924/203/939 923/202/940
f 922/201/941 925/200/938 923/202/940
f 922/201/941 923/202/940 904/184/921
f 904/184/921 923/202/940 901/181/917
f 901/181/917 923/202/940 926/204/942
f 900/180/916 901/181/917 926/204/942
f 900/180/916 926/204/942 927/205/943
f 903/183/918 900/180/916 927/205/943
f 930/206/944 929/208/945 928/207/946
f 932/209/947 930/206/944 928/207/946
f 931/210/948 932/209/947 928/207/946
f 934/211/949 932/209/947 931/210/948
f 933/212/950 934/211/949 931/210/948
f 936/213/951 934/211/949 933/212/950
f 935/214/952 936/213/951 933/212/950
f 926/204/942 930/206/944 932/209/947
f 927/205/943 926/204/942 932/209/947
f 914/193/930 927/205/943 932/209/947
f 934/211/949 914/193/930 932/209/947
f 938/192/953 934/211/949 937/215/954
f 940/216/955 936/213/951 939/217/956
f 942/218/957 939/217/956 941/219/958
f 920/199/936 941/219/958 935/214/952
f 933/212/950 931/210/948 943/220/959
f 919/198/937 933/212/950 943/220/959
f 931/210/948 928/207/946 944/203/960
f 943/220/959 931/210/948 944/203/960
f 944/203/960 928/207/946 929/208/945
f 923/202/940 944/203/960 929/208/945
f 929/208/945 930/206/944 926/204/942
f 923/202/940 929/208/945 926/204/942
f 902/182/919 945/221/961 889/170/905
f 902/182/919 903/183/918 915/191/929
f 903/183/918 927/205/943 914/193/930
f 915/191/929 903/183/918 914/193/930
f 947/176/962 946/222/963 904/184/921
f 905/175/920 947/176/962 904/184/921
f 895/176/914 896/177/913 907/186/925
f 908/187/924 895/176/914 907/186/925
f 881/162/900 912/190/928 948/223/964
f 884/161/897 881/162/900 948/223/964
f 946/222/963 947/176/962 885/166/903
f 888/169/906 906/185/922 898/175/911
f 901/181/917 888/169/906 898/175/911
f 894/174/910 911/189/927 910/188/926
f 893/173/907 894/174/910 910/188/926
f 949/224/965 921/197/935 919/198/937
f 943/220/959 949/224/965 919/198/937
f 925/200/938 949/224/965 943/220/959
f 924/203/939 925/200/938 943/220/959
f 885/166/903 950/225/966 946/222/963
f 950/225/966 951/226/967 946/222/963
f 951/226/967 952/227/968 922/201/941
f 904/184/921 951/226/967 922/201/941
f 940/216/955 954/229/969 953/228/970
f 937/215/954 940/216/955 953/228/970
f 956/218/971 955/230/972 954/229/969
f 940/216/955 956/218/971 954/229/969
f 902/182/919 957/231/973 945/221/961
f 915/191/929 913/192/931 958/232/974
f 959/233/975 915/191/929 958/232/974
f 921/197/935 916/195/976 920/199/936
f 962/192/977 961/234/978 960/232/978
f 942/218/957 941/219/958 963/230/979
f 902/182/919 889/170/905 890/168/904
f 902/182/919 915/191/929 957/231/973
f 915/191/929 959/233/975 957/231/973
f 940/216/955 939/217/956 956/218/971
f 937/215/954 953/228/970 964/234/980
f 938/192/953 937/215/954 964/234/980
f 936/213/951 935/214/952 939/217/956
f 935/214/952 941/219/958 939/217/956
f 916/195/934 965/179/981 918/194/932
f 916/195/976 941/219/958 920/199/936
f 963/230/979 967/219/982 966/196/983
f 916/195/934 917/196/933 968/219/984
f 895/176/914 908/187/924 885/166/903
f 908/187/924 887/165/901 885/166/903
f 912/190/928 886/167/902 969/235/985
f 948/223/964 912/190/928 969/235/985
f 971/165/986 970/236/987 969/235/985
f 886/167/902 971/165/986 969/235/985
f 952/227/968 972/200/988 922/201/941
f 911/189/927 894/174/910 973/224/989
f 972/200/988 911/189/927 973/224/989
f 894/174/910 974/197/990 973/224/989
f 888/169/906 889/170/905 906/185/922
f 909/165/923 907/186/925 975/236/991
f 894/174/910 891/171/909 974/197/990
f 891/171/909 899/179/915 974/197/990
f 972/200/988 952/227/968 911/189/927
f 952/227/968 951/226/967 881/162/900
f 882/163/899 952/227/968 881/162/900
f 951/226/967 950/225/966 912/190/928
f 881/162/900 951/226/967 912/190/928
f 950/225/966 885/166/903 912/190/928
f 911/189/927 952/227/968 882/163/899
f 946/222/963 951/226/967 904/184/921
f 921/197/935 899/179/992 976/195/993
f 884/161/897 978/162/994 977/163/995
f 883/164/898 884/161/897 977/163/995
f 981/165/996 980/237/997 979/167/998
f 984/168/999 983/169/1000 982/170/1001
f 985/171/1002 892/172/908 893/173/907
f 986/174/1003 985/171/1002 893/173/907
f 988/238/1004 987/239/1005 896/177/913
f 897/178/912 988/238/1004 896/177/913
f 985/171/1002 989/179/1006 892/172/908
f 983/169/1000 984/168/999 990/180/1007
f 991/181/1008 983/169/1000 990/180/1007
f 984/168/999 993/182/1009 992/183/1010
f 990/180/1007 984/168/999 992/183/1010
f 991/181/1008 995/184/1011 994/238/1012
f 988/238/1004 897/178/912 906/185/922
f 997/165/1013 907/186/925 996/240/1014
f 910/188/926 883/164/898 977/163/995
f 998/189/1015 910/188/926 977/163/995
f 979/167/998 980/237/997 999/190/1016
f 1002/193/1017 1001/191/1018 1000/192/1019
f 918/194/932 1003/195/1020 917/196/933
f 1006/197/1021 1005/198/1022 1004/199/1023
f 1010/200/1024 1009/201/1025 1008/202/1026
f 1007/203/1027 1010/200/1024 1008/202/1026
f 1009/201/1025 995/184/1011 1008/202/1026
f 995/184/1011 991/181/1008 1008/202/1026
f 991/181/1008 990/180/1007 1011/204/1028
f 1008/202/1026 991/181/1008 1011/204/1028
f 1012/205/1029 1011/204/1028 990/180/1007
f 992/183/1010 1012/205/1029 990/180/1007
f 1015/241/1030 1014/207/1031 1013/242/1032
f 1017/243/1033 1016/210/1034 1014/207/1031
f 1015/241/1030 1017/243/1033 1014/207/1031
f 1016/210/1034 1017/243/1033 1019/245/1035
f 1018/244/1036 1016/210/1034 1019/245/1035
f 1018/244/1036 1019/245/1035 1021/246/1037
f 1020/214/1038 1018/244/1036 1021/246/1037
f 1011/204/1028 1012/205/1029 1017/243/1033
f 1015/241/1030 1011/204/1028 1017/243/1033
f 1012/205/1029 1002/193/1017 1017/243/1033
f 1024/192/1039 1023/215/1040 1022/245/1041
f 1026/216/1042 1025/217/1043 1021/246/1037
f 1028/218/1044 1027/219/1045 1025/217/1043
f 1004/199/1023 1005/198/1022 1018/244/1036
f 1029/220/1046 1016/210/1034 1018/244/1036
f 1005/198/1022 1029/220/1046 1018/244/1036
f 1030/203/1047 1014/207/1031 1016/210/1034
f 1029/220/1046 1030/203/1047 1016/210/1034
f 1030/203/1047 1008/202/1026 1013/242/1032
f 1014/207/1031 1030/203/1047 1013/242/1032
f 1011/204/1028 1015/241/1030 1013/242/1032
f 1008/202/1026 1011/204/1028 1013/242/1032
f 993/182/1009 982/170/1001 1031/221/1048
f 993/182/1009 1001/191/1018 992/183/1010
f 1002/193/1017 1012/205/1029 992/183/1010
f 1001/191/1018 1002/193/1017 992/183/1010
f 995/184/1011 1033/222/1049 1032/239/1050
f 994/238/1012 995/184/1011 1032/239/1050
f 987/239/1005 996/240/1014 907/186/925
f 896/177/913 987/239/1005 907/186/925
f 978/162/994 884/161/897 948/223/964
f 999/190/1016 978/162/994 948/223/964
f 1033/222/1049 980/237/997 1032/239/1050
f 983/169/1000 988/238/1051 1034/185/1052
f 991/181/1008 988/238/1051 983/169/1000
f 986/174/1003 893/173/907 910/188/926
f 998/189/1015 986/174/1003 910/188/926
f 1035/224/1053 1029/220/1046 1005/198/1022
f 1006/197/1021 1035/224/1053 1005/198/1022
f 1010/200/1024 1007/203/1027 1029/220/1046
f 1035/224/1053 1010/200/1024 1029/220/1046
f 980/237/997 1033/222/1049 1036/225/1054
f 1036/225/1054 1033/222/1049 1037/226/1055
f 1037/226/1055 995/184/1011 1009/201/1025
f 1038/227/1056 1037/226/1055 1009/201/1025
f 1026/216/1042 1023/215/1040 953/228/970
f 954/229/969 1026/216/1042 953/228/970
f 1039/218/1057 1026/216/1042 954/229/969
f 955/230/972 1039/218/1057 954/229/969
f 993/182/1009 1031/221/1048 1040/231/1058
f 1001/191/1018 1041/232/1059 1000/192/1019
f 1042/233/1060 1041/232/1059 1001/191/1018
f 1006/197/1021 1004/199/1023 1003/195/1020
f 1043/192/1061 960/232/978 961/234/978
f 1028/218/1044 963/230/1062 1027/219/1045
f 993/182/1009 984/168/999 982/170/1001
f 993/182/1009 1040/231/1058 1001/191/1018
f 1001/191/1018 1040/231/1058 1042/233/1060
f 1026/216/1042 1039/218/1057 1025/217/1043
f 1023/215/1040 1024/192/1039 964/234/980
f 953/228/970 1023/215/1040 964/234/980
f 1021/246/1037 1025/217/1043 1020/214/1038
f 1020/214/1038 1025/217/1043 1027/219/1045
f 1003/195/1020 918/194/932 965/179/981
f 1003/195/1020 1004/199/1023 1027/219/1045
f 963/230/979 966/196/983 1044/219/1063
f 1003/195/1020 1027/219/1045 917/196/933
f 987/239/1005 980/237/997 996/240/1014
f 996/240/1014 980/237/997 981/165/996
f 999/190/1016 948/223/964 969/235/985
f 979/167/998 999/190/1016 969/235/985
f 969/235/985 970/236/987 1045/165/1064
f 979/167/998 969/235/985 1045/165/1064
f 1038/227/1056 1009/201/1025 1046/200/1065
f 998/189/1015 1046/200/1065 1047/224/1066
f 986/174/1003 998/189/1015 1047/224/1066
f 986/174/1003 1047/224/1066 1048/197/1067
f 983/169/1000 1034/185/1052 982/170/1001
f 997/165/1013 975/236/991 907/186/925
f 986/174/1003 1048/197/1067 985/171/1002
f 985/171/1002 1048/197/1067 989/179/1006
f 1046/200/1065 998/189/1015 1038/227/1056
f 978/162/994 1037/226/1055 1038/227/1056
f 977/163/995 978/162/994 1038/227/1056
f 1037/226/1055 978/162/994 999/190/1016
f 1036/225/1054 1037/226/1055 999/190/1016
f 1036/225/1054 999/190/1016 980/237/997
f 998/189/1015 977/163/995 1038/227/1056
f 1033/222/1049 995/184/1011 1037/226/1055
f 1006/197/1021 1049/195/1068 989/179/1069
f 1019/245/1035 1023/215/1040 1021/246/1037
f 1004/199/1023 1018/244/1036 1020/214/1038
f 1021/246/1037 1023/215/1040 1026/216/1042
f 1004/199/1023 1020/214/1038 1027/219/1045
f 1019/245/1035 1050/193/1070 1024/192/1071
f 1017/243/1033 1050/193/1070 1019/245/1035
f 937/215/954 936/213/951 940/216/955
f 937/215/954 934/211/949 936/213/951
f 920/199/936 933/212/950 919/198/937
f 920/199/936 935/214/952 933/212/950
f 1054/305/1072 1053/306/1073 1052/307/1074
f 1051/308/1075 1054/305/1072 1052/307/1074
f 1058/309/1076 1057/310/1077 1056/311/1078
f 1055/312/1079 1058/309/1076 1056/311/1078
f 1056/311/1078 1060/313/1080 1059/314/1081
f 1055/312/1079 1056/311/1078 1059/314/1081
f 1062/315/1082 1054/305/1072 1051/308/1075
f 1061/316/1083 1062/315/1082 1051/308/1075
f 1066/317/1084 1065/318/1085 1064/319/1086
f 1063/320/1087 1066/317/1084 1064/319/1086
f 1064/319/1086 1068/321/1088 1067/322/1089
f 1069/323/1090 1064/319/1086 1067/322/1089
f 1071/324/1091 1070/325/1092 1057/310/1077
f 1058/309/1076 1071/324/1091 1057/310/1077
f 1067/322/1089 1068/321/1088 1073/326/1093
f 1072/327/1094 1067/322/1089 1073/326/1093
f 1076/328/1095 1075/329/1096 1074/330/1097
f 1063/320/1087 1064/319/1086 1077/331/1098
f 1068/321/1088 1065/318/1085 1078/332/1099
f 1079/333/1100 1073/326/1093 1068/321/1088
f 1078/332/1099 1079/333/1100 1068/321/1088
f 1051/308/1075 1052/307/1074 1081/334/1101
f 1080/335/1102 1051/308/1075 1081/334/1101
f 1061/316/1083 1051/308/1075 1080/335/1102
f 1082/328/1103 1061/316/1083 1080/335/1102
f 1076/328/1104 1080/335/1102 1083/336/1096
f 1080/335/1102 1084/337/1105 1083/336/1096
f 1061/316/1083 1059/314/1081 1060/313/1080
f 1062/315/1082 1061/316/1083 1060/313/1080
f 1059/314/1081 1061/316/1083 1082/328/1103
f 1088/338/1106 1087/339/1107 1086/340/1108
f 1085/341/1109 1088/338/1106 1086/340/1108
f 1058/309/1076 1055/312/1079 1090/342/1110
f 1089/343/1111 1058/309/1076 1090/342/1110
f 1090/342/1110 1055/312/1079 1059/314/1081
f 1091/344/1112 1090/342/1110 1059/314/1081
f 1093/345/1113 1092/346/1114 1087/339/1107
f 1088/338/1106 1093/345/1113 1087/339/1107
f 1066/317/1084 1063/320/1087 1095/347/1115
f 1094/348/1116 1066/317/1084 1095/347/1115
f 1071/324/1091 1058/309/1076 1089/343/1111
f 1096/349/1117 1071/324/1091 1089/343/1111
f 1100/350/1118 1099/351/1119 1098/352/1120
f 1097/353/1121 1100/350/1118 1098/352/1120
f 1103/328/1122 1102/330/1122 1101/354/1123
f 1063/320/1087 1104/355/1124 1095/347/1115
f 1097/353/1121 1094/348/1116 1095/347/1115
f 1106/356/1125 1105/357/1126 1097/353/1121
f 1098/352/1120 1106/356/1125 1097/353/1121
f 1109/358/1127 1108/359/1128 1107/360/1129
f 1092/346/1114 1082/328/1103 1108/359/1128
f 1087/339/1107 1092/346/1114 1108/359/1128
f 1082/328/1103 1101/354/1130 1108/359/1128
f 1108/359/1128 1101/354/1130 1107/360/1129
f 1092/346/1114 1093/345/1113 1091/344/1112
f 1059/314/1081 1092/346/1114 1091/344/1112
f 1059/314/1081 1082/328/1103 1092/346/1114
f 1085/341/1109 1086/340/1108 1111/361/1131
f 1110/362/1132 1085/341/1109 1111/361/1131
f 1112/363/1133 1109/358/1127 1107/360/1129
f 1115/364/1134 1114/365/1134 1113/366/1134
f 1117/367/1135 1072/327/1094 1073/326/1093
f 1116/368/1136 1117/367/1135 1073/326/1093
f 1116/368/1136 1073/326/1093 1079/333/1100
f 1118/369/1137 1116/368/1136 1079/333/1100
f 1120/370/1138 1119/371/1139 1116/368/1136
f 1118/369/1137 1120/370/1138 1116/368/1136
f 1117/367/1135 1116/368/1136 1119/371/1139
f 1121/372/1140 1117/367/1135 1119/371/1139
f 1124/373/1141 1123/374/1142 1122/375/1141
f 1128/376/1143 1127/377/1144 1126/378/1145
f 1125/379/1146 1128/376/1143 1126/378/1145
f 1126/378/1145 1127/377/1144 1130/380/1147
f 1129/381/1148 1126/378/1145 1130/380/1147
f 1129/381/1148 1130/380/1147 1106/356/1125
f 1098/352/1120 1129/381/1148 1106/356/1125
f 1052/307/1074 1053/306/1073 1128/376/1143
f 1125/379/1146 1052/307/1074 1128/376/1143
f 1125/379/1146 1126/378/1145 1132/382/1149
f 1131/383/1150 1125/379/1146 1132/382/1149
f 1132/382/1149 1126/378/1145 1129/381/1148
f 1133/384/1151 1132/382/1149 1129/381/1148
f 1133/384/1151 1129/381/1148 1098/352/1120
f 1099/351/1119 1133/384/1151 1098/352/1120
f 1052/307/1074 1125/379/1146 1131/383/1150
f 1081/334/1101 1052/307/1074 1131/383/1150
f 1087/339/1107 1108/359/1128 1109/358/1127
f 1086/340/1108 1087/339/1107 1109/358/1127
f 1086/340/1108 1109/358/1127 1112/363/1133
f 1111/361/1131 1086/340/1108 1112/363/1133
f 1080/335/1102 1081/334/1101 1084/337/1105
f 1081/334/1101 1131/383/1150 1134/385/1152
f 1084/337/1105 1081/334/1101 1134/385/1152
f 1131/383/1150 1132/382/1149 1134/385/1152
f 1138/305/1153 1137/308/1154 1136/307/1155
f 1135/306/1156 1138/305/1153 1136/307/1155
f 1142/309/1157 1141/312/1158 1140/311/1159
f 1139/310/1160 1142/309/1157 1140/311/1159
f 1140/311/1159 1141/312/1158 1144/314/1161
f 1143/313/1162 1140/311/1159 1144/314/1161
f 1146/315/1163 1145/316/1164 1137/308/1154
f 1138/305/1153 1146/315/1163 1137/308/1154
f 1150/386/1165 1149/320/1166 1148/387/1167
f 1147/388/1168 1150/386/1165 1148/387/1167
f 1152/324/1169 1142/309/1157 1139/310/1160
f 1151/325/1170 1152/324/1169 1139/310/1160
f 1156/389/1171 1155/327/1172 1154/390/1173
f 1153/391/1174 1156/389/1171 1154/390/1173
f 1157/328/1175 1074/330/1097 1075/329/1096
f 1149/320/1166 1158/331/1176 1148/387/1167
f 1153/391/1174 1147/388/1168 1148/387/1167
f 1160/333/1177 1159/392/1178 1153/391/1174
f 1154/390/1173 1160/333/1177 1153/391/1174
f 1137/308/1154 1162/335/1179 1161/334/1180
f 1136/307/1155 1137/308/1154 1161/334/1180
f 1145/316/1164 1163/328/1181 1162/335/1179
f 1137/308/1154 1145/316/1164 1162/335/1179
f 1157/328/1182 1164/336/1183 1162/335/1179
f 1162/335/1179 1164/336/1183 1165/337/1184
f 1145/316/1164 1146/315/1163 1143/313/1162
f 1144/314/1161 1145/316/1164 1143/313/1162
f 1144/314/1161 1163/328/1181 1145/316/1164
f 1169/338/1185 1168/341/1186 1167/340/1187
f 1166/339/1188 1169/338/1185 1167/340/1187
f 1142/309/1157 1171/343/1189 1170/342/1190
f 1141/312/1158 1142/309/1157 1170/342/1190
f 1170/342/1190 1172/344/1191 1144/314/1161
f 1141/312/1158 1170/342/1190 1144/314/1161
f 1174/345/1192 1169/338/1185 1166/339/1188
f 1173/346/1193 1174/345/1192 1166/339/1188
f 1150/386/1165 1176/393/1194 1175/394/1195
f 1149/320/1166 1150/386/1165 1175/394/1195
f 1175/394/1195 1178/395/1196 1177/396/1197
f 1179/397/1198 1175/394/1195 1177/396/1197
f 1152/324/1169 1180/349/1199 1171/343/1189
f 1142/309/1157 1152/324/1169 1171/343/1189
f 1177/396/1197 1178/395/1196 1182/398/1200
f 1181/351/1201 1177/396/1197 1182/398/1200
f 1183/328/1122 1101/354/1123 1102/330/1122
f 1149/320/1166 1175/394/1195 1184/355/1202
f 1178/395/1196 1176/393/1194 1185/399/1203
f 1186/356/1204 1182/398/1200 1178/395/1196
f 1185/399/1203 1186/356/1204 1178/395/1196
f 1189/358/1205 1188/360/1206 1187/359/1207
f 1173/346/1193 1166/339/1188 1187/359/1207
f 1163/328/1181 1173/346/1193 1187/359/1207
f 1163/328/1181 1187/359/1207 1190/354/1208
f 1187/359/1207 1188/360/1206 1190/354/1208
f 1173/346/1193 1144/314/1161 1172/344/1191
f 1174/345/1192 1173/346/1193 1172/344/1191
f 1144/314/1161 1173/346/1193 1163/328/1181
f 1168/341/1186 1192/362/1209 1191/361/1210
f 1167/340/1187 1168/341/1186 1191/361/1210
f 1193/363/1211 1188/360/1206 1189/358/1205
f 1115/364/1134 1194/366/1134 1114/365/1134
f 1196/367/1212 1195/368/1213 1154/390/1173
f 1155/327/1172 1196/367/1212 1154/390/1173
f 1195/368/1213 1197/369/1214 1160/333/1177
f 1154/390/1173 1195/368/1213 1160/333/1177
f 1199/370/1215 1197/369/1214 1195/368/1213
f 1198/371/1216 1199/370/1215 1195/368/1213
f 1196/367/1212 1200/372/1217 1198/371/1216
f 1195/368/1213 1196/367/1212 1198/371/1216
f 1124/373/1141 1122/375/1141 1201/374/1218
f 1205/376/1219 1204/379/1220 1203/378/1221
f 1202/377/1222 1205/376/1219 1203/378/1221
f 1203/378/1221 1207/381/1223 1206/380/1224
f 1202/377/1222 1203/378/1221 1206/380/1224
f 1207/381/1223 1182/398/1200 1186/356/1204
f 1206/380/1224 1207/381/1223 1186/356/1204
f 1136/307/1155 1204/379/1220 1205/376/1219
f 1135/306/1156 1136/307/1155 1205/376/1219
f 1204/379/1220 1209/383/1225 1208/382/1226
f 1203/378/1221 1204/379/1220 1208/382/1226
f 1208/382/1226 1210/384/1227 1207/381/1223
f 1203/378/1221 1208/382/1226 1207/381/1223
f 1210/384/1227 1181/351/1201 1182/398/1200
f 1207/381/1223 1210/384/1227 1182/398/1200
f 1136/307/1155 1161/334/1180 1209/383/1225
f 1204/379/1220 1136/307/1155 1209/383/1225
f 1166/339/1188 1167/340/1187 1189/358/1205
f 1187/359/1207 1166/339/1188 1189/358/1205
f 1167/340/1187 1191/361/1210 1193/363/1211
f 1189/358/1205 1167/340/1187 1193/363/1211
f 1162/335/1179 1165/337/1184 1161/334/1180
f 1161/334/1180 1165/337/1184 1211/385/1228
f 1209/383/1225 1161/334/1180 1211/385/1228
f 1209/383/1225 1211/385/1228 1208/382/1226
f 1214/400/1229 1213/401/1229 1212/402/1230
f 1215/403/1230 1214/400/1229 1212/402/1230
f 1218/404/1231 1217/405/1232 1216/406/1232
f 1219/407/1231 1218/404/1231 1216/406/1232
f 1222/408/1233 1221/409/1234 1220/410/1233
f 1225/411/1235 1224/409/1236 1223/412/1235
f 1220/410/1233 1213/401/1229 1214/400/1229
f 1222/408/1233 1220/410/1233 1214/400/1229
f 1223/412/1235 1218/404/1231 1219/407/1231
f 1225/411/1235 1223/412/1235 1219/407/1231
f 1100/350/1118 1097/353/1121 1095/347/1115
f 1226/413/1237 1100/350/1118 1095/347/1115
f 1156/389/1171 1153/391/1174 1148/387/1167
f 1227/414/1238 1156/389/1171 1148/387/1167
f 1068/321/1088 1064/319/1086 1065/318/1085
f 1097/353/1121 1105/357/1126 1094/348/1116
f 1153/391/1174 1159/392/1178 1147/388/1168
f 1178/395/1196 1175/394/1195 1176/393/1194
f 1064/319/1086 1069/323/1090 1077/331/1098
f 1104/355/1124 1226/413/1237 1095/347/1115
f 1158/331/1176 1227/414/1238 1148/387/1167
f 1175/394/1195 1179/397/1198 1184/355/1202
f 1231/415/1239 1230/416/1240 1229/417/1241
f 1228/418/1242 1231/415/1239 1229/417/1241
f 1229/417/1241 1071/324/1091 1096/349/1117
f 1228/418/1242 1229/417/1241 1096/349/1117
f 1233/419/1243 1232/420/1244 1230/416/1240
f 1231/415/1239 1233/419/1243 1230/416/1240
f 1235/421/1245 1234/422/1246 1232/420/1244
f 1233/419/1243 1235/421/1245 1232/420/1244
f 1238/423/1247 1237/424/1248 1236/425/1249
f 1228/418/1242 1239/426/1250 1231/415/1239
f 1231/415/1239 1239/426/1250 1240/427/1251
f 1233/419/1243 1231/415/1239 1240/427/1251
f 1233/419/1243 1240/427/1251 1241/428/1252
f 1235/421/1245 1233/419/1243 1241/428/1252
f 1241/428/1252 1242/429/1253 1237/424/1248
f 1235/421/1245 1241/428/1252 1237/424/1248
f 1239/426/1250 1244/430/1254 1243/431/1255
f 1240/427/1251 1239/426/1250 1243/431/1255
f 1240/427/1251 1243/431/1255 1245/432/1256
f 1241/428/1252 1240/427/1251 1245/432/1256
f 1245/432/1256 1246/433/1257 1242/429/1253
f 1241/428/1252 1245/432/1256 1242/429/1253
f 1228/418/1242 1244/430/1254 1239/426/1250
f 1237/424/1248 1238/423/1247 1234/422/1246
f 1235/421/1245 1237/424/1248 1234/422/1246
f 1236/425/1249 1237/424/1248 1242/429/1253
f 1247/434/1258 1236/425/1249 1242/429/1253
f 1246/433/1257 1248/435/1259 1247/434/1258
f 1242/429/1253 1246/433/1257 1247/434/1258
f 1247/434/1258 1250/436/1260 1249/437/1261
f 1248/435/1259 1251/438/1262 1250/436/1260
f 1247/434/1258 1248/435/1259 1250/436/1260
f 1247/434/1258 1249/437/1261 1236/425/1249
f 1253/439/1263 1252/440/1264 1229/417/1241
f 1230/416/1240 1253/439/1263 1229/417/1241
f 1229/417/1241 1252/440/1264 1254/441/1092
f 1071/324/1091 1229/417/1241 1254/441/1092
f 1255/442/1265 1253/439/1263 1230/416/1240
f 1232/420/1244 1255/442/1265 1230/416/1240
f 1256/443/1266 1255/442/1265 1232/420/1244
f 1234/422/1246 1256/443/1266 1232/420/1244
f 1259/444/1267 1258/445/1268 1257/446/1269
f 1252/440/1264 1253/439/1263 1260/447/1270
f 1253/439/1263 1255/442/1265 1261/448/1271
f 1260/447/1270 1253/439/1263 1261/448/1271
f 1255/442/1265 1256/443/1266 1262/449/1272
f 1261/448/1271 1255/442/1265 1262/449/1272
f 1262/449/1272 1256/443/1266 1257/446/1269
f 1263/450/1273 1262/449/1272 1257/446/1269
f 1260/447/1270 1261/448/1271 1265/451/1274
f 1264/452/1275 1260/447/1270 1265/451/1274
f 1261/448/1271 1262/449/1272 1266/453/1276
f 1265/451/1274 1261/448/1271 1266/453/1276
f 1266/453/1276 1262/449/1272 1263/450/1273
f 1267/454/1277 1266/453/1276 1263/450/1273
f 1252/440/1264 1260/447/1270 1264/452/1275
f 1234/422/1246 1259/444/1267 1257/446/1269
f 1256/443/1266 1234/422/1246 1257/446/1269
f 1263/450/1273 1257/446/1269 1258/445/1268
f 1268/455/1278 1263/450/1273 1258/445/1268
f 1267/454/1277 1263/450/1273 1268/455/1278
f 1269/456/1279 1267/454/1277 1268/455/1278
f 1268/455/1278 1271/457/1261 1270/458/1280
f 1269/456/1279 1268/455/1278 1270/458/1280
f 1272/459/1280 1269/456/1279 1270/458/1280
f 1268/455/1278 1258/445/1268 1271/457/1261
f 1276/415/1281 1275/418/1282 1274/417/1283
f 1273/416/1284 1276/415/1281 1274/417/1283
f 1274/417/1283 1275/418/1282 1180/349/1199
f 1152/324/1169 1274/417/1283 1180/349/1199
f 1278/419/1285 1276/415/1281 1273/416/1284
f 1277/420/1286 1278/419/1285 1273/416/1284
f 1280/421/1287 1278/419/1285 1277/420/1286
f 1279/422/1288 1280/421/1287 1277/420/1286
f 1283/423/1289 1282/425/1290 1281/424/1291
f 1275/418/1282 1276/415/1281 1284/426/1292
f 1276/415/1281 1278/419/1285 1285/427/1293
f 1284/426/1292 1276/415/1281 1285/427/1293
f 1278/419/1285 1280/421/1287 1286/428/1294
f 1285/427/1293 1278/419/1285 1286/428/1294
f 1286/428/1294 1280/421/1287 1281/424/1291
f 1287/429/1295 1286/428/1294 1281/424/1291
f 1284/426/1292 1285/427/1293 1289/431/1296
f 1288/430/1297 1284/426/1292 1289/431/1296
f 1285/427/1293 1286/428/1294 1290/432/1298
f 1289/431/1296 1285/427/1293 1290/432/1298
f 1290/432/1298 1286/428/1294 1287/429/1295
f 1291/433/1299 1290/432/1298 1287/429/1295
f 1275/418/1282 1284/426/1292 1288/430/1297
f 1279/422/1288 1283/423/1289 1281/424/1291
f 1280/421/1287 1279/422/1288 1281/424/1291
f 1287/429/1295 1281/424/1291 1282/425/1290
f 1292/434/1300 1287/429/1295 1282/425/1290
f 1291/433/1299 1287/429/1295 1292/434/1300
f 1293/435/1301 1291/433/1299 1292/434/1300
f 1292/434/1300 1295/437/1302 1294/436/1303
f 1293/435/1301 1292/434/1300 1294/436/1303
f 1296/438/1304 1293/435/1301 1294/436/1303
f 1292/434/1300 1282/425/1290 1295/437/1302
f 1298/439/1305 1273/416/1284 1274/417/1283
f 1297/440/1306 1298/439/1305 1274/417/1283
f 1274/417/1283 1152/324/1169 1299/441/1170
f 1297/440/1306 1274/417/1283 1299/441/1170
f 1300/442/1307 1277/420/1286 1273/416/1284
f 1298/439/1305 1300/442/1307 1273/416/1284
f 1301/443/1308 1279/422/1288 1277/420/1286
f 1300/442/1307 1301/443/1308 1277/420/1286
f 1304/444/1309 1303/446/1310 1302/445/1290
f 1297/440/1306 1305/447/1311 1298/439/1305
f 1298/439/1305 1305/447/1311 1306/448/1312
f 1300/442/1307 1298/439/1305 1306/448/1312
f 1300/442/1307 1306/448/1312 1307/449/1313
f 1301/443/1308 1300/442/1307 1307/449/1313
f 1307/449/1313 1308/450/1314 1303/446/1310
f 1301/443/1308 1307/449/1313 1303/446/1310
f 1305/447/1311 1310/452/1315 1309/451/1316
f 1306/448/1312 1305/447/1311 1309/451/1316
f 1306/448/1312 1309/451/1316 1311/453/1317
f 1307/449/1313 1306/448/1312 1311/453/1317
f 1311/453/1317 1312/454/1318 1308/450/1314
f 1307/449/1313 1311/453/1317 1308/450/1314
f 1297/440/1306 1310/452/1315 1305/447/1311
f 1303/446/1310 1304/444/1309 1279/422/1288
f 1301/443/1308 1303/446/1310 1279/422/1288
f 1302/445/1290 1303/446/1310 1308/450/1314
f 1313/455/1319 1302/445/1290 1308/450/1314
f 1312/454/1318 1314/456/1320 1313/455/1319
f 1308/450/1314 1312/454/1318 1313/455/1319
f 1313/455/1319 1316/458/1303 1315/457/1302
f 1314/456/1320 1317/459/1321 1316/458/1303
f 1313/455/1319 1314/456/1320 1316/458/1303
f 1313/455/1319 1315/457/1302 1302/445/1290
f 1321/460/1322 1320/461/1323 1319/462/1324
f 1318/463/1325 1321/460/1322 1319/462/1324
f 1323/464/1326 1322/465/1327 1319/462/1324
f 1320/461/1323 1323/464/1326 1319/462/1324
f 1327/466/1328 1326/467/1328 1325/468/1329
f 1324/469/1329 1327/466/1328 1325/468/1329
f 1330/470/1330 1329/471/1331 1328/472/1332
f 1318/463/1325 1330/470/1330 1328/472/1332
f 1333/473/1333 1332/474/1334 1331/475/1335
f 1337/476/1336 1336/477/1337 1335/478/1338
f 1334/479/1339 1337/476/1336 1335/478/1338
f 1339/480/1340 1338/481/1341 1336/477/1337
f 1337/476/1336 1339/480/1340 1336/477/1337
f 1318/463/1325 1319/462/1324 1330/470/1330
f 1333/473/1333 1331/475/1335 1340/482/1342
f 1324/469/1329 1325/468/1329 1341/479/1343
f 1342/478/1344 1324/469/1329 1341/479/1343
f 1338/481/1341 1343/483/1345 1329/471/1331
f 1339/480/1340 1343/483/1345 1338/481/1341
f 1328/472/1332 1329/471/1331 1345/484/1346
f 1344/485/1347 1328/472/1332 1345/484/1346
f 1329/471/1331 1343/483/1345 1345/484/1346
f 1344/485/1347 1345/484/1346 1347/486/1348
f 1346/487/1349 1344/485/1347 1347/486/1348
f 1349/484/1350 1348/488/1351 1347/486/1352
f 1350/489/1328 1348/488/1353 1343/483/1345
f 1339/480/1340 1350/489/1328 1343/483/1345
f 1345/484/1346 1343/483/1345 1348/488/1353
f 1354/490/1353 1353/491/1354 1352/492/1355
f 1351/493/1356 1354/490/1353 1352/492/1355
f 1348/488/1353 1350/489/1328 1355/494/1357
f 1351/493/1356 1352/492/1355 1357/495/1358
f 1356/496/1358 1351/493/1356 1357/495/1358
f 1336/477/1337 1338/481/1341 1332/474/1334
f 1336/477/1337 1332/474/1334 1333/473/1333
f 1335/478/1338 1336/477/1337 1333/473/1333
f 1359/473/1359 1358/482/1360 1324/469/1329
f 1342/478/1344 1359/473/1359 1324/469/1329
f 1324/469/1329 1358/482/1360 1360/497/1361
f 1327/466/1328 1324/469/1329 1360/497/1361
f 1332/474/1334 1330/470/1330 1331/475/1335
f 1319/462/1324 1331/475/1335 1330/470/1330
f 1340/482/1342 1331/475/1335 1322/465/1327
f 1323/464/1326 1360/497/1362 1340/482/1342
f 1322/465/1327 1323/464/1326 1340/482/1342
f 1322/465/1327 1331/475/1335 1319/462/1324
f 1363/460/1363 1362/463/1364 1361/462/1365
f 1364/461/1366 1363/460/1363 1361/462/1365
f 1366/464/1367 1364/461/1366 1361/462/1365
f 1365/465/1368 1366/464/1367 1361/462/1365
f 1325/468/1329 1326/467/1328 1368/466/1328
f 1367/469/1329 1325/468/1329 1368/466/1328
f 1371/470/1369 1362/463/1364 1370/472/1370
f 1369/471/1371 1371/470/1369 1370/472/1370
f 1374/473/1372 1373/475/1373 1372/474/1374
f 1337/476/1336 1334/479/1339 1376/478/1375
f 1375/477/1376 1337/476/1336 1376/478/1375
f 1339/480/1340 1337/476/1336 1375/477/1376
f 1377/481/1377 1339/480/1340 1375/477/1376
f 1362/463/1364 1371/470/1369 1361/462/1365
f 1374/473/1372 1378/482/1378 1373/475/1373
f 1341/479/1343 1325/468/1329 1367/469/1329
f 1379/478/1379 1341/479/1343 1367/469/1329
f 1377/481/1377 1369/471/1371 1380/483/1380
f 1339/480/1340 1377/481/1377 1380/483/1380
f 1370/472/1370 1382/485/1381 1381/484/1382
f 1369/471/1371 1370/472/1370 1381/484/1382
f 1369/471/1371 1381/484/1382 1380/483/1380
f 1382/485/1381 1384/487/1383 1383/486/1384
f 1381/484/1382 1382/485/1381 1383/486/1384
f 1386/484/1385 1383/486/1386 1385/488/1387
f 1350/489/1328 1339/480/1340 1380/483/1380
f 1385/488/1388 1350/489/1328 1380/483/1380
f 1381/484/1382 1385/488/1388 1380/483/1380
f 1388/490/1388 1387/493/1389 1352/492/1355
f 1353/491/1354 1388/490/1388 1352/492/1355
f 1385/488/1388 1355/494/1357 1350/489/1328
f 1387/493/1389 1389/496/1358 1357/495/1358
f 1352/492/1355 1387/493/1389 1357/495/1358
f 1375/477/1376 1372/474/1374 1377/481/1377
f 1375/477/1376 1376/478/1375 1374/473/1372
f 1372/474/1374 1375/477/1376 1374/473/1372
f 1367/469/1329 1391/482/1390 1390/473/1391
f 1379/478/1379 1367/469/1329 1390/473/1391
f 1367/469/1329 1368/466/1328 1392/497/1392
f 1391/482/1390 1367/469/1329 1392/497/1392
f 1372/474/1374 1373/475/1373 1371/470/1369
f 1361/462/1365 1371/470/1369 1373/475/1373
f 1378/482/1378 1365/465/1368 1373/475/1373
f 1392/497/1393 1366/464/1367 1365/465/1368
f 1378/482/1378 1392/497/1393 1365/465/1368
f 1365/465/1368 1361/462/1365 1373/475/1373
f 1321/460/1322 1318/463/1325 1393/462/1394
f 1394/461/1395 1321/460/1322 1393/462/1394
f 1396/464/1396 1394/461/1395 1393/462/1394
f 1395/465/1397 1396/464/1396 1393/462/1394
f 1399/466/1398 1398/469/1399 1397/468/1400
f 1400/467/1398 1399/466/1398 1397/468/1400
f 1402/470/1401 1318/463/1325 1328/472/1332
f 1401/471/1402 1402/470/1401 1328/472/1332
f 1405/473/1403 1404/475/1404 1403/474/1405
f 1409/476/1406 1408/479/1407 1407/478/1408
f 1406/477/1409 1409/476/1406 1407/478/1408
f 1412/480/1410 1411/481/1411 1410/483/1412
f 1409/476/1406 1411/481/1411 1412/480/1410
f 1409/476/1406 1406/477/1409 1411/481/1411
f 1318/463/1325 1402/470/1401 1393/462/1394
f 1405/473/1403 1413/482/1413 1404/475/1404
f 1414/479/1414 1397/468/1400 1398/469/1399
f 1415/478/1415 1414/479/1414 1398/469/1399
f 1411/481/1411 1401/471/1402 1410/483/1412
f 1328/472/1332 1344/485/1347 1416/484/1416
f 1401/471/1402 1328/472/1332 1416/484/1416
f 1401/471/1402 1416/484/1416 1410/483/1412
f 1344/485/1347 1346/487/1349 1417/486/1417
f 1416/484/1416 1344/485/1347 1417/486/1417
f 1419/484/1418 1417/486/1419 1418/488/1420
f 1420/489/1398 1412/480/1410 1410/483/1412
f 1418/488/1421 1420/489/1398 1410/483/1412
f 1416/484/1416 1418/488/1421 1410/483/1412
f 1424/490/1421 1423/493/1422 1422/492/1423
f 1421/491/1424 1424/490/1421 1422/492/1423
f 1418/488/1421 1425/494/1425 1420/489/1398
f 1423/493/1422 1356/496/1358 1357/495/1358
f 1422/492/1423 1423/493/1422 1357/495/1358
f 1406/477/1409 1403/474/1405 1411/481/1411
f 1406/477/1409 1407/478/1408 1405/473/1403
f 1403/474/1405 1406/477/1409 1405/473/1403
f 1398/469/1399 1427/482/1426 1426/473/1427
f 1415/478/1415 1398/469/1399 1426/473/1427
f 1398/469/1399 1399/466/1398 1428/497/1428
f 1427/482/1426 1398/469/1399 1428/497/1428
f 1403/474/1405 1404/475/1404 1402/470/1401
f 1393/462/1394 1402/470/1401 1404/475/1404
f 1413/482/1413 1395/465/1397 1404/475/1404
f 1428/497/1429 1396/464/1396 1395/465/1397
f 1413/482/1413 1428/497/1429 1395/465/1397
f 1395/465/1397 1393/462/1394 1404/475/1404
f 1363/460/1363 1430/461/1430 1429/462/1431
f 1362/463/1364 1363/460/1363 1429/462/1431
f 1432/464/1432 1431/465/1433 1429/462/1431
f 1430/461/1430 1432/464/1432 1429/462/1431
f 1434/466/1398 1400/467/1398 1397/468/1400
f 1433/469/1399 1434/466/1398 1397/468/1400
f 1370/472/1370 1362/463/1364 1436/470/1434
f 1435/471/1435 1370/472/1370 1436/470/1434
f 1439/473/1436 1438/474/1437 1437/475/1438
f 1409/476/1406 1441/477/1439 1440/478/1440
f 1408/479/1407 1409/476/1406 1440/478/1440
f 1443/481/1441 1412/480/1410 1442/483/1442
f 1443/481/1441 1409/476/1406 1412/480/1410
f 1443/481/1441 1441/477/1439 1409/476/1406
f 1362/463/1364 1429/462/1431 1436/470/1434
f 1439/473/1436 1437/475/1438 1444/482/1443
f 1433/469/1399 1397/468/1400 1414/479/1414
f 1445/478/1444 1433/469/1399 1414/479/1414
f 1443/481/1441 1435/471/1435 1436/470/1434
f 1438/474/1437 1443/481/1441 1436/470/1434
f 1370/472/1370 1435/471/1435 1446/484/1445
f 1382/485/1381 1370/472/1370 1446/484/1445
f 1435/471/1435 1447/483/1446 1446/484/1445
f 1382/485/1381 1446/484/1445 1448/486/1447
f 1384/487/1383 1382/485/1381 1448/486/1447
f 1450/484/1448 1449/488/1449 1448/486/1450
f 1420/489/1398 1449/488/1451 1442/483/1442
f 1412/480/1410 1420/489/1398 1442/483/1442
f 1446/484/1452 1442/483/1442 1449/488/1451
f 1452/490/1451 1421/491/1424 1422/492/1423
f 1451/493/1453 1452/490/1451 1422/492/1423
f 1449/488/1451 1420/489/1398 1425/494/1425
f 1451/493/1453 1422/492/1423 1357/495/1358
f 1389/496/1358 1451/493/1453 1357/495/1358
f 1441/477/1439 1443/481/1441 1438/474/1437
f 1441/477/1439 1438/474/1437 1439/473/1436
f 1440/478/1440 1441/477/1439 1439/473/1436
f 1454/473/1454 1453/482/1455 1433/469/1399
f 1445/478/1444 1454/473/1454 1433/469/1399
f 1433/469/1399 1453/482/1455 1455/497/1456
f 1434/466/1398 1433/469/1399 1455/497/1456
f 1438/474/1437 1436/470/1434 1437/475/1438
f 1429/462/1431 1437/475/1438 1436/470/1434
f 1444/482/1443 1437/475/1438 1431/465/1433
f 1432/464/1432 1455/497/1457 1444/482/1443
f 1431/465/1433 1432/464/1432 1444/482/1443
f 1431/465/1433 1437/475/1438 1429/462/1431
f 1458/498/1458 1457/499/1459 1456/500/1460
f 1462/501/1461 1461/502/1462 1460/503/1463
f 1459/504/1464 1462/501/1461 1460/503/1463
f 1465/505/1465 1464/506/1466 1463/507/1467
f 1467/508/1468 1466/509/1469 1465/505/1465
f 1463/507/1467 1467/508/1468 1465/505/1465
f 1469/510/1470 1468/511/1471 1462/501/1461
f 1468/511/1471 1472/512/1472 1471/513/1473
f 1470/514/1474 1468/511/1471 1471/513/1473
f 1476/515/1475 1475/508/1476 1474/516/1477
f 1473/517/1478 1476/515/1475 1474/516/1477
f 1480/518/1479 1479/504/1480 1478/519/1481
f 1477/520/1482 1480/518/1479 1478/519/1481
f 1482/521/1483 1481/522/1484 1480/518/1479
f 1477/520/1482 1482/521/1483 1480/518/1479
f 1484/523/1485 1483/524/1486 1482/521/1483
f 1462/501/1461 1468/511/1471 1461/502/1462
f 1470/514/1474 1485/525/1487 1468/511/1471
f 1486/526/1488 1478/519/1481 1459/504/1464
f 1460/503/1463 1486/526/1488 1459/504/1464
f 1490/527/1489 1489/528/1490 1488/529/1491
f 1487/530/1492 1490/527/1489 1488/529/1491
f 1492/531/1493 1489/528/1490 1490/527/1489
f 1491/532/1494 1492/531/1493 1490/527/1489
f 1492/531/1493 1491/532/1494 1493/533/1495
f 1456/500/1460 1492/531/1493 1493/533/1495
f 1456/500/1460 1495/534/1496 1494/535/1497
f 1458/498/1458 1456/500/1460 1494/535/1497
f 1458/498/1458 1494/535/1497 1496/536/1498
f 1499/537/1499 1458/498/1458 1498/536/1500
f 1497/538/1488 1499/537/1499 1498/536/1500
f 1501/539/1501 1500/540/1502 1487/530/1492
f 1488/529/1491 1501/539/1501 1487/530/1492
f 1504/515/1503 1503/541/1504 1502/542/1505
f 1506/541/1506 1476/515/1475 1473/517/1478
f 1505/543/1506 1506/541/1506 1473/517/1478
f 1465/505/1465 1509/544/1507 1508/545/1508
f 1507/546/1509 1465/505/1465 1508/545/1508
f 1512/547/1510 1511/548/1511 1510/549/1512
f 1515/513/1513 1514/512/1514 1513/550/1515
f 1516/551/1516 1515/513/1513 1513/550/1515
f 1513/550/1515 1514/512/1514 1517/510/1517
f 1520/552/1518 1519/553/1519 1518/554/1520
f 1523/555/1521 1522/556/1522 1521/557/1523
f 1524/558/1524 1522/556/1522 1523/555/1521
f 1525/559/1525 1524/558/1524 1523/555/1521
f 1521/557/1523 1522/556/1522 1519/553/1519
f 1529/560/1526 1528/561/1527 1527/562/1528
f 1526/563/1529 1529/560/1526 1527/562/1528
f 1509/544/1507 1530/564/1530 1508/545/1508
f 1530/564/1530 1509/544/1507 1531/565/1531
f 1534/566/1532 1533/567/1533 1532/568/1534
f 1509/544/1507 1465/505/1465 1536/509/1535
f 1535/566/1536 1509/544/1507 1536/509/1535
f 1509/544/1507 1532/568/1534 1531/565/1531
f 1533/567/1533 1538/569/1537 1537/570/1538
f 1518/554/1520 1533/567/1533 1537/570/1538
f 1525/559/1525 1526/563/1529 1524/558/1524
f 1541/571/1539 1540/572/1540 1539/573/1541
f 1542/574/1542 1538/569/1537 1535/566/1543
f 1466/509/1469 1542/574/1542 1535/566/1543
f 1538/569/1537 1544/575/1544 1543/576/1545
f 1537/570/1538 1538/569/1537 1543/576/1545
f 1547/518/1546 1546/522/1547 1545/577/1548
f 1469/510/1470 1547/518/1546 1545/577/1548
f 1551/578/1549 1550/579/1550 1549/564/1551
f 1548/565/1552 1551/578/1549 1549/564/1551
f 1555/580/1553 1554/581/1554 1553/582/1555
f 1552/583/1556 1555/580/1553 1553/582/1555
f 1558/584/1557 1557/585/1558 1556/586/1559
f 1560/587/1560 1552/583/1556 1553/582/1555
f 1559/588/1561 1560/587/1560 1553/582/1555
f 1562/589/1562 1560/587/1560 1559/588/1561
f 1561/590/1563 1562/589/1562 1559/588/1561
f 1563/591/1564 1526/563/1529 1525/559/1525
f 1565/592/1565 1564/593/1566 1561/590/1563
f 1559/588/1561 1565/592/1565 1561/590/1563
f 1566/594/1567 1565/592/1565 1559/588/1561
f 1553/582/1555 1566/594/1567 1559/588/1561
f 1569/595/1568 1568/596/1569 1567/597/1570
f 1540/572/1540 1541/571/1539 1567/597/1570
f 1571/598/1571 1570/599/1572 1569/595/1568
f 1540/572/1540 1573/600/1573 1572/601/1574
f 1540/572/1540 1568/596/1569 1573/600/1573
f 1540/572/1540 1572/601/1574 1539/573/1541
f 1576/602/1575 1575/603/1576 1574/604/1577
f 1579/605/1578 1578/606/1579 1577/607/1580
f 1581/608/1581 1561/590/1563 1564/593/1566
f 1580/609/1582 1581/608/1581 1564/593/1566
f 1570/599/1572 1573/600/1573 1568/596/1569
f 1583/610/1583 1508/545/1508 1582/611/1584
f 1508/545/1508 1583/610/1583 1507/546/1509
f 1586/612/1585 1585/613/1586 1584/614/1587
f 1548/565/1552 1587/568/1588 1551/578/1549
f 1563/591/1564 1588/615/1589 1529/560/1526
f 1526/563/1529 1563/591/1564 1529/560/1526
f 1578/606/1579 1590/616/1590 1589/617/1591
f 1585/613/1586 1578/606/1579 1589/617/1591
f 1529/560/1526 1575/603/1576 1528/561/1527
f 1571/598/1571 1591/618/1592 1570/599/1572
f 1592/619/1593 1570/599/1572 1580/609/1582
f 1593/620/1594 1586/612/1585 1584/614/1587
f 1594/621/1595 1562/589/1562 1561/590/1563
f 1581/608/1581 1594/621/1595 1561/590/1563
f 1591/618/1592 1594/621/1595 1581/608/1581
f 1590/616/1590 1578/606/1579 1579/605/1578
f 1568/596/1569 1540/572/1540 1567/597/1570
f 1574/604/1577 1529/560/1526 1588/615/1589
f 1572/601/1574 1595/622/1596 1539/573/1541
f 1599/623/1597 1598/624/1598 1597/625/1596
f 1596/626/1599 1599/623/1597 1597/625/1596
f 1598/624/1598 1511/548/1511 1597/625/1596
f 1600/627/1600 1584/614/1587 1589/617/1591
f 1602/627/1601 1601/628/1602 1584/614/1587
f 1600/627/1603 1597/625/1596 1603/629/1604
f 1597/625/1596 1511/548/1511 1603/629/1604
f 1546/522/1547 1604/524/1605 1507/546/1509
f 1545/577/1548 1546/522/1547 1507/546/1509
f 1605/630/1606 1545/577/1548 1507/546/1509
f 1583/610/1583 1605/630/1606 1507/546/1509
f 1606/631/1607 1469/510/1470 1545/577/1548
f 1605/630/1606 1606/631/1607 1545/577/1548
f 1591/618/1592 1581/608/1581 1570/599/1572
f 1607/632/1608 1566/594/1567 1553/582/1555
f 1554/581/1554 1607/632/1608 1553/582/1555
f 1554/581/1554 1555/580/1553 1556/586/1559
f 1608/633/1609 1557/585/1558 1558/584/1557
f 1612/593/1610 1611/592/1611 1610/634/1612
f 1609/635/1613 1612/593/1610 1610/634/1612
f 1611/592/1611 1614/594/1614 1613/636/1615
f 1610/634/1612 1611/592/1611 1613/636/1615
f 1612/593/1610 1609/635/1613 1615/637/1616
f 1616/609/1617 1612/593/1610 1615/637/1616
f 1620/619/1618 1619/638/1619 1618/639/1620
f 1617/600/1621 1620/619/1618 1618/639/1620
f 1616/609/1617 1615/637/1616 1619/638/1619
f 1592/619/1622 1616/609/1617 1619/638/1619
f 1621/640/1623 1613/636/1615 1614/594/1614
f 1622/632/1624 1621/640/1623 1614/594/1614
f 1621/640/1623 1622/632/1624 1557/585/1558
f 1608/633/1609 1621/640/1623 1557/585/1558
f 1623/641/1625 1518/554/1520 1537/570/1538
f 1522/556/1522 1533/567/1533 1518/554/1520
f 1519/553/1519 1522/556/1522 1518/554/1520
f 1542/574/1542 1466/509/1469 1467/508/1468
f 1488/529/1491 1489/528/1490 1624/642/1459
f 1501/539/1501 1488/529/1491 1624/642/1459
f 1504/515/1503 1625/643/1626 1542/574/1542
f 1467/508/1468 1504/515/1503 1542/574/1542
f 1629/644/1627 1628/576/1628 1627/542/1629
f 1626/541/1630 1629/644/1627 1627/542/1629
f 1628/576/1628 1631/575/1631 1630/643/1632
f 1627/542/1629 1628/576/1628 1630/643/1632
f 1464/506/1466 1465/505/1465 1507/546/1509
f 1604/524/1605 1464/506/1466 1507/546/1509
f 1511/548/1511 1598/624/1598 1632/645/1633
f 1468/511/1471 1633/646/1634 1461/502/1462
f 1635/647/1635 1634/648/1636 1527/562/1528
f 1638/649/1637 1637/650/1638 1636/651/1639
f 1606/631/1607 1638/649/1637 1636/651/1639
f 1642/652/1640 1641/653/1580 1640/654/1641
f 1639/655/1642 1642/652/1640 1640/654/1641
f 1643/656/1643 1576/602/1575 1641/653/1580
f 1642/652/1640 1643/656/1643 1641/653/1580
f 1643/656/1643 1644/657/1644 1575/603/1576
f 1576/602/1575 1643/656/1643 1575/603/1576
f 1528/561/1527 1645/658/1645 1635/647/1635
f 1527/562/1528 1528/561/1527 1635/647/1635
f 1646/578/1646 1532/568/1534 1634/648/1636
f 1648/659/1647 1583/610/1583 1582/611/1584
f 1647/660/1648 1648/659/1647 1582/611/1584
f 1650/661/1649 1649/579/1650 1646/578/1646
f 1634/648/1636 1650/661/1649 1646/578/1646
f 1532/568/1534 1527/562/1528 1634/648/1636
f 1644/657/1644 1645/658/1645 1528/561/1527
f 1575/603/1576 1644/657/1644 1528/561/1527
f 1648/659/1647 1651/662/1651 1605/630/1606
f 1583/610/1583 1648/659/1647 1605/630/1606
f 1651/662/1651 1638/649/1637 1606/631/1607
f 1605/630/1606 1651/662/1651 1606/631/1607
f 1634/648/1636 1635/647/1635 1652/663/1652
f 1655/664/1653 1654/665/1654 1653/666/1655
f 1644/657/1644 1643/656/1643 1653/666/1655
f 1650/661/1649 1634/648/1636 1652/663/1652
f 1651/662/1651 1648/659/1647 1654/665/1654
f 1652/663/1652 1635/647/1635 1645/658/1645
f 1655/664/1653 1651/662/1651 1654/665/1654
f 1653/666/1655 1643/656/1643 1655/664/1653
f 1655/664/1653 1642/652/1640 1639/655/1642
f 1656/667/1656 1655/664/1653 1639/655/1642
f 1655/664/1653 1656/667/1656 1637/650/1638
f 1638/649/1637 1655/664/1653 1637/650/1638
f 1657/668/1657 1576/602/1575 1574/604/1577
f 1660/669/1658 1659/670/1659 1658/671/1660
f 1658/671/1660 1576/602/1575 1657/668/1657
f 1658/671/1660 1659/670/1659 1576/602/1575
f 1493/533/1495 1661/672/1661 1456/500/1460
f 1458/498/1458 1499/537/1499 1457/499/1459
f 1457/499/1459 1624/642/1459 1492/531/1493
f 1456/500/1460 1457/499/1459 1492/531/1493
f 1624/642/1459 1489/528/1490 1492/531/1493
f 1654/665/1654 1648/659/1647 1647/660/1648
f 1647/660/1648 1582/611/1584 1649/579/1650
f 1650/661/1649 1647/660/1648 1649/579/1650
f 1645/658/1645 1644/657/1644 1653/666/1655
f 1652/663/1652 1645/658/1645 1653/666/1655
f 1654/665/1654 1652/663/1652 1653/666/1655
f 1647/660/1648 1650/661/1649 1652/663/1652
f 1654/665/1654 1647/660/1648 1652/663/1652
f 1530/564/1662 1550/579/1550 1662/611/1663
f 1508/545/1508 1530/564/1530 1582/611/1584
f 1643/656/1643 1642/652/1640 1655/664/1653
f 1655/664/1653 1638/649/1637 1651/662/1651
f 1519/553/1519 1664/673/1664 1663/674/1665
f 1557/585/1558 1607/632/1608 1556/586/1559
f 1469/510/1470 1606/631/1607 1665/550/1666
f 1570/599/1572 1568/596/1569 1569/595/1568
f 1585/613/1586 1586/612/1585 1577/607/1580
f 1578/606/1579 1585/613/1586 1577/607/1580
f 1589/617/1591 1584/614/1587 1585/613/1586
f 1669/675/1363 1668/676/1667 1667/677/1668
f 1666/678/1363 1669/675/1363 1667/677/1668
f 1520/552/1518 1670/679/1669 1664/673/1664
f 1674/680/1670 1673/681/1671 1672/682/1672
f 1671/683/1673 1674/680/1670 1672/682/1672
f 1673/681/1671 1675/684/1674 1672/682/1672
f 1674/680/1670 1671/683/1673 1676/685/1675
f 1677/686/1676 1674/680/1670 1676/685/1675
f 1677/686/1676 1676/685/1675 1679/687/1677
f 1678/688/1678 1677/686/1676 1679/687/1677
f 1538/569/1537 1542/574/1542 1544/575/1544
f 1631/575/1631 1680/574/1679 1630/643/1632
f 1537/570/1538 1681/689/1680 1623/641/1625
f 1520/552/1518 1682/690/1681 1670/679/1669
f 1524/558/1524 1532/568/1534 1533/567/1533
f 1522/556/1522 1524/558/1524 1533/567/1533
f 1526/563/1529 1527/562/1528 1532/568/1534
f 1524/558/1524 1526/563/1529 1532/568/1534
f 1684/691/1682 1675/684/1674 1683/692/1683
f 1678/688/1678 1679/687/1677 1686/693/1684
f 1685/694/1685 1678/688/1678 1686/693/1684
f 1483/524/1486 1481/522/1484 1482/521/1483
f 1689/695/1686 1688/696/1687 1687/697/1688
f 1511/548/1511 1512/547/1510 1603/629/1604
f 1603/629/1604 1690/628/1689 1600/627/1603
f 1512/547/1510 1690/628/1689 1603/629/1604
f 1691/698/1690 1639/655/1642 1640/654/1641
f 1516/551/1691 1691/698/1690 1640/654/1641
f 1639/655/1642 1691/698/1690 1656/667/1656
f 1656/667/1656 1691/698/1690 1637/650/1638
f 1636/651/1639 1637/650/1638 1691/698/1690
f 1516/551/1691 1636/651/1639 1691/698/1690
f 1636/651/1639 1516/551/1691 1665/550/1666
f 1668/676/1667 1692/699/1685 1667/677/1668
f 1519/553/1519 1663/674/1665 1521/557/1523
f 1695/700/1692 1694/701/1693 1693/702/1694
f 1575/603/1576 1529/560/1526 1574/604/1577
f 1469/510/1470 1472/512/1472 1468/511/1471
f 1699/506/1695 1698/703/1696 1697/704/1697
f 1696/507/1698 1699/506/1695 1697/704/1697
f 1697/704/1697 1474/516/1477 1475/508/1476
f 1696/507/1698 1697/704/1697 1475/508/1476
f 1700/703/1495 1483/524/1486 1484/523/1485
f 1698/703/1696 1699/506/1695 1483/524/1699
f 1661/672/1661 1495/534/1496 1456/500/1460
f 1485/525/1487 1633/646/1634 1468/511/1471
f 1511/548/1511 1632/645/1633 1510/549/1512
f 1556/586/1559 1607/632/1608 1554/581/1554
f 1520/552/1518 1664/673/1664 1519/553/1519
f 1459/504/1464 1547/518/1546 1469/510/1470
f 1462/501/1461 1459/504/1464 1469/510/1470
f 1593/620/1594 1584/614/1587 1601/628/1602
f 1534/566/1532 1532/568/1534 1509/544/1507
f 1538/569/1537 1533/567/1533 1534/566/1532
f 1580/609/1582 1570/599/1572 1581/608/1581
f 1592/619/1593 1573/600/1573 1570/599/1572
f 1537/570/1538 1543/576/1545 1681/689/1680
f 1606/631/1607 1636/651/1639 1665/550/1666
f 1504/515/1503 1502/542/1505 1625/643/1626
f 1703/705/1700 1702/706/1701 1701/707/1702
f 1704/708/1492 1703/705/1700 1701/707/1702
f 1701/707/1702 1702/706/1701 1705/709/1703
f 1708/547/1704 1707/547/1705 1706/628/1706
f 1709/628/1707 1708/547/1704 1706/628/1706
f 1512/547/1510 1510/549/1512 1711/549/1708
f 1710/547/1709 1512/547/1510 1711/549/1708
f 1713/620/1710 1709/628/1707 1706/628/1706
f 1712/620/1711 1713/620/1710 1706/628/1706
f 1717/514/1712 1716/513/1712 1715/513/1713
f 1714/514/1714 1717/514/1712 1715/513/1713
f 1485/525/1487 1470/514/1474 1719/514/1715
f 1718/525/1716 1485/525/1487 1719/514/1715
f 1722/551/1717 1721/551/1718 1720/513/1719
f 1723/513/1720 1722/551/1717 1720/513/1719
f 1726/710/1721 1725/711/1722 1724/712/1723
f 1727/713/1723 1726/710/1721 1724/712/1723
f 1686/693/1684 1728/714/1724 1685/694/1685
f 1675/684/1674 1684/691/1682 1729/715/1725
f 1672/682/1672 1675/684/1674 1729/715/1725
f 1673/681/1671 1731/716/1726 1730/717/1727
f 1675/684/1674 1673/681/1671 1730/717/1727
f 1733/498/1728 1732/500/1729 1457/499/1459
f 1735/501/1730 1734/504/1731 1460/503/1463
f 1461/502/1462 1735/501/1730 1460/503/1463
f 1738/505/1732 1737/507/1733 1736/506/1734
f 1740/508/1735 1737/507/1733 1738/505/1732
f 1739/509/1736 1740/508/1735 1738/505/1732
f 1742/510/1737 1735/501/1730 1741/511/1738
f 1741/511/1738 1745/514/1739 1744/513/1740
f 1743/512/1741 1741/511/1738 1744/513/1740
f 1749/515/1742 1748/517/1743 1747/516/1744
f 1746/508/1745 1749/515/1742 1747/516/1744
f 1753/518/1746 1752/520/1747 1751/519/1748
f 1750/504/1749 1753/518/1746 1751/519/1748
f 1753/518/1746 1755/522/1750 1754/521/1751
f 1752/520/1747 1753/518/1746 1754/521/1751
f 1757/523/1752 1754/521/1751 1756/524/1753
f 1735/501/1730 1461/502/1462 1741/511/1738
f 1745/514/1739 1741/511/1738 1758/525/1754
f 1486/526/1488 1460/503/1463 1734/504/1731
f 1751/519/1755 1486/526/1488 1734/504/1731
f 1762/527/1756 1761/530/1757 1760/529/1758
f 1759/528/1759 1762/527/1756 1760/529/1758
f 1764/531/1760 1763/532/1761 1762/527/1756
f 1759/528/1759 1764/531/1760 1762/527/1756
f 1764/531/1760 1732/500/1729 1765/533/1762
f 1763/532/1761 1764/531/1760 1765/533/1762
f 1767/535/1763 1766/534/1764 1732/500/1729
f 1733/498/1728 1767/535/1763 1732/500/1729
f 1733/498/1728 1768/536/1765 1767/535/1763
f 1499/537/1499 1497/538/1488 1769/536/1748
f 1733/498/1728 1499/537/1499 1769/536/1748
f 1501/539/1501 1760/529/1758 1761/530/1757
f 1770/540/1766 1501/539/1501 1761/530/1757
f 1773/515/1767 1772/542/1768 1771/541/1769
f 1775/541/1770 1774/543/1771 1748/517/1743
f 1749/515/1742 1775/541/1770 1748/517/1743
f 1738/505/1732 1778/546/1772 1777/545/1773
f 1776/544/1774 1738/505/1732 1777/545/1773
f 1781/547/1775 1780/549/1776 1779/548/1777
f 1784/550/1778 1783/512/1779 1782/513/1780
f 1785/551/1781 1784/550/1778 1782/513/1780
f 1784/550/1778 1786/510/1782 1783/512/1779
f 1789/552/1783 1788/554/1784 1787/553/1785
f 1792/555/1786 1791/557/1787 1790/556/1788
f 1792/555/1786 1790/556/1788 1793/558/1789
f 1794/559/1790 1792/555/1786 1793/558/1789
f 1790/556/1788 1791/557/1787 1787/553/1785
f 1798/560/1791 1797/563/1792 1796/562/1793
f 1795/561/1794 1798/560/1791 1796/562/1793
f 1776/544/1774 1777/545/1773 1799/564/1795
f 1799/564/1795 1800/565/1796 1776/544/1774
f 1803/566/1797 1802/568/1798 1801/567/1799
f 1776/544/1774 1805/566/1800 1804/509/1801
f 1738/505/1732 1776/544/1774 1804/509/1801
f 1776/544/1774 1800/565/1796 1802/568/1798
f 1801/567/1799 1788/554/1784 1806/570/1802
f 1807/569/1803 1801/567/1799 1806/570/1802
f 1794/559/1790 1793/558/1789 1797/563/1792
f 1810/571/1804 1809/573/1805 1808/572/1806
f 1811/574/1807 1739/509/1736 1805/566/1808
f 1807/569/1803 1811/574/1807 1805/566/1808
f 1813/576/1809 1812/575/1810 1807/569/1803
f 1806/570/1802 1813/576/1809 1807/569/1803
f 1816/518/1811 1742/510/1737 1815/577/1812
f 1814/522/1813 1816/518/1811 1815/577/1812
f 1820/578/1814 1819/565/1815 1818/564/1816
f 1817/579/1817 1820/578/1814 1818/564/1816
f 1824/580/1818 1823/583/1819 1822/582/1820
f 1821/581/1821 1824/580/1818 1822/582/1820
f 1827/584/1822 1826/586/1823 1825/585/1824
f 1829/587/1825 1828/588/1826 1822/582/1820
f 1823/583/1819 1829/587/1825 1822/582/1820
f 1831/589/1827 1830/590/1828 1828/588/1826
f 1829/587/1825 1831/589/1827 1828/588/1826
f 1832/591/1829 1794/559/1790 1797/563/1792
f 1834/592/1565 1828/588/1826 1830/590/1828
f 1833/593/1830 1834/592/1565 1830/590/1828
f 1835/594/1831 1822/582/1820 1828/588/1826
f 1834/592/1565 1835/594/1831 1828/588/1826
f 1838/595/1832 1837/597/1833 1836/596/1834
f 1808/572/1806 1837/597/1833 1810/571/1804
f 1840/598/1835 1838/595/1832 1839/599/1836
f 1808/572/1806 1842/601/1837 1841/600/1838
f 1808/572/1806 1841/600/1838 1836/596/1834
f 1808/572/1806 1809/573/1805 1842/601/1837
f 1845/602/1839 1844/604/1840 1843/603/1841
f 1848/605/1842 1847/607/1843 1846/606/1844
f 1833/593/1830 1830/590/1828 1850/608/1845
f 1849/609/1846 1833/593/1830 1850/608/1845
f 1839/599/1836 1836/596/1834 1841/600/1838
f 1852/610/1847 1851/611/1848 1777/545/1773
f 1777/545/1773 1778/546/1772 1852/610/1847
f 1855/612/1849 1854/614/1850 1853/613/1851
f 1819/565/1815 1820/578/1814 1856/568/1852
f 1798/560/1791 1857/615/1853 1832/591/1829
f 1797/563/1792 1798/560/1791 1832/591/1829
f 1846/606/1844 1853/613/1851 1859/617/1854
f 1858/616/1855 1846/606/1844 1859/617/1854
f 1798/560/1791 1795/561/1794 1843/603/1841
f 1840/598/1835 1839/599/1836 1860/618/1856
f 1861/619/1857 1849/609/1846 1839/599/1836
f 1862/620/1858 1854/614/1850 1855/612/1849
f 1863/621/1859 1850/608/1845 1830/590/1828
f 1831/589/1827 1863/621/1859 1830/590/1828
f 1860/618/1856 1850/608/1845 1863/621/1859
f 1858/616/1855 1848/605/1842 1846/606/1844
f 1836/596/1834 1837/597/1833 1808/572/1806
f 1844/604/1840 1857/615/1853 1798/560/1791
f 1842/601/1837 1809/573/1805 1864/622/1860
f 1599/623/1597 1866/626/1861 1865/625/1860
f 1598/624/1598 1599/623/1597 1865/625/1860
f 1598/624/1598 1865/625/1860 1779/548/1777
f 1867/627/1805 1859/617/1854 1854/614/1850
f 1869/627/1862 1854/614/1850 1868/628/1863
f 1867/627/1864 1870/629/1865 1865/625/1860
f 1865/625/1860 1870/629/1865 1779/548/1777
f 1814/522/1813 1815/577/1812 1778/546/1772
f 1871/524/1866 1814/522/1813 1778/546/1772
f 1872/630/1867 1852/610/1847 1778/546/1772
f 1815/577/1812 1872/630/1867 1778/546/1772
f 1873/631/1868 1872/630/1867 1815/577/1812
f 1742/510/1737 1873/631/1868 1815/577/1812
f 1860/618/1856 1839/599/1836 1850/608/1845
f 1822/582/1820 1835/594/1831 1874/632/1869
f 1821/581/1821 1822/582/1820 1874/632/1869
f 1821/581/1821 1826/586/1823 1824/580/1818
f 1875/633/1870 1827/584/1822 1825/585/1824
f 1879/593/1871 1878/635/1872 1877/634/1873
f 1876/592/1874 1879/593/1871 1877/634/1873
f 1876/592/1874 1877/634/1873 1881/636/1875
f 1880/594/1876 1876/592/1874 1881/636/1875
f 1879/593/1871 1883/609/1877 1882/637/1878
f 1878/635/1872 1879/593/1871 1882/637/1878
f 1887/619/1879 1886/600/1880 1885/639/1881
f 1884/638/1882 1887/619/1879 1885/639/1881
f 1883/609/1877 1861/619/1857 1884/638/1883
f 1882/637/1878 1883/609/1877 1884/638/1883
f 1880/594/1876 1881/636/1875 1888/640/1884
f 1889/632/1885 1880/594/1876 1888/640/1884
f 1888/640/1884 1875/633/1870 1825/585/1824
f 1889/632/1885 1888/640/1884 1825/585/1824
f 1890/641/1783 1806/570/1802 1788/554/1784
f 1788/554/1784 1801/567/1799 1790/556/1788
f 1787/553/1785 1788/554/1784 1790/556/1788
f 1811/574/1807 1740/508/1735 1739/509/1736
f 1760/529/1758 1501/539/1501 1624/642/1459
f 1759/528/1759 1760/529/1758 1624/642/1459
f 1811/574/1807 1891/643/1886 1773/515/1767
f 1740/508/1735 1811/574/1807 1773/515/1767
f 1895/644/1887 1894/541/1887 1893/542/1888
f 1892/576/1889 1895/644/1887 1893/542/1888
f 1892/576/1889 1893/542/1888 1897/643/1890
f 1896/575/1891 1892/576/1889 1897/643/1890
f 1736/506/1734 1871/524/1866 1778/546/1772
f 1738/505/1732 1736/506/1734 1778/546/1772
f 1779/548/1777 1632/645/1633 1598/624/1598
f 1741/511/1738 1461/502/1462 1633/646/1634
f 1899/647/1892 1796/562/1793 1898/648/1893
f 1902/649/1894 1873/631/1868 1901/651/1895
f 1900/650/1896 1902/649/1894 1901/651/1895
f 1906/652/1897 1905/655/1898 1904/654/1899
f 1903/653/1900 1906/652/1897 1904/654/1899
f 1907/656/1901 1906/652/1897 1903/653/1900
f 1845/602/1839 1907/656/1901 1903/653/1900
f 1907/656/1901 1845/602/1839 1843/603/1841
f 1908/657/1902 1907/656/1901 1843/603/1841
f 1899/647/1892 1909/658/1903 1795/561/1794
f 1796/562/1793 1899/647/1892 1795/561/1794
f 1910/578/1904 1898/648/1893 1802/568/1798
f 1912/659/1905 1911/660/1906 1851/611/1848
f 1852/610/1847 1912/659/1905 1851/611/1848
f 1914/661/1907 1898/648/1893 1910/578/1904
f 1913/579/1908 1914/661/1907 1910/578/1904
f 1802/568/1798 1898/648/1893 1796/562/1793
f 1908/657/1902 1843/603/1841 1795/561/1794
f 1909/658/1903 1908/657/1902 1795/561/1794
f 1912/659/1905 1852/610/1847 1872/630/1867
f 1915/662/1909 1912/659/1905 1872/630/1867
f 1915/662/1909 1872/630/1867 1873/631/1868
f 1902/649/1894 1915/662/1909 1873/631/1868
f 1898/648/1893 1916/663/1910 1899/647/1892
f 1919/664/1911 1918/666/1912 1917/665/1913
f 1908/657/1902 1918/666/1912 1907/656/1901
f 1914/661/1907 1916/663/1910 1898/648/1893
f 1915/662/1909 1917/665/1913 1912/659/1905
f 1916/663/1910 1909/658/1903 1899/647/1892
f 1919/664/1911 1917/665/1913 1915/662/1909
f 1918/666/1912 1919/664/1911 1907/656/1901
f 1919/664/1911 1920/667/1914 1905/655/1898
f 1906/652/1897 1919/664/1911 1905/655/1898
f 1919/664/1911 1902/649/1894 1900/650/1896
f 1920/667/1914 1919/664/1911 1900/650/1896
f 1921/668/1915 1844/604/1840 1845/602/1839
f 1924/669/1916 1923/671/1917 1922/670/1918
f 1923/671/1917 1921/668/1915 1845/602/1839
f 1923/671/1917 1845/602/1839 1922/670/1918
f 1765/533/1762 1732/500/1729 1925/672/1919
f 1733/498/1728 1457/499/1459 1499/537/1499
f 1457/499/1459 1732/500/1729 1764/531/1760
f 1624/642/1459 1457/499/1459 1764/531/1760
f 1624/642/1459 1764/531/1760 1759/528/1759
f 1917/665/1913 1911/660/1906 1912/659/1905
f 1911/660/1906 1914/661/1907 1913/579/1908
f 1851/611/1848 1911/660/1906 1913/579/1908
f 1909/658/1903 1916/663/1910 1918/666/1912
f 1908/657/1902 1909/658/1903 1918/666/1912
f 1917/665/1913 1918/666/1912 1916/663/1910
f 1916/663/1910 1914/661/1907 1911/660/1906
f 1917/665/1913 1916/663/1910 1911/660/1906
f 1799/564/1795 1926/611/1920 1817/579/1817
f 1777/545/1773 1851/611/1848 1799/564/1795
f 1907/656/1901 1919/664/1911 1906/652/1897
f 1919/664/1911 1915/662/1909 1902/649/1894
f 1787/553/1785 1928/674/1921 1927/673/1922
f 1825/585/1824 1826/586/1823 1874/632/1869
f 1742/510/1737 1929/550/1923 1873/631/1868
f 1839/599/1836 1838/595/1832 1836/596/1834
f 1853/613/1851 1846/606/1844 1847/607/1843
f 1855/612/1849 1853/613/1851 1847/607/1843
f 1859/617/1854 1853/613/1851 1854/614/1850
f 1933/675/1322 1932/678/1322 1931/677/1924
f 1930/676/1925 1933/675/1322 1931/677/1924
f 1789/552/1783 1927/673/1922 1934/679/1926
f 1938/680/1927 1937/683/1928 1936/682/1929
f 1935/681/1930 1938/680/1927 1936/682/1929
f 1935/681/1930 1936/682/1929 1939/684/1931
f 1941/685/1932 1937/683/1928 1938/680/1927
f 1940/686/1933 1941/685/1932 1938/680/1927
f 1940/686/1933 1943/688/1934 1942/687/1935
f 1941/685/1932 1940/686/1933 1942/687/1935
f 1807/569/1803 1812/575/1810 1811/574/1807
f 1896/575/1891 1897/643/1890 1944/574/1936
f 1806/570/1802 1890/641/1783 1945/689/1937
f 1789/552/1783 1934/679/1926 1946/690/1937
f 1793/558/1789 1790/556/1788 1801/567/1799
f 1802/568/1798 1793/558/1789 1801/567/1799
f 1797/563/1792 1793/558/1789 1802/568/1798
f 1796/562/1793 1797/563/1792 1802/568/1798
f 1948/691/1938 1947/692/1939 1939/684/1931
f 1943/688/1934 1950/694/1940 1949/693/1941
f 1942/687/1935 1943/688/1934 1949/693/1941
f 1756/524/1753 1754/521/1751 1755/522/1750
f 1953/695/1942 1952/697/1943 1951/696/1944
f 1779/548/1777 1870/629/1865 1781/547/1775
f 1870/629/1865 1867/627/1864 1954/628/1945
f 1781/547/1775 1870/629/1865 1954/628/1945
f 1955/698/1946 1785/551/1947 1904/654/1899
f 1905/655/1898 1955/698/1946 1904/654/1899
f 1905/655/1898 1920/667/1914 1955/698/1946
f 1920/667/1914 1900/650/1896 1955/698/1946
f 1901/651/1895 1785/551/1947 1955/698/1946
f 1900/650/1896 1901/651/1895 1955/698/1946
f 1901/651/1895 1929/550/1923 1785/551/1947
f 1930/676/1925 1931/677/1924 1956/699/1940
f 1787/553/1785 1791/557/1787 1928/674/1921
f 1959/700/1948 1958/702/1938 1957/701/1949
f 1843/603/1841 1844/604/1840 1798/560/1791
f 1742/510/1737 1741/511/1738 1743/512/1741
f 1963/506/1950 1962/507/1951 1961/704/1952
f 1960/703/1953 1963/506/1950 1961/704/1952
f 1746/508/1745 1747/516/1744 1961/704/1952
f 1962/507/1951 1746/508/1745 1961/704/1952
f 1964/703/1762 1757/523/1752 1756/524/1753
f 1960/703/1953 1756/524/1753 1963/506/1950
f 1925/672/1919 1732/500/1729 1766/534/1764
f 1758/525/1754 1741/511/1738 1633/646/1634
f 1779/548/1777 1780/549/1776 1632/645/1633
f 1826/586/1823 1821/581/1821 1874/632/1869
f 1789/552/1783 1787/553/1785 1927/673/1922
f 1734/504/1731 1735/501/1730 1742/510/1737
f 1816/518/1811 1734/504/1731 1742/510/1737
f 1862/620/1858 1868/628/1863 1854/614/1850
f 1803/566/1797 1776/544/1774 1802/568/1798
f 1807/569/1803 1803/566/1797 1801/567/1799
f 1849/609/1846 1850/608/1845 1839/599/1836
f 1861/619/1857 1839/599/1836 1841/600/1838
f 1806/570/1802 1945/689/1937 1813/576/1809
f 1873/631/1868 1929/550/1923 1901/651/1895
f 1773/515/1767 1891/643/1886 1772/542/1768
f 1967/707/1954 1966/706/1955 1965/705/1956
f 1968/708/1957 1967/707/1954 1965/705/1956
f 1967/707/1954 1969/709/1958 1966/706/1955
f 1706/628/1706 1707/547/1705 1970/547/1959
f 1971/628/1960 1706/628/1706 1970/547/1959
f 1707/547/1705 1973/549/1961 1972/549/1961
f 1970/547/1959 1707/547/1705 1972/549/1961
f 1974/620/1962 1712/620/1711 1706/628/1706
f 1971/628/1960 1974/620/1962 1706/628/1706
f 1976/514/1963 1714/514/1714 1715/513/1713
f 1975/513/1964 1976/514/1963 1715/513/1713
f 1979/525/1965 1978/525/1965 1977/514/1966
f 1714/514/1714 1976/514/1963 1980/525/1967
f 1720/513/1719 1721/551/1718 1981/551/1962
f 1982/513/1968 1720/513/1719 1981/551/1962
f 1985/712/1969 1984/711/1970 1983/710/1971
f 1986/713/1969 1985/712/1969 1983/710/1971
f 1949/693/1941 1950/694/1940 1987/714/1971
f 1939/684/1931 1936/682/1929 1988/715/1972
f 1948/691/1938 1939/684/1931 1988/715/1972
f 1935/681/1930 1939/684/1931 1990/717/1973
f 1989/716/1974 1935/681/1930 1990/717/1973
f 1993/718/1975 1992/719/1976 1991/720/1977
f 1996/721/1978 1995/722/1979 1994/723/1980
f 1993/718/1975 1998/724/1981 1997/725/1982
f 1995/722/1979 1991/720/1977 1992/719/1976
f 1991/720/1977 1999/726/1983 1993/718/1975
f 1999/726/1983 1991/720/1977 1996/721/1978
f 1993/718/1975 1999/726/1983 2000/727/1984
f 2004/728/1985 2003/729/1986 2002/730/1987
f 2001/731/1988 2004/728/1985 2002/730/1987
f 2003/729/1986 2006/732/1989 2005/733/1990
f 2002/730/1987 2003/729/1986 2005/733/1990
f 2008/734/1991 2004/728/1985 2001/731/1988
f 2007/735/1992 2008/734/1991 2001/731/1988
f 2011/736/1993 2010/737/1994 2009/738/1995
f 2015/724/1996 2014/739/1997 2013/740/1998
f 2012/725/1999 2015/724/1996 2013/740/1998
f 2012/725/1999 2013/740/1998 2016/741/2000
f 2017/719/2001 2012/725/1999 2016/741/2000
f 2010/737/1994 2011/736/1993 2018/742/2002
f 2018/742/2002 2011/736/1993 2019/743/2000
f 1998/724/1981 1993/718/1975 2020/744/2003
f 2022/745/2004 2021/746/2005 2011/736/1993
f 2009/738/1995 2022/745/2004 2011/736/1993
f 1993/718/1975 2000/727/1984 2020/744/2003
f 2024/747/2006 2023/748/2007 2000/727/1984
f 2025/749/2008 2024/747/2006 2000/727/1984
f 2000/727/1984 2023/748/2007 2020/744/2003
f 2017/719/2001 2027/718/2009 2026/720/2010
f 2030/721/2011 2029/723/2012 2028/722/2013
f 2027/718/2009 2032/725/2014 2031/724/2015
f 2026/720/2010 2028/722/2013 2017/719/2001
f 2026/720/2010 2027/718/2009 2033/726/2016
f 2028/722/2013 2026/720/2010 2030/721/2011
f 2027/718/2009 2034/727/2017 2033/726/2016
f 2038/728/2018 2037/731/2019 2036/730/2020
f 2035/729/2021 2038/728/2018 2036/730/2020
f 2035/729/2021 2036/730/2020 2040/733/2022
f 2039/732/2012 2035/729/2021 2040/733/2022
f 2042/734/2023 2041/735/2024 2037/731/2019
f 2038/728/2018 2042/734/2023 2037/731/2019
f 2011/736/1993 2044/738/2025 2043/737/2026
f 2048/724/2027 2047/725/2028 2046/740/2029
f 2045/739/2030 2048/724/2027 2046/740/2029
f 2049/741/2031 2046/740/2029 2047/725/2028
f 1992/719/2032 2049/741/2031 2047/725/2028
f 2043/737/2026 2050/742/2029 2011/736/1993
f 2050/742/2029 2019/743/2000 2011/736/1993
f 2031/724/2015 2051/744/2033 2027/718/2009
f 2052/745/2034 2011/736/1993 2021/746/2005
f 2044/738/2025 2011/736/1993 2052/745/2034
f 2027/718/2009 2051/744/2033 2034/727/2017
f 2034/727/2017 2054/748/2035 2053/747/2036
f 2055/749/2037 2034/727/2017 2053/747/2036
f 2034/727/2017 2051/744/2033 2054/748/2035
f 2059/725/2038 2058/718/2039 2057/720/2040
f 2056/719/2041 2059/725/2038 2057/720/2040
f 2062/721/2042 2061/723/2043 2060/722/2044
f 2058/718/2039 2059/725/2038 2063/724/2045
f 2057/720/2040 2060/722/2044 2056/719/2041
f 2057/720/2040 2058/718/2039 2064/726/2046
f 2057/720/2040 2064/726/2046 2062/721/2042
f 2060/722/2044 2057/720/2040 2062/721/2042
f 2058/718/2039 2065/727/2047 2064/726/2046
f 2067/728/2048 2001/731/1988 2002/730/1987
f 2066/729/2049 2067/728/2048 2002/730/1987
f 2066/729/2049 2002/730/1987 2005/733/1990
f 2068/732/2043 2066/729/2049 2005/733/1990
f 2069/734/2050 2007/735/1992 2001/731/1988
f 2067/728/2048 2069/734/2050 2001/731/1988
f 2072/736/2051 2071/738/2052 2070/737/2053
f 2076/724/2054 2075/725/2055 2074/740/2056
f 2073/739/2057 2076/724/2054 2074/740/2056
f 2077/741/2058 2074/740/2056 2075/725/2055
f 2078/719/2059 2077/741/2058 2075/725/2055
f 2070/737/2053 2079/742/2056 2072/736/2051
f 2079/742/2056 2080/743/2058 2072/736/2051
f 2063/724/2045 2081/744/2060 2058/718/2039
f 2083/745/2061 2072/736/2051 2082/746/2062
f 2071/738/2052 2072/736/2051 2083/745/2061
f 2058/718/2039 2081/744/2060 2065/727/2047
f 2065/727/2047 2084/748/2063 2024/747/2006
f 2025/749/2008 2065/727/2047 2024/747/2006
f 2065/727/2047 2081/744/2060 2084/748/2063
f 2087/725/2064 2078/719/2065 2086/720/2066
f 2085/718/2067 2087/725/2064 2086/720/2066
f 2090/721/2068 2089/722/2069 2088/723/2070
f 2085/718/2067 2091/724/2071 2087/725/2064
f 2078/719/2065 2089/722/2069 2086/720/2066
f 2086/720/2066 2092/726/2072 2085/718/2067
f 2086/720/2066 2089/722/2069 2090/721/2068
f 2092/726/2072 2086/720/2066 2090/721/2068
f 2085/718/2067 2092/726/2072 2093/727/2073
f 2095/728/2074 2094/729/2075 2036/730/2020
f 2037/731/2019 2095/728/2074 2036/730/2020
f 2094/729/2075 2096/732/2076 2040/733/2022
f 2036/730/2020 2094/729/2075 2040/733/2022
f 2097/734/2077 2095/728/2074 2037/731/2019
f 2041/735/2024 2097/734/2077 2037/731/2019
f 2072/736/2051 2099/737/2078 2098/738/2079
f 2103/724/2080 2102/739/2081 2101/740/2082
f 2100/725/2083 2103/724/2080 2101/740/2082
f 2100/725/2083 2101/740/2082 2104/741/2084
f 2056/719/2085 2100/725/2083 2104/741/2084
f 2099/737/2078 2072/736/2051 2105/742/2086
f 2105/742/2086 2072/736/2051 2080/743/2058
f 2091/724/2071 2085/718/2067 2106/744/2087
f 2107/745/2088 2082/746/2062 2072/736/2051
f 2098/738/2079 2107/745/2088 2072/736/2051
f 2085/718/2067 2093/727/2073 2106/744/2087
f 2053/747/2036 2108/748/2089 2093/727/2073
f 2055/749/2037 2053/747/2036 2093/727/2073
f 2093/727/2073 2108/748/2089 2106/744/2087
f 2111/750/2090 2110/751/2091 2109/752/2092
f 2115/753/2093 2114/754/2094 2113/755/2095
f 2112/756/2096 2115/753/2093 2113/755/2095
f 2116/757/2097 2115/753/2093 2110/751/2091
f 2110/751/2091 2111/750/2090 2117/758/2098
f 2114/754/2094 2115/753/2093 2116/757/2097
f 2118/759/2099 2114/754/2094 2116/757/2097
f 2113/755/2095 2119/760/2100 2112/756/2096
f 2109/752/2092 2120/761/2101 2111/750/2090
f 2120/761/2101 2121/762/2102 2117/758/2098
f 2111/750/2090 2120/761/2101 2117/758/2098
f 2115/753/2093 2122/763/2103 2109/752/2092
f 2109/752/2092 2110/751/2091 2115/753/2093
f 2115/753/2093 2112/756/2096 2122/763/2103
f 2125/764/2104 2124/765/2105 2123/766/2106
f 2128/767/2107 2127/768/2108 2126/769/2109
f 2130/770/2110 2129/765/2111 2128/767/2107
f 2126/769/2109 2130/770/2110 2128/767/2107
f 2134/771/2102 2133/772/2112 2132/773/2113
f 2131/774/2114 2134/771/2102 2132/773/2113
f 2125/764/2104 2123/766/2106 2132/773/2113
f 2133/772/2112 2125/764/2104 2132/773/2113
f 2138/775/2115 2137/776/2116 2136/777/2117
f 2135/778/2118 2138/775/2115 2136/777/2117
f 2141/779/2119 2140/780/2120 2139/778/2121
f 2145/781/1995 2144/782/2122 2143/783/2122
f 2142/784/2123 2145/781/1995 2143/783/2122
f 2142/784/2123 2146/785/2124 2145/781/1995
f 2146/785/2124 2142/784/2123 2148/786/2125
f 2147/787/2125 2146/785/2124 2148/786/2125
f 2150/788/2126 2138/775/2115 2135/778/2118
f 2149/789/2127 2150/788/2126 2135/778/2118
f 2154/790/2128 2153/791/2129 2152/792/2130
f 2151/793/2131 2154/790/2128 2152/792/2130
f 2156/794/2132 2155/795/2133 2137/776/2116
f 2157/796/2134 2156/794/2132 2137/776/2116
f 2157/796/2134 2137/776/2116 2138/775/2115
f 2150/788/2126 2157/796/2134 2138/775/2115
f 2159/786/2135 2158/784/2136 2155/795/2133
f 2151/793/2131 2159/786/2135 2155/795/2133
f 2156/794/2132 2154/790/2128 2151/793/2131
f 2155/795/2133 2156/794/2132 2151/793/2131
f 2137/776/2116 2158/784/2136 2160/783/2137
f 2151/793/2131 2152/792/2130 2159/786/2135
f 2137/776/2116 2155/795/2133 2158/784/2136
f 2163/797/2127 2162/798/2006 2161/799/2138
f 2164/800/2139 2163/797/2127 2161/799/2138
f 2167/801/2140 2166/802/2141 2165/803/2142
f 2171/783/2143 2170/782/2143 2169/804/2144
f 2168/777/2145 2171/783/2143 2169/804/2144
f 2137/776/2116 2160/783/2137 2136/777/2117
f 2174/805/2146 2173/806/2146 2172/807/2146
f 2109/752/2092 2175/808/2147 2120/761/2101
f 2109/752/2092 2122/763/2103 2175/808/2147
f 2178/789/2148 2177/789/2149 2176/789/2119
f 2169/804/2144 2141/779/2119 2139/778/2121
f 2168/777/2145 2169/804/2144 2139/778/2121
f 2128/767/2107 2179/809/2100 2127/768/2108
f 2179/809/2100 2180/810/2150 2127/768/2108
f 2183/750/2151 2182/752/2152 2181/751/2153
f 2187/753/2154 2186/756/2155 2185/755/2156
f 2184/754/2157 2187/753/2154 2185/755/2156
f 2189/757/2158 2188/758/2159 2181/751/2153
f 2181/751/2153 2188/758/2159 2183/750/2151
f 2184/754/2157 2190/759/2160 2189/757/2158
f 2187/753/2154 2184/754/2157 2189/757/2158
f 2185/755/2156 2186/756/2155 2119/760/2100
f 2182/752/2152 2183/750/2151 2191/761/2161
f 2191/761/2161 2183/750/2151 2188/758/2159
f 2192/762/2162 2191/761/2161 2188/758/2159
f 2187/753/2154 2182/752/2152 2193/763/2163
f 2182/752/2152 2187/753/2154 2181/751/2153
f 2187/753/2154 2193/763/2163 2186/756/2155
f 2196/765/2164 2195/766/2165 2194/770/2166
f 2199/767/2167 2198/769/2168 2197/768/2169
f 2194/770/2166 2198/769/2168 2199/767/2167
f 2196/765/2164 2194/770/2166 2199/767/2167
f 2203/771/2170 2202/774/2171 2201/773/2172
f 2200/772/2173 2203/771/2170 2201/773/2172
f 2201/773/2172 2205/766/2174 2204/764/2175
f 2200/772/2173 2201/773/2172 2204/764/2175
f 2209/775/2176 2208/778/2177 2207/777/2015
f 2206/776/2178 2209/775/2176 2207/777/2015
f 2212/779/2179 2211/778/2180 2210/780/2181
f 2216/781/2182 2215/784/2183 2214/783/2184
f 2213/782/2184 2216/781/2182 2214/783/2184
f 2215/784/2183 2216/781/2182 2217/785/2185
f 2217/785/2185 2219/787/2186 2218/786/2186
f 2215/784/2183 2217/785/2185 2218/786/2186
f 2221/788/2187 2220/789/2188 2208/778/2177
f 2209/775/2176 2221/788/2187 2208/778/2177
f 2225/790/2189 2224/793/2190 2223/792/2191
f 2222/791/2150 2225/790/2189 2223/792/2191
f 2206/776/2178 2227/795/2192 2226/794/2193
f 2228/796/2194 2206/776/2178 2226/794/2193
f 2228/796/2194 2221/788/2187 2209/775/2176
f 2206/776/2178 2228/796/2194 2209/775/2176
f 2159/786/2135 2224/793/2190 2227/795/2192
f 2229/784/2195 2159/786/2135 2227/795/2192
f 2226/794/2193 2227/795/2192 2224/793/2190
f 2225/790/2189 2226/794/2193 2224/793/2190
f 2206/776/2178 2230/783/2196 2229/784/2195
f 2224/793/2190 2159/786/2135 2152/792/2130
f 2206/776/2178 2229/784/2195 2227/795/2192
f 2233/799/2197 2232/798/2198 2231/797/2188
f 2234/800/2187 2233/799/2197 2231/797/2188
f 2237/801/2165 2236/803/2199 2235/802/2166
f 2241/783/2200 2240/777/2201 2239/804/2202
f 2238/782/2203 2241/783/2200 2239/804/2202
f 2206/776/2178 2207/777/2015 2230/783/2196
f 2244/805/2204 2243/807/2204 2242/806/2204
f 2182/752/2152 2191/761/2161 2245/808/2175
f 2182/752/2152 2245/808/2175 2193/763/2163
f 2248/789/2205 2247/789/2179 2246/789/2206
f 2239/804/2202 2240/777/2201 2211/778/2180
f 2212/779/2179 2239/804/2202 2211/778/2180
f 2199/767/2167 2197/768/2169 2249/809/2207
f 2179/809/2100 2197/768/2208 2250/810/2209
f 2253/750/2210 2252/752/2211 2251/751/2212
f 2257/753/2213 2256/756/2214 2255/755/2215
f 2254/754/2216 2257/753/2213 2255/755/2215
f 2116/757/2097 2251/751/2212 2257/753/2213
f 2251/751/2212 2117/758/2098 2253/750/2210
f 2254/754/2216 2118/759/2099 2116/757/2097
f 2257/753/2213 2254/754/2216 2116/757/2097
f 2255/755/2215 2256/756/2214 2258/760/2217
f 2252/752/2211 2253/750/2210 2259/761/2218
f 2259/761/2218 2253/750/2210 2117/758/2098
f 2260/762/2219 2259/761/2218 2117/758/2098
f 2257/753/2213 2252/752/2211 2261/763/2220
f 2252/752/2211 2257/753/2213 2251/751/2212
f 2257/753/2213 2261/763/2220 2256/756/2214
f 2264/765/2221 2263/766/2222 2262/770/2223
f 2267/767/2224 2266/769/2225 2265/768/2226
f 2262/770/2223 2266/769/2225 2267/767/2224
f 2264/765/2221 2262/770/2223 2267/767/2224
f 2271/771/2227 2270/774/2228 2269/773/2229
f 2268/772/2230 2271/771/2227 2269/773/2229
f 2269/773/2229 2273/766/2231 2272/764/2232
f 2268/772/2230 2269/773/2229 2272/764/2232
f 2277/775/2233 2276/778/2234 2275/777/2045
f 2274/776/2235 2277/775/2233 2275/777/2045
f 2280/779/2236 2279/778/2237 2278/780/2238
f 2284/781/2239 2283/784/2240 2282/783/2241
f 2281/782/2241 2284/781/2239 2282/783/2241
f 2283/784/2240 2284/781/2239 2285/811/2242
f 2285/811/2242 2287/787/2243 2286/786/2243
f 2283/784/2240 2285/811/2242 2286/786/2243
f 2289/788/2244 2288/789/2245 2276/778/2234
f 2277/775/2233 2289/788/2244 2276/778/2234
f 2293/790/2246 2292/793/2247 2291/792/2248
f 2290/791/2249 2293/790/2246 2291/792/2248
f 2274/776/2235 2295/795/2250 2294/794/2251
f 2296/796/2252 2274/776/2235 2294/794/2251
f 2296/796/2252 2289/788/2244 2277/775/2233
f 2274/776/2235 2296/796/2252 2277/775/2233
f 2297/786/2253 2292/793/2247 2295/795/2250
f 2298/784/2254 2297/786/2253 2295/795/2250
f 2294/794/2251 2295/795/2250 2292/793/2247
f 2293/790/2246 2294/794/2251 2292/793/2247
f 2274/776/2235 2299/783/2255 2298/784/2254
f 2292/793/2247 2297/786/2253 2291/792/2248
f 2274/776/2235 2298/784/2254 2295/795/2250
f 2161/799/2138 2162/798/2006 2300/797/2256
f 2301/800/2257 2161/799/2138 2300/797/2256
f 2304/801/2222 2303/803/2258 2302/802/2259
f 2308/783/2260 2307/777/2261 2306/804/2262
f 2305/782/2260 2308/783/2260 2306/804/2262
f 2274/776/2235 2275/777/2045 2299/783/2255
f 2311/805/2263 2310/807/2263 2309/806/2263
f 2252/752/2211 2259/761/2218 2312/808/2264
f 2252/752/2211 2312/808/2264 2261/763/2220
f 2178/789/2265 2314/789/2236 2313/789/2238
f 2306/804/2262 2307/777/2261 2279/778/2237
f 2280/779/2236 2306/804/2262 2279/778/2237
f 2267/767/2224 2265/768/2226 2315/809/2266
f 2315/809/2266 2265/768/2226 2316/810/2267
f 2319/750/2268 2318/751/2269 2317/752/2270
f 2323/753/2271 2322/754/2272 2321/755/2273
f 2320/756/2274 2323/753/2271 2321/755/2273
f 2189/757/2158 2318/751/2269 2188/758/2159
f 2318/751/2269 2319/750/2268 2188/758/2159
f 2322/754/2272 2323/753/2271 2189/757/2158
f 2190/759/2160 2322/754/2272 2189/757/2158
f 2321/755/2273 2258/760/2275 2320/756/2274
f 2317/752/2270 2324/761/2276 2319/750/2268
f 2324/761/2276 2325/762/2277 2188/758/2159
f 2319/750/2268 2324/761/2276 2188/758/2159
f 2323/753/2271 2326/763/2278 2317/752/2270
f 2317/752/2270 2318/751/2269 2323/753/2271
f 2323/753/2271 2320/756/2274 2326/763/2278
f 2329/764/2279 2328/765/2280 2327/766/2281
f 2332/767/2282 2331/768/2283 2330/769/2284
f 2334/770/2285 2333/765/2286 2332/767/2282
f 2330/769/2284 2334/770/2285 2332/767/2282
f 2338/771/2287 2337/772/2288 2336/773/2289
f 2335/774/2290 2338/771/2287 2336/773/2289
f 2329/764/2279 2327/766/2281 2336/773/2289
f 2337/772/2288 2329/764/2279 2336/773/2289
f 2342/775/2291 2341/776/2292 2340/777/2071
f 2339/778/2293 2342/775/2291 2340/777/2071
f 2345/779/2294 2344/780/2295 2343/778/2296
f 2349/781/2297 2348/782/2298 2347/783/2298
f 2346/784/2299 2349/781/2297 2347/783/2298
f 2346/784/2299 2350/811/2300 2349/781/2297
f 2350/811/2300 2346/784/2299 2352/786/2301
f 2351/787/2301 2350/811/2300 2352/786/2301
f 2354/788/2302 2342/775/2291 2339/778/2293
f 2353/789/2303 2354/788/2302 2339/778/2293
f 2358/790/2304 2357/791/2267 2356/792/2305
f 2355/793/2306 2358/790/2304 2356/792/2305
f 2360/794/2307 2359/795/2308 2341/776/2292
f 2361/796/2309 2360/794/2307 2341/776/2292
f 2361/796/2309 2341/776/2292 2342/775/2291
f 2354/788/2302 2361/796/2309 2342/775/2291
f 2297/786/2253 2362/784/2310 2359/795/2308
f 2355/793/2306 2297/786/2253 2359/795/2308
f 2360/794/2307 2358/790/2304 2355/793/2306
f 2359/795/2308 2360/794/2307 2355/793/2306
f 2341/776/2292 2362/784/2310 2363/783/2311
f 2355/793/2306 2291/792/2248 2297/786/2253
f 2341/776/2292 2359/795/2308 2362/784/2310
f 2364/797/2303 2232/798/2198 2233/799/2197
f 2365/800/2312 2364/797/2303 2233/799/2197
f 2368/801/2313 2367/802/2314 2366/803/2315
f 2372/783/2316 2371/782/2316 2370/804/2317
f 2369/777/2318 2372/783/2316 2370/804/2317
f 2341/776/2292 2363/783/2311 2340/777/2071
f 2375/805/2319 2374/806/2319 2373/807/2319
f 2317/752/2270 2376/808/2320 2324/761/2276
f 2317/752/2270 2326/763/2278 2376/808/2320
f 2248/789/2321 2378/789/2295 2377/789/2322
f 2370/804/2317 2345/779/2294 2343/778/2296
f 2369/777/2318 2370/804/2317 2343/778/2296
f 2332/767/2282 2379/809/2323 2331/768/2283
f 2315/809/2217 2380/810/2249 2331/768/2324
f 2383/812/2325 2382/813/2326 2381/814/2327
f 2386/815/2328 2385/816/2329 2384/817/2330
f 2387/818/2331 2386/815/2328 2384/817/2330
f 2390/819/2332 2389/820/2333 2388/821/2334
f 2393/822/2335 2392/823/2336 2391/824/2337
f 2391/824/2337 2395/825/2338 2394/826/2339
f 2396/827/2340 2386/815/2328 2387/818/2331
f 2381/814/2327 2396/827/2340 2387/818/2331
f 2382/813/2326 2397/828/2341 2396/827/2340
f 2381/814/2327 2382/813/2326 2396/827/2340
f 2399/829/2342 2398/830/2343 2389/820/2333
f 2401/830/2344 2400/831/2345 2393/822/2335
f 2391/824/2337 2401/830/2344 2393/822/2335
f 2387/818/2331 2384/817/2330 2402/832/2346
f 2404/821/2347 2403/820/2348 2382/813/2326
f 2406/833/2349 2384/817/2330 2385/816/2329
f 2405/834/2350 2406/833/2349 2385/816/2329
f 2401/830/2344 2391/824/2337 2394/826/2339
f 2403/820/2348 2401/830/2344 2394/826/2339
f 2408/835/2351 2407/831/2352 2398/830/2343
f 2410/836/2353 2393/822/2335 2400/831/2345
f 2409/837/2354 2410/836/2353 2400/831/2345
f 2392/823/2336 2393/822/2335 2410/836/2353
f 2407/831/2352 2408/835/2351 2411/838/2355
f 2399/829/2342 2408/835/2351 2398/830/2343
f 2403/820/2348 2394/826/2339 2382/813/2326
f 2381/814/2327 2387/818/2331 2383/812/2325
f 2397/828/2341 2382/813/2326 2395/825/2338
f 2384/817/2330 2406/833/2349 2412/839/2356
f 2415/840/2357 2414/841/2358 2413/842/2359
f 2416/843/2360 2414/841/2358 2415/840/2357
f 2415/840/2357 2413/842/2359 2417/844/2361
f 2416/843/2360 2415/840/2357 2418/845/2362
f 2421/846/2363 2420/847/2364 2419/848/2365
f 2423/849/2366 2420/847/2364 2417/844/2361
f 2422/850/2367 2423/849/2366 2417/844/2361
f 2424/851/2368 2415/840/2357 2417/844/2361
f 2420/847/2364 2423/849/2366 2419/848/2365
f 2383/812/2325 2404/821/2347 2382/813/2326
f 2387/818/2331 2402/832/2346 2383/812/2325
f 2384/817/2330 2412/839/2356 2402/832/2346
f 2390/819/2332 2399/829/2342 2389/820/2333
f 2391/824/2337 2392/823/2336 2395/825/2338
f 2382/813/2326 2394/826/2339 2395/825/2338
f 2427/812/2369 2426/814/2370 2425/813/2371
f 2430/817/2372 2429/816/2373 2428/815/2374
f 2431/818/2375 2430/817/2372 2428/815/2374
f 2433/819/2376 2404/821/2377 2432/820/2378
f 2436/822/2379 2435/824/2380 2434/823/2381
f 2435/824/2380 2438/826/2382 2437/825/2383
f 2439/827/2384 2426/814/2370 2431/818/2375
f 2428/815/2374 2439/827/2384 2431/818/2375
f 2425/813/2371 2426/814/2370 2439/827/2384
f 2440/828/2385 2425/813/2371 2439/827/2384
f 2442/829/2386 2432/820/2378 2441/830/2387
f 2444/830/2388 2435/824/2380 2436/822/2379
f 2443/831/2389 2444/830/2388 2436/822/2379
f 2431/818/2375 2445/832/2390 2430/817/2372
f 2388/821/2334 2425/813/2371 2446/820/2391
f 2448/833/2392 2447/834/2393 2429/816/2373
f 2430/817/2372 2448/833/2392 2429/816/2373
f 2444/830/2388 2446/820/2391 2438/826/2382
f 2435/824/2380 2444/830/2388 2438/826/2382
f 2450/835/2394 2441/830/2387 2449/831/2395
f 2452/836/2396 2451/837/2397 2443/831/2389
f 2436/822/2379 2452/836/2396 2443/831/2389
f 2434/823/2381 2452/836/2396 2436/822/2379
f 2449/831/2395 2453/838/2398 2450/835/2394
f 2442/829/2386 2441/830/2387 2450/835/2394
f 2446/820/2391 2425/813/2371 2438/826/2382
f 2426/814/2370 2427/812/2369 2431/818/2375
f 2440/828/2385 2437/825/2383 2425/813/2371
f 2430/817/2372 2412/839/2356 2406/833/2349
f 2415/840/2357 2455/842/2399 2454/841/2400
f 2456/843/2401 2415/840/2357 2454/841/2400
f 2459/852/2402 2455/842/2399 2458/844/2403
f 2457/850/2404 2459/852/2402 2458/844/2403
f 2456/843/2401 2418/845/2362 2415/840/2357
f 2462/846/2405 2461/848/2406 2460/847/2407
f 2463/849/2408 2457/850/2404 2458/844/2403
f 2460/847/2407 2463/849/2408 2458/844/2403
f 2424/851/2368 2458/844/2403 2415/840/2357
f 2460/847/2407 2461/848/2406 2463/849/2408
f 2427/812/2369 2425/813/2371 2388/821/2334
f 2431/818/2375 2427/812/2369 2445/832/2390
f 2430/817/2372 2445/832/2390 2412/839/2356
f 2433/819/2376 2432/820/2378 2442/829/2386
f 2435/824/2380 2437/825/2383 2434/823/2381
f 2425/813/2371 2437/825/2383 2438/826/2382
f 2466/498/2409 2465/500/2410 2464/499/2411
f 2470/503/2412 2469/502/2413 2468/510/2414
f 2467/518/2415 2470/503/2412 2468/510/2414
f 2473/853/2416 2472/507/2417 2471/506/2418
f 2475/508/2419 2472/507/2417 2473/853/2416
f 2474/509/2420 2475/508/2419 2473/853/2416
f 2479/515/2421 2478/517/2422 2477/516/2423
f 2476/508/2424 2479/515/2421 2477/516/2423
f 2467/518/2415 2481/520/2425 2480/526/2426
f 2470/503/2412 2467/518/2415 2480/526/2426
f 2481/520/2425 2467/518/2415 2483/522/2427
f 2482/521/2428 2481/520/2425 2483/522/2427
f 2485/523/2429 2482/521/2428 2484/524/2430
f 2489/527/2431 2488/530/2431 2487/529/2432
f 2486/528/2433 2489/527/2431 2487/529/2432
f 2492/531/2434 2491/532/2435 2490/527/2436
f 2486/528/2433 2492/531/2434 2490/527/2436
f 2492/531/2434 2465/500/2410 2493/533/2437
f 2491/532/2435 2492/531/2434 2493/533/2437
f 2495/535/2425 2494/534/2428 2465/500/2410
f 2466/498/2409 2495/535/2425 2465/500/2410
f 2497/538/2426 2495/535/2425 2466/498/2409
f 2496/537/2438 2497/538/2426 2466/498/2409
f 2500/539/2439 2487/529/2432 2499/530/2440
f 2498/540/2441 2500/539/2439 2499/530/2440
f 2503/515/2442 2502/854/2443 2501/541/2444
f 2505/541/2445 2504/543/2446 2478/517/2422
f 2479/515/2421 2505/541/2445 2478/517/2422
f 2467/518/2415 2468/510/2414 2506/577/2447
f 2483/522/2427 2467/518/2415 2506/577/2447
f 2483/522/2427 2506/577/2447 2508/546/2448
f 2507/524/2449 2483/522/2427 2508/546/2448
f 2474/509/2420 2502/854/2443 2503/515/2442
f 2475/508/2419 2474/509/2420 2503/515/2442
f 2487/529/2432 2500/539/2439 2509/642/2411
f 2486/528/2433 2487/529/2432 2509/642/2411
f 2501/541/2444 2502/854/2443 2510/644/2450
f 2471/506/2418 2507/524/2449 2508/546/2448
f 2473/853/2416 2471/506/2418 2508/546/2448
f 2493/533/2437 2465/500/2410 2511/672/2451
f 2466/498/2409 2464/499/2411 2496/537/2438
f 2464/499/2411 2465/500/2410 2492/531/2434
f 2509/642/2411 2464/499/2411 2492/531/2434
f 2509/642/2411 2492/531/2434 2486/528/2433
f 2484/524/2430 2482/521/2428 2483/522/2427
f 2514/695/2452 2513/697/2452 2512/696/2452
f 2517/507/2453 2516/704/2435 2515/703/2454
f 2518/506/2455 2517/507/2453 2515/703/2454
f 2517/507/2453 2476/508/2424 2477/516/2423
f 2516/704/2435 2517/507/2453 2477/516/2423
f 2515/703/2454 2485/523/2429 2484/524/2430
f 2515/703/2454 2484/524/2430 2518/506/2455
f 2511/672/2451 2465/500/2410 2494/534/2428
f 2522/855/2456 2521/856/2456 2520/857/2456
f 2519/858/2457 2522/855/2456 2520/857/2456
f 2524/498/2458 2464/499/2411 2523/500/2459
f 2526/510/2460 2469/502/2413 2470/503/2412
f 2525/518/2461 2526/510/2460 2470/503/2412
f 2529/853/2462 2528/506/2463 2527/507/2464
f 2531/508/2465 2530/509/2466 2529/853/2462
f 2527/507/2464 2531/508/2465 2529/853/2462
f 2535/515/2467 2534/508/2468 2533/516/2469
f 2532/517/2470 2535/515/2467 2533/516/2469
f 2525/518/2461 2470/503/2412 2480/526/2426
f 2536/520/2471 2525/518/2461 2480/526/2426
f 2536/520/2471 2538/521/2472 2537/522/2473
f 2525/518/2461 2536/520/2471 2537/522/2473
f 2540/523/2474 2539/524/2475 2538/521/2472
f 2544/527/2476 2543/528/2477 2542/529/2478
f 2541/530/2476 2544/527/2476 2542/529/2478
f 2547/531/2479 2543/528/2477 2546/527/2480
f 2545/532/2481 2547/531/2479 2546/527/2480
f 2547/531/2479 2545/532/2481 2548/533/2482
f 2523/500/2459 2547/531/2479 2548/533/2482
f 2523/500/2459 2550/534/2472 2549/535/2483
f 2524/498/2458 2523/500/2459 2549/535/2483
f 2524/498/2458 2549/535/2483 2497/538/2426
f 2496/537/2438 2524/498/2458 2497/538/2426
f 2500/539/2439 2498/540/2441 2551/530/2484
f 2542/529/2478 2500/539/2439 2551/530/2484
f 2554/515/2485 2553/541/2486 2552/854/2487
f 2556/541/2488 2535/515/2467 2532/517/2470
f 2555/543/2489 2556/541/2488 2532/517/2470
f 2525/518/2461 2537/522/2473 2557/577/2490
f 2526/510/2460 2525/518/2461 2557/577/2490
f 2537/522/2473 2559/524/2491 2558/546/2492
f 2557/577/2490 2537/522/2473 2558/546/2492
f 2530/509/2466 2531/508/2465 2554/515/2485
f 2552/854/2487 2530/509/2466 2554/515/2485
f 2542/529/2478 2543/528/2477 2509/642/2411
f 2500/539/2439 2542/529/2478 2509/642/2411
f 2553/541/2486 2560/644/2493 2552/854/2487
f 2528/506/2463 2529/853/2462 2558/546/2492
f 2559/524/2491 2528/506/2463 2558/546/2492
f 2548/533/2482 2561/672/2494 2523/500/2459
f 2524/498/2458 2496/537/2438 2464/499/2411
f 2464/499/2411 2509/642/2411 2547/531/2479
f 2523/500/2459 2464/499/2411 2547/531/2479
f 2509/642/2411 2543/528/2477 2547/531/2479
f 2539/524/2475 2537/522/2473 2538/521/2472
f 2564/695/2495 2563/696/2495 2562/697/2495
f 2567/703/2496 2566/704/2497 2565/507/2498
f 2568/506/2499 2567/703/2496 2565/507/2498
f 2565/507/2498 2566/704/2497 2533/516/2469
f 2534/508/2468 2565/507/2498 2533/516/2469
f 2567/703/2496 2539/524/2475 2540/523/2474
f 2567/703/2496 2568/506/2499 2539/524/2475
f 2561/672/2494 2550/534/2472 2523/500/2459
f 2572/855/2500 2571/858/2501 2570/857/2500
f 2569/856/2500 2572/855/2500 2570/857/2500
f 2575/859/1398 2574/860/1398 2573/861/1398
f 2576/862/1398 2575/859/1398 2573/861/1398
f 2579/863/2502 2578/864/2502 2577/865/2502
f 2580/866/2502 2579/863/2502 2577/865/2502
f 2583/866/2503 2582/865/2503 2581/864/2503
f 2584/863/2503 2583/866/2503 2581/864/2503
f 2588/867/2504 2587/868/2504 2586/869/2504
f 2585/870/2504 2588/867/2504 2586/869/2504
f 2591/871/2505 2590/872/2505 2589/873/2505
f 2592/874/2505 2591/871/2505 2589/873/2505
f 2595/875/2506 2594/876/2507 2593/877/2508
f 2598/878/2509 2597/879/2510 2596/880/2511
f 2602/881/2512 2601/882/2513 2600/883/2514
f 2599/884/2515 2602/881/2512 2600/883/2514
f 2605/885/2516 2604/886/2517 2603/875/2518
f 2607/887/2519 2593/877/2508 2606/888/2520
f 2604/886/2517 2609/889/2521 2608/890/2522
f 2613/891/2523 2612/892/2524 2611/893/2525
f 2610/894/2526 2613/891/2523 2611/893/2525
f 2616/895/2527 2615/896/2528 2614/897/2529
f 2601/882/2513 2617/898/2530 2600/883/2514
f 2601/882/2513 2619/899/2531 2618/900/2532
f 2595/875/2506 2601/882/2513 2618/900/2532
f 2620/901/2533 2595/875/2506 2618/900/2532
f 2594/876/2507 2595/875/2506 2620/901/2533
f 2599/884/2515 2621/895/2534 2602/881/2512
f 2619/899/2531 2601/882/2513 2602/881/2512
f 2622/902/2535 2619/899/2531 2602/881/2512
f 2624/903/2536 2622/902/2535 2602/881/2512
f 2623/895/2537 2624/903/2536 2602/881/2512
f 2615/896/2528 2613/891/2523 2610/894/2526
f 2614/897/2529 2615/896/2528 2610/894/2526
f 2626/904/2538 2616/895/2527 2614/897/2529
f 2625/905/2539 2626/904/2538 2614/897/2529
f 2608/890/2522 2629/906/2540 2628/907/2541
f 2627/908/2542 2608/890/2522 2628/907/2541
f 2629/906/2540 2630/909/2543 2628/907/2541
f 2628/907/2541 2630/909/2543 2631/910/2544
f 2617/898/2530 2604/886/2517 2608/890/2522
f 2632/911/2545 2617/898/2530 2608/890/2522
f 2627/908/2542 2632/911/2545 2608/890/2522
f 2636/912/2546 2635/913/2547 2634/914/2548
f 2633/915/2549 2636/912/2546 2634/914/2548
f 2639/916/2550 2638/917/2551 2637/918/2552
f 2641/919/2553 2640/920/2554 2596/880/2511
f 2609/889/2521 2643/887/2555 2642/916/2556
f 2643/887/2555 2609/889/2521 2605/885/2516
f 2646/921/2557 2645/918/2558 2644/922/2559
f 2648/923/2560 2647/924/2561 2635/913/2547
f 2643/887/2555 2605/885/2516 2649/877/2562
f 2649/877/2562 2605/885/2516 2603/875/2518
f 2629/906/2540 2634/914/2548 2630/909/2543
f 2647/924/2561 2630/909/2543 2635/913/2547
f 2630/909/2543 2647/924/2561 2650/925/2563
f 2630/909/2543 2650/925/2563 2631/910/2544
f 2597/879/2510 2641/919/2553 2596/880/2511
f 2633/915/2549 2646/921/2557 2636/912/2546
f 2636/912/2546 2646/921/2557 2644/922/2559
f 2648/923/2560 2636/912/2546 2644/922/2559
f 2598/878/2509 2596/880/2511 2629/906/2540
f 2608/890/2522 2598/878/2509 2629/906/2540
f 2598/878/2509 2608/890/2522 2609/889/2521
f 2597/879/2510 2598/878/2509 2609/889/2521
f 2609/889/2521 2642/916/2556 2641/919/2553
f 2597/879/2510 2609/889/2521 2641/919/2553
f 2651/926/2564 2641/919/2553 2642/916/2556
f 2645/918/2558 2651/926/2564 2642/916/2556
f 2646/921/2557 2651/926/2564 2645/918/2558
f 2640/920/2554 2653/915/2565 2652/914/2566
f 2596/880/2511 2640/920/2554 2652/914/2566
f 2652/914/2566 2629/906/2540 2596/880/2511
f 2601/882/2513 2603/875/2518 2604/886/2517
f 2601/882/2513 2604/886/2517 2617/898/2530
f 2657/927/2567 2656/928/2568 2655/929/2569
f 2654/930/2570 2657/927/2567 2655/929/2569
f 2659/931/2571 2658/932/2551 2655/929/2569
f 2656/928/2568 2659/931/2571 2655/929/2569
f 2662/933/2551 2661/934/2572 2660/935/2552
f 2665/936/2573 2664/937/2574 2663/938/2575
f 2663/938/2575 2657/927/2567 2654/930/2570
f 2665/936/2573 2663/938/2575 2654/930/2570
f 2666/939/2576 2625/905/2539 2614/897/2529
f 2610/894/2526 2666/939/2576 2614/897/2529
f 2670/940/2577 2669/893/2578 2668/941/2579
f 2667/942/2580 2670/940/2577 2668/941/2579
f 2668/941/2579 2671/910/2581 2667/942/2580
f 2670/940/2577 2666/939/2576 2610/894/2526
f 2611/893/2525 2670/940/2577 2610/894/2526
f 2606/888/2520 2638/917/2551 2639/916/2550
f 2607/887/2519 2606/888/2520 2639/916/2550
f 2612/892/2524 2673/943/2582 2672/941/2583
f 2611/893/2525 2612/892/2524 2672/941/2583
f 2631/910/2544 2672/941/2583 2673/943/2582
f 2605/885/2516 2609/889/2521 2604/886/2517
f 2628/907/2541 2673/943/2582 2627/908/2542
f 2673/943/2582 2612/892/2524 2632/911/2545
f 2627/908/2542 2673/943/2582 2632/911/2545
f 2600/883/2514 2612/892/2524 2613/891/2523
f 2599/884/2515 2600/883/2514 2613/891/2523
f 2615/896/2528 2599/884/2515 2613/891/2523
f 2621/895/2534 2599/884/2515 2615/896/2528
f 2632/911/2545 2612/892/2524 2617/898/2530
f 2631/910/2544 2673/943/2582 2628/907/2541
f 2634/914/2548 2635/913/2547 2630/909/2543
f 2600/883/2514 2617/898/2530 2612/892/2524
f 2676/944/1398 2675/945/1398 2674/946/1398
f 2677/947/1398 2676/944/1398 2674/946/1398
f 2681/866/2584 2680/863/2584 2679/864/2584
f 2678/865/2584 2681/866/2584 2679/864/2584
f 2685/864/2585 2684/863/2586 2683/866/2587
f 2682/865/2588 2685/864/2585 2683/866/2587
f 2689/946/1398 2688/947/1398 2687/944/1398
f 2686/945/1398 2689/946/1398 2687/944/1398
f 2693/866/2584 2692/863/2584 2691/864/2584
f 2690/865/2584 2693/866/2584 2691/864/2584
f 2697/864/2589 2696/863/2590 2695/866/2591
f 2694/865/2592 2697/864/2589 2695/866/2591
f 2701/873/2586 2700/872/2593 2699/948/2594
f 2698/874/2594 2701/873/2586 2699/948/2594
f 2705/867/2595 2704/870/2596 2703/869/2596
f 2702/868/2597 2705/867/2595 2703/869/2596
f 2709/873/2598 2708/872/2599 2707/948/2600
f 2706/874/2601 2709/873/2598 2707/948/2600
f 2713/867/2591 2712/870/2602 2711/869/2603
f 2710/868/2604 2713/867/2591 2711/869/2603
f 2716/949/2605 2715/950/2606 2714/951/2607
f 2720/952/2608 2719/953/2609 2718/954/2610
f 2717/955/2611 2720/952/2608 2718/954/2610
f 2716/949/2605 2721/956/2612 2715/950/2606
f 2716/949/2605 2723/957/2613 2722/958/2614
f 2726/959/2615 2725/960/2616 2724/961/2617
f 2728/962/2618 2727/963/2619 2722/958/2614
f 2731/964/2620 2730/965/2621 2729/966/2622
f 2734/967/2623 2733/968/2624 2732/969/2625
f 2716/949/2605 2714/951/2607 2723/957/2613
f 2738/970/2626 2737/971/2627 2736/972/2628
f 2735/973/2629 2738/970/2626 2736/972/2628
f 2730/965/2630 2724/961/2617 2725/960/2616
f 2741/974/2631 2740/975/2632 2739/976/2633
f 2741/974/2631 2743/977/2634 2742/978/2635
f 2747/979/2636 2746/980/2637 2745/981/2638
f 2744/982/2639 2747/979/2636 2745/981/2638
f 2750/965/2640 2749/983/2641 2748/966/2642
f 2754/984/2643 2753/985/2644 2752/986/2645
f 2751/987/2646 2754/984/2643 2752/986/2645
f 2756/988/2647 2755/989/2648 2740/975/2632
f 2759/990/2649 2758/991/2650 2757/992/2651
f 2756/988/2647 2759/990/2649 2757/992/2651
f 2759/990/2649 2760/993/2652 2758/991/2650
f 2759/990/2649 2740/975/2632 2742/978/2635
f 2760/993/2652 2762/994/2653 2761/995/2654
f 2762/994/2653 2759/990/2649 2742/978/2635
f 2765/996/2655 2764/997/2656 2763/998/2657
f 2744/982/2639 2745/981/2638 2766/999/2658
f 2770/1000/2659 2769/1001/2660 2768/1002/2661
f 2767/1003/2662 2770/1000/2659 2768/1002/2661
f 2773/1004/2663 2772/1005/2664 2771/1006/2665
f 2776/1007/2666 2772/1005/2664 2775/1008/2667
f 2774/1009/2668 2776/1007/2666 2775/1008/2667
f 2776/1007/2666 2774/1009/2668 2778/1010/2669
f 2777/1011/2670 2776/1007/2666 2778/1010/2669
f 2781/1012/2671 2780/1013/2672 2779/1014/2673
f 2779/1014/2673 2780/1013/2672 2782/1015/2674
f 2783/1016/2675 2779/1014/2673 2782/1015/2674
f 2773/1004/2663 2771/1006/2665 2785/1017/2676
f 2784/1018/2677 2773/1004/2663 2785/1017/2676
f 2773/1004/2663 2784/1018/2677 2775/1008/2667
f 2772/1005/2664 2773/1004/2663 2775/1008/2667
f 2787/1019/2678 2786/1020/2679 2776/1007/2666
f 2777/1011/2670 2787/1019/2678 2776/1007/2666
f 2791/1021/2680 2790/1022/2681 2789/1023/2682
f 2788/1024/2683 2791/1021/2680 2789/1023/2682
f 2795/1021/2684 2794/1025/2685 2793/1026/2686
f 2792/1027/2687 2795/1021/2684 2793/1026/2686
f 2799/1028/2688 2798/1029/2689 2797/1030/2690
f 2796/1031/2691 2799/1028/2688 2797/1030/2690
f 2801/1032/2692 2800/1033/2693 2798/1029/2689
f 2799/1028/2688 2801/1032/2692 2798/1029/2689
f 2803/1034/2694 2802/1035/2695 2789/1023/2682
f 2790/1022/2681 2803/1034/2694 2789/1023/2682
f 2803/1034/2694 2790/1022/2681 2804/1036/2696
f 2794/1025/2685 2806/1037/2697 2805/1038/2698
f 2805/1038/2698 2807/1039/2699 2793/1026/2686
f 2794/1025/2685 2805/1038/2698 2793/1026/2686
f 2811/1040/2622 2810/1041/2700 2809/1042/2701
f 2808/1043/2702 2811/1040/2622 2809/1042/2701
f 2814/1044/2703 2813/1045/2704 2812/1046/2661
f 2817/1047/2659 2816/1048/2705 2815/1049/2625
f 2819/1050/2706 2740/975/2632 2818/1051/2662
f 2821/1052/2707 2820/1053/2708 2792/1027/2687
f 2793/1026/2686 2821/1052/2707 2792/1027/2687
f 2822/1054/2709 2821/1052/2707 2793/1026/2686
f 2807/1039/2699 2822/1054/2709 2793/1026/2686
f 2824/1055/2710 2734/967/2623 2823/1056/2711
f 2828/1057/2712 2827/1058/2608 2826/1059/2713
f 2825/1060/2714 2828/1057/2712 2826/1059/2713
f 2831/1061/2715 2830/1062/2623 2829/1063/2716
f 2833/1064/2717 2829/1063/2716 2832/1065/2718
f 2834/1066/2719 2833/1064/2717 2828/1057/2712
f 2825/1060/2714 2834/1066/2719 2828/1057/2712
f 2833/1064/2717 2834/1066/2719 2829/1063/2716
f 2836/1067/2711 2830/1062/2623 2831/1061/2715
f 2835/1068/2720 2836/1067/2711 2831/1061/2715
f 2839/1058/2721 2838/1069/2722 2837/1059/2723
f 2829/1063/2716 2841/1070/2724 2840/1065/2724
f 2844/1071/2725 2843/1072/2726 2842/1073/2727
f 2845/1074/2637 2844/1071/2725 2842/1073/2727
f 2846/1075/2728 2844/1071/2725 2845/1074/2637
f 2842/1073/2727 2843/1072/2726 2847/1076/2729
f 2825/1060/2714 2826/1059/2713 2835/1068/2720
f 2831/1061/2715 2829/1063/2716 2834/1066/2719
f 2834/1066/2719 2825/1060/2714 2835/1068/2720
f 2831/1061/2715 2834/1066/2719 2835/1068/2720
f 2732/969/2625 2725/960/2616 2726/959/2615
f 2734/967/2623 2732/969/2625 2726/959/2615
f 2731/964/2620 2848/961/2730 2730/965/2621
f 2823/1056/2711 2717/955/2611 2718/954/2610
f 2824/1055/2710 2823/1056/2711 2718/954/2610
f 2837/1059/2723 2838/1069/2722 2836/1067/2711
f 2835/1068/2720 2837/1059/2723 2836/1067/2711
f 2727/963/2619 2721/956/2612 2722/958/2614
f 2723/957/2613 2728/962/2618 2722/958/2614
f 2850/964/2731 2729/966/2732 2849/1077/2619
f 2854/1078/2662 2853/1079/2733 2852/1080/2734
f 2851/1081/2659 2854/1078/2662 2852/1080/2734
f 2856/1082/2735 2855/1051/2736 2755/989/2648
f 2860/1083/2737 2859/1084/2738 2858/1085/2739
f 2857/1086/2740 2860/1083/2737 2858/1085/2739
f 2862/1087/2740 2858/1085/2739 2861/1088/2741
f 2863/1089/2742 2725/960/2616 2732/969/2625
f 2866/1090/2743 2865/1091/2696 2864/1092/2744
f 2869/1093/2643 2868/1094/2744 2867/1095/2745
f 2873/1096/2746 2872/1097/2746 2871/1092/2747
f 2870/1091/2747 2873/1096/2746 2871/1092/2747
f 2876/1098/2748 2875/985/2749 2874/1099/2750
f 2875/985/2749 2876/1098/2748 2878/1100/2751
f 2877/986/2752 2875/985/2749 2878/1100/2751
f 2882/1101/2753 2881/1102/2754 2880/1103/2755
f 2879/1104/2756 2882/1101/2753 2880/1103/2755
f 2879/1104/2756 2884/1105/2757 2883/1106/2757
f 2882/1101/2753 2879/1104/2756 2883/1106/2757
f 2869/1093/2643 2867/1095/2745 2886/1107/2758
f 2885/1108/2759 2869/1093/2643 2886/1107/2758
f 2740/975/2632 2887/1109/2760 2739/976/2633
f 2751/987/2646 2866/1090/2743 2864/1092/2744
f 2754/984/2643 2751/987/2646 2864/1092/2744
f 2804/1036/2696 2820/1053/2708 2888/1110/2761
f 2804/1036/2696 2790/1022/2681 2791/1021/2680
f 2792/1027/2687 2804/1036/2696 2791/1021/2680
f 2804/1036/2696 2792/1027/2687 2820/1053/2708
f 2892/1111/2762 2891/1112/2763 2890/1113/1328
f 2889/1114/1328 2892/1111/2762 2890/1113/1328
f 2895/1115/2764 2894/1116/2765 2893/1117/2672
f 2786/1020/2679 2771/1006/2665 2772/1005/2664
f 2776/1007/2666 2786/1020/2679 2772/1005/2664
f 2898/1118/1328 2897/1119/1328 2896/1120/1328
f 2901/962/2766 2900/957/2727 2899/1121/2729
f 2875/985/2749 2754/984/2767 2874/1099/2750
f 2858/1085/2739 2859/1084/2738 2903/1122/2768
f 2902/1123/2769 2858/1085/2739 2903/1122/2768
f 2858/1085/2739 2905/1124/2770 2904/1125/2771
f 2817/1047/2659 2907/1126/2772 2906/1127/2773
f 2788/1024/2683 2794/1025/2685 2791/1021/2680
f 2908/1128/2774 2752/986/2645 2755/989/2648
f 2908/1128/2774 2910/1129/1398 2909/1130/2775
f 2751/987/2646 2752/986/2645 2908/1128/2774
f 2909/1130/2775 2751/987/2646 2908/1128/2774
f 2788/1024/2683 2806/1037/2697 2794/1025/2685
f 2765/996/2655 2911/1131/2776 2764/997/2656
f 2829/1063/2716 2830/1062/2623 2912/1070/2615
f 2742/978/2635 2743/977/2634 2762/994/2653
f 2741/974/2631 2742/978/2635 2740/975/2632
f 2760/993/2652 2759/990/2649 2762/994/2653
f 2759/990/2649 2756/988/2647 2740/975/2632
f 2855/1051/2736 2740/975/2632 2755/989/2648
f 2819/1050/2706 2887/1109/2760 2740/975/2632
f 2824/1055/2710 2733/968/2624 2734/967/2623
f 2817/1047/2659 2906/1127/2773 2913/1132/2777
f 2816/1048/2705 2817/1047/2659 2913/1132/2777
f 2722/958/2614 2721/956/2612 2716/949/2605
f 2916/1133/2778 2915/956/2778 2914/963/2778
f 2920/1134/2779 2919/1135/2780 2918/1136/2781
f 2917/1137/2782 2920/1134/2779 2918/1136/2781
f 2919/1135/2780 2922/1138/2783 2921/1139/2784
f 2918/1136/2781 2919/1135/2780 2921/1139/2784
f 2924/1140/2785 2921/1139/2784 2922/1138/2783
f 2923/1141/2786 2924/1140/2785 2922/1138/2783
f 2928/1142/2787 2927/1143/2788 2926/1138/2789
f 2925/1135/2790 2928/1142/2787 2926/1138/2789
f 2929/1144/2791 2928/1142/2792 2919/1135/2780
f 2920/1134/2779 2929/1144/2791 2919/1135/2780
f 2929/1144/2793 2931/1134/2794 2930/1145/2795
f 2933/1146/2796 2930/1145/2795 2931/1134/2794
f 2932/1137/2797 2933/1146/2796 2931/1134/2794
f 2936/1147/2798 2935/1148/2799 2929/1144/2800
f 2934/1145/2801 2936/1147/2798 2929/1144/2800
f 2936/1147/2798 2934/1145/2801 2938/1146/2802
f 2937/1149/2802 2936/1147/2798 2938/1146/2802
f 2941/1150/2803 2940/1151/2804 2939/1152/2805
f 2944/1153/2806 2943/1154/2807 2942/1155/2808
f 2941/1150/2803 2944/1153/2806 2942/1155/2808
f 2939/1152/2805 2940/1151/2804 2945/1156/2809
f 2948/1142/2810 2947/1151/2811 2942/1155/2808
f 2946/1143/2812 2948/1142/2810 2942/1155/2808
f 2946/1143/2812 2942/1155/2808 2943/1154/2807
f 2923/1141/2786 2946/1143/2812 2943/1154/2807
f 2948/1142/2810 2950/1144/2813 2949/1156/2813
f 2947/1151/2811 2948/1142/2810 2949/1156/2813
f 2941/1150/2803 2939/1152/2805 2951/1157/2814
f 2954/1158/2815 2953/1159/2816 2944/1153/2806
f 2952/1160/2817 2954/1158/2815 2944/1153/2806
f 2939/1152/2805 2945/1156/2809 2955/1161/2818
f 2924/1140/2785 2923/1141/2786 2957/1162/2819
f 2956/1163/2820 2924/1140/2785 2957/1162/2819
f 2958/1141/2821 2926/1138/2789 2927/1143/2788
f 2943/1154/2807 2944/1153/2806 2953/1159/2816
f 2959/1164/2822 2943/1154/2807 2953/1159/2816
f 2923/1141/2786 2943/1154/2807 2959/1164/2822
f 2957/1162/2819 2923/1141/2786 2959/1164/2822
f 2952/1160/2817 2944/1153/2806 2941/1150/2803
f 2951/1157/2814 2952/1160/2817 2941/1150/2803
f 2962/1165/2823 2961/1148/2824 2960/1166/2825
f 2964/1156/2826 2963/1144/2826 2961/1148/2827
f 2945/1156/2809 2962/1165/2823 2955/1161/2818
f 2941/1150/2803 2942/1155/2808 2940/1151/2804
f 2939/1152/2805 2955/1161/2818 2951/1157/2814
f 2962/1165/2823 2945/1156/2809 2961/1148/2824
f 2968/1136/2828 2967/1167/2829 2966/1168/2830
f 2965/1137/2831 2968/1136/2828 2966/1168/2830
f 2970/1139/2832 2969/1169/2833 2967/1167/2829
f 2968/1136/2828 2970/1139/2832 2967/1167/2829
f 2972/1140/2834 2971/1170/2835 2969/1169/2833
f 2970/1139/2832 2972/1140/2834 2969/1169/2833
f 2974/1171/2836 2967/1167/2829 2969/1169/2833
f 2973/1172/2837 2974/1171/2836 2969/1169/2833
f 2975/1173/2838 2966/1168/2830 2967/1167/2829
f 2974/1171/2836 2975/1173/2838 2967/1167/2829
f 2971/1170/2835 2978/1174/2839 2977/1175/2840
f 2976/1176/2841 2971/1170/2835 2977/1175/2840
f 2981/1173/2842 2980/1177/2843 2979/1168/2842
f 2980/1177/2844 2983/1178/2845 2982/1137/2846
f 2966/1168/2847 2980/1177/2844 2982/1137/2846
f 2985/1179/2848 2980/1177/2844 2975/1173/2838
f 2984/1180/2849 2985/1179/2848 2975/1173/2838
f 2983/1178/2845 2980/1177/2844 2985/1179/2848
f 2986/1181/2850 2983/1178/2845 2985/1179/2848
f 2973/1172/2837 2988/1182/2851 2987/1183/2852
f 2974/1171/2836 2973/1172/2837 2987/1183/2852
f 2976/1176/2841 2973/1172/2837 2969/1169/2833
f 2971/1170/2835 2976/1176/2841 2969/1169/2833
f 2974/1171/2836 2987/1183/2852 2989/1184/2853
f 2975/1173/2838 2974/1171/2836 2989/1184/2853
f 2991/1185/2854 2990/1186/2855 2976/1176/2841
f 2977/1175/2840 2991/1185/2854 2976/1176/2841
f 2924/1140/2785 2956/1163/2820 2978/1174/2839
f 2971/1170/2835 2924/1140/2785 2978/1174/2839
f 2990/1186/2855 2988/1182/2851 2973/1172/2837
f 2976/1176/2841 2990/1186/2855 2973/1172/2837
f 2994/1184/2856 2993/1187/2857 2992/1180/2858
f 2994/1184/2856 2992/1180/2858 2995/1173/2859
f 2765/996/2655 2996/1188/2860 2911/1131/2776
f 2738/970/2626 2998/1189/2861 2997/1190/2702
f 2738/970/2626 2997/1190/2702 2737/971/2627
f 2737/971/2627 2999/1191/2862 2736/972/2628
f 2913/1132/2777 2906/1127/2773 3000/1192/2863
f 2809/1042/2701 2913/1132/2777 3000/1192/2863
f 2997/1190/2702 3001/1193/2864 2737/971/2627
f 3001/1193/2864 2999/1191/2862 2737/971/2627
f 3002/921/2865 2653/915/2565 2640/920/2554
f 2646/921/2557 2640/920/2554 2651/926/2564
f 2593/877/2508 2594/876/2507 2606/888/2520
f 2810/1041/2700 2816/1048/2705 2913/1132/2777
f 2809/1042/2701 2810/1041/2700 2913/1132/2777
f 3003/1194/2864 2808/1043/2702 2809/1042/2701
f 3000/1192/2863 3003/1194/2864 2809/1042/2701
f 2725/960/2616 2863/1089/2742 2749/983/2641
f 2750/965/2640 2725/960/2616 2749/983/2641
f 3006/875/2866 3005/877/2867 3004/876/2868
f 3009/879/2869 3008/878/2870 3007/880/2871
f 3013/881/2872 3012/884/2873 3011/883/2874
f 3010/882/2875 3013/881/2872 3011/883/2874
f 3016/885/2876 3015/875/2877 3014/886/2878
f 3018/887/2879 3017/888/2880 3005/877/2867
f 3014/886/2878 3020/890/2881 3019/889/2882
f 3024/891/2883 3023/894/2884 3022/893/2885
f 3021/892/2886 3024/891/2883 3022/893/2885
f 3027/895/2887 3026/897/2888 3025/896/2889
f 3010/882/2875 3011/883/2874 3028/898/2890
f 3010/882/2875 3030/900/2891 3029/899/2892
f 3030/900/2891 3010/882/2875 3006/875/2866
f 3031/901/2893 3030/900/2891 3006/875/2866
f 3004/876/2868 3031/901/2893 3006/875/2866
f 3012/884/2873 3013/881/2872 3032/895/2894
f 3013/881/2872 3010/882/2875 3029/899/2892
f 3033/902/2895 3013/881/2872 3029/899/2892
f 3035/903/2896 3034/895/2896 3013/881/2872
f 3033/902/2895 3035/903/2896 3013/881/2872
f 3025/896/2889 3026/897/2888 3023/894/2884
f 3024/891/2883 3025/896/2889 3023/894/2884
f 3037/904/2897 3036/905/2898 3026/897/2888
f 3027/895/2887 3037/904/2897 3026/897/2888
f 3020/890/2881 3040/908/2899 3039/907/2900
f 3038/906/2901 3020/890/2881 3039/907/2900
f 3038/906/2901 3039/907/2900 3041/909/2902
f 3039/907/2900 3042/910/2903 3041/909/2902
f 3028/898/2890 3020/890/2881 3014/886/2878
f 3043/911/2904 3020/890/2881 3028/898/2890
f 3040/908/2899 3020/890/2881 3043/911/2904
f 3047/912/2905 3046/915/2906 3045/914/2907
f 3044/913/2908 3047/912/2905 3045/914/2907
f 3050/917/2909 3049/916/2910 3048/918/2911
f 3052/920/2912 3051/919/2913 3007/880/2871
f 3054/916/2914 3053/887/2915 3019/889/2882
f 3053/887/2915 3016/885/2876 3019/889/2882
f 3057/921/2916 3056/922/2917 3055/918/2918
f 3058/923/2919 3047/912/2905 3044/913/2908
f 3053/887/2915 3059/877/2920 3016/885/2876
f 3059/877/2920 3015/875/2877 3016/885/2876
f 3038/906/2901 3041/909/2902 3045/914/2907
f 3060/924/2921 3044/913/2908 3041/909/2902
f 3041/909/2902 3061/925/2922 3060/924/2921
f 3041/909/2902 3042/910/2903 3061/925/2922
f 3009/879/2869 3007/880/2871 3051/919/2913
f 3046/915/2906 3047/912/2905 3057/921/2916
f 3047/912/2905 3058/923/2919 3056/922/2917
f 3057/921/2916 3047/912/2905 3056/922/2917
f 3038/906/2901 3007/880/2871 3008/878/2870
f 3020/890/2881 3038/906/2901 3008/878/2870
f 3008/878/2870 3009/879/2869 3019/889/2882
f 3020/890/2881 3008/878/2870 3019/889/2882
f 3019/889/2882 3009/879/2869 3051/919/2913
f 3054/916/2914 3019/889/2882 3051/919/2913
f 3054/916/2914 3051/919/2913 3062/926/2923
f 3055/918/2918 3054/916/2914 3062/926/2923
f 3057/921/2916 3055/918/2918 3062/926/2923
f 3052/920/2912 3007/880/2871 3064/914/2924
f 3063/915/2925 3052/920/2912 3064/914/2924
f 3064/914/2924 3007/880/2871 3038/906/2901
f 3010/882/2875 3014/886/2878 3015/875/2877
f 3010/882/2875 3028/898/2890 3014/886/2878
f 3068/927/2926 3067/930/2927 3066/929/2880
f 3065/928/2928 3068/927/2926 3066/929/2880
f 3070/931/2929 3065/928/2928 3066/929/2880
f 3069/932/2930 3070/931/2929 3066/929/2880
f 3073/933/2909 3072/935/2911 3071/934/2931
f 3076/936/2932 3075/938/2933 3074/937/2934
f 3075/938/2933 3076/936/2932 3067/930/2927
f 3068/927/2926 3075/938/2933 3067/930/2927
f 3077/939/2935 3023/894/2884 3026/897/2888
f 3036/905/2898 3077/939/2935 3026/897/2888
f 3081/940/2936 3080/942/2937 3079/941/2938
f 3078/893/2939 3081/940/2936 3079/941/2938
f 3079/941/2938 3080/942/2937 3082/910/2940
f 3081/940/2936 3022/893/2885 3023/894/2884
f 3077/939/2935 3081/940/2936 3023/894/2884
f 3049/916/2910 3050/917/2909 3017/888/2880
f 3018/887/2879 3049/916/2910 3017/888/2880
f 3021/892/2886 3022/893/2885 3084/941/2941
f 3083/943/2942 3021/892/2886 3084/941/2941
f 3042/910/2903 3083/943/2942 3084/941/2941
f 3016/885/2876 3014/886/2878 3019/889/2882
f 3039/907/2900 3040/908/2899 3083/943/2942
f 3083/943/2942 3040/908/2899 3043/911/2904
f 3021/892/2886 3083/943/2942 3043/911/2904
f 3011/883/2874 3024/891/2883 3021/892/2886
f 3024/891/2883 3011/883/2874 3012/884/2873
f 3025/896/2889 3024/891/2883 3012/884/2873
f 3032/895/2894 3025/896/2889 3012/884/2873
f 3043/911/2904 3028/898/2890 3021/892/2886
f 3042/910/2903 3039/907/2900 3083/943/2942
f 3045/914/2907 3041/909/2902 3044/913/2908
f 3011/883/2874 3021/892/2886 3028/898/2890
f 3087/946/1398 3086/945/1398 3085/944/1398
f 3088/947/1398 3087/946/1398 3085/944/1398
f 3092/866/2943 3091/865/2943 3090/864/2943
f 3089/863/2943 3092/866/2943 3090/864/2943
f 3096/864/2944 3095/865/2945 3094/866/2946
f 3093/863/2947 3096/864/2944 3094/866/2946
f 3100/946/1398 3099/945/1398 3098/944/1398
f 3097/947/1398 3100/946/1398 3098/944/1398
f 3104/866/2943 3103/865/2943 3102/864/2943
f 3101/863/2943 3104/866/2943 3102/864/2943
f 3108/864/2948 3107/865/2949 3106/866/2950
f 3105/863/2951 3108/864/2948 3106/866/2950
f 3112/873/2952 3111/874/2953 3110/948/2954
f 3109/872/2944 3112/873/2952 3110/948/2954
f 3116/867/2955 3115/868/2956 3114/869/2957
f 3113/870/2957 3116/867/2955 3114/869/2957
f 3120/873/2958 3119/874/2959 3118/948/2960
f 3117/872/2961 3120/873/2958 3118/948/2960
f 3124/867/2962 3123/868/2963 3122/869/2964
f 3121/870/2965 3124/867/2962 3122/869/2964
f 3126/949/2966 3125/951/2967 2715/950/2606
f 3130/952/2968 3129/955/2969 3128/954/2970
f 3127/953/2971 3130/952/2968 3128/954/2970
f 3126/949/2966 2715/950/2606 2721/956/2612
f 3126/949/2966 3132/958/2972 3131/957/2973
f 3135/959/2974 3134/961/2975 3133/960/2976
f 3137/962/2977 3132/958/2972 3136/963/2978
f 3140/964/2979 3139/966/2980 3138/965/2981
f 3143/967/2982 3142/969/2983 3141/968/2984
f 3126/949/2966 3131/957/2973 3125/951/2967
f 3145/970/2985 2735/973/2629 2736/972/2628
f 3144/971/2986 3145/970/2985 2736/972/2628
f 3138/965/2987 3133/960/2976 3134/961/2975
f 3148/974/2988 3147/976/2989 3146/975/2990
f 3148/974/2988 3150/978/2991 3149/977/2992
f 3154/979/2993 3153/982/2994 3152/981/2995
f 3151/980/2996 3154/979/2993 3152/981/2995
f 3157/965/2997 3156/966/2998 3155/983/2999
f 3161/984/3000 3160/987/3001 3159/986/3002
f 3158/985/3003 3161/984/3000 3159/986/3002
f 3163/989/3004 3162/988/3005 3146/975/2990
f 3164/990/3006 3162/988/3005 2757/992/2651
f 2758/991/2650 3164/990/3006 2757/992/2651
f 3164/990/3006 2758/991/2650 2760/993/2652
f 3164/990/3006 3150/978/2991 3146/975/2990
f 2760/993/2652 2761/995/2654 3165/994/3007
f 3165/994/3007 3150/978/2991 3164/990/3006
f 3167/996/3008 3166/998/3007 2764/997/3009
f 3153/982/2994 3168/999/3010 3152/981/2995
f 3172/1000/3011 3171/1003/3012 3170/1002/3013
f 3169/1001/3014 3172/1000/3011 3170/1002/3013
f 3175/1004/3015 3174/1006/3016 3173/1005/3017
f 3178/1007/3018 3177/1009/3019 3176/1008/3020
f 3173/1005/3017 3178/1007/3018 3176/1008/3020
f 3178/1007/3018 2777/1011/2670 2778/1010/2669
f 3177/1009/3019 3178/1007/3018 2778/1010/2669
f 2781/1012/2764 3180/1014/3021 3179/1013/3022
f 3181/1015/3023 3179/1013/3022 3180/1014/3021
f 3182/1016/3023 3181/1015/3023 3180/1014/3021
f 3175/1004/3015 3184/1018/3024 3183/1017/3025
f 3174/1006/3016 3175/1004/3015 3183/1017/3025
f 3175/1004/3015 3173/1005/3017 3176/1008/3020
f 3184/1018/3024 3175/1004/3015 3176/1008/3020
f 2787/1019/2678 2777/1011/2670 3178/1007/3018
f 3185/1020/3026 2787/1019/2678 3178/1007/3018
f 3189/1021/3027 3188/1024/3028 3187/1023/3029
f 3186/1022/3030 3189/1021/3027 3187/1023/3029
f 3193/1021/3031 3192/1027/3032 3191/1026/3033
f 3190/1025/3034 3193/1021/3031 3191/1026/3033
f 3195/1028/3035 2796/1031/2691 2797/1030/2690
f 3194/1029/3036 3195/1028/3035 2797/1030/2690
f 3197/1032/3037 3195/1028/3035 3194/1029/3036
f 3196/1033/3037 3197/1032/3037 3194/1029/3036
f 3199/1034/3038 3186/1022/3030 3187/1023/3029
f 3198/1035/3039 3199/1034/3038 3187/1023/3029
f 3199/1034/3038 3200/1036/3040 3186/1022/3030
f 3190/1025/3034 2805/1038/2698 2806/1037/2697
f 2805/1038/2698 3190/1025/3034 3191/1026/3033
f 3201/1039/3041 2805/1038/2698 3191/1026/3033
f 3205/1040/3042 3204/1043/3043 3203/1042/3044
f 3202/1041/3045 3205/1040/3042 3203/1042/3044
f 3208/1044/3046 3207/1046/3013 3206/1045/3047
f 3211/1047/3011 3210/1049/2983 3209/1048/3048
f 3213/1050/3049 3212/1051/3050 3146/975/2990
f 3215/1052/3051 3191/1026/3033 3192/1027/3032
f 3214/1053/3052 3215/1052/3051 3192/1027/3032
f 3216/1054/3053 3201/1039/3041 3191/1026/3033
f 3215/1052/3051 3216/1054/3053 3191/1026/3033
f 3218/1055/3054 3217/1056/3055 3143/967/2982
f 3222/1057/3056 3221/1060/3057 3220/1059/3058
f 3219/1058/3059 3222/1057/3056 3220/1059/3058
f 3225/1061/3060 3224/1063/3061 3223/1062/3062
f 3227/1064/3063 3226/1065/2975 3224/1063/3061
f 3222/1057/3056 3227/1064/3063 3228/1066/3064
f 3221/1060/3057 3222/1057/3056 3228/1066/3064
f 3224/1063/3061 3228/1066/3064 3227/1064/3063
f 3230/1067/3055 3229/1068/3065 3225/1061/3060
f 3223/1062/3062 3230/1067/3055 3225/1061/3060
f 3233/1058/3066 3232/1059/3067 3231/1069/3068
f 3224/1063/3061 3235/1065/3069 3234/1070/3069
f 3238/1073/3070 3237/1072/3071 3236/1071/3072
f 3239/1074/3073 3238/1073/3070 3236/1071/3072
f 3240/1075/3074 3239/1074/3073 3236/1071/3072
f 3238/1073/3070 3241/1076/3075 3237/1072/3071
f 3221/1060/3057 3229/1068/3065 3220/1059/3058
f 3225/1061/3060 3228/1066/3064 3224/1063/3061
f 3228/1066/3064 3225/1061/3060 3229/1068/3065
f 3221/1060/3057 3228/1066/3064 3229/1068/3065
f 3142/969/2983 3143/967/2982 3135/959/2974
f 3133/960/2976 3142/969/2983 3135/959/2974
f 3140/964/2979 3138/965/2981 3242/961/3075
f 3217/1056/3055 3218/1055/3054 3128/954/2970
f 3129/955/2969 3217/1056/3055 3128/954/2970
f 3232/1059/3067 3229/1068/3065 3230/1067/3055
f 3231/1069/3068 3232/1059/3067 3230/1067/3055
f 3136/963/2978 3132/958/2972 2721/956/2612
f 3131/957/2973 3132/958/2972 3137/962/2977
f 3244/964/3076 3243/1077/3077 3139/966/2980
f 3248/1080/3078 3247/1079/3079 3246/1078/3050
f 3245/1081/3011 3248/1080/3078 3246/1078/3050
f 3250/1082/3080 3163/989/3004 3249/1051/3081
f 3253/1086/3082 3252/1083/3083 3251/1195/3084
f 3256/1087/3085 3255/1088/3086 3254/1085/3087
f 3257/1089/3048 3142/969/2983 3133/960/2976
f 3260/1090/3088 3259/1092/3089 3258/1091/3040
f 3263/1093/3000 3262/1095/3090 3261/1094/3089
f 3267/1096/3091 3266/1091/3092 3265/1092/3093
f 3264/1097/3091 3267/1096/3091 3265/1092/3093
f 3270/1098/3094 3269/1099/3095 3268/985/3096
f 3268/985/3096 3272/986/3097 3271/1100/3083
f 3270/1098/3094 3268/985/3096 3271/1100/3083
f 3276/1101/3098 3275/1104/3099 3274/1103/3100
f 3273/1102/3101 3276/1101/3098 3274/1103/3100
f 3278/1106/3102 3277/1105/3102 3275/1104/3099
f 3276/1101/3098 3278/1106/3102 3275/1104/3099
f 3263/1093/3000 3280/1108/3103 3279/1107/3104
f 3262/1095/3090 3263/1093/3000 3279/1107/3104
f 3146/975/2990 3147/976/2989 3281/1109/2984
f 3160/987/3001 3161/984/3000 3259/1092/3089
f 3260/1090/3088 3160/987/3001 3259/1092/3089
f 3200/1036/3040 3282/1110/3105 3214/1053/3052
f 3189/1021/3027 3186/1022/3030 3200/1036/3040
f 3192/1027/3032 3189/1021/3027 3200/1036/3040
f 3200/1036/3040 3214/1053/3052 3192/1027/3032
f 3286/1111/3106 3285/1114/1328 3284/1113/1328
f 3283/1112/3107 3286/1111/3106 3284/1113/1328
f 2895/1115/3108 3288/1117/3022 3287/1116/3109
f 3185/1020/3026 3178/1007/3018 3173/1005/3017
f 3174/1006/3016 3185/1020/3026 3173/1005/3017
f 3291/1118/1328 3290/1120/1328 3289/1119/1328
f 3294/962/3110 3293/1121/3075 3292/957/3070
f 3268/985/3096 3269/1099/3095 3161/984/3111
f 3254/1085/3112 3297/1123/3113 3296/1122/3114
f 3295/1084/3115 3254/1085/3112 3296/1122/3114
f 3254/1085/3116 3299/1125/3117 3298/1124/3118
f 3211/1047/3011 3301/1127/3119 3300/1126/3120
f 3188/1024/3028 3189/1021/3027 3190/1025/3034
f 2908/1128/2774 3163/989/3004 3159/986/3002
f 2908/1128/2774 3302/1130/3121 2910/1129/1398
f 3160/987/3001 3302/1130/3121 2908/1128/2774
f 3159/986/3002 3160/987/3001 2908/1128/2774
f 3188/1024/3028 3190/1025/3034 2806/1037/2697
f 3167/996/3008 2764/997/3009 3303/1131/3122
f 3224/1063/3061 3304/1070/3123 3223/1062/3062
f 3150/978/2991 3165/994/3007 3149/977/2992
f 3148/974/2988 3146/975/2990 3150/978/2991
f 2760/993/2652 3165/994/3007 3164/990/3006
f 3164/990/3006 3146/975/2990 3162/988/3005
f 3249/1051/3081 3163/989/3004 3146/975/2990
f 3213/1050/3049 3146/975/2990 3281/1109/2984
f 3218/1055/3054 3143/967/2982 3141/968/2984
f 3211/1047/3011 3209/1048/3048 3305/1132/3124
f 3301/1127/3119 3211/1047/3011 3305/1132/3124
f 3132/958/2972 3126/949/2966 2721/956/2612
f 3308/1133/3125 3307/963/3125 3306/956/3125
f 3312/1134/3126 3311/1137/3127 3310/1136/3128
f 3309/1135/3129 3312/1134/3126 3310/1136/3128
f 3309/1135/3129 3310/1136/3128 3314/1139/3130
f 3313/1138/3131 3309/1135/3129 3314/1139/3130
f 3316/1140/3132 3315/1141/3133 3313/1138/3131
f 3314/1139/3130 3316/1140/3132 3313/1138/3131
f 3320/1142/3134 3319/1135/3135 3318/1138/3136
f 3317/1143/3137 3320/1142/3134 3318/1138/3136
f 3321/1144/3138 3312/1134/3126 3309/1135/3129
f 3320/1142/3139 3321/1144/3138 3309/1135/3129
f 3321/1144/3140 3323/1145/3141 3322/1134/3142
f 3325/1146/3143 3324/1137/3144 3322/1134/3142
f 3323/1145/3141 3325/1146/3143 3322/1134/3142
f 3328/1147/3145 3327/1145/3146 3321/1144/3147
f 3326/1148/3148 3328/1147/3145 3321/1144/3147
f 3328/1147/3145 3330/1149/3149 3329/1146/3150
f 3327/1145/3146 3328/1147/3145 3329/1146/3150
f 3333/1150/3151 3332/1152/3152 3331/1151/3153
f 3336/1153/3154 3333/1150/3151 3335/1155/3155
f 3334/1154/3156 3336/1153/3154 3335/1155/3155
f 3332/1152/3152 3337/1156/3157 3331/1151/3153
f 3340/1142/3158 3339/1143/3159 3335/1155/3155
f 3338/1151/3160 3340/1142/3158 3335/1155/3155
f 3339/1143/3159 3315/1141/3133 3334/1154/3156
f 3335/1155/3155 3339/1143/3159 3334/1154/3156
f 3340/1142/3158 3338/1151/3160 3342/1156/3161
f 3341/1144/3161 3340/1142/3158 3342/1156/3161
f 3333/1150/3151 3343/1157/3162 3332/1152/3152
f 3346/1158/3163 3345/1160/3164 3336/1153/3154
f 3344/1159/3165 3346/1158/3163 3336/1153/3154
f 3332/1152/3152 3347/1161/3166 3337/1156/3157
f 3316/1140/3132 3349/1163/3167 3348/1162/3168
f 3315/1141/3133 3316/1140/3132 3348/1162/3168
f 3350/1141/3169 3317/1143/3137 3318/1138/3136
f 3334/1154/3156 3351/1164/3170 3344/1159/3165
f 3336/1153/3154 3334/1154/3156 3344/1159/3165
f 3315/1141/3133 3348/1162/3168 3351/1164/3170
f 3334/1154/3156 3315/1141/3133 3351/1164/3170
f 3345/1160/3164 3343/1157/3162 3333/1150/3151
f 3336/1153/3154 3345/1160/3164 3333/1150/3151
f 3354/1165/3171 3353/1166/3172 3352/1148/3173
f 3356/1156/3174 3352/1148/3173 3355/1144/3174
f 3337/1156/3157 3347/1161/3166 3354/1165/3171
f 3333/1150/3151 3331/1151/3153 3335/1155/3155
f 3332/1152/3152 3343/1157/3162 3347/1161/3166
f 3354/1165/3171 3352/1148/3173 3337/1156/3157
f 3360/1136/3175 3359/1137/3176 3358/1168/3177
f 3357/1167/3178 3360/1136/3175 3358/1168/3177
f 3362/1139/3179 3360/1136/3175 3357/1167/3178
f 3361/1169/3180 3362/1139/3179 3357/1167/3178
f 3364/1140/3181 3362/1139/3179 3361/1169/3180
f 3363/1170/3182 3364/1140/3181 3361/1169/3180
f 3361/1169/3180 3357/1167/3178 3366/1171/3183
f 3365/1172/3184 3361/1169/3180 3366/1171/3183
f 3367/1173/3185 3366/1171/3183 3357/1167/3178
f 3358/1168/3177 3367/1173/3185 3357/1167/3178
f 3370/1173/3186 3369/1168/3186 3368/1177/3187
f 3372/1137/3188 3371/1178/3189 3368/1177/3187
f 3358/1168/3190 3372/1137/3188 3368/1177/3187
f 3374/1179/3191 3373/1180/3192 3367/1173/3185
f 3368/1177/3187 3374/1179/3191 3367/1173/3185
f 3371/1178/3189 3375/1181/3193 3374/1179/3191
f 3368/1177/3187 3371/1178/3189 3374/1179/3191
f 3365/1172/3184 3366/1171/3183 3376/1183/3194
f 3377/1182/3195 3365/1172/3184 3376/1183/3194
f 3361/1169/3180 3365/1172/3184 3378/1176/3196
f 3363/1170/3182 3361/1169/3180 3378/1176/3196
f 3366/1171/3183 3367/1173/3185 3379/1184/3197
f 3376/1183/3194 3366/1171/3183 3379/1184/3197
f 3382/1185/3198 3381/1175/3199 3378/1176/3196
f 3380/1186/3200 3382/1185/3198 3378/1176/3196
f 3316/1140/3132 3363/1170/3182 3383/1174/3201
f 3349/1163/3167 3316/1140/3132 3383/1174/3201
f 3363/1170/3182 3378/1176/3196 3381/1175/3199
f 3383/1174/3201 3363/1170/3182 3381/1175/3199
f 3380/1186/3200 3378/1176/3196 3365/1172/3184
f 3377/1182/3195 3380/1186/3200 3365/1172/3184
f 3386/1184/3202 3385/1180/3203 3384/1187/3204
f 3386/1184/3202 3387/1173/3205 3385/1180/3203
f 3167/996/3008 3303/1131/3122 3388/1188/3206
f 3145/970/2985 3390/1190/3043 3389/1189/3207
f 3145/970/2985 3144/971/2986 3390/1190/3043
f 3144/971/2986 2736/972/2628 2999/1191/2862
f 3305/1132/3124 3203/1042/3044 3391/1192/3208
f 3301/1127/3119 3305/1132/3124 3391/1192/3208
f 3390/1190/3043 3144/971/2986 3392/1193/3209
f 3392/1193/3209 3144/971/2986 2999/1191/2862
f 3393/921/3210 3052/920/2912 3063/915/2925
f 3057/921/2916 3062/926/2923 3052/920/2912
f 3005/877/2867 3017/888/2880 3004/876/2868
f 3202/1041/3045 3203/1042/3044 3305/1132/3124
f 3209/1048/3048 3202/1041/3045 3305/1132/3124
f 3394/1194/3209 3391/1192/3208 3203/1042/3044
f 3204/1043/3043 3394/1194/3209 3203/1042/3044
f 3133/960/2976 3155/983/2999 3257/1089/3048
f 3157/965/2997 3155/983/2999 3133/960/2976
f 2996/1188/2860 2765/996/2655 2714/951/2607
f 2715/950/2606 2996/1188/2860 2714/951/2607
f 3125/951/2967 3167/996/3211 2996/1188/2860
f 2715/950/2606 3125/951/2967 2996/1188/2860
f 3397/1196/3212 3396/1197/3213 3395/1198/3214
f 3397/1196/3212 3398/1199/3215 3396/1197/3213
f 3401/1200/3216 3400/1201/3217 3399/1202/3218
f 3405/1203/3219 3404/1204/3220 3403/1205/3221
f 3402/1206/3222 3405/1203/3219 3403/1205/3221
f 3395/1198/3214 3407/1207/3223 3406/1208/3224
f 3404/1204/3220 3408/1209/3225 3403/1205/3221
f 3402/1206/3226 3411/1210/3227 3410/1211/3228
f 3409/1212/3229 3402/1206/3226 3410/1211/3228
f 3409/1212/3229 3410/1211/3228 3413/1213/3230
f 3412/1214/3231 3409/1212/3229 3413/1213/3230
f 3412/1214/3231 3413/1213/3230 3415/1215/3232
f 3414/1203/3233 3412/1214/3231 3415/1215/3232
f 3418/1216/3234 3417/1217/3235 3416/1218/3236
f 3414/1203/3233 3415/1215/3232 3419/1219/3237
f 3414/1203/3233 3419/1219/3237 3420/1204/3238
f 3423/1220/3239 3422/1216/3240 3421/1221/3241
f 3426/1218/3242 3425/1217/3243 3424/1222/3244
f 3402/1206/3222 3427/1212/3245 3405/1203/3219
f 3426/1218/3242 3424/1222/3244 3428/1223/3246
f 3401/1200/3216 3399/1202/3218 3398/1199/3215
f 3400/1201/3217 3429/1224/3247 3399/1202/3218
f 3401/1200/3216 3428/1223/3246 3400/1201/3217
f 3417/1217/3235 3418/1216/3234 3431/1220/3248
f 3430/1225/3249 3417/1217/3235 3431/1220/3248
f 3433/1226/3250 3432/1227/3251 3430/1225/3249
f 3423/1220/3239 3433/1226/3250 3430/1225/3249
f 3398/1199/3215 3434/1228/3252 3396/1197/3213
f 3437/1229/3253 3436/1230/3254 3435/1231/3255
f 3437/1229/3253 3435/1231/3255 3438/1232/3256
f 3441/1233/3257 3440/1234/3258 3439/1235/3259
f 3439/1235/3259 3440/1234/3258 3435/1231/3255
f 3436/1230/3254 3439/1235/3259 3435/1231/3255
f 3443/1218/3260 3442/1223/3260 3421/1221/3241
f 3422/1216/3240 3443/1218/3260 3421/1221/3241
f 3421/1221/3241 3445/1236/3261 3444/1237/3262
f 3444/1237/3262 3433/1226/3250 3423/1220/3239
f 3421/1221/3241 3444/1237/3262 3423/1220/3239
f 3424/1222/3244 3400/1201/3217 3428/1223/3246
f 3409/1212/3263 3446/1214/3264 3405/1203/3265
f 3448/1221/3266 3447/1223/3266 3401/1200/3216
f 3396/1197/3213 3407/1207/3223 3395/1198/3214
f 3397/1196/3212 3401/1200/3216 3398/1199/3215
f 3451/1196/3267 3450/1198/3268 3449/1197/3269
f 3451/1196/3267 3449/1197/3269 3452/1199/3270
f 3455/1200/3271 3454/1202/3272 3453/1201/3273
f 3457/1238/3274 3402/1206/3222 3403/1205/3221
f 3456/1239/3275 3457/1238/3274 3403/1205/3221
f 3450/1198/3268 3459/1208/3276 3458/1207/3277
f 3461/1209/3278 3456/1239/3279 3460/1205/3280
f 3463/1211/3281 3411/1210/3227 3402/1206/3226
f 3462/1212/3282 3463/1211/3281 3402/1206/3226
f 3465/1213/3283 3463/1211/3281 3462/1212/3282
f 3464/1214/3284 3465/1213/3283 3462/1212/3282
f 3467/1215/3285 3465/1213/3283 3464/1214/3284
f 3466/1238/3286 3467/1215/3285 3464/1214/3284
f 3469/1216/3287 3468/1218/3288 3417/1217/3235
f 3466/1238/3286 3470/1219/3289 3467/1215/3285
f 3466/1238/3286 3471/1239/3290 3470/1219/3289
f 3474/1220/3291 3473/1221/3292 3472/1216/3293
f 3477/1218/3294 3476/1222/3295 3475/1217/3296
f 3402/1206/3222 3457/1238/3274 3478/1212/3297
f 3477/1218/3294 3479/1223/3298 3476/1222/3295
f 3455/1200/3271 3452/1199/3270 3454/1202/3272
f 3453/1201/3273 3454/1202/3272 3480/1224/3299
f 3455/1200/3271 3453/1201/3273 3479/1223/3300
f 3417/1217/3235 3482/1225/3301 3481/1220/3302
f 3469/1216/3287 3417/1217/3235 3481/1220/3302
f 3484/1226/3303 3474/1220/3291 3482/1225/3304
f 3483/1227/3305 3484/1226/3303 3482/1225/3304
f 3452/1199/3270 3449/1197/3269 3485/1228/3306
f 3487/1229/3307 3435/1231/3255 3486/1230/3308
f 3435/1231/3255 3487/1229/3307 3438/1232/3256
f 3489/1233/3309 3488/1235/3310 3440/1234/3258
f 3488/1235/3310 3486/1230/3308 3435/1231/3255
f 3440/1234/3258 3488/1235/3310 3435/1231/3255
f 3491/1218/3311 3472/1216/3293 3473/1221/3292
f 3490/1223/3311 3491/1218/3311 3473/1221/3292
f 3473/1221/3292 3493/1237/3312 3492/1236/3313
f 3493/1237/3312 3473/1221/3292 3474/1220/3291
f 3484/1226/3303 3493/1237/3312 3474/1220/3291
f 3494/1222/3314 3479/1223/3300 3453/1201/3273
f 3462/1212/3315 3457/1238/3316 3495/1214/3317
f 3497/1221/3318 3455/1200/3319 3496/1223/3318
f 3449/1197/3269 3450/1198/3268 3458/1207/3277
f 3451/1196/3267 3452/1199/3270 3455/1200/3271
f 3419/1219/3237 3408/1209/3314 3420/1204/3238
f 3470/1219/3289 3471/1239/3290 3461/1209/3278
f 3498/1240/3320 3439/1235/3259 3436/1230/3254
f 3445/1236/3261 3421/1221/3241 3499/1200/3321
f 3500/1240/3322 3486/1230/3308 3488/1235/3310
f 3492/1236/3313 3501/1200/3323 3473/1221/3292
f 3504/1241/3324 3503/1242/3325 3502/1236/3320
f 3503/1242/3325 3504/1241/3324 3505/1208/3326
f 3508/1236/3322 3507/1242/3327 3506/1243/3328
f 3506/1243/3328 3507/1242/3327 3509/1208/3329
f 3510/1241/3330 3445/1236/3261 3499/1200/3321
f 3510/1241/3330 3512/1198/3331 3511/1208/3332
f 3515/1244/3333 3514/1245/3334 3513/1246/3335
f 3510/1241/3330 3516/1196/3336 3512/1198/3331
f 3513/1246/3335 3517/1247/3337 3515/1244/3333
f 3515/1244/3333 3517/1247/3337 3439/1235/3259
f 3498/1240/3320 3515/1244/3333 3439/1235/3259
f 3499/1200/3321 3516/1196/3336 3510/1241/3330
f 3492/1236/3313 3518/1243/3338 3501/1200/3323
f 3518/1243/3338 3520/1208/3339 3519/1198/3340
f 3523/1245/3341 3522/1244/3342 3521/1246/3343
f 3518/1243/3338 3519/1198/3340 3524/1196/3344
f 3521/1246/3343 3522/1244/3342 3525/1247/3345
f 3488/1235/3310 3525/1247/3345 3522/1244/3342
f 3500/1240/3322 3488/1235/3310 3522/1244/3342
f 3501/1200/3323 3518/1243/3338 3524/1196/3344
f 3528/1248/3346 3527/1249/3347 3526/1250/3348
f 3532/1251/3349 3531/1252/3350 3530/1253/3351
f 3529/1248/3352 3532/1251/3349 3530/1253/3351
f 3536/1254/3353 3535/1250/3354 3534/1249/3355
f 3533/1255/3355 3536/1254/3353 3534/1249/3355
f 3532/1251/3349 3529/1248/3352 3535/1250/3354
f 3536/1254/3353 3532/1251/3349 3535/1250/3354
f 3538/1256/3356 3527/1249/3347 3537/1253/3357
f 3542/1251/3358 3541/1248/3359 3540/1253/3360
f 3539/1252/3361 3542/1251/3358 3540/1253/3360
f 3546/1249/3362 3545/1250/3363 3544/1254/3364
f 3543/1255/3362 3546/1249/3362 3544/1254/3364
f 3545/1250/3363 3541/1248/3359 3542/1251/3358
f 3544/1254/3364 3545/1250/3363 3542/1251/3358
f 3528/1248/3346 3537/1253/3357 3527/1249/3347
f 3538/1256/3356 3547/1257/3365 3527/1249/3347
f 3551/1255/3366 3553/1251/3366 3552/1254/3366
f 3551/1255/3366 3548/1252/3366 3553/1251/3366
f 3551/1255/3366 3549/1251/3366 3548/1252/3366
f 3551/1255/3366 3550/1254/3367 3549/1251/3366
f 3557/1258/3368 3556/1259/3369 3555/1260/3369
f 3554/1261/3368 3557/1258/3368 3555/1260/3369
f 3561/1262/3370 3560/1263/3371 3559/1261/3371
f 3558/1260/3372 3561/1262/3370 3559/1261/3371
f 3565/1264/3373 3564/1259/3374 3563/1258/3375
f 3562/1265/3375 3565/1264/3373 3563/1258/3375
f 3561/1262/3370 3558/1260/3372 3564/1259/3374
f 3565/1264/3373 3561/1262/3370 3564/1259/3374
f 3569/1262/3376 3568/1264/3377 3567/1259/3377
f 3566/1260/3377 3569/1262/3376 3567/1259/3377
f 3573/1266/3378 3572/1267/3378 3571/1268/3379
f 3570/1269/3378 3573/1266/3378 3571/1268/3379
f 3577/1258/3380 3576/1261/3380 3575/1260/3380
f 3574/1259/3380 3577/1258/3380 3575/1260/3380
f 3581/1262/3381 3580/1260/3382 3579/1261/3383
f 3578/1263/3384 3581/1262/3381 3579/1261/3383
f 3585/1258/3385 3584/1259/3386 3583/1264/3387
f 3582/1265/3385 3585/1258/3385 3583/1264/3387
f 3584/1259/3386 3580/1260/3382 3581/1262/3381
f 3583/1264/3387 3584/1259/3386 3581/1262/3381
f 3589/1262/3388 3588/1260/3388 3587/1259/3388
f 3586/1264/3389 3589/1262/3388 3587/1259/3388
f 3593/1266/3390 3592/1269/3390 3591/1268/3390
f 3590/1267/3390 3593/1266/3390 3591/1268/3390
f 3597/1116/3391 3596/1117/3392 3595/1270/3107
f 3594/1271/3393 3597/1116/3391 3595/1270/3107
f 3597/1116/3391 3594/1271/3393 3598/1270/2763
f 3599/1117/3394 3597/1116/3391 3598/1270/2763
f 3600/766/3395 2124/765/2105 2130/770/2141
f 2204/764/2175 2205/766/2174 3601/765/2163
f 2272/764/2232 2273/766/2231 3602/765/3396
f 3603/766/2313 2328/765/2280 2334/770/3397
f 2116/757/2097 2110/751/2091 2117/758/2098
f 2116/757/2097 2117/758/2098 2251/751/2212
f 2189/757/2158 2181/751/2153 2187/753/2154
f 2189/757/2158 2323/753/2271 2318/751/2269
f 3604/1272/3398 3606/1273/3399 3605/1274/3398
f 3604/1272/3398 3607/1275/3400 3606/1273/3399
f 3604/1272/3398 3608/1276/3398 3607/1275/3400
f 3607/1275/3400 3610/1277/3401 3609/1278/3402
f 3606/1273/3399 3607/1275/3400 3609/1278/3402
f 3613/1279/3403 3612/1280/3404 3611/1281/3405
f 3614/1282/3406 3613/1279/3403 3611/1281/3405
f 3616/1283/3407 3610/1277/3401 3615/1284/3408
f 3614/1282/3406 3611/1281/3405 3617/1285/3409
f 3616/1283/3407 3614/1282/3406 3617/1285/3409
f 3621/1286/3410 3620/1287/3411 3619/1288/3412
f 3618/1289/3413 3621/1286/3410 3619/1288/3412
f 3621/1286/3410 3622/1290/3414 3616/1283/3407
f 3620/1287/3411 3621/1286/3410 3616/1283/3407
f 3620/1287/3411 3616/1283/3407 3617/1285/3409
f 3623/1291/3415 3622/1290/3414 3621/1286/3410
f 3618/1289/3413 3623/1291/3415 3621/1286/3410
f 3606/1273/3399 3609/1278/3402 3624/1292/3416
f 3609/1278/3402 3610/1277/3401 3626/1290/3417
f 3625/1291/3418 3609/1278/3402 3626/1290/3417
f 3619/1288/3412 3627/1293/3419 3618/1289/3413
f 3627/1293/3419 3628/1294/3420 3624/1292/3416
f 3618/1289/3413 3627/1293/3419 3624/1292/3416
f 3632/1295/3421 3631/1296/3421 3630/1297/1169
f 3629/1298/3422 3632/1295/3421 3630/1297/1169
f 3635/1277/3423 3607/1275/3424 3634/1299/3425
f 3633/1284/3426 3635/1277/3423 3634/1299/3425
f 3637/1300/3427 3634/1299/3428 3636/1275/3429
f 3638/1276/3430 3637/1300/3427 3636/1275/3429
f 3641/1300/3431 3640/1301/3432 3639/1302/3433
f 3634/1299/3434 3641/1300/3431 3639/1302/3433
f 3644/1303/3434 3643/1304/3433 3642/1305/3435
f 3645/1306/3408 3644/1303/3434 3642/1305/3435
f 3649/1307/3436 3648/1308/3437 3647/1309/3438
f 3646/1310/3439 3649/1307/3436 3647/1309/3438
f 3648/1308/3437 3650/1306/3440 3642/1305/3441
f 3647/1309/3438 3648/1308/3437 3642/1305/3441
f 3649/1307/3436 3646/1310/3439 3651/1311/3442
f 3652/1312/3442 3649/1307/3436 3651/1311/3442
f 3654/1278/3443 3623/1291/3415 3618/1289/3413
f 3653/1292/3443 3654/1278/3443 3618/1289/3413
f 3624/1292/3416 3628/1294/3420 3655/1313/3444
f 3624/1292/3416 3655/1313/3444 3606/1273/3399
f 3610/1277/3401 3616/1283/3407 3626/1290/3417
f 3616/1283/3407 3615/1284/3408 3614/1282/3406
f 3660/1273/3445 3657/1272/3446 3656/1274/3446
f 3659/1275/3447 3657/1272/3446 3660/1273/3445
f 3659/1275/3447 3658/1276/3446 3657/1272/3446
f 3659/1275/3447 3660/1273/3445 3662/1278/3448
f 3661/1277/3449 3659/1275/3447 3662/1278/3448
f 3663/1279/3450 3611/1281/3405 3612/1280/3404
f 3664/1282/3451 3611/1281/3405 3663/1279/3450
f 3666/1283/3452 3665/1284/3453 3661/1277/3449
f 3664/1282/3451 3666/1283/3452 3617/1285/3409
f 3611/1281/3405 3664/1282/3451 3617/1285/3409
f 3668/1286/3454 3667/1289/3455 3619/1288/3412
f 3620/1287/3411 3668/1286/3454 3619/1288/3412
f 3668/1286/3454 3620/1287/3411 3666/1283/3452
f 3669/1290/3456 3668/1286/3454 3666/1283/3452
f 3620/1287/3411 3617/1285/3409 3666/1283/3452
f 3668/1286/3454 3669/1290/3456 3670/1291/3457
f 3667/1289/3455 3668/1286/3454 3670/1291/3457
f 3660/1273/3445 3671/1292/3458 3662/1278/3448
f 3662/1278/3448 3673/1291/3459 3672/1290/3460
f 3661/1277/3449 3662/1278/3448 3672/1290/3460
f 3619/1288/3412 3667/1289/3455 3674/1293/3461
f 3674/1293/3461 3667/1289/3455 3671/1292/3458
f 3675/1294/3462 3674/1293/3461 3671/1292/3458
f 3679/1314/3422 3678/1315/1169 3677/1316/3422
f 3676/1317/3463 3679/1314/3422 3677/1316/3422
f 3682/1277/3464 3681/1284/3465 3680/1299/3466
f 3659/1275/3467 3682/1277/3464 3680/1299/3466
f 3684/1275/3468 3680/1299/3469 3683/1300/3468
f 3685/1276/3468 3684/1275/3468 3683/1300/3468
f 3688/1302/3470 3687/1301/3471 3686/1300/3471
f 3680/1299/3472 3688/1302/3470 3686/1300/3471
f 3691/1305/3473 3690/1304/3474 3689/1303/3466
f 3692/1306/3453 3691/1305/3473 3689/1303/3466
f 3696/1307/3475 3695/1310/3476 3694/1309/3477
f 3693/1308/3478 3696/1307/3475 3694/1309/3477
f 3693/1308/3478 3694/1309/3477 3691/1305/3479
f 3697/1306/3465 3693/1308/3478 3691/1305/3479
f 3651/1311/3442 3695/1310/3476 3696/1307/3475
f 3652/1312/3442 3651/1311/3442 3696/1307/3475
f 3699/1278/3480 3698/1292/3480 3667/1289/3455
f 3670/1291/3457 3699/1278/3480 3667/1289/3455
f 3671/1292/3458 3700/1313/3481 3675/1294/3462
f 3671/1292/3458 3660/1273/3445 3700/1313/3481
f 3661/1277/3449 3672/1290/3460 3666/1283/3452
f 3666/1283/3452 3664/1282/3451 3665/1284/3453
f 1338/481/1341 1329/471/1331 1330/470/1330
f 1332/474/1334 1338/481/1341 1330/470/1330
f 1371/470/1369 1369/471/1371 1377/481/1377
f 1372/474/1374 1371/470/1369 1377/481/1377
f 1402/470/1401 1401/471/1402 1411/481/1411
f 1403/474/1405 1402/470/1401 1411/481/1411
f 1443/481/1441 1442/483/1442 1435/471/1435
f 2417/844/2361 2413/842/2359 3701/852/3482
f 2422/850/2367 2417/844/2361 3701/852/3482
f 2458/844/2403 2455/842/2399 2415/840/2357
f 2651/926/2564 2640/920/2554 2641/919/2553
f 3052/920/2912 3062/926/2923 3051/919/2913
f 2852/1080/2734 2853/1079/2733 2858/1085/2739
f 3254/1085/3112 3247/1079/3079 3248/1080/3078
f 594/269/591 592/268/590 651/258/653
f 659/248/661 675/269/677 676/268/676
f 725/267/732 659/248/661 676/268/676
f 726/248/735 748/269/755 749/268/754
f 809/267/819 726/248/735 749/268/754
f 831/269/841 829/268/840 876/258/892
f 2648/923/2560 2635/913/2547 2636/912/2546
f 3058/923/2919 3044/913/2908 3060/924/2921
f 431/193/426 452/211/444 450/209/442
f 445/205/438 431/193/426 450/209/442
f 934/211/949 938/192/953 914/193/930
f 1997/725/1982 1992/719/1976 1993/718/1975
f 2032/725/2014 2027/718/2009 2017/719/2001
f 1996/721/1978 1991/720/1977 1995/722/1979
f 2030/721/2011 2026/720/2010 2033/726/2016
f 2860/1083/2737 2857/1086/2740 3702/1195/3483
f 3254/1085/3112 3295/1084/3115 3252/1083/3083
f 3253/1086/3082 3254/1085/3112 3252/1083/3083
f 2757/992/2651 2908/1128/2774 2755/989/2648
f 2756/988/2647 2757/992/2651 2755/989/2648
f 2757/992/2651 3162/988/3005 3163/989/3004
f 2908/1128/2774 2757/992/2651 3163/989/3004
g blade
v -45.732742 11.760344 -1.077583
v -45.558121 11.760344 -1.077583
v -45.558121 10.911967 -1.003360
v -45.732742 10.911967 -1.003360
v -45.645424 11.949328 -1.094118
v -52.349136 8.960135 -1.049790
v -52.293053 9.076067 -1.047318
v -51.839241 8.855131 -0.982898
v -51.895332 8.739201 -0.985371
v -52.422195 9.067317 -1.062900
v -45.558121 10.911967 0.970343
v -45.558121 11.760344 1.044572
v -45.732742 11.760344 1.044572
v -45.732742 10.911967 0.970343
v -45.645424 11.949328 1.061106
v -51.839241 8.855131 0.990563
v -52.293053 9.076067 1.054977
v -52.349136 8.960135 1.057455
v -51.895332 8.739201 0.993036
v -52.422195 9.067317 1.070565
v -45.558121 -10.843860 -1.003358
v -45.558121 -11.692237 -1.077582
v -45.732735 -11.692237 -1.077582
v -45.732735 -10.843860 -1.003358
v -45.645424 -11.881221 -1.094116
v -51.839241 -8.787027 -0.982897
v -52.293053 -9.007959 -1.047317
v -52.349136 -8.892033 -1.049789
v -51.895332 -8.671095 -0.985370
v -52.422188 -8.999213 -1.062899
v -45.732735 -11.692237 1.044573
v -45.558121 -11.692237 1.044573
v -45.558121 -10.843860 0.970345
v -45.732735 -10.843860 0.970345
v -45.645424 -11.881221 1.061107
v -52.349136 -8.892033 1.057456
v -52.293053 -9.007959 1.054978
v -51.839241 -8.787027 0.990564
v -51.895332 -8.671095 0.993036
v -52.422188 -8.999213 1.070566
v 20.846081 1.012273 0.320439
v 22.825863 0.034064 0.406622
v 23.396578 0.034064 0.475199
v 20.971830 1.265560 0.475199
v 19.081528 1.987492 0.475198
v 18.700291 1.875513 0.342498
v 10.287300 4.063323 0.475198
v 13.633991 3.053420 0.356871
v 13.957343 3.313826 0.475198
v 5.806076 5.620471 0.475198
v 5.765316 3.212277 -0.056259
v 7.974222 3.071035 -0.231890
v 8.025438 4.445826 0.475198
v 1.538013 2.653599 0.447107
v 1.538013 3.874331 0.475198
v 15.424984 1.101286 -0.028621
v 14.361472 0.288995 0.475199
v 15.057736 0.034059 0.475199
v 16.416370 2.487257 0.397961
v 16.707653 2.619895 0.475198
v 10.010190 2.716747 -0.179373
v 9.674753 1.504875 0.475199
v 12.375332 0.891456 0.475199
v 12.989305 1.915027 -0.094196
v 7.843596 1.867709 0.475198
v 5.739103 1.948593 0.475198
v 1.538013 1.641955 0.475199
v 18.065767 0.034060 0.042480
v 16.144070 2.303816 0.347491
v 18.268629 1.708266 0.269422
v 20.829975 0.034064 0.212543
v 20.842070 0.672424 0.285305
v 22.256668 0.034064 0.345348
v 23.396578 0.034064 0.475199
v 22.825863 0.034064 0.543775
v 20.846081 1.012273 0.629958
v 20.971830 1.265560 0.475199
v 19.081528 1.987492 0.475198
v 18.700291 1.875513 0.607899
v 13.633991 3.053420 0.593526
v 10.287300 4.063323 0.475198
v 13.957343 3.313826 0.475198
v 7.974222 3.071036 1.182287
v 5.765316 3.212278 1.006656
v 5.806076 5.620471 0.475198
v 8.025438 4.445826 0.475198
v 1.538013 2.653599 0.503291
v 1.538013 3.874331 0.475198
v 14.361472 0.288995 0.475199
v 15.424984 1.101286 0.979018
v 15.057736 0.034059 0.475199
v 16.707653 2.619895 0.475198
v 16.416370 2.487257 0.552436
v 10.010190 2.716747 1.129770
v 12.989305 1.915028 1.044593
v 12.375332 0.891456 0.475199
v 9.674753 1.504875 0.475199
v 7.843596 1.867709 0.475198
v 5.739103 1.948593 0.475198
v 1.538013 1.641955 0.475199
v 18.065767 0.034060 0.907917
v 16.144070 2.303816 0.602906
v 18.268629 1.708266 0.680975
v 20.842070 0.672424 0.665092
v 20.829975 0.034064 0.737854
v 22.256668 0.034064 0.605049
v 20.846081 -0.944150 0.320439
v 20.971830 -1.197440 0.475199
v 19.081528 -1.919369 0.475199
v 18.700291 -1.807393 0.342498
v 13.633996 -2.985301 0.356868
v 10.287300 -3.995205 0.475199
v 13.957348 -3.245707 0.475199
v 7.974222 -3.002922 -0.231889
v 5.765316 -3.144161 -0.056258
v 5.806076 -5.552357 0.475199
v 8.025438 -4.377708 0.475199
v 1.538013 -2.585486 0.447107
v 1.538013 -3.806214 0.475199
v 14.361472 -0.220876 0.475199
v 15.424984 -1.033167 -0.028621
v 16.707653 -2.551772 0.475199
v 16.416370 -2.419138 0.397961
v 10.010190 -2.648629 -0.179373
v 12.989309 -1.846909 -0.094196
v 12.375337 -0.823337 0.475199
v 9.674759 -1.436760 0.475199
v 7.843599 -1.799591 0.475199
v 5.739103 -1.880476 0.475199
v 1.538013 -1.573838 0.475199
v 16.144070 -2.235697 0.347491
v 18.268629 -1.640146 0.269423
v 20.842070 -0.604303 0.285305
v 20.846081 -0.944150 0.629959
v 20.971830 -1.197440 0.475199
v 19.081528 -1.919369 0.475199
v 18.700291 -1.807393 0.607899
v 10.287300 -3.995205 0.475199
v 13.633996 -2.985301 0.593526
v 13.957348 -3.245707 0.475199
v 5.806076 -5.552357 0.475199
v 5.765316 -3.144161 1.006656
v 7.974222 -3.002922 1.182287
v 8.025438 -4.377708 0.475199
v 1.538013 -2.585486 0.503292
v 1.538013 -3.806214 0.475199
v 15.424984 -1.033167 0.979018
v 14.361472 -0.220876 0.475199
v 16.416370 -2.419138 0.552436
v 16.707653 -2.551772 0.475199
v 10.010193 -2.648629 1.129771
v 9.674759 -1.436760 0.475199
v 12.375337 -0.823337 0.475199
v 12.989309 -1.846909 1.044593
v 7.843599 -1.799591 0.475199
v 5.739103 -1.880476 0.475199
v 1.538013 -1.573838 0.475199
v 16.144070 -2.235697 0.602906
v 18.268629 -1.640146 0.680975
v 20.842070 -0.604303 0.665092
v -46.157051 -23.749329 -0.506802
v -45.164459 -21.797834 -0.506804
v -47.410431 -21.918478 -0.506802
v -43.467896 -18.029383 -0.442944
v -42.814079 -15.345114 -0.442944
v -46.661461 -15.567748 -0.442941
v -48.082062 -19.145645 -0.465753
v -46.356384 -25.719339 -0.442942
v -44.488487 -25.866795 -0.016494
v -41.289078 -17.037607 -0.016494
v -41.593414 -15.570225 -0.016494
v -46.848633 -30.584654 -0.016494
v -49.099777 -25.757786 -0.016494
v -42.800179 -21.486147 -0.016494
v -43.115112 -12.510925 -0.442944
v -40.644424 -11.571326 -0.016496
v -42.928452 -10.828557 -0.321521
v -39.834480 -4.294876 -0.016496
v -43.058380 -7.101264 -0.016495
v -41.271355 -13.259748 -0.016496
v -49.710571 -21.941486 -0.016494
v -49.700676 -18.548132 -0.016494
v -48.230110 -15.527762 -0.016494
v -39.828255 -10.433125 -0.016496
v -45.164459 -21.797834 0.473815
v -46.157051 -23.749329 0.473816
v -47.410431 -21.918478 0.473812
v -46.661461 -15.567748 0.409951
v -42.814079 -15.345114 0.409953
v -43.467896 -18.029383 0.409953
v -48.082062 -19.145645 0.432762
v -44.488487 -25.866795 -0.016494
v -46.356384 -25.719339 0.409952
v -41.593414 -15.570225 -0.016494
v -41.289078 -17.037607 -0.016494
v -46.848633 -30.584654 -0.016494
v -49.099777 -25.757786 -0.016494
v -42.800179 -21.486147 -0.016494
v -40.644424 -11.571326 -0.016496
v -43.115112 -12.510925 0.409954
v -42.928452 -10.828557 0.288533
v -39.834480 -4.294876 -0.016496
v -43.058380 -7.101264 -0.016495
v -41.271355 -13.259748 -0.016496
v -49.710571 -21.941486 -0.016494
v -49.700676 -18.548132 -0.016494
v -48.230110 -15.527762 -0.016494
v -39.828255 -10.433125 -0.016496
v -50.339867 -8.936735 -0.205096
v -51.858101 -10.536077 -0.232862
v -51.016426 -11.109805 -0.016493
v -49.803902 -9.372411 -0.016493
v -53.236359 -11.864827 -0.263043
v -53.751556 -11.239402 -0.016493
v -57.504089 -12.107096 -0.016493
v -56.903915 -12.773984 -0.315145
v -52.476753 -12.786959 -0.016493
v -61.411263 -12.814902 -0.016493
v -60.678452 -13.689363 -0.278667
v -59.233871 -12.969308 -0.345976
v -58.200577 -11.343151 -0.323163
v -59.122505 -10.331949 -0.016493
v -59.955612 -14.628582 -0.016493
v -55.953407 -13.830137 -0.016493
v -63.000542 -14.846817 -0.016493
v -55.925285 -8.623104 -0.278035
v -56.446266 -7.998043 -0.016493
v -52.789886 -8.855947 -0.016493
v -53.331627 -8.196558 -0.242473
v -55.404305 -9.248164 -0.016493
v -53.873360 -7.537176 -0.016493
v -51.076393 -8.283771 -0.210844
v -51.486610 -7.599936 -0.016493
v -50.638161 -8.648917 -0.016493
v -52.213852 -10.226378 -0.016493
v -50.638161 -8.648917 -0.016493
v -51.016426 -11.109805 -0.016493
v -51.858101 -10.536077 0.199874
v -50.339867 -8.936735 0.172107
v -49.803902 -9.372411 -0.016493
v -53.236359 -11.864827 0.230057
v -56.903915 -12.773984 0.282158
v -57.504089 -12.107096 -0.016493
v -53.751556 -11.239402 -0.016493
v -52.476753 -12.786959 -0.016493
v -60.678452 -13.689363 0.245681
v -61.411263 -12.814902 -0.016493
v -59.122505 -10.331949 -0.016493
v -58.200577 -11.343151 0.290174
v -59.233871 -12.969308 0.312990
v -55.953407 -13.830137 -0.016493
v -59.955612 -14.628582 -0.016493
v -63.000542 -14.846817 -0.016493
v -55.925285 -8.623104 0.245046
v -56.446266 -7.998043 -0.016493
v -53.331627 -8.196558 0.209484
v -52.789886 -8.855947 -0.016493
v -55.404305 -9.248164 -0.016493
v -51.076393 -8.283771 0.177855
v -53.873360 -7.537176 -0.016493
v -51.486610 -7.599936 -0.016493
v -50.638161 -8.648917 -0.016493
v -52.213852 -10.226378 -0.016493
v -50.638161 -8.648917 -0.016493
v -51.016426 11.177910 -0.016494
v -51.858101 10.604181 -0.232864
v -50.339874 9.004841 -0.205097
v -49.803909 9.440517 -0.016494
v -53.751556 11.307506 -0.016494
v -53.236359 11.932934 -0.263044
v -56.903915 12.842088 -0.315147
v -57.504089 12.175200 -0.016494
v -52.476753 12.855064 -0.016494
v -60.678452 13.757468 -0.278668
v -61.411263 12.883007 -0.016494
v -59.122505 10.400054 -0.016494
v -58.200577 11.411255 -0.323164
v -59.233871 13.037413 -0.345977
v -55.953407 13.898242 -0.016494
v -59.955620 14.696685 -0.016494
v -63.000542 14.914920 -0.016494
v -56.446266 8.066148 -0.016494
v -55.925285 8.691209 -0.278036
v -53.331627 8.264663 -0.242474
v -52.789886 8.924049 -0.016494
v -55.404305 9.316268 -0.016494
v -51.076401 8.351875 -0.210845
v -53.873360 7.605280 -0.016494
v -51.486610 7.668044 -0.016494
v -50.638161 8.717024 -0.016494
v -52.213852 10.294482 -0.016494
v -50.638161 8.717024 -0.016494
v -50.339874 9.004841 0.172106
v -51.858101 10.604181 0.199872
v -51.016426 11.177910 -0.016494
v -49.803909 9.440517 -0.016494
v -53.236359 11.932934 0.230055
v -53.751556 11.307506 -0.016494
v -57.504089 12.175200 -0.016494
v -56.903915 12.842088 0.282156
v -52.476753 12.855064 -0.016494
v -61.411263 12.883007 -0.016494
v -60.678452 13.757468 0.245679
v -59.233871 13.037413 0.312988
v -58.200577 11.411255 0.290173
v -59.122505 10.400054 -0.016494
v -59.955620 14.696685 -0.016494
v -55.953407 13.898242 -0.016494
v -63.000542 14.914920 -0.016494
v -55.925285 8.691209 0.245045
v -56.446266 8.066148 -0.016494
v -52.789886 8.924049 -0.016494
v -53.331627 8.264663 0.209484
v -55.404305 9.316268 -0.016494
v -53.873360 7.605280 -0.016494
v -51.076401 8.351875 0.177854
v -51.486610 7.668044 -0.016494
v -50.638161 8.717024 -0.016494
v -52.213852 10.294482 -0.016494
v -50.638161 8.717024 -0.016494
v -45.164459 21.865938 -0.506806
v -46.157059 23.817436 -0.506805
v -47.410439 21.986584 -0.506805
v -46.661469 15.635855 -0.442944
v -42.814079 15.413222 -0.442946
v -43.467896 18.097486 -0.442946
v -48.082062 19.213749 -0.465755
v -44.488495 25.934898 -0.016497
v -46.356384 25.787441 -0.442945
v -41.593414 15.638331 -0.016496
v -41.289078 17.105713 -0.016496
v -46.848640 30.652761 -0.016497
v -49.099777 25.825890 -0.016497
v -42.800186 21.554249 -0.016497
v -40.644424 11.639434 -0.016497
v -43.115120 12.579032 -0.442946
v -42.928452 10.896663 -0.321523
v -39.834480 4.362984 -0.016496
v -43.058380 7.169372 -0.016496
v -41.271355 13.327856 -0.016497
v -49.710571 22.009590 -0.016497
v -49.700676 18.616241 -0.016497
v -48.230110 15.595869 -0.016496
v -39.828255 10.501234 -0.016497
v -46.157059 23.817436 0.473813
v -45.164459 21.865938 0.473813
v -47.410439 21.986584 0.473809
v -43.467896 18.097486 0.409951
v -42.814079 15.413222 0.409952
v -46.661469 15.635855 0.409949
v -48.082062 19.213749 0.432760
v -46.356384 25.787441 0.409949
v -44.488495 25.934898 -0.016497
v -41.289078 17.105713 -0.016496
v -41.593414 15.638331 -0.016496
v -46.848640 30.652761 -0.016497
v -49.099777 25.825890 -0.016497
v -42.800186 21.554249 -0.016497
v -43.115120 12.579032 0.409952
v -40.644424 11.639434 -0.016497
v -42.928452 10.896663 0.288532
v -39.834480 4.362984 -0.016496
v -43.058380 7.169372 -0.016496
v -41.271355 13.327856 -0.016497
v -49.710571 22.009590 -0.016497
v -49.700676 18.616241 -0.016497
v -48.230110 15.595869 -0.016496
v -39.828255 10.501234 -0.016497
v -43.287209 14.187236 -0.016502
v -43.341888 14.170413 0.438989
v -43.850494 15.934175 0.487834
v -43.796272 15.946260 -0.016502
v -45.023415 18.985830 0.466518
v -45.861099 18.961821 0.882159
v -45.861229 20.813738 0.464601
v -48.566956 11.805995 -0.016497
v -47.820915 13.489187 0.688799
v -47.842484 11.837444 0.546245
v -42.707260 10.791844 -0.016502
v -42.609009 9.275382 -0.016501
v -42.675331 9.290659 0.223159
v -42.764053 10.792101 0.353887
v -48.299965 15.495909 -0.016496
v -47.708244 17.196632 -0.016500
v -47.597214 17.204905 0.772685
v -48.159424 15.495890 0.787766
v -42.869087 6.536606 -0.016499
v -47.090675 11.863710 1.024390
v -46.680832 13.524832 1.284974
v -47.218361 10.911663 0.731036
v -47.759209 10.899262 0.374546
v -48.159424 15.495890 0.787766
v -45.860573 15.495118 1.303452
v -48.282433 13.453845 -0.016497
v -46.863686 18.904848 0.528757
v -46.946976 18.852402 -0.016500
v -45.861229 20.813738 0.464601
v -42.900711 12.487663 -0.016502
v -42.959770 12.474667 0.467967
v -44.403526 17.453350 0.478960
v -46.617104 10.020624 0.326920
v -46.607651 9.538735 0.144156
v -47.041039 9.740804 0.302703
v -44.966179 8.421435 -0.016499
v -43.945305 7.622570 0.667571
v -44.182381 7.664348 -0.016499
v -44.645332 8.990056 0.519072
v -44.394150 9.624282 0.705847
v -43.409195 9.459659 1.191438
v -45.004227 11.708807 0.728662
v -45.687759 12.948054 0.862019
v -44.790146 13.607907 1.303664
v -44.134521 12.113228 1.303664
v -46.237732 11.789975 0.806995
v -46.494049 10.896033 0.593868
v -45.650208 11.973890 1.052784
v -45.343689 11.503000 1.005822
v -45.851837 11.572488 1.015633
v -45.066467 10.821692 0.934624
v -46.021057 10.861644 0.944164
v -44.758400 9.738724 0.814109
v -46.262329 9.586737 0.834741
v -45.169624 8.819081 0.709839
v -45.695801 8.797175 0.685111
v -46.262329 9.586737 0.834741
v -46.607651 9.538735 0.144156
v -46.617104 10.020624 0.326920
v -46.358902 9.086158 0.189122
v -45.394394 8.486637 0.603491
v -45.902634 8.538563 0.234090
v -44.853317 8.600092 0.432534
v -45.362335 8.042476 0.222588
v -44.627495 10.737890 0.694212
v -45.004227 11.708807 0.728662
v -48.092041 10.917345 -0.016497
v -47.597214 17.204905 0.772685
v -45.907669 17.292974 1.288156
v -44.345970 17.450228 -0.016502
v -43.713547 10.783118 1.303664
v -45.148987 17.372183 0.881076
v -44.726242 15.751151 0.947140
v -44.165382 13.850569 0.868915
v -45.911026 8.485466 -0.016499
v -46.364868 9.026170 -0.016497
v -45.353081 7.923538 -0.016499
v -45.362335 8.042476 0.222588
v -47.442047 9.862911 -0.016497
v -46.736870 9.168884 -0.016497
v -47.233429 9.577157 -0.016497
v -46.611183 9.471849 -0.016497
v -46.736870 9.168884 -0.016497
v -46.607651 9.538735 0.144156
v -45.353081 7.923538 -0.016499
v -46.611183 9.471849 -0.016497
v -42.869087 6.536606 -0.016499
v -44.853317 8.600092 0.432534
v -44.966179 8.421435 -0.016499
v -44.853317 8.600092 0.432534
v -44.990211 18.987307 -0.016502
v -45.861229 20.813738 0.464601
v -45.861229 20.875816 -0.016502
v -44.134521 12.113228 1.303664
v -43.713547 10.783118 1.303664
v -43.409195 9.459659 1.191438
v -45.861229 20.875816 -0.016502
v -43.945305 7.622570 0.667571
v -43.850494 15.934175 -0.520838
v -43.341888 14.170413 -0.471992
v -45.861099 18.961821 -0.915162
v -45.023415 18.985830 -0.499519
v -45.861229 20.813738 -0.497601
v -47.820915 13.489187 -0.721794
v -48.566956 11.805995 -0.016497
v -47.842484 11.837444 -0.579238
v -42.675331 9.290659 -0.256159
v -42.764053 10.792101 -0.386889
v -47.597221 17.204901 -0.805682
v -48.159424 15.495888 -0.820763
v -42.869087 6.536606 -0.016499
v -47.090675 11.863708 -1.057386
v -46.680832 13.524832 -1.317970
v -47.759209 10.899261 -0.407540
v -47.218361 10.911663 -0.764029
v -45.860573 15.495118 -1.336450
v -48.159424 15.495888 -0.820763
v -46.863686 18.904848 -0.561757
v -45.861229 20.813738 -0.497601
v -42.959770 12.474667 -0.500972
v -44.403526 17.453350 -0.511962
v -47.041039 9.740803 -0.335698
v -46.607651 9.538735 -0.177151
v -46.617104 10.020618 -0.359915
v -43.945312 7.622570 -0.700571
v -44.394150 9.624279 -0.738847
v -44.645332 8.990056 -0.552072
v -43.409195 9.459658 -1.224438
v -44.790146 13.607908 -1.336665
v -45.687767 12.948054 -0.895017
v -45.004227 11.708807 -0.761662
v -44.134521 12.113228 -1.336664
v -46.237740 11.789975 -0.839991
v -46.494057 10.896035 -0.626864
v -45.343689 11.502996 -1.038820
v -45.645691 11.968337 -1.085782
v -45.846420 11.572219 -1.048630
v -45.066467 10.821692 -0.967621
v -46.020241 10.863368 -0.977160
v -46.267365 9.593360 -0.867737
v -44.759247 9.739639 -0.847109
v -45.701775 8.803647 -0.718106
v -45.169624 8.819081 -0.742834
v -46.358902 9.086158 -0.222118
v -46.267365 9.593360 -0.867737
v -46.607651 9.538735 -0.177151
v -45.394394 8.486636 -0.636488
v -45.902634 8.538563 -0.267085
v -44.853317 8.600092 -0.465531
v -45.362335 8.042476 -0.255586
v -44.627495 10.737890 -0.727213
v -45.004227 11.708807 -0.761662
v -48.092041 10.917345 -0.016497
v -45.907669 17.292974 -1.321155
v -47.597221 17.204901 -0.805682
v -48.282433 13.453845 -0.016497
v -43.713547 10.783117 -1.336664
v -45.148987 17.372183 -0.914076
v -44.726250 15.751151 -0.980141
v -44.165382 13.850566 -0.901916
v -45.362335 8.042476 -0.255586
v -47.442047 9.862911 -0.016497
v -46.736870 9.168884 -0.016497
v -47.233429 9.577157 -0.016497
v -46.607651 9.538735 -0.177151
v -44.853317 8.600092 -0.465531
v -45.861229 20.813738 -0.497601
v -44.134521 12.113228 -1.336664
v -43.713547 10.783117 -1.336664
v -43.409195 9.459658 -1.224438
v -43.945312 7.622570 -0.700571
v -46.617104 10.020618 -0.359915
v -52.792831 10.965821 0.001446
v -52.781052 10.945319 0.297994
v -53.702118 11.123650 0.001446
v -54.894409 11.205135 0.001445
v -54.933456 11.099570 0.360623
v -56.273087 11.161086 0.001445
v -53.501274 7.713023 0.159143
v -54.200455 8.371864 0.366327
v -53.896019 8.519710 0.782158
v -53.312729 7.904621 0.724990
v -50.293182 8.621523 0.382180
v -50.644928 9.326952 1.048216
v -48.431206 7.812673 0.001446
v -52.916023 8.077056 1.143062
v -53.607933 8.917588 1.209378
v -52.639236 7.742325 0.578049
v -54.610336 9.465231 0.754410
v -54.350197 9.987725 1.210175
v -55.535286 9.968489 0.001443
v -56.273087 11.161086 0.001445
v -55.162529 10.521799 0.751787
v -51.108589 9.514370 1.096626
v -52.633171 9.885013 1.180719
v -50.502434 10.031392 0.159020
v -53.773331 10.999797 0.549728
v -51.670113 7.564164 0.236462
v -51.638321 7.662678 0.367425
v -51.237022 7.700895 0.001443
v -51.602936 7.765971 0.162529
v -51.638321 7.662678 0.367425
v -52.233269 7.831492 0.773885
v -52.066284 8.114875 0.507717
v -52.207375 9.424907 0.696848
v -53.163506 9.442724 0.818754
v -52.633171 9.885013 1.180719
v -53.163506 9.442724 0.818754
v -53.607933 8.917588 1.209378
v -54.350197 9.987725 1.210175
v -52.762405 8.824574 0.736286
v -52.916023 8.077056 1.143062
v -52.493057 9.077327 1.065968
v -52.181442 9.099237 1.023040
v -52.197830 8.765661 1.002297
v -51.462524 9.041784 0.912011
v -51.569016 8.230828 0.867589
v -50.804749 8.843640 0.796386
v -50.783607 7.949116 0.742702
v -51.273193 8.022290 0.813058
v -50.242188 8.040418 0.636277
v -52.066284 8.114875 0.507717
v -52.762405 8.824574 0.736286
v -51.602936 7.765971 0.162529
v -51.273193 8.022290 0.813058
v -50.783607 7.949116 0.742702
v -50.804085 7.687142 0.244742
v -50.004913 7.920469 0.234230
v -50.745926 9.136495 0.525978
v -50.293182 8.621523 0.382180
v -51.432335 9.332868 0.605732
v -52.207375 9.424907 0.696848
v -52.493057 9.077327 1.065968
v -52.721695 7.602609 0.001443
v -52.233269 7.831492 0.773885
v -52.012276 7.592926 0.388705
v -54.820435 9.109063 0.173854
v -51.432335 9.332868 0.605732
v -51.108589 9.514370 1.096626
v -50.745926 9.136495 0.525978
v -49.940369 7.888221 0.001443
v -50.004913 7.920469 0.234230
v -49.974556 8.023659 0.001443
v -50.779175 7.666257 0.001443
v -51.569366 7.743299 0.001443
v -49.940369 7.888221 0.001443
v -52.026268 7.553550 0.001443
v -51.681175 7.542902 0.001443
v -51.237022 7.700895 0.001443
v -51.569366 7.743299 0.001443
v -50.242188 8.040418 0.636277
v -49.974556 8.023659 0.001443
v -50.644928 9.326952 1.048216
v -49.968163 9.950539 0.001446
v -48.431206 7.812673 0.001446
v -55.162529 10.521799 0.751787
v -50.527695 10.058185 0.001446
v -53.501274 7.713023 -0.156257
v -54.200455 8.371864 -0.363442
v -54.820435 9.109063 -0.170966
v -52.781052 10.945319 -0.295104
v -54.933456 11.099570 -0.357735
v -53.896019 8.519710 -0.779272
v -53.312729 7.904621 -0.722104
v -50.644928 9.326952 -1.045328
v -50.293182 8.621523 -0.379292
v -48.431206 7.812673 0.001446
v -52.916023 8.077056 -1.140176
v -53.607933 8.917588 -1.206490
v -52.639236 7.742325 -0.575163
v -54.350197 9.987723 -1.207286
v -54.610336 9.465231 -0.751522
v -56.273087 11.161086 0.001445
v -55.535286 9.968489 0.001443
v -55.162529 10.521799 -0.748898
v -50.644928 9.326952 -1.045328
v -50.502434 10.031392 -0.156129
v -51.108597 9.514370 -1.093738
v -53.773331 10.999797 -0.546838
v -51.638329 7.662678 -0.364538
v -51.670113 7.564164 -0.233573
v -52.233269 7.831492 -0.770997
v -51.638329 7.662678 -0.364538
v -51.602936 7.765971 -0.159643
v -52.066284 8.114875 -0.504829
v -53.163506 9.442724 -0.815865
v -52.207375 9.424907 -0.693959
v -52.633171 9.885011 -1.177831
v -53.607933 8.917588 -1.206490
v -53.163506 9.442724 -0.815865
v -54.350197 9.987723 -1.207286
v -52.762405 8.824574 -0.733397
v -52.916023 8.077056 -1.140176
v -52.181442 9.099237 -1.020152
v -52.493057 9.077327 -1.063080
v -52.197830 8.765661 -0.999409
v -51.462524 9.041784 -0.909123
v -51.569016 8.230828 -0.864701
v -50.804749 8.843640 -0.793497
v -50.783607 7.949116 -0.739814
v -51.273193 8.022290 -0.810169
v -50.242188 8.040418 -0.633388
v -52.066284 8.114875 -0.504829
v -52.762405 8.824574 -0.733397
v -51.602936 7.765971 -0.159643
v -51.273193 8.022290 -0.810169
v -50.783607 7.949116 -0.739814
v -50.804085 7.687142 -0.241854
v -50.004913 7.920469 -0.231341
v -50.745926 9.136495 -0.523090
v -50.293182 8.621523 -0.379292
v -51.432335 9.332868 -0.602842
v -52.207375 9.424907 -0.693959
v -52.493057 9.077327 -1.063080
v -52.012276 7.592926 -0.385816
v -52.233269 7.831492 -0.770997
v -51.108597 9.514370 -1.093738
v -51.432335 9.332868 -0.602842
v -50.745926 9.136495 -0.523090
v -50.004913 7.920469 -0.231341
v -50.242188 8.040418 -0.633388
v -49.974556 8.023659 0.001443
v -49.968163 9.950539 0.001446
v -48.431206 7.812673 0.001446
v -55.162529 10.521799 -0.748898
v -56.273087 11.161086 0.001445
v -52.633171 9.885011 -1.177831
v -52.781044 -10.877216 0.297988
v -52.792816 -10.897717 0.001439
v -53.702110 -11.055545 0.001439
v -54.933456 -11.031466 0.360620
v -54.894402 -11.137031 0.001439
v -56.273087 -11.092982 0.001439
v -53.896011 -8.451606 0.782153
v -54.200455 -8.303760 0.366323
v -53.501274 -7.644918 0.159139
v -53.312729 -7.836514 0.724986
v -50.644920 -9.258844 1.048210
v -50.293182 -8.553416 0.382175
v -48.431206 -7.744569 0.001439
v -52.916016 -8.008952 1.143059
v -53.607933 -8.849483 1.209374
v -52.639236 -7.674220 0.578044
v -54.350197 -9.919620 1.210171
v -54.610321 -9.397128 0.754404
v -56.273087 -11.092982 0.001439
v -55.535286 -9.900383 0.001439
v -55.162529 -10.453694 0.751783
v -50.644920 -9.258844 1.048210
v -50.502434 -9.963286 0.159013
v -51.108589 -9.446267 1.096619
v -53.773331 -10.931692 0.549722
v -51.638321 -7.594574 0.367421
v -51.670113 -7.496060 0.236457
v -51.237015 -7.632790 0.001439
v -52.233269 -7.763387 0.773880
v -51.638321 -7.594574 0.367421
v -51.602936 -7.697865 0.162524
v -52.066284 -8.046770 0.507710
v -53.163498 -9.374619 0.818750
v -52.207375 -9.356803 0.696844
v -52.633171 -9.816907 1.180714
v -53.607933 -8.849483 1.209374
v -53.163498 -9.374619 0.818750
v -54.350197 -9.919620 1.210171
v -52.762405 -8.756470 0.736280
v -52.916016 -8.008952 1.143059
v -52.181442 -9.031135 1.023034
v -52.493057 -9.009223 1.065961
v -52.197830 -8.697558 1.002291
v -51.462524 -8.973680 0.912007
v -51.569016 -8.162723 0.867585
v -50.804749 -8.775534 0.796382
v -50.783607 -7.881011 0.742698
v -51.273186 -7.954185 0.813051
v -50.242180 -7.972311 0.636273
v -52.066284 -8.046770 0.507710
v -52.762405 -8.756470 0.736280
v -51.602936 -7.697865 0.162524
v -51.273186 -7.954185 0.813051
v -50.783607 -7.881011 0.742698
v -50.804077 -7.619037 0.244738
v -50.004906 -7.852365 0.234223
v -50.745926 -9.068389 0.525974
v -50.293182 -8.553416 0.382175
v -51.432335 -9.264764 0.605726
v -52.207375 -9.356803 0.696844
v -52.493057 -9.009223 1.065961
v -52.721680 -7.534504 0.001439
v -52.012268 -7.524820 0.388701
v -52.233269 -7.763387 0.773880
v -54.820435 -9.040956 0.173848
v -51.108589 -9.446267 1.096619
v -51.432335 -9.264764 0.605726
v -50.745926 -9.068389 0.525974
v -50.004906 -7.852365 0.234223
v -49.940369 -7.820116 0.001439
v -49.974556 -7.955551 0.001439
v -51.569366 -7.675195 0.001439
v -50.779167 -7.598152 0.001439
v -49.940369 -7.820116 0.001439
v -52.026268 -7.485444 0.001439
v -51.681175 -7.474796 0.001439
v -51.237015 -7.632790 0.001439
v -51.569366 -7.675195 0.001439
v -50.242180 -7.972311 0.636273
v -49.974556 -7.955551 0.001439
v -49.968155 -9.882432 0.001439
v -48.431206 -7.744569 0.001439
v -55.162529 -10.453694 0.751783
v -52.633171 -9.816907 1.180714
v -50.527695 -9.990077 0.001439
v -54.200455 -8.303760 -0.363445
v -53.501274 -7.644918 -0.156261
v -54.820435 -9.040956 -0.170969
v -52.781044 -10.877216 -0.295109
v -54.933456 -11.031466 -0.357742
v -53.896011 -8.451606 -0.779276
v -53.312729 -7.836514 -0.722108
v -50.293182 -8.553416 -0.379301
v -50.644920 -9.258844 -1.045335
v -48.431206 -7.744569 0.001439
v -52.916016 -8.008952 -1.140180
v -53.607933 -8.849483 -1.206496
v -52.639236 -7.674220 -0.575166
v -54.610321 -9.397128 -0.751526
v -54.350197 -9.919621 -1.207292
v -55.535286 -9.900383 0.001439
v -56.273087 -11.092982 0.001439
v -55.162529 -10.453694 -0.748904
v -51.108589 -9.446267 -1.093744
v -52.633171 -9.816908 -1.177838
v -50.502434 -9.963286 -0.156135
v -53.773331 -10.931692 -0.546844
v -51.670113 -7.496058 -0.233580
v -51.638321 -7.594573 -0.364543
v -51.602936 -7.697865 -0.159646
v -51.638321 -7.594573 -0.364543
v -52.233269 -7.763387 -0.771001
v -52.066284 -8.046770 -0.504832
v -52.207375 -9.356803 -0.693965
v -53.163498 -9.374619 -0.815871
v -52.633171 -9.816908 -1.177838
v -53.163498 -9.374619 -0.815871
v -53.607933 -8.849483 -1.206496
v -54.350197 -9.919621 -1.207292
v -52.762405 -8.756470 -0.733401
v -52.916016 -8.008952 -1.140180
v -52.493057 -9.009223 -1.063083
v -52.181442 -9.031135 -1.020156
v -52.197830 -8.697558 -0.999413
v -51.462524 -8.973680 -0.909129
v -51.569016 -8.162723 -0.864707
v -50.804749 -8.775534 -0.793504
v -50.783607 -7.881011 -0.739820
v -51.273186 -7.954185 -0.810173
v -50.242180 -7.972311 -0.633395
v -52.066284 -8.046770 -0.504832
v -52.762405 -8.756470 -0.733401
v -51.602936 -7.697865 -0.159646
v -51.273186 -7.954185 -0.810173
v -50.783607 -7.881011 -0.739820
v -50.804077 -7.619037 -0.241860
v -50.004906 -7.852365 -0.231346
v -50.745926 -9.068388 -0.523095
v -50.293182 -8.553416 -0.379301
v -51.432335 -9.264764 -0.602848
v -52.207375 -9.356803 -0.693965
v -52.493057 -9.009223 -1.063083
v -52.233269 -7.763387 -0.771001
v -52.012268 -7.524820 -0.385820
v -51.432335 -9.264764 -0.602848
v -51.108589 -9.446267 -1.093744
v -50.745926 -9.068388 -0.523095
v -50.004906 -7.852365 -0.231346
v -50.242180 -7.972311 -0.633395
v -49.974556 -7.955551 0.001439
v -50.644920 -9.258844 -1.045335
v -49.968155 -9.882432 0.001439
v -48.431206 -7.744569 0.001439
v -55.162529 -10.453694 -0.748904
v -56.273087 -11.092982 0.001439
v -43.850487 -15.866068 0.487836
v -43.341888 -14.102307 0.438991
v -43.287209 -14.119129 -0.016500
v -43.796265 -15.878154 -0.016500
v -45.861099 -18.893715 0.882162
v -45.023415 -18.917723 0.466521
v -45.861221 -20.745636 0.464603
v -47.820908 -13.421080 0.688800
v -48.566948 -11.737888 -0.016496
v -47.842484 -11.769337 0.546247
v -42.675331 -9.222551 0.223160
v -42.609009 -9.207275 -0.016500
v -42.707260 -10.723736 -0.016500
v -42.764053 -10.723992 0.353888
v -47.597214 -17.136799 0.772687
v -47.708237 -17.128529 -0.016498
v -48.299965 -15.427801 -0.016494
v -48.159424 -15.427783 0.787768
v -42.869087 -6.468498 -0.016498
v -47.090675 -11.795603 1.024391
v -46.680832 -13.456723 1.284976
v -47.759209 -10.831157 0.374547
v -47.218361 -10.843558 0.731037
v -45.860573 -15.427011 1.303453
v -48.159424 -15.427783 0.787768
v -48.282433 -13.385738 -0.016496
v -46.946968 -18.784298 -0.016498
v -46.863686 -18.836744 0.528759
v -45.861221 -20.745636 0.464603
v -42.900711 -12.419556 -0.016500
v -42.959770 -12.406559 0.467968
v -44.403519 -17.385246 0.478962
v -46.607643 -9.470629 0.144157
v -46.617104 -9.952516 0.326921
v -47.041039 -9.672696 0.302704
v -43.945305 -7.554462 0.667572
v -44.966179 -8.353327 -0.016498
v -44.182381 -7.596240 -0.016498
v -44.394150 -9.556173 0.705848
v -44.645332 -8.921948 0.519073
v -43.409187 -9.391554 1.191439
v -44.790138 -13.539800 1.303666
v -45.687759 -12.879948 0.862020
v -45.004227 -11.640699 0.728664
v -44.134514 -12.045122 1.303665
v -46.237724 -11.721868 0.806996
v -46.494049 -10.827927 0.593869
v -45.343689 -11.434893 1.005824
v -45.650208 -11.905783 1.052786
v -45.851830 -11.504380 1.015634
v -45.066460 -10.753585 0.934625
v -46.021049 -10.793538 0.944166
v -44.758392 -9.670613 0.814110
v -46.262321 -9.518629 0.834742
v -45.169624 -8.750972 0.709840
v -45.695801 -8.729066 0.685112
v -46.358902 -9.018050 0.189124
v -46.607643 -9.470629 0.144157
v -45.394394 -8.418530 0.603492
v -45.902634 -8.470454 0.234091
v -44.853317 -8.531984 0.432535
v -45.362335 -7.974368 0.222589
v -44.627495 -10.669784 0.694213
v -45.004227 -11.640699 0.728664
v -48.092041 -10.849240 -0.016496
v -45.907669 -17.224869 1.288159
v -47.597214 -17.136799 0.772687
v -44.345970 -17.382120 -0.016500
v -43.713547 -10.715009 1.303665
v -45.148979 -17.304079 0.881078
v -44.726242 -15.683044 0.947141
v -44.165382 -13.782461 0.868917
v -46.364861 -8.958061 -0.016496
v -45.911018 -8.417361 -0.016498
v -45.353081 -7.855429 -0.016498
v -45.362335 -7.974368 0.222589
v -47.442047 -9.794806 -0.016496
v -46.736870 -9.100779 -0.016496
v -47.233429 -9.509048 -0.016496
v -46.736870 -9.100779 -0.016496
v -46.611183 -9.403742 -0.016496
v -46.607643 -9.470629 0.144157
v -45.353081 -7.855429 -0.016498
v -46.611183 -9.403742 -0.016496
v -42.869087 -6.468498 -0.016498
v -44.966179 -8.353327 -0.016498
v -44.853317 -8.531984 0.432535
v -44.853317 -8.531984 0.432535
v -44.990211 -18.919203 -0.016500
v -45.861229 -20.807713 -0.016500
v -45.861221 -20.745636 0.464603
v -44.134514 -12.045122 1.303665
v -43.713547 -10.715009 1.303665
v -43.409187 -9.391554 1.191439
v -45.861229 -20.807713 -0.016500
v -43.945305 -7.554462 0.667572
v -43.341888 -14.102307 -0.471990
v -43.850487 -15.866068 -0.520836
v -45.023415 -18.917723 -0.499517
v -45.861099 -18.893715 -0.915160
v -45.861221 -20.745636 -0.497599
v -48.566948 -11.737888 -0.016496
v -47.820908 -13.421080 -0.721792
v -47.842484 -11.769337 -0.579237
v -42.675331 -9.222551 -0.256158
v -42.764053 -10.723992 -0.386888
v -47.597214 -17.136795 -0.805680
v -48.159424 -15.427781 -0.820760
v -42.869087 -6.468498 -0.016498
v -47.090675 -11.795602 -1.057384
v -46.680832 -13.456723 -1.317968
v -47.218361 -10.843555 -0.764027
v -47.759209 -10.831156 -0.407539
v -48.159424 -15.427781 -0.820760
v -45.860573 -15.427011 -1.336448
v -46.863686 -18.836744 -0.561755
v -45.861221 -20.745636 -0.497599
v -42.959770 -12.406559 -0.500970
v -44.403519 -17.385246 -0.511960
v -46.607643 -9.470629 -0.177150
v -47.041039 -9.672698 -0.335697
v -46.617104 -9.952515 -0.359913
v -43.945312 -7.554462 -0.700570
v -44.645332 -8.921948 -0.552071
v -44.394150 -9.556172 -0.738846
v -43.409195 -9.391551 -1.224437
v -45.004227 -11.640699 -0.761661
v -45.687759 -12.879948 -0.895015
v -44.790146 -13.539800 -1.336663
v -44.134514 -12.045122 -1.336663
v -46.237732 -11.721868 -0.839989
v -46.494049 -10.827927 -0.626862
v -45.645691 -11.900230 -1.085780
v -45.343689 -11.434890 -1.038819
v -45.846413 -11.504112 -1.048629
v -45.066460 -10.753585 -0.967620
v -46.020241 -10.795260 -0.977159
v -44.759239 -9.671533 -0.847108
v -46.267365 -9.525252 -0.867736
v -45.169624 -8.750972 -0.742833
v -45.701775 -8.735539 -0.718105
v -46.267365 -9.525252 -0.867736
v -46.358902 -9.018050 -0.222117
v -46.607643 -9.470629 -0.177150
v -45.394394 -8.418529 -0.636487
v -45.902634 -8.470454 -0.267084
v -44.853317 -8.531984 -0.465530
v -45.362335 -7.974368 -0.255585
v -44.627495 -10.669784 -0.727211
v -45.004227 -11.640699 -0.761661
v -48.092041 -10.849240 -0.016496
v -47.597214 -17.136795 -0.805680
v -45.907669 -17.224869 -1.321153
v -48.282433 -13.385738 -0.016496
v -43.713547 -10.715010 -1.336663
v -45.148979 -17.304077 -0.914074
v -44.726250 -15.683044 -0.980138
v -44.165382 -13.782458 -0.901914
v -45.362335 -7.974368 -0.255585
v -47.442047 -9.794806 -0.016496
v -46.736870 -9.100779 -0.016496
v -47.233429 -9.509048 -0.016496
v -46.607643 -9.470629 -0.177150
v -44.853317 -8.531984 -0.465530
v -45.861221 -20.745636 -0.497599
v -44.134514 -12.045122 -1.336663
v -43.713547 -10.715010 -1.336663
v -43.409195 -9.391551 -1.224437
v -43.945312 -7.554462 -0.700570
v -46.617104 -9.952515 -0.359913
v -110.766167 5.217257 -1.134695
v -101.907547 6.128631 -1.125630
v -100.837906 10.162924 -0.016486
v -110.826576 8.893897 -0.016486
v -167.881409 0.034040 -1.222346
v -167.881409 5.399284 -0.016486
v -190.825592 5.436651 -0.016486
v -190.817413 0.034038 -1.195835
v -138.576294 0.034044 -1.207387
v -138.520996 6.485067 -0.016486
v -119.210304 4.034764 -1.157691
v -119.139946 8.035475 -0.016486
v -56.400726 0.034813 -0.220184
v -58.939919 3.074442 -0.472896
v -62.006500 0.850346 -0.437824
v -59.254936 0.034054 -0.561318
v -60.505104 6.979692 -0.016486
v -62.408775 4.272967 -0.657724
v -55.664436 3.831831 -0.016486
v -209.778687 5.555894 -0.016488
v -209.765961 0.034036 -1.152751
v -66.707863 12.172653 -0.016486
v -66.817429 6.594837 -0.972125
v -119.280678 0.034046 -0.016486
v -110.705757 1.540611 -0.016486
v -119.280678 0.034046 -1.198911
v -56.702728 2.686422 -0.016486
v -63.548607 1.727125 -0.314330
v -66.895729 3.415688 -0.016486
v -110.735954 2.134099 -0.786393
v -102.804161 2.746938 -0.423175
v -119.280678 0.034046 -1.198911
v -110.705757 1.540611 -0.016486
v -102.977180 2.094347 -0.016486
v -100.837921 -10.094813 -0.016485
v -101.907555 -6.060526 -1.125630
v -110.766167 -5.149157 -1.134697
v -110.826591 -8.825803 -0.016485
v -190.825592 -5.368575 -0.016485
v -167.881409 -5.331203 -0.016485
v -138.521027 -6.416979 -0.016485
v -119.210304 -3.966673 -1.157693
v -119.139946 -7.967383 -0.016485
v -62.006500 -0.782265 -0.437818
v -58.953506 -3.005576 -0.469727
v -209.778687 -5.487822 -0.016488
v -62.408783 -4.204862 -0.657725
v -66.802864 -6.551952 -0.980313
v -66.707863 -12.104531 -0.016485
v -60.505104 -6.911585 -0.016485
v -110.705757 -1.472518 -0.016486
v -119.280678 0.034046 -0.016486
v -119.280678 0.034046 -1.198911
v -56.716301 -2.617556 -0.013313
v -63.548607 -1.659081 -0.314318
v -66.894844 -3.347577 -0.016485
v -102.977180 -2.026238 -0.016485
v -110.735954 -2.066006 -0.786392
v -102.840004 -2.543679 -0.474372
v -88.755356 -4.678107 -0.016485
v -93.021317 -2.544328 -0.533243
v -97.287247 -0.410549 -0.016486
v -93.021317 -2.544328 -0.533243
v -88.755356 -4.678107 -0.016485
v -97.287247 -0.410549 -0.016486
v -74.804024 4.260526 -0.919933
v -76.900917 8.342779 -0.016486
v -73.418579 1.888082 -0.016486
v -80.768227 1.933293 -0.851336
v -77.244919 0.383659 -0.016486
v -86.380592 4.604170 -0.016486
v -77.244919 0.383659 -0.016486
v -80.768227 1.933293 -0.851336
v -86.380592 4.604170 -0.016486
v -99.299530 5.055401 -1.135568
v -89.091530 0.828218 -1.025353
v -87.852379 3.747128 -0.016486
v -97.597168 8.373233 -0.016486
v -73.075928 -5.129711 -0.802905
v -72.323830 -2.411421 -0.016485
v -100.739189 2.249571 -0.415269
v -90.493523 -2.499460 -0.016485
v -74.234322 -9.316541 -0.016485
v -101.001915 1.737579 -0.016486
v -100.837906 10.162924 -0.016486
v -101.907547 6.128631 1.092660
v -110.766167 5.217258 1.101726
v -110.826576 8.893897 -0.016486
v -190.825592 5.436651 -0.016486
v -167.881409 5.399284 -0.016486
v -167.881409 0.034041 1.189377
v -190.817413 0.034038 1.162865
v -138.520996 6.485067 -0.016486
v -138.576294 0.034044 1.174418
v -119.210304 4.034764 1.124721
v -119.139946 8.035475 -0.016486
v -62.006500 0.850346 0.404853
v -58.939919 3.074442 0.439927
v -56.387146 0.034052 0.190384
v -59.254936 0.034054 0.528349
v -209.778687 5.555894 -0.016488
v -209.765961 0.034036 1.119778
v -62.408775 4.272967 0.624754
v -66.817429 6.594837 0.939153
v -66.707863 12.172653 -0.016486
v -60.505104 6.979692 -0.016486
v -119.280678 0.034046 1.165940
v -56.702728 2.686422 -0.016486
v -63.548607 1.727125 0.281359
v -66.895729 3.415688 -0.016486
v -102.804161 2.746938 0.390205
v -110.735954 2.134099 0.753423
v -119.280678 0.034046 1.165940
v -110.705757 1.540611 -0.016486
v -102.977180 2.094347 -0.016486
v -110.766167 -5.149157 1.101726
v -101.907555 -6.060526 1.092661
v -100.837921 -10.094813 -0.016485
v -110.826591 -8.825803 -0.016485
v -167.881409 -5.331203 -0.016485
v -190.825592 -5.368575 -0.016485
v -138.521027 -6.416979 -0.016485
v -119.210304 -3.966673 1.124722
v -119.139946 -7.967383 -0.016485
v -58.939934 -3.006337 0.439925
v -62.006500 -0.782265 0.404849
v -60.505104 -6.911585 -0.016485
v -62.408783 -4.204862 0.624755
v -55.678032 -3.762966 -0.013315
v -209.778687 -5.487822 -0.016488
v -66.707863 -12.104531 -0.016485
v -66.802864 -6.551952 0.947343
v -119.280678 0.034046 1.165940
v -56.716301 -2.617556 -0.013313
v -63.548607 -1.659081 0.281348
v -66.894844 -3.347577 -0.016485
v -110.735954 -2.066006 0.753424
v -102.977180 -2.026238 -0.016485
v -102.840004 -2.543678 0.441404
v -110.705757 -1.472518 -0.016486
v -93.021317 -2.544328 0.500272
v -88.755356 -4.678107 -0.016485
v -97.287247 -0.410549 -0.016486
v -93.021317 -2.544328 0.500272
v -74.804024 4.260526 0.886962
v -76.900917 8.342779 -0.016486
v -73.418579 1.888082 -0.016486
v -80.768227 1.933293 0.818365
v -77.244919 0.383659 -0.016486
v -86.380592 4.604170 -0.016486
v -80.768227 1.933293 0.818365
v -87.852379 3.747128 -0.016486
v -89.091530 0.828218 0.992383
v -99.299530 5.055402 1.102599
v -97.597168 8.373233 -0.016486
v -72.323830 -2.411421 -0.016485
v -73.075928 -5.129711 0.769934
v -90.493523 -2.499460 -0.016485
v -100.739189 2.249571 0.382300
v -74.234322 -9.316541 -0.016485
v -101.001915 1.737579 -0.016486
v -59.254936 0.034054 -0.561318
v -62.006500 0.850346 -0.437824
v -62.006500 0.850346 0.404853
v -59.254936 0.034054 0.528349
v -59.254936 0.034054 -0.561318
v -59.254936 0.034054 0.528349
v -62.006500 -0.782265 0.404849
v -62.006500 -0.782265 -0.437818
v -63.548607 1.727125 -0.314330
v -66.895729 3.415688 -0.016486
v -63.548607 1.727125 0.281359
v -63.548607 -1.659081 0.281348
v -66.894844 -3.347577 -0.016485
v -63.548607 -1.659081 -0.314318
v -55.678032 -3.762966 -0.013315
v -55.664436 3.831831 -0.016486
v -220.823059 -5.509352 -0.016490
v -220.823059 0.034035 -1.116865
v -231.771576 0.034034 -1.074126
v -231.771576 -4.123028 -0.158863
v -239.802429 0.034033 -1.038219
v -239.802429 -2.758890 -0.292514
v -246.766052 0.034032 -1.003958
v -246.766052 -1.112503 -0.540139
v -252.054321 0.034032 -0.388401
v -249.410156 -0.539243 -0.463369
v -249.410156 0.034032 -0.692046
v -231.771576 -4.446361 -0.087674
v -239.802429 -3.275796 -0.154499
v -246.766052 -1.759726 -0.278313
v -250.246979 -0.862854 -0.238907
v -239.802429 -3.792704 -0.016489
v -231.771576 -4.769695 -0.016490
v -246.766052 -2.406949 -0.016489
v -251.083740 -1.186466 -0.016489
v -251.987427 -0.414411 -0.219634
v -252.767975 -0.710380 -0.016489
v -252.891144 0.034032 -0.294092
v -253.727875 0.034032 -0.200660
v -255.401459 0.034032 -0.016489
v -220.823059 5.577421 -0.016490
v -231.771576 4.191096 -0.158863
v -209.778687 5.555894 -0.016488
v -239.802429 2.826956 -0.292514
v -246.766052 1.180567 -0.540139
v -249.410156 0.607307 -0.463369
v -252.054321 0.034032 -0.388401
v -249.410156 0.034032 -0.692046
v -231.771576 4.514429 -0.087675
v -239.802429 3.343862 -0.154500
v -246.766052 1.827790 -0.278314
v -250.246918 0.930918 -0.238907
v -231.771576 4.837763 -0.016490
v -239.802429 3.860770 -0.016490
v -246.766052 2.475013 -0.016490
v -251.083740 1.254530 -0.016490
v -251.987427 0.482475 -0.219634
v -252.767975 0.778444 -0.016489
v -253.727875 0.034032 -0.200660
v -252.891144 0.034032 -0.294092
v -255.401459 0.034032 -0.016489
v -231.771576 0.034034 1.041149
v -220.823059 0.034035 1.083887
v -220.823059 -5.509352 -0.016490
v -231.771576 -4.123028 0.125886
v -239.802429 0.034033 1.005240
v -239.802429 -2.758890 0.259534
v -246.766052 0.034032 0.970981
v -246.766052 -1.112503 0.507162
v -249.410156 -0.539243 0.430390
v -252.054321 0.034032 0.355422
v -249.410156 0.034032 0.659067
v -231.771576 -4.446361 0.054695
v -239.802429 -3.275796 0.121520
v -246.766052 -1.759726 0.245335
v -250.246918 -0.862854 0.205929
v -231.771576 -4.769695 -0.016490
v -239.802429 -3.792704 -0.016489
v -246.766052 -2.406949 -0.016489
v -251.083740 -1.186466 -0.016489
v -251.987427 -0.414411 0.186655
v -252.767975 -0.710380 -0.016489
v -253.727875 0.034032 0.167683
v -252.891144 0.034032 0.261114
v -255.401459 0.034032 -0.016489
v -220.823059 5.577421 -0.016490
v -231.771576 4.191096 0.125885
v -209.778687 5.555894 -0.016488
v -239.802429 2.826956 0.259534
v -246.766052 1.180567 0.507162
v -252.054321 0.034032 0.355422
v -249.410156 0.607307 0.430390
v -249.410156 0.034032 0.659067
v -231.771576 4.514429 0.054694
v -239.802429 3.343862 0.121520
v -246.766052 1.827790 0.245334
v -250.246918 0.930918 0.205928
v -239.802429 3.860770 -0.016490
v -231.771576 4.837763 -0.016490
v -246.766052 2.475013 -0.016490
v -251.083740 1.254530 -0.016490
v -251.987427 0.482475 0.186655
v -252.767975 0.778444 -0.016489
v -252.891144 0.034032 0.261114
v -253.727875 0.034032 0.167683
v -255.401459 0.034032 -0.016489
v -12.794952 -2.375907 -0.016503
v -13.397953 -2.127019 -1.331501
v -31.109932 -2.127020 -1.331501
v -31.109936 -2.375909 -0.016503
v -13.397953 -1.785655 -1.655215
v -31.109936 -1.785656 -1.655215
v -13.397953 -1.264353 -1.869721
v -13.397953 0.034056 -1.869721
v -31.109936 0.034055 -1.869721
v -31.109936 -1.217667 -1.869721
v -8.497463 -2.375905 -0.016503
v -8.497463 -2.158733 -1.331499
v -12.191948 -2.127019 -1.331501
v -12.191948 -1.795990 -1.655224
v -11.305614 -1.780843 -1.655223
v -12.191952 -1.444293 -2.544688
v -12.191948 0.034056 -2.544688
v -12.191948 -1.264353 -2.545158
v -11.313450 -1.550974 -1.869721
v -11.337841 0.034057 -1.869721
v -10.767197 -1.788302 -1.655223
v -10.767193 0.034057 -1.869721
v -13.397953 -1.444293 -1.869721
v -12.191948 0.034056 -2.544688
v -12.191948 -1.264353 -2.545158
v -8.777977 -1.788302 -1.655223
v -7.991531 -2.778841 -0.016503
v -7.991531 -2.526400 -1.331499
v -6.543650 -2.835203 -0.016503
v -6.543653 -2.685682 -0.706739
v -7.626373 -1.789726 -1.655223
v -7.991531 -2.526400 -1.331499
v -9.520344 0.034057 -1.869721
v -6.543653 -2.685682 -0.706739
v -6.543657 0.034057 -0.706739
v -7.626373 0.034057 -1.869721
v -7.626373 -1.789726 -1.655223
v -7.626373 0.034057 -1.869721
v -6.543650 -2.835203 -0.016503
v -6.543653 0.034057 -0.016503
v -13.397953 -1.444293 -1.869721
v -12.191952 -1.444293 -2.544688
v -31.109936 -1.444295 -1.869721
v -13.397953 2.195131 -1.331501
v -12.794952 2.444020 -0.016503
v -31.109936 2.444018 -0.016503
v -31.109932 2.195129 -1.331501
v -13.397953 1.853768 -1.655215
v -31.109936 1.853766 -1.655215
v -13.397953 1.332466 -1.869721
v -31.109936 1.285776 -1.869722
v -8.497463 2.226846 -1.331499
v -8.497463 2.444018 -0.016503
v -12.191948 2.195132 -1.331501
v -11.305614 1.848956 -1.655223
v -12.191948 1.864103 -1.655225
v -12.191952 1.512406 -2.544688
v -11.313450 1.619087 -1.869721
v -12.191948 1.332466 -2.545159
v -10.767197 1.856416 -1.655223
v -13.397953 1.512406 -1.869721
v -12.191948 1.332466 -2.545159
v -8.777977 1.856416 -1.655223
v -7.991531 2.594513 -1.331499
v -7.991531 2.846955 -0.016503
v -6.543657 2.753796 -0.706739
v -6.543653 2.903318 -0.016503
v -7.626373 1.857840 -1.655223
v -7.991531 2.594513 -1.331499
v -6.543657 2.753796 -0.706739
v -7.626373 1.857840 -1.655223
v -6.543653 2.903318 -0.016503
v -12.191952 1.512406 -2.544688
v -13.397953 1.512406 -1.869721
v -31.109936 1.512404 -1.869721
v -13.397953 -2.127019 1.298495
v -31.109932 -2.127020 1.298495
v -13.397953 -1.785655 1.622210
v -31.109936 -1.785656 1.622210
v -13.397953 0.034057 1.836716
v -13.397953 -1.264353 1.836716
v -31.109936 -1.217667 1.836716
v -31.109936 0.034055 1.836716
v -8.497467 -2.158733 1.298494
v -12.191948 -2.127018 1.298495
v -11.305614 -1.780843 1.622217
v -12.191948 -1.795990 1.622219
v -12.191952 -1.444293 2.511683
v -11.313450 -1.550974 1.836716
v -12.191948 -1.264353 2.512153
v -12.191948 0.034057 2.511683
v -11.337841 0.034057 1.836716
v -8.777977 -1.788302 1.622217
v -10.767197 -1.788302 1.622217
v -10.767193 0.034057 1.836716
v -13.397953 -1.444293 1.836716
v -12.191948 0.034057 2.511683
v -12.191948 -1.264353 2.512153
v -7.991531 -2.526399 1.298493
v -6.543653 -2.685682 0.673734
v -7.626373 -1.789726 1.622217
v -7.991531 -2.526399 1.298493
v -9.520344 0.034057 1.836716
v -7.626373 0.034057 1.836716
v -6.543657 0.034057 0.673733
v -6.543653 -2.685682 0.673734
v -7.626373 -1.789726 1.622217
v -7.626373 0.034057 1.836716
v -12.191952 -1.444293 2.511683
v -13.397953 -1.444293 1.836716
v -31.109936 -1.444295 1.836716
v -13.397953 2.195132 1.298495
v -31.109932 2.195129 1.298495
v -13.397953 1.853768 1.622210
v -31.109936 1.853766 1.622210
v -13.397953 1.332466 1.836716
v -31.109936 1.285776 1.836716
v -8.497467 2.226846 1.298494
v -12.191948 2.195132 1.298495
v -12.191948 1.864103 1.622219
v -11.305614 1.848956 1.622217
v -12.191952 1.512406 2.511683
v -12.191948 1.332466 2.512153
v -11.313450 1.619088 1.836716
v -8.777977 1.856416 1.622217
v -10.767197 1.856416 1.622217
v -13.397953 1.512406 1.836716
v -12.191948 1.332466 2.512153
v -7.991531 2.594513 1.298493
v -8.777977 1.856416 1.622217
v -6.543657 2.753796 0.673733
v -7.626373 1.857840 1.622217
v -7.991531 2.594513 1.298493
v -6.543657 2.753796 0.673733
v -7.626373 1.857840 1.622217
v -13.397953 1.512406 1.836716
v -12.191952 1.512406 2.511683
v -31.109936 1.512405 1.836716
v -55.231659 -1.704903 -2.221297
v -55.356758 0.034052 -2.196828
v -56.466896 -0.914568 -2.127934
v -57.956573 -0.902474 -1.939780
v -59.238464 0.034052 -1.848879
v -60.348488 0.034052 -1.284921
v -58.652931 -1.153957 -1.404838
v -51.638214 -2.136291 -2.971528
v -53.219803 -2.040897 -2.777971
v -52.245453 -2.928196 -1.964417
v -50.284195 -3.088049 -2.233083
v -50.860100 -2.678093 -2.702150
v -59.839943 -1.417589 -1.173940
v -56.932617 -2.032830 -1.533293
v -60.919968 -1.754079 -0.498584
v -58.939919 -3.006350 -0.506902
v -57.831642 -2.498990 -1.184589
v -46.481041 -2.685839 -2.578577
v -50.782326 -2.614658 -2.393108
v -50.860100 -2.678093 -2.702150
v -46.481064 -2.829295 -2.817331
v -56.214119 -1.413684 -1.886561
v -57.488708 -0.690270 -1.810901
v -57.956573 -0.902474 -1.939780
v -56.439362 -1.718801 -2.047469
v -55.487762 -2.108688 -2.115005
v -55.417694 -1.793417 -1.945619
v -54.624313 -2.317026 -2.176618
v -54.566238 -2.007788 -1.898939
v -62.562065 0.034139 -0.514839
v -58.329704 0.034052 -1.756250
v -46.481041 -2.685839 -2.578577
v -47.394211 -2.411948 -2.774675
v -50.157799 -2.405307 -2.581744
v -50.782326 -2.614658 -2.393108
v -51.643135 -1.971076 -2.476179
v -50.992935 -1.933679 -2.519189
v -53.190445 -1.889885 -2.303706
v -56.214119 -1.413684 -1.886561
v -55.417694 -1.793417 -1.945619
v -57.488708 -0.690270 -1.810901
v -58.329704 0.034052 -1.756250
v -57.488708 -0.690270 -1.810901
v -57.535355 0.034052 -2.044766
v -43.412094 0.034053 -2.579919
v -44.229393 0.034053 -2.973403
v -46.289261 -3.445333 -1.785406
v -45.255013 -2.858959 -2.800718
v -46.481064 -2.829295 -2.817331
v -45.109062 -2.715505 -2.731856
v -45.255013 -2.858959 -2.800718
v -54.648964 -2.669178 -1.652120
v -54.482391 -2.807295 -1.518484
v -52.202950 -3.029080 -1.975920
v -62.562065 0.034139 0.574804
v -60.264633 -1.296332 1.522209
v -60.919968 -1.754079 0.652053
v -57.907249 -2.507634 -0.724379
v -57.831642 -2.498990 -1.184589
v -58.939919 -3.006350 -0.506902
v -58.676003 -2.744463 -0.001038
v -56.932617 -2.032830 -1.533293
v -45.251526 -4.681792 0.414590
v -45.415985 -6.366086 2.012577
v -43.317802 -4.400239 1.030496
v -48.116234 -6.764338 2.981071
v -48.370094 -5.431478 0.903622
v -49.205772 -5.808734 2.282650
v -50.345779 -4.937752 0.560394
v -50.967415 -5.224449 1.443032
v -52.086288 -4.478786 0.598644
v -52.112343 -4.061361 0.158112
v -53.564934 -3.721769 0.453567
v -53.518890 -4.250948 0.916373
v -53.075546 -3.593331 -0.759843
v -51.513306 -4.164391 -0.215472
v -50.289139 -4.395666 0.038892
v -48.299683 -4.622117 0.147180
v -50.283020 -3.178622 -2.264306
v -50.283020 -3.178622 -2.264306
v -50.284195 -3.088049 -2.233083
v -45.041214 -4.289767 -0.076282
v -48.296669 -3.712186 -1.439204
v -58.657127 -2.756736 1.778421
v -57.118324 -3.112303 2.379229
v -57.582230 -3.449427 1.736791
v -49.025536 -3.360856 -1.832659
v -46.371201 -3.164403 -1.224287
v -47.653534 -3.198232 -1.490821
v -55.646103 -2.556654 -1.603190
v -55.487762 -2.108688 -2.115005
v -56.439362 -1.718801 -2.047469
v -51.513306 -4.164391 -0.215472
v -53.075546 -3.593331 -0.759843
v -53.081558 -3.509622 -0.594411
v -51.546997 -4.018795 -0.142636
v -48.116234 -6.764338 2.981071
v -48.116234 -6.068790 3.188459
v -44.759186 -6.068789 3.173409
v -44.773880 -6.764338 2.979228
v -44.094421 -6.195699 2.820137
v -43.243042 -3.291596 2.484463
v -42.274284 -4.122124 1.577431
v -49.205772 -5.048059 2.385944
v -49.205772 -5.808734 2.282650
v -50.998589 -4.884455 1.593437
v -50.967415 -5.224449 1.443032
v -52.518913 -4.838398 1.199270
v -50.998589 -3.301773 1.593436
v -49.205772 -3.301773 2.385944
v -48.116241 -3.301773 3.188461
v -56.624832 -3.975652 1.661950
v -55.628334 -3.751871 2.379229
v -55.592628 -4.510489 1.590545
v -54.695442 -4.006508 2.153705
v -54.706459 -4.453157 1.442021
v -58.493286 -1.954939 2.379229
v -55.818535 -1.954939 2.379229
v -54.706459 -4.453157 1.442021
v -54.493523 -3.743790 0.738014
v -55.603577 -4.030250 1.109677
v -56.609467 -3.593025 0.842657
v -56.669731 -3.747066 1.003293
v -55.603577 -4.030250 1.109677
v -53.336769 -3.301775 1.704071
v -52.882980 -4.434210 1.577398
v -54.012825 -3.112738 -0.988186
v -54.620972 -2.965352 -1.266765
v -58.489296 -2.756752 0.427742
v -57.557724 -3.267046 0.694970
v -57.882355 -3.008364 0.368538
v -50.289139 -4.395666 0.038892
v -53.428459 -4.664839 1.246462
v -57.582230 -3.449427 1.736791
v -56.601089 -3.840518 1.516541
v -53.428459 -4.664839 1.246462
v -54.528442 -2.895348 2.151155
v -58.676003 -2.744463 -0.001038
v -52.518913 -4.838398 1.199270
v -59.291992 -1.954939 1.891912
v -55.962135 -1.954939 1.891912
v -59.291992 -1.954939 1.891912
v -59.748871 0.034052 1.713565
v -57.942436 0.034052 2.040220
v -58.657127 -2.756736 1.778421
v -58.939941 -3.006350 0.567456
v -58.657127 -2.756736 1.778421
v -59.376991 -2.554316 1.161836
v -54.624313 -2.317026 -2.176618
v -55.627747 -2.851200 -1.192347
v -56.461464 -2.796851 -0.949460
v -44.770332 -3.301774 3.201225
v -43.232521 -3.099027 2.052644
v -51.007057 -3.128972 1.231237
v -49.205772 -3.128972 1.834999
v -49.205772 -3.301773 2.385944
v -50.998589 -3.301773 1.593436
v -48.116241 -3.128972 2.866281
v -48.116241 -3.301773 3.188461
v -53.344513 -3.128972 1.494858
v -53.336769 -3.301775 1.704071
v -55.818535 -1.954939 2.379229
v -55.684578 -1.973148 2.215472
v -54.539352 -2.823843 1.963032
v -54.528442 -2.895348 2.151155
v -44.773880 -3.128971 2.864673
v -44.770332 -3.301774 3.201225
v -43.317802 -4.400239 1.030496
v -48.083122 0.034053 -2.704463
v -47.618904 -3.392690 -1.770495
v -45.255013 -2.858959 -2.800718
v -46.289261 -3.445333 -1.785406
v -46.371201 -3.164403 -1.224287
v -45.109062 -2.715505 -2.731856
v -47.618904 -3.392690 -1.770495
v -47.653534 -3.198232 -1.490821
v -61.496323 0.034052 1.161682
v -61.568794 0.034051 -1.034119
v -51.561043 -4.105966 -0.052301
v -52.653625 -3.845363 0.180479
v -57.751160 -2.761577 -0.467580
v -57.756454 -2.747293 -0.388171
v -56.430252 -2.808290 -0.838659
v -57.820915 -2.914161 0.265251
v -57.882355 -3.008364 0.368538
v -56.609467 -3.593025 0.842657
v -56.562210 -3.532323 0.684689
v -55.600380 -3.973343 0.944663
v -54.508698 -3.683298 0.634215
v -53.559570 -3.655901 0.371995
v -51.546997 -4.018795 -0.142636
v -54.055519 -3.180264 -0.922580
v -54.626518 -3.026041 -1.140292
v -53.081558 -3.509622 -0.594411
v -53.094604 -3.553018 -0.509823
v -55.629913 -2.915130 -1.075803
v -53.119598 -3.458664 -0.115488
v -54.512489 -3.326824 0.330600
v -54.471313 -2.931371 -0.525707
v -56.132072 -2.920713 -0.023739
v -57.795174 -2.722486 -0.033709
v -55.592628 -4.510489 1.590545
v -56.624832 -3.975652 1.661950
v -56.601089 -3.840518 1.516541
v -57.582230 -3.449427 1.736791
v -54.566238 -2.007788 -1.898939
v -54.012825 -3.112738 -0.988186
v -44.773880 -6.764338 2.979228
v -44.094421 -6.195699 2.820137
v -57.907249 -2.507634 -0.724379
v -59.291992 -1.954939 1.891912
v -55.962135 -1.954939 1.891912
v -55.818535 -1.954939 2.379229
v -58.493286 -1.954939 2.379229
v -42.274284 -4.122124 1.577431
v -50.911072 -3.355237 -0.055436
v -49.162117 -3.355237 0.340513
v -49.205772 -3.128972 1.834999
v -51.007057 -3.128972 1.231237
v -43.232521 -3.099027 2.052644
v -53.236153 -3.274610 -0.097308
v -53.344513 -3.128972 1.494858
v -54.539352 -2.823843 1.963032
v -54.669342 -2.767961 0.419517
v -49.025536 -3.360856 -1.832659
v -43.172226 -3.657936 0.835439
v -43.172226 -3.657936 0.835439
v -42.274284 -4.122124 1.577431
v -43.172226 -3.657936 0.835439
v -55.684578 -1.973148 2.215472
v -55.962112 -1.954939 1.156309
v -46.371201 -3.164403 -1.224287
v -46.481041 -2.685839 -2.578577
v -45.109062 -2.715505 -2.731856
v -58.939941 -3.006350 0.567456
v -58.461098 -2.684579 -0.010949
v -55.684578 -1.973148 2.215472
v -43.172226 -3.657936 0.835439
v -46.562859 -3.164937 -0.016489
v -46.371201 -3.164403 -1.224287
v -51.638214 -2.136291 -2.971528
v -51.643135 -1.971076 -2.476179
v -53.190445 -1.889885 -2.303706
v -53.219803 -2.040897 -2.777971
v -53.190445 -1.889885 -2.303706
v -46.371201 -3.164403 -1.224287
v -43.412094 0.034053 -0.017160
v -43.412094 0.034053 -2.579919
v -46.481041 -2.685839 -2.578577
v -46.562859 -3.164937 -0.016489
v -58.939941 0.034052 0.439929
v -60.919968 0.034052 0.524526
v -60.919968 -1.754079 0.652053
v -58.939941 -3.006350 0.567456
v -60.919968 0.034052 0.524526
v -62.562065 0.034051 0.574806
v -58.676003 0.034052 -0.001038
v -58.676003 -2.744463 -0.001038
v -60.919968 0.034052 -0.464567
v -58.939919 0.034052 -0.472885
v -58.939919 -3.006350 -0.506902
v -60.919968 -1.754079 -0.498584
v -62.562065 0.034051 -0.514839
v -60.919968 0.034052 -0.464567
v -58.939919 0.034052 -0.472885
v -58.676003 0.034052 -0.001038
v -58.676003 -2.744463 -0.001038
v -58.939919 -3.006350 -0.506902
v -57.942413 0.034052 1.304619
v -55.962112 -1.954939 1.156309
v -55.962135 -1.954939 1.891912
v -57.942436 0.034052 2.040220
v -55.962135 -1.954939 1.891912
v -46.562859 -3.164937 -0.016489
v -44.773880 -3.128971 2.864673
v -48.116241 -3.128972 2.866281
v -55.231659 1.773007 -2.221297
v -56.466896 0.982672 -2.127935
v -57.956573 0.970578 -1.939780
v -58.652931 1.222060 -1.404838
v -53.219803 2.109001 -2.777971
v -51.638214 2.204396 -2.971528
v -52.245453 2.996300 -1.964417
v -50.284195 3.156155 -2.233083
v -50.860100 2.746198 -2.702150
v -59.839943 1.485693 -1.173940
v -56.932617 2.100933 -1.533293
v -57.831642 2.567094 -1.184589
v -58.939919 3.074453 -0.506903
v -60.919968 1.822182 -0.498584
v -50.860100 2.746198 -2.702150
v -50.782326 2.682762 -2.393108
v -46.481041 2.753944 -2.578577
v -46.481071 2.897400 -2.817331
v -57.956573 0.970578 -1.939780
v -57.488708 0.758373 -1.810901
v -56.214119 1.481788 -1.886561
v -56.439362 1.786905 -2.047469
v -55.417694 1.861521 -1.945619
v -55.487762 2.176792 -2.115005
v -54.624313 2.385129 -2.176619
v -54.566238 2.075892 -1.898939
v -62.562065 0.034051 -0.514839
v -50.157799 2.473412 -2.581744
v -47.394211 2.480053 -2.774675
v -46.481041 2.753944 -2.578577
v -50.782326 2.682762 -2.393108
v -51.643135 2.039182 -2.476179
v -50.992935 2.001784 -2.519190
v -53.190445 1.957990 -2.303707
v -55.417694 1.861521 -1.945619
v -56.214119 1.481788 -1.886561
v -57.488708 0.758373 -1.810901
v -57.488708 0.758373 -1.810901
v -43.412094 0.034053 -2.579919
v -45.255013 2.927064 -2.800719
v -46.289261 3.513439 -1.785407
v -46.481071 2.897400 -2.817331
v -45.109062 2.783610 -2.731856
v -45.255013 2.927064 -2.800719
v -52.202950 3.097184 -1.975920
v -54.482391 2.875399 -1.518484
v -54.648964 2.737282 -1.652121
v -60.264633 1.364435 1.522209
v -62.562065 0.034051 0.574806
v -60.919968 1.822182 0.652053
v -58.939919 3.074453 -0.506903
v -57.831642 2.567094 -1.184589
v -57.907249 2.575737 -0.724379
v -58.676003 2.812567 -0.001038
v -56.932617 2.100933 -1.533293
v -45.415985 6.434195 2.012576
v -45.251526 4.749900 0.414589
v -43.317802 4.468346 1.030496
v -48.370094 5.499585 0.903621
v -48.116234 6.832443 2.981069
v -49.205780 5.876840 2.282650
v -50.345779 5.005858 0.560393
v -50.967422 5.292554 1.443031
v -53.564934 3.789874 0.453566
v -52.112343 4.129467 0.158111
v -52.086288 4.546891 0.598643
v -53.518890 4.319054 0.916372
v -53.075546 3.661437 -0.759843
v -51.513306 4.232496 -0.215473
v -48.299683 4.690223 0.147179
v -50.289139 4.463771 0.038892
v -50.283020 3.246727 -2.264306
v -50.284195 3.156155 -2.233083
v -50.283020 3.246727 -2.264306
v -45.041214 4.357874 -0.076282
v -48.296677 3.780292 -1.439204
v -57.118324 3.180407 2.379229
v -58.657127 2.824840 1.778421
v -57.582230 3.517531 1.736790
v -49.025543 3.428960 -1.832660
v -47.653542 3.266338 -1.490821
v -46.371201 3.232509 -1.224287
v -55.487762 2.176792 -2.115005
v -55.646103 2.624758 -1.603190
v -56.439362 1.786905 -2.047469
v -53.081558 3.577726 -0.594412
v -53.075546 3.661437 -0.759843
v -51.513306 4.232496 -0.215473
v -51.546997 4.086900 -0.142636
v -44.759186 6.136896 3.173408
v -48.116234 6.136896 3.188458
v -48.116234 6.832443 2.981069
v -44.773880 6.832445 2.979227
v -43.243042 3.359703 2.484463
v -44.094421 6.263807 2.820136
v -42.274284 4.190232 1.577431
v -49.205780 5.116166 2.385944
v -49.205780 5.876840 2.282650
v -50.998589 4.952561 1.593436
v -50.967422 5.292554 1.443031
v -52.518913 4.906505 1.199270
v -50.998589 3.369879 1.593436
v -49.205772 3.369879 2.385944
v -48.116241 3.369879 3.188461
v -55.628334 3.819975 2.379229
v -56.624832 4.043756 1.661949
v -55.592628 4.578593 1.590545
v -54.695442 4.074614 2.153704
v -54.706459 4.521262 1.442021
v -55.818535 2.023043 2.379229
v -58.493286 2.023043 2.379229
v -54.493523 3.811894 0.738013
v -54.706459 4.521262 1.442021
v -55.603577 4.098355 1.109677
v -56.669731 3.815170 1.003293
v -56.609467 3.661129 0.842656
v -55.603577 4.098355 1.109677
v -53.336769 3.369880 1.704070
v -52.882980 4.502315 1.577397
v -54.012825 3.180842 -0.988187
v -54.620972 3.033455 -1.266765
v -57.557724 3.335150 0.694970
v -58.489296 2.824857 0.427742
v -57.882355 3.076468 0.368537
v -50.289139 4.463771 0.038892
v -53.428459 4.732943 1.246462
v -56.601089 3.908623 1.516540
v -57.582230 3.517531 1.736790
v -53.428459 4.732943 1.246462
v -54.528442 2.963453 2.151155
v -58.676003 2.812567 -0.001038
v -52.518913 4.906505 1.199270
v -59.291992 2.023043 1.891911
v -59.291992 2.023043 1.891911
v -55.962135 2.023043 1.891911
v -58.657127 2.824840 1.778421
v -58.939941 3.074453 0.567456
v -58.657127 2.824840 1.778421
v -59.376991 2.622419 1.161836
v -54.624313 2.385129 -2.176619
v -55.627747 2.919304 -1.192348
v -56.461464 2.864954 -0.949461
v -44.770332 3.369879 3.201225
v -43.232521 3.167134 2.052644
v -49.205772 3.369879 2.385944
v -49.205772 3.197079 1.834998
v -51.007057 3.197077 1.231236
v -50.998589 3.369879 1.593436
v -48.116241 3.369879 3.188461
v -48.116241 3.197078 2.866281
v -53.344513 3.197077 1.494858
v -53.336769 3.369880 1.704070
v -54.539352 2.891947 1.963032
v -55.684578 2.041253 2.215471
v -55.818535 2.023043 2.379229
v -54.528442 2.963453 2.151155
v -44.773880 3.197078 2.864673
v -44.770332 3.369879 3.201225
v -43.317802 4.468346 1.030496
v -47.618904 3.460795 -1.770496
v -46.371201 3.232509 -1.224287
v -46.289261 3.513439 -1.785407
v -45.255013 2.927064 -2.800719
v -45.109062 2.783610 -2.731856
v -47.653542 3.266338 -1.490821
v -47.618904 3.460795 -1.770496
v -51.561043 4.174071 -0.052302
v -52.653625 3.913468 0.180479
v -57.756454 2.815396 -0.388171
v -57.751160 2.829680 -0.467580
v -56.430252 2.876394 -0.838660
v -56.609467 3.661129 0.842656
v -57.882355 3.076468 0.368537
v -57.820915 2.982265 0.265251
v -56.562210 3.600426 0.684688
v -55.600380 4.041448 0.944662
v -54.508698 3.751402 0.634215
v -53.559570 3.724006 0.371995
v -51.546997 4.086900 -0.142636
v -54.055519 3.248368 -0.922580
v -54.626518 3.094146 -1.140292
v -53.081558 3.577726 -0.594412
v -53.094604 3.621122 -0.509823
v -55.629913 2.983234 -1.075803
v -53.119598 3.526769 -0.115488
v -54.471313 2.999476 -0.525708
v -54.512489 3.394930 0.330600
v -56.132072 2.988817 -0.023740
v -57.795174 2.790589 -0.033709
v -55.592628 4.578593 1.590545
v -56.601089 3.908623 1.516540
v -56.624832 4.043756 1.661949
v -57.582230 3.517531 1.736790
v -54.566238 2.075892 -1.898939
v -54.012825 3.180842 -0.988187
v -44.094421 6.263807 2.820136
v -44.773880 6.832445 2.979227
v -57.907249 2.575737 -0.724379
v -55.818535 2.023043 2.379229
v -55.962135 2.023043 1.891911
v -59.291992 2.023043 1.891911
v -58.493286 2.023043 2.379229
v -42.274284 4.190232 1.577431
v -49.205772 3.197079 1.834998
v -49.162117 3.423341 0.340513
v -50.911072 3.423341 -0.055436
v -51.007057 3.197077 1.231236
v -43.232521 3.167134 2.052644
v -53.344513 3.197077 1.494858
v -53.236153 3.342714 -0.097308
v -54.669342 2.836065 0.419516
v -54.539352 2.891947 1.963032
v -49.025543 3.428960 -1.832660
v -43.172226 3.726043 0.835439
v -43.172226 3.726043 0.835439
v -42.274284 4.190232 1.577431
v -43.172226 3.726043 0.835439
v -55.962112 2.023043 1.156309
v -55.684578 2.041253 2.215471
v -46.481041 2.753944 -2.578577
v -46.371201 3.232509 -1.224287
v -45.109062 2.783610 -2.731856
v -58.939941 3.074453 0.567456
v -58.461098 2.752683 -0.010949
v -55.684578 2.041253 2.215471
v -46.562859 3.233043 -0.016489
v -43.172226 3.726043 0.835439
v -46.371201 3.232509 -1.224287
v -53.190445 1.957990 -2.303707
v -51.643135 2.039182 -2.476179
v -51.638214 2.204396 -2.971528
v -53.219803 2.109001 -2.777971
v -53.190445 1.957990 -2.303707
v -43.412094 0.034053 -2.579919
v -43.412094 0.034053 -0.017160
v -46.371201 3.232509 -1.224287
v -46.481041 2.753944 -2.578577
v -46.562859 3.233043 -0.016489
v -60.919968 1.822182 0.652053
v -58.939941 3.074453 0.567456
v -62.562065 0.034051 0.574806
v -62.562065 0.033964 0.574806
v -58.676003 2.812567 -0.001038
v -58.939919 3.074453 -0.506903
v -60.919968 1.822182 -0.498584
v -60.919968 0.034052 -0.464567
v -62.562065 0.033964 -0.514839
v -62.562065 0.034051 -0.514839
v -62.562065 0.034051 -0.514839
v -58.676003 2.812567 -0.001038
v -58.939919 3.074453 -0.506903
v -55.962135 2.023043 1.891911
v -55.962112 2.023043 1.156309
v -57.942413 0.034052 1.304619
v -57.942436 0.034052 2.040220
v -55.962135 2.023043 1.891911
v -46.562859 3.233043 -0.016489
v -48.116241 3.197078 2.866281
v -44.773880 3.197078 2.864673
v -31.237595 -1.587791 -2.746377
v -31.878819 0.034054 -4.344996
v -32.591686 -2.275566 -2.362602
v -25.546455 0.034055 -2.371417
v -28.443909 0.034055 -3.386805
v -28.195095 -1.325210 -2.517843
v -33.558479 -1.112026 -3.179004
v -34.864086 -1.741509 -2.382420
v -30.732437 -2.556730 -1.506956
v -31.764420 -3.071802 -0.980955
v -30.726437 -2.519333 -0.016489
v -28.623394 -1.540319 -0.016489
v -28.195095 -1.325210 -2.517843
v -30.732437 -2.556730 -1.506956
v -25.546455 0.034055 -0.016489
v -25.546455 0.034055 -2.371417
v -31.768272 -3.066281 -0.016489
v -31.764420 -3.071802 -0.980955
v -37.852436 -0.809972 -2.390614
v -34.876316 -1.520795 -2.304299
v -36.435287 0.034054 -2.438797
v -33.558479 -1.112026 -3.179004
v -33.848362 -0.858799 -2.687706
v -34.876316 -1.520795 -2.304299
v -34.864086 -1.741509 -2.382420
v -32.679138 0.034054 -2.749550
v -31.878819 0.034054 -4.344996
v -33.848362 -0.858799 -2.687706
v -32.679138 0.034054 -2.749550
v -34.324455 -2.188078 -1.419223
v -39.296272 0.034054 -2.281663
v -38.650970 -0.487385 -2.276999
v -34.095791 -2.360499 -0.970667
v -33.649960 -2.518828 -0.016489
v -31.768272 -3.066281 -0.016489
v -31.237595 1.655900 -2.746378
v -32.591686 2.343675 -2.362602
v -28.443909 0.034055 -3.386805
v -25.546455 0.034055 -2.371417
v -28.195095 1.393320 -2.517843
v -34.864086 1.809618 -2.382421
v -33.558479 1.180135 -3.179004
v -30.732437 2.624840 -1.506957
v -31.764420 3.139911 -0.980956
v -28.195095 1.393320 -2.517843
v -28.623394 1.608429 -0.016489
v -30.726437 2.587443 -0.016489
v -30.732437 2.624840 -1.506957
v -25.546455 0.034055 -2.371417
v -25.546455 0.034055 -0.016489
v -31.768272 3.134390 -0.016489
v -31.764420 3.139911 -0.980956
v -34.876316 1.588903 -2.304299
v -37.852436 0.878080 -2.390614
v -34.876316 1.588903 -2.304299
v -33.848362 0.926908 -2.687707
v -33.558479 1.180135 -3.179004
v -34.864086 1.809618 -2.382421
v -32.679138 0.034054 -2.749550
v -33.848362 0.926908 -2.687707
v -34.324455 2.256186 -1.419223
v -38.650970 0.555492 -2.276999
v -33.649960 2.586936 -0.016489
v -34.095791 2.428607 -0.970667
v -31.768272 3.134390 -0.016489
v -31.878819 0.034055 4.312018
v -31.237595 -1.587791 2.713400
v -32.591686 -2.275566 2.329626
v -33.558479 -1.112026 3.146027
v -28.443909 0.034055 3.353828
v -25.546455 0.034055 2.338438
v -28.195095 -1.325210 2.484865
v -34.864086 -1.741509 2.349444
v -30.732437 -2.556730 1.473980
v -31.764420 -3.071802 0.947979
v -28.195095 -1.325210 2.484865
v -30.732437 -2.556730 1.473980
v -25.546455 0.034055 2.338438
v -31.764420 -3.071802 0.947979
v -34.876316 -1.520795 2.271322
v -37.852436 -0.809972 2.357636
v -36.435287 0.034054 2.405820
v -34.876316 -1.520795 2.271322
v -33.848362 -0.858799 2.654731
v -33.558479 -1.112026 3.146027
v -34.864086 -1.741509 2.349444
v -32.679138 0.034055 2.716572
v -31.878819 0.034055 4.312018
v -33.848362 -0.858799 2.654731
v -32.679138 0.034055 2.716572
v -34.324455 -2.188078 1.386244
v -39.296333 0.034054 2.248661
v -38.650955 -0.487384 2.243981
v -34.095791 -2.360498 0.937690
v -32.591686 2.343675 2.329625
v -31.237595 1.655901 2.713399
v -33.558479 1.180135 3.146027
v -25.546455 0.034055 2.338438
v -28.443909 0.034055 3.353828
v -28.195095 1.393320 2.484864
v -34.864086 1.809618 2.349444
v -30.732437 2.624840 1.473979
v -31.764420 3.139912 0.947978
v -28.195095 1.393320 2.484864
v -30.732437 2.624840 1.473979
v -25.546455 0.034055 2.338438
v -31.764420 3.139912 0.947978
v -37.852436 0.878080 2.357636
v -34.876316 1.588904 2.271321
v -33.558479 1.180135 3.146027
v -33.848362 0.926908 2.654730
v -34.876316 1.588904 2.271321
v -34.864086 1.809618 2.349444
v -32.679138 0.034055 2.716572
v -33.848362 0.926908 2.654730
v -34.324455 2.256186 1.386245
v -38.650955 0.555492 2.243981
v -34.095791 2.428607 0.937690
v -39.167839 -2.793412 -2.681085
v -39.380959 -3.583098 -0.802699
v -38.730713 -3.688760 -0.715591
v -39.904106 -1.960888 -2.595479
v -45.782227 -2.048107 -2.579365
v -46.583687 -2.828143 -1.944444
v -40.376862 -2.720136 -1.935297
v -40.712997 -3.114902 -0.016489
v -38.607197 -3.979772 -0.016489
v -46.746254 -3.149856 -0.016489
v -43.412086 0.034053 -2.579917
v -36.660809 -2.551980 -1.356894
v -35.900898 -2.848350 -0.016489
v -39.002167 -2.120539 -3.156732
v -37.122311 -1.859551 -1.690478
v -39.002167 -2.120539 -3.156732
v -37.153652 -2.414728 -1.750543
v -39.931633 -1.494344 -1.945769
v -41.144707 -0.763385 -1.942278
v -39.904106 -1.960888 -2.595479
v -39.002167 -2.120539 -3.156732
v -39.002167 -1.719838 -2.350626
v -35.855839 -2.516708 -0.016489
v -36.532429 -2.311686 -1.293809
v -36.660809 -2.551980 -1.356894
v -35.900898 -2.848350 -0.016489
v -34.324436 -2.188076 -1.740780
v -34.864086 -1.741509 -2.382420
v -37.094898 -1.676050 -2.106673
v -36.510563 -2.182728 -1.728825
v -34.324436 -2.188076 -1.740780
v -34.133377 -2.360548 -1.292223
v -34.324455 -2.188078 -1.419223
v -38.382351 -0.872765 -2.722541
v -35.043468 -1.593058 -2.702596
v -35.047386 -1.327475 -2.611349
v -37.852436 -0.809972 -2.390614
v -38.650970 -0.487385 -2.276999
v -39.296272 0.034054 -2.281663
v -39.672531 0.034054 -2.724740
v -34.133377 -2.360548 -1.292223
v -36.532429 -2.311686 -1.293809
v -41.053062 -0.749071 -2.074511
v -41.950272 0.034053 -2.029817
v -42.074219 0.034053 -1.937884
v -41.144707 -0.763385 -1.942278
v -39.936409 -1.423088 -2.090662
v -39.931633 -1.494344 -1.945769
v -37.122311 -1.859551 -1.690478
v -38.382351 -0.872765 -2.722541
v -39.672531 0.034054 -2.724740
v -35.043468 -1.593058 -2.702596
v -35.855839 -2.516708 -0.016489
v -33.649960 -2.518828 -0.016489
v -34.133377 -2.360548 -1.292223
v -36.532429 -2.311686 -1.293809
v -39.931633 -1.494344 -1.945769
v -39.002167 -1.719838 -2.350626
v -37.122311 -1.859551 -1.690478
v -34.864086 -1.741509 -2.382420
v -34.876316 -1.520795 -2.304299
v -35.047386 -1.327475 -2.611349
v -35.043468 -1.593058 -2.702596
v -34.876316 -1.520795 -2.304299
v -37.852436 -0.809972 -2.390614
v -35.047386 -1.327475 -2.611349
v -37.153652 -2.414728 -1.750543
v -34.324455 -2.188078 -1.419223
v -34.133377 -2.360548 -1.292223
v -33.649960 -2.518828 -0.016489
v -43.412086 0.034053 -2.579917
v -42.074219 0.034053 -1.937884
v -39.380959 3.651206 -0.802700
v -39.167839 2.861520 -2.681086
v -38.730713 3.756867 -0.715592
v -46.583687 2.896248 -1.944444
v -45.782234 2.116213 -2.579365
v -39.904106 2.028996 -2.595480
v -40.376862 2.788243 -1.935298
v -38.607197 4.047880 -0.016490
v -40.712997 3.183009 -0.016489
v -46.746262 3.217962 -0.016489
v -36.660809 2.620088 -1.356895
v -35.900898 2.916459 -0.016489
v -39.002167 2.188647 -3.156732
v -39.002167 1.787945 -2.350626
v -37.122311 1.927659 -1.690479
v -39.002167 2.188647 -3.156732
v -41.144707 0.831492 -1.942278
v -39.931633 1.562452 -1.945769
v -39.904106 2.028996 -2.595480
v -36.660809 2.620088 -1.356895
v -36.532429 2.379794 -1.293809
v -35.855839 2.584817 -0.016489
v -35.900898 2.916459 -0.016489
v -37.153652 2.482836 -1.750544
v -37.122311 1.927659 -1.690479
v -37.094906 1.744158 -2.106673
v -34.864086 1.809618 -2.382421
v -34.324436 2.256184 -1.740780
v -36.510563 2.250836 -1.728825
v -34.133377 2.428657 -1.292223
v -34.324436 2.256184 -1.740780
v -34.324455 2.256186 -1.419223
v -35.047386 1.395583 -2.611349
v -35.043468 1.661166 -2.702596
v -38.382351 0.940873 -2.722542
v -37.852436 0.878080 -2.390614
v -38.650970 0.555492 -2.276999
v -39.672531 0.034054 -2.724740
v -39.296272 0.034054 -2.281663
v -34.133377 2.428657 -1.292223
v -36.532429 2.379794 -1.293809
v -42.074219 0.034053 -1.937884
v -41.950272 0.034053 -2.029817
v -41.053062 0.817178 -2.074511
v -41.144707 0.831492 -1.942278
v -39.931633 1.562452 -1.945769
v -39.936409 1.491196 -2.090662
v -37.122311 1.927659 -1.690479
v -38.382351 0.940873 -2.722542
v -35.043468 1.661166 -2.702596
v -34.133377 2.428657 -1.292223
v -33.649960 2.586936 -0.016489
v -35.855839 2.584817 -0.016489
v -36.532429 2.379794 -1.293809
v -39.002167 1.787945 -2.350626
v -39.931633 1.562452 -1.945769
v -37.122311 1.927659 -1.690479
v -35.047386 1.395583 -2.611349
v -34.876316 1.588903 -2.304299
v -34.864086 1.809618 -2.382421
v -35.043468 1.661166 -2.702596
v -37.852436 0.878080 -2.390614
v -34.876316 1.588903 -2.304299
v -35.047386 1.395583 -2.611349
v -37.153652 2.482836 -1.750544
v -34.133377 2.428657 -1.292223
v -34.324455 2.256186 -1.419223
v -33.649960 2.586936 -0.016489
v -43.412086 0.034053 -2.579917
v -42.074219 0.034053 -1.937884
v -39.380959 -3.583098 0.769721
v -39.167839 -2.793412 2.648107
v -38.730713 -3.688760 0.682613
v -46.583687 -2.828142 1.911468
v -45.782227 -2.048106 2.546389
v -39.904106 -1.960888 2.562503
v -40.376862 -2.720135 1.902322
v -43.412094 0.034054 2.546941
v -36.660809 -2.551980 1.323918
v -35.900898 -2.848350 -0.016489
v -39.002167 -2.120539 3.123753
v -39.002167 -1.719837 2.317648
v -37.122311 -1.859551 1.657500
v -39.002167 -2.120539 3.123753
v -41.144707 -0.763385 1.909301
v -39.931633 -1.494344 1.912790
v -39.904106 -1.960888 2.562503
v -36.660809 -2.551980 1.323918
v -36.532429 -2.311685 1.260832
v -35.855839 -2.516708 -0.016489
v -35.900898 -2.848350 -0.016489
v -37.153652 -2.414728 1.717565
v -37.122311 -1.859551 1.657500
v -37.094898 -1.676050 2.073697
v -34.864086 -1.741509 2.349444
v -34.324436 -2.188076 1.707803
v -36.510563 -2.182728 1.695846
v -34.133377 -2.360548 1.259245
v -34.324436 -2.188076 1.707803
v -34.324455 -2.188078 1.386244
v -35.047386 -1.327475 2.578373
v -35.043468 -1.593057 2.669621
v -38.382351 -0.872765 2.689565
v -37.852436 -0.809972 2.357636
v -38.650970 -0.487384 2.244058
v -39.672531 0.034054 2.691764
v -39.296204 0.034054 2.248709
v -34.133377 -2.360548 1.259245
v -36.532429 -2.311685 1.260832
v -42.074219 0.034054 1.904905
v -41.950272 0.034054 1.996839
v -41.053062 -0.749070 2.041533
v -41.144707 -0.763385 1.909301
v -39.931633 -1.494344 1.912790
v -39.936409 -1.423088 2.057684
v -37.122311 -1.859551 1.657500
v -39.672531 0.034054 2.691764
v -38.382351 -0.872765 2.689565
v -35.043468 -1.593057 2.669621
v -34.133377 -2.360548 1.259245
v -36.532429 -2.311685 1.260832
v -39.002167 -1.719837 2.317648
v -39.931633 -1.494344 1.912790
v -37.122311 -1.859551 1.657500
v -35.047386 -1.327475 2.578373
v -34.876316 -1.520795 2.271322
v -34.864086 -1.741509 2.349444
v -35.043468 -1.593057 2.669621
v -37.852436 -0.809972 2.357636
v -34.876316 -1.520795 2.271322
v -35.047386 -1.327475 2.578373
v -37.153652 -2.414728 1.717565
v -34.133377 -2.360548 1.259245
v -34.324455 -2.188078 1.386244
v -43.412094 0.034054 2.546941
v -42.074219 0.034054 1.904905
v -39.167839 2.861520 2.648107
v -39.380959 3.651206 0.769721
v -38.730713 3.756867 0.682612
v -39.904106 2.028996 2.562503
v -45.782234 2.116213 2.546389
v -46.583687 2.896248 1.911467
v -40.376862 2.788243 1.902321
v -36.660809 2.620089 1.323918
v -35.900898 2.916459 -0.016489
v -39.002167 2.188647 3.123753
v -37.122311 1.927660 1.657500
v -39.002167 2.188647 3.123753
v -37.153652 2.482836 1.717564
v -39.931633 1.562452 1.912790
v -41.144707 0.831492 1.909301
v -39.904106 2.028996 2.562503
v -39.002167 2.188647 3.123753
v -39.002167 1.787946 2.317647
v -35.855839 2.584817 -0.016489
v -36.532429 2.379794 1.260832
v -36.660809 2.620089 1.323918
v -35.900898 2.916459 -0.016489
v -34.324436 2.256185 1.707803
v -34.864086 1.809618 2.349444
v -37.094906 1.744159 2.073697
v -36.510563 2.250836 1.695846
v -34.324436 2.256185 1.707803
v -34.133377 2.428657 1.259244
v -34.324455 2.256186 1.386245
v -38.382351 0.940873 2.689565
v -35.043468 1.661166 2.669620
v -35.047386 1.395584 2.578373
v -37.852436 0.878080 2.357636
v -38.650970 0.555492 2.244058
v -39.296204 0.034054 2.248709
v -39.672531 0.034054 2.691764
v -34.133377 2.428657 1.259244
v -36.532429 2.379794 1.260832
v -41.053062 0.817178 2.041533
v -41.950272 0.034054 1.996839
v -42.074219 0.034054 1.904905
v -41.144707 0.831492 1.909301
v -39.936409 1.491196 2.057684
v -39.931633 1.562452 1.912790
v -37.122311 1.927660 1.657500
v -38.382351 0.940873 2.689565
v -35.043468 1.661166 2.669620
v -34.133377 2.428657 1.259244
v -36.532429 2.379794 1.260832
v -39.931633 1.562452 1.912790
v -39.002167 1.787946 2.317647
v -37.122311 1.927660 1.657500
v -34.864086 1.809618 2.349444
v -34.876316 1.588904 2.271321
v -35.047386 1.395584 2.578373
v -35.043468 1.661166 2.669620
v -34.876316 1.588904 2.271321
v -37.852436 0.878080 2.357636
v -35.047386 1.395584 2.578373
v -37.153652 2.482836 1.717564
v -34.324455 2.256186 1.386245
v -34.133377 2.428657 1.259244
v -43.412094 0.034054 2.546941
v -42.074219 0.034054 1.904905
v -2.198521 -1.139937 -2.742710
v -1.091970 -2.054400 -2.515488
v -2.090385 0.033944 -3.835296
v -5.381573 -0.363952 -2.601497
v -5.413431 -0.441148 -2.447659
v -4.526886 -0.792724 -2.447663
v -4.511898 -0.735251 -2.646087
v -1.095591 0.033944 -3.929260
v 0.205477 -0.726344 -3.636990
v -0.016460 0.033944 -2.530594
v 1.094698 -1.946399 -2.581428
v 1.082335 -1.962656 -2.056460
v 1.736252 -2.034578 -1.945247
v 0.113079 -1.970177 -2.721586
v 0.737831 -2.126882 -2.007798
v -2.209833 -1.182930 -2.478755
v -1.199619 -2.104278 -2.370749
v 1.516842 -1.264447 -3.300084
v 0.791960 -0.829087 -2.315260
v 2.645737 -1.619317 -1.773038
v 1.516842 -1.264447 -3.300084
v -4.509743 0.033944 -3.172204
v 0.205477 -0.726344 -3.636990
v -1.095591 0.033944 -3.929260
v -6.003334 0.033942 -2.447676
v -5.823414 0.033942 -2.553351
v 2.645737 -1.619317 -1.773038
v 1.542137 -0.778020 -2.213006
v 2.645737 -1.619317 -1.546624
v 1.736252 -2.034578 -1.761993
v 2.645737 -1.619317 -1.546624
v -5.259605 0.033944 -2.894208
v -2.209833 -1.182930 -2.478755
v -4.526886 -0.792724 -2.447663
v -3.476585 0.033944 -2.555348
v -5.413431 -0.441148 -2.447659
v 0.791960 -0.829087 -2.315260
v -6.003334 0.033942 -2.447676
v 1.736252 -2.034578 -1.761993
v 1.542137 -0.778020 -2.213006
v 2.645737 -1.619317 -1.546624
v 0.737831 -2.126882 -2.007798
v 1.082335 -1.962656 -2.056460
v -0.016460 0.033944 -2.530594
v -1.091970 2.122285 -2.515488
v -2.198521 1.207826 -2.742710
v -2.090385 0.033944 -3.835296
v -4.526886 0.860612 -2.447663
v -5.413431 0.509032 -2.447659
v -5.381573 0.431838 -2.601497
v -4.511898 0.803136 -2.646088
v 0.205477 0.794229 -3.636990
v -0.016460 0.033944 -2.530594
v 1.082335 2.030545 -2.056460
v 1.094698 2.014288 -2.581428
v 1.736252 2.102464 -1.945247
v 0.737831 2.194771 -2.007798
v 0.113079 2.038062 -2.721587
v -2.209833 1.250815 -2.478756
v -1.199619 2.172163 -2.370749
v 1.516842 1.332332 -3.300084
v 0.791960 0.896972 -2.315260
v 2.645737 1.687203 -1.773038
v 1.516842 1.332332 -3.300084
v -4.509743 0.033944 -3.172204
v 0.205477 0.794229 -3.636990
v -6.003334 0.033942 -2.447676
v -5.823414 0.033942 -2.553351
v 2.645737 1.687203 -1.773038
v 1.542137 0.845906 -2.213006
v 2.645737 1.687203 -1.546624
v 1.736252 2.102464 -1.761994
v 2.645737 1.687203 -1.546624
v -4.526886 0.860612 -2.447663
v -2.209833 1.250815 -2.478756
v -5.413431 0.509032 -2.447659
v 0.737831 2.194771 -2.007798
v 0.791960 0.896972 -2.315260
v -1.199619 2.172163 -2.370749
v 1.542137 0.845906 -2.213006
v 1.736252 2.102464 -1.761994
v 2.645737 1.687203 -1.546624
v 1.082335 2.030545 -2.056460
v -55.356720 0.034052 2.172488
v -55.231636 -1.704903 2.196957
v -56.466873 -0.914569 2.103595
v -56.439339 -1.718801 1.821421
v -56.932594 -2.195503 1.325248
v -60.348473 0.034052 1.316135
v -59.238441 0.034052 1.622830
v -53.219780 -2.040897 2.451958
v -51.638191 -2.136291 2.462545
v -52.245430 -3.082630 1.133692
v -50.284180 -3.135308 1.143550
v -50.860077 -2.678092 2.476101
v -50.860077 -2.678092 2.476101
v -50.782310 -2.614658 2.368769
v -46.481018 -2.685839 2.554237
v -46.481049 -2.829294 2.591282
v -58.329689 0.034052 1.731910
v -56.214096 -1.413684 1.862221
v -55.417679 -1.793416 1.921281
v -55.487740 -2.108688 1.888955
v -54.624298 -2.317025 1.950569
v -54.566223 -2.007788 1.874599
v -50.157776 -2.405307 2.557404
v -47.394188 -2.411947 2.750337
v -46.481018 -2.685839 2.554237
v -50.782310 -2.614658 2.368769
v -50.782310 -2.614658 2.368769
v -51.643105 -1.971076 2.370211
v -50.992912 -1.933679 2.494852
v -53.190430 -1.889885 2.360996
v -55.417679 -1.793416 1.921281
v -56.214096 -1.413684 1.862221
v -57.535316 0.034052 2.020428
v -58.329689 0.034052 1.731910
v -43.412079 0.034054 2.555579
v -46.481018 -2.685839 2.554237
v -44.229370 0.034054 2.949063
v -44.966774 -2.858959 2.574669
v -46.521873 -3.096521 1.143647
v -46.481049 -2.829294 2.591282
v -44.820839 -2.715504 2.505807
v -44.966774 -2.858959 2.574669
v -55.646088 -2.960188 1.120438
v -54.624298 -2.317025 1.950569
v -54.648933 -2.997270 1.122232
v -48.083107 0.034053 2.680123
v -44.820839 -2.715504 2.505807
v -54.566223 -2.007788 1.874599
v -46.481018 -2.685839 2.554237
v -46.521873 -3.096521 1.143647
v -44.820839 -2.715504 2.505807
v -53.190430 -1.889885 2.360996
v -51.643105 -1.971076 2.370211
v -51.638191 -2.136291 2.462545
v -53.219780 -2.040897 2.451958
v -43.412079 0.034054 2.555579
v -43.412079 0.034053 -0.015818
v -46.562881 -3.164918 -0.016485
v -46.481018 -2.685839 2.554237
v -55.231636 1.773007 2.196957
v -56.466873 0.982674 2.103595
v -56.439339 1.786906 1.821420
v -56.932594 2.263608 1.325248
v -51.638191 2.204396 2.462545
v -53.219780 2.109002 2.451957
v -52.245430 3.150735 1.133692
v -50.284180 3.203414 1.143549
v -50.860077 2.746197 2.476100
v -46.481026 2.753945 2.554237
v -50.782310 2.682762 2.368769
v -50.860077 2.746197 2.476100
v -46.481056 2.897401 2.591282
v -56.214096 1.481788 1.862221
v -55.487740 2.176792 1.888955
v -55.417679 1.861521 1.921280
v -54.624298 2.385130 1.950569
v -54.566223 2.075892 1.874599
v -46.481026 2.753945 2.554237
v -47.394196 2.480053 2.750337
v -50.157776 2.473413 2.557404
v -50.782310 2.682762 2.368769
v -51.643105 2.039182 2.370211
v -50.782310 2.682762 2.368769
v -50.992912 2.001785 2.494851
v -53.190430 1.957990 2.360996
v -56.214096 1.481788 1.862221
v -55.417679 1.861521 1.921280
v -46.481026 2.753945 2.554237
v -46.521873 3.164627 1.143647
v -44.966774 2.927066 2.574669
v -46.481056 2.897401 2.591282
v -44.820839 2.783611 2.505807
v -44.966774 2.927066 2.574669
v -55.646088 3.028293 1.120437
v -54.648933 3.065375 1.122232
v -54.624298 2.385130 1.950569
v -44.820839 2.783611 2.505807
v -54.566223 2.075892 1.874599
v -46.521873 3.164627 1.143647
v -46.481026 2.753945 2.554237
v -44.820839 2.783611 2.505807
v -51.638191 2.204396 2.462545
v -51.643105 2.039182 2.370211
v -53.190430 1.957990 2.360996
v -53.219780 2.109002 2.451957
v -46.562881 3.233024 -0.016486
v -43.412079 0.034053 -0.015818
v -43.412079 0.034054 2.555579
v -46.481026 2.753945 2.554237
v -0.682278 0.224004 3.081971
v -0.682278 -0.156118 3.081971
v -7.453846 -0.156121 3.081971
v -7.453846 0.224003 3.081971
v -0.682278 0.224004 3.081971
v -7.453846 0.224003 3.081971
v -7.624912 0.341992 2.363705
v -0.511213 0.341991 2.363705
v -7.453846 -0.156121 3.081971
v -0.682278 -0.156118 3.081971
v -0.511213 -0.274109 2.363705
v -7.624912 -0.274109 2.363705
v -0.511213 -0.274109 2.363705
v -0.682278 -0.156118 3.081971
v -0.682278 0.224004 3.081971
v -0.511213 0.341991 2.363705
v -7.624912 0.341992 2.363705
v -7.453846 0.224003 3.081971
v -7.453846 -0.156121 3.081971
v -7.624912 -0.274109 2.363705
v 1.481039 -4.314803 0.411695
v 1.236486 -3.554928 0.520892
v 2.470219 -4.256310 0.246170
v -0.491348 -2.812136 -1.628997
v 0.026241 -3.450737 -0.739428
v 0.611435 -3.239720 -1.090671
v 5.016066 -2.793861 -0.123492
v 4.191099 -3.112543 -0.678610
v 4.116205 -3.438137 0.041290
v 5.007141 -2.879737 0.007732
v 2.470219 -4.256310 0.246170
v 2.395403 -3.902350 -0.745662
v 1.469873 -4.245257 -0.299979
v 0.316481 -3.329357 0.561834
v 0.303913 -4.240456 -0.048569
v 0.972914 -3.440631 -1.174946
v 0.251656 -3.800719 -0.636994
v 4.496801 -2.317574 -0.501071
v 3.445971 -2.311102 -1.120200
v 3.512648 -2.723866 -1.274247
v 4.559456 -2.647972 -0.638175
v 4.908709 -2.420518 -0.064352
v 5.009150 -2.630760 -0.199722
v 5.290762 -2.622599 0.053796
v 3.164568 -3.529443 -1.302755
v 3.649328 -3.523446 0.333572
v 4.357899 -3.119374 0.244295
v 2.395756 -3.624938 0.490068
v 5.290762 -2.622599 0.053796
v 4.814341 -2.802281 0.215511
v 5.290762 -2.622599 0.053796
v 5.027859 -2.567647 0.213287
v 4.839493 -2.389489 0.012512
v 5.027859 -2.567647 0.213287
v 2.022396 -2.999131 -1.859105
v 1.146992 -2.824970 -2.093072
v 0.060083 -2.954479 -1.758685
v 0.320435 -2.582408 -2.068973
v 1.201870 -2.235128 -2.168747
v 2.525015 -3.196946 -1.633000
v -1.383610 -2.697711 -1.799259
v -0.555702 -2.790161 -1.868523
v -0.509939 -2.515374 -1.992494
v -1.381819 -2.565973 -1.854069
v -3.152897 -2.806721 -1.400102
v -1.215767 -3.210617 -0.160549
v -0.831470 -3.821978 -0.361704
v -1.333937 -2.664744 -1.557900
v -0.711061 -3.557002 -0.486282
v -0.831470 -3.821978 -0.361704
v 0.303913 -4.240456 -0.048569
v -1.982439 -2.569044 -1.702145
v -3.152897 -2.806721 -1.400102
v -1.960165 -2.697170 -1.654850
v -0.507509 -2.402565 -1.971869
v -1.384108 -2.479925 -1.827123
v 1.481039 -4.314803 0.411695
v 0.381620 -2.440292 -2.100546
v -2.339811 -2.824663 -1.292171
v -0.555702 -2.790161 -1.868523
v -1.383610 -2.697711 -1.799259
v 1.236486 -3.554928 0.520892
v 0.316481 -3.329357 0.561834
v 0.403355 -2.931037 0.640561
v 1.191687 -3.230753 0.674032
v -1.215767 -3.210617 -0.160549
v -1.276085 -2.867583 -0.047079
v -3.152897 -2.806721 -1.400102
v -1.276085 -2.867583 -0.047079
v -1.215767 -3.210617 -0.160549
v 2.385435 -3.457490 0.606428
v 3.649328 -3.523446 0.333572
v 2.395756 -3.624938 0.490068
v 4.411280 -2.283839 -0.344207
v 1.999796 -2.254507 -1.570445
v 2.113741 -2.283221 -1.755554
v 3.445971 -2.311102 -1.120200
v 3.347240 -2.285250 -0.897311
v 1.201870 -2.235128 -2.168747
v 2.113741 -2.283221 -1.755554
v 2.124166 -2.826213 -1.972182
v -1.125603 -0.601402 3.082201
v -1.429628 -0.940795 3.082201
v -6.607853 -0.940796 3.082201
v -6.917549 -0.601403 3.082201
v -1.125603 -0.601402 3.082201
v -6.917549 -0.601403 3.082201
v -7.434891 -0.496059 2.363653
v -0.726797 -0.496056 2.363655
v -1.429628 -0.940795 3.082201
v -1.279905 -1.046141 2.363655
v -6.821594 -1.046140 2.363653
v -6.607853 -0.940796 3.082201
v -2.130701 -1.757327 3.082204
v -5.703426 -1.757329 3.082201
v -6.111774 -1.417937 3.082201
v -1.837130 -1.417934 3.082201
v -1.837130 -1.417934 3.082201
v -6.111774 -1.417937 3.082201
v -6.532125 -1.312588 2.363653
v -1.572659 -1.312588 2.363655
v -2.130701 -1.757327 3.082204
v -2.072300 -1.890569 2.363655
v -5.922722 -1.890569 2.363653
v -5.703426 -1.757329 3.082201
v -7.434891 -0.496059 2.363653
v -6.917549 -0.601403 3.082201
v -6.607853 -0.940796 3.082201
v -6.821594 -1.046140 2.363653
v -1.429628 -0.940795 3.082201
v -1.125603 -0.601402 3.082201
v -0.726797 -0.496056 2.363655
v -1.279905 -1.046141 2.363655
v -6.532125 -1.312588 2.363653
v -6.111774 -1.417937 3.082201
v -5.703426 -1.757329 3.082201
v -5.922722 -1.890569 2.363653
v -2.130701 -1.757327 3.082204
v -1.837130 -1.417934 3.082201
v -1.572659 -1.312588 2.363655
v -2.072300 -1.890569 2.363655
v 7.744284 -0.895951 0.200393
v 7.601948 0.033945 -0.773534
v 7.285007 -0.753244 -0.570698
v 8.357004 -1.039482 0.610549
v 8.412682 -1.540535 0.990328
v 9.578161 -0.469666 1.047688
v 8.851419 -0.739027 0.622803
v 5.604309 0.033945 -1.706909
v 4.975302 -0.794448 -1.216832
v 6.230753 -1.357171 -0.309674
v 5.686722 -1.558510 -0.685053
v 4.995625 -2.286866 -0.408625
v 6.079821 -1.981219 -0.214142
v 4.281775 -0.777446 -1.219305
v 4.928724 -1.305037 -0.603107
v 3.695326 -1.155550 -1.102682
v 4.196995 -1.707899 -1.020868
v 4.928724 -1.305037 -0.603107
v 5.958420 -2.300439 0.342568
v 7.068296 -2.428210 0.920521
v 6.599531 -2.116592 0.357734
v 4.873886 0.033945 -1.087165
v 1.476873 0.033945 -2.084060
v 1.429758 -0.825580 -2.041473
v 4.281775 -0.777446 -1.219305
v 7.416388 -2.359308 0.925019
v 6.685637 -1.765052 2.057577
v 8.412682 -1.540535 0.990328
v 7.577423 -1.036484 1.908324
v 9.578161 -0.469666 1.047688
v 9.578161 -0.469666 1.047688
v 8.286160 -0.439354 1.256474
v 7.744284 -0.895951 0.200393
v 8.851419 -0.739027 0.622803
v 3.695326 -1.155550 -1.102682
v 4.631582 -2.099484 -0.306298
v 4.196995 -1.707899 -1.020868
v -5.456957 -2.280239 2.379658
v 0.052794 -2.275323 2.353524
v -0.364759 -2.690218 2.248734
v -4.969561 -2.690219 2.247793
v 0.919996 -2.274614 2.353230
v 6.356228 -1.361587 2.327747
v 6.360394 0.033945 2.339807
v 7.237759 0.033945 2.241499
v 7.280605 -0.635586 2.228900
v 7.867960 0.033945 2.064430
v 8.465620 0.033946 1.723111
v 8.069189 -0.457388 1.822160
v 8.069189 -0.457388 1.822160
v 8.465620 0.033946 1.723111
v 8.286160 -0.439354 1.256474
v 8.069189 -0.457388 1.822160
v 3.350485 -2.726633 2.199374
v 5.947058 -2.479653 1.619278
v 5.958420 -2.300439 0.342568
v 3.355463 -2.688818 -0.030064
v -1.754076 -1.570562 2.866914
v -0.329174 -1.787858 2.866914
v -1.457106 -1.787858 2.866914
v 1.791634 -0.170214 2.426766
v -0.275919 -2.218418 2.426768
v 1.185291 -0.139536 2.866912
v 1.185032 0.033945 2.866912
v 1.790960 0.033945 2.426765
v -0.849556 -0.697158 2.866914
v -0.454657 -0.284296 2.426768
v -0.454714 0.033945 2.881978
v -2.064260 -1.903849 2.426768
v -1.754076 -1.570562 2.866914
v -1.770943 -2.218418 2.426768
v -2.064260 -1.903849 2.426768
v -0.849556 -0.697158 2.866914
v -0.454714 0.033945 2.881978
v -7.644100 -0.306498 2.818653
v -6.001551 -1.788841 2.818653
v -6.177263 -1.923684 2.818653
v -6.945637 -1.855288 2.818653
v -6.783108 -2.296193 2.254451
v -8.116112 -1.336059 2.053237
v -7.878983 -1.089208 2.617438
v -6.945637 -1.855288 2.818653
v -7.644047 0.033942 2.818653
v -7.623013 0.033942 2.379658
v -7.623528 -0.326463 2.379658
v -7.644100 -0.306498 2.818653
v -5.456957 -2.280239 2.379658
v -6.001551 -1.788841 2.818653
v -5.456957 -2.280239 2.379658
v -5.707890 -2.295577 2.379658
v -6.256868 -2.295837 2.379658
v -9.071838 0.033942 2.389164
v -7.644047 0.033942 2.818653
v -9.538158 0.033942 1.824962
v 1.369284 -1.271047 -1.925763
v 1.204342 -2.128045 -1.716399
v 4.631582 -2.099484 -0.306298
v 3.695326 -1.155550 -1.102682
v 5.947058 -2.479653 1.619278
v 7.068296 -2.428210 0.920521
v 5.958420 -2.300439 0.342568
v 5.958420 -2.300439 0.342568
v 4.831535 -2.267835 -0.090801
v 3.355463 -2.688818 -0.030064
v 3.350485 -2.726633 2.199374
v 5.947058 -2.479653 1.619278
v -6.569416 -2.534951 0.825959
v -8.052986 -1.515104 1.215901
v -9.511486 0.033942 1.232727
v 7.310530 -1.809581 0.461779
v 7.416388 -2.359308 0.925019
v 7.677181 -1.328588 0.033682
v 8.293724 -1.182033 0.476615
v 8.851419 -0.739027 0.622803
v 7.680817 -0.979370 -0.276704
v 6.106663 -1.960461 -0.362457
v 6.599531 -2.116592 0.357734
v 6.648388 -2.107934 0.133345
v 5.686722 -1.558510 -0.685053
v 6.446741 -1.350563 -0.706416
v 6.730913 -1.740116 -0.377615
v 7.432453 -1.784520 0.302510
v 7.310530 -1.809581 0.461779
v 8.293724 -1.182033 0.476615
v 8.357004 -1.039482 0.610549
v 8.851419 -0.739027 0.622803
v 5.686722 -1.558510 -0.685053
v 6.079821 -1.981219 -0.214142
v 6.230753 -1.357171 -0.309674
v 6.446741 -1.350563 -0.706416
v 7.680817 -0.979370 -0.276704
v 7.744284 -0.895951 0.200393
v 8.851419 -0.739027 0.622803
v 5.686722 -1.558510 -0.685053
v 5.686722 -1.558510 -0.685053
v 4.281775 -0.777446 -1.219305
v 4.928724 -1.305037 -0.603107
v 3.355463 -2.688818 -0.030064
v 1.224638 -2.688284 -0.045273
v 1.247576 -2.690218 2.267525
v 3.350485 -2.726633 2.199374
v 3.350485 -2.726633 2.199374
v 1.247576 -2.690218 2.267525
v 0.919996 -2.274614 2.353230
v 1.042252 -2.309460 1.086044
v 0.041685 -2.195302 1.099226
v -0.016619 -2.322938 2.133769
v 1.247576 -2.690218 2.267525
v 0.919996 -2.274614 2.353230
v 4.831535 -2.267835 -0.090801
v -5.768461 -2.690219 2.247739
v -6.256868 -2.295837 2.379658
v -5.707890 -2.295577 2.379658
v -4.732187 -3.065972 0.839143
v -5.768461 -2.690219 2.247739
v -4.969561 -2.690219 2.247793
v -6.256868 -2.295837 2.379658
v -5.768461 -2.690219 2.247739
v -4.732187 -3.065972 0.839143
v -4.965277 -2.557321 0.826084
v -0.813904 -2.690218 2.010195
v -0.364759 -2.690218 2.248734
v -0.409004 -2.690218 2.009325
v 0.052794 -2.275323 2.353524
v -0.016619 -2.322938 2.133769
v -0.813904 -2.690218 2.010195
v -0.409004 -2.690218 2.009325
v -0.016619 -2.322938 2.133769
v -0.813904 -2.274266 2.008280
v -2.119350 -2.328975 0.831331
v -2.075035 -3.065971 0.839156
v -0.813904 -2.690218 2.010195
v -2.075035 -3.065971 0.839156
v 7.068296 -2.428210 0.920521
v -4.965277 -2.557321 0.826084
v -2.064260 -1.903849 2.426768
v -0.275919 -2.218418 2.426768
v 1.791634 -0.170214 2.426766
v -0.454657 -0.284296 2.426768
v -0.454657 -0.284296 2.426768
v -0.219992 0.033945 2.428012
v -0.454714 0.033945 2.881978
v -2.064260 -1.903849 2.426768
v -1.770943 -2.218418 2.426768
v -0.275919 -2.218418 2.426768
v 5.686722 -1.558510 -0.685053
v 6.230753 -1.357171 -0.309674
v 4.928724 -1.305037 -0.603107
v 1.042480 -2.458549 -0.039718
v 0.167622 -2.459258 -0.029316
v 1.224638 -2.688284 -0.045273
v 1.042480 -2.458549 -0.039718
v -0.229244 -2.394879 -2.024080
v 1.224638 -2.688284 -0.045273
v 0.262373 0.033945 2.379654
v -7.623528 -0.326463 2.379658
v -7.623013 0.033942 2.379658
v 8.594114 0.033946 1.267936
v 6.079821 -1.981219 -0.214142
v 1.112482 -2.330920 -1.598520
v 4.281775 -0.777446 -1.219305
v 5.604309 0.033945 -1.706909
v 4.873886 0.033945 -1.087165
v 6.968151 -2.610515 1.163324
v 5.752213 -3.476511 1.163324
v 5.537992 -3.100042 1.404392
v 5.989923 -2.610515 1.404391
v 3.267733 -4.492463 0.926602
v 2.932011 -3.751887 1.404393
v -0.534786 -2.784372 1.380709
v -0.621357 -2.778446 0.926604
v 5.537992 -3.100042 1.404392
v 2.932011 -3.751887 1.404393
v 2.879898 -3.590607 1.256383
v 5.276228 -2.881426 1.256383
v 5.623882 -2.622980 1.256383
v 5.989929 -2.574176 1.268721
v 5.989923 -2.610515 1.404391
v 6.968151 -2.610515 1.163324
v 6.639868 -2.574176 0.926602
v 5.989929 -2.574176 1.268721
v 5.458652 -2.339695 1.252228
v 5.989923 -2.340002 1.268718
v 6.795744 -2.340002 0.926602
v 6.639868 -2.574176 0.926602
v 5.223846 -2.702869 1.627154
v 5.285702 -2.889663 1.524799
v 3.317667 -2.795451 2.021358
v 2.875214 -3.591916 1.524799
v -0.442913 -2.793009 1.524799
v -0.229841 -2.602624 2.021358
v 5.594692 -2.648286 1.458506
v 2.879898 -3.590607 1.256383
v 5.285702 -2.889663 1.524799
v 5.276228 -2.881426 1.256383
v 5.594692 -2.648286 1.458506
v 5.623882 -2.622980 1.256383
v 3.317667 -1.927396 2.116274
v 0.150301 -1.927396 2.253504
v -0.962963 -2.602624 2.021360
v -0.306110 -1.927396 2.253504
v 4.819138 -1.927396 1.765717
v -2.086298 -2.540830 0.926604
v -1.563799 -2.554787 1.403866
v -0.534786 -2.784372 1.380709
v -1.462032 -2.581947 1.524799
v 5.217999 -1.927107 1.246174
v 5.458652 -2.339695 1.252228
v 5.188808 -1.927396 1.448298
v 5.623882 -2.622980 1.256383
v 5.594692 -2.648286 1.458506
v 6.968151 -2.610515 1.163324
v 5.989923 -2.610515 0.517839
v 5.537992 -3.100042 0.517841
v 5.752213 -3.476511 1.163324
v 2.932011 -3.751887 0.641614
v 3.267733 -4.492463 0.926602
v -0.517797 -2.468403 0.517841
v -0.621357 -2.778446 0.926604
v 3.317667 -2.795451 0.032409
v 5.280964 -2.885543 0.475306
v 5.609289 -2.635634 0.495761
v -0.229841 -2.232590 -0.168152
v -0.962963 -2.602624 -0.168152
v -1.564589 -2.644550 0.517843
v 5.989923 -2.610515 0.517839
v 5.989929 -2.574176 0.653512
v 5.609289 -2.635634 0.495761
v 6.968151 -2.610515 1.163324
v 6.639868 -2.574176 0.926602
v 5.458652 -2.339695 0.600978
v 5.989923 -2.340002 0.653512
v 6.795744 -2.340002 0.926602
v 4.819138 -1.927396 0.148368
v 3.317667 -1.927396 -0.199739
v 5.188808 -1.927396 0.404907
v 0.150301 -1.927396 -0.400298
v -0.306110 -1.927396 -0.400298
v 5.458652 -2.339695 0.600978
v 5.217999 -1.927107 0.607030
v 5.188808 -1.927396 0.404907
v 5.609289 -2.635634 0.495761
v 8.337404 0.033945 0.415191
v 1.369284 -1.271047 -1.925763
v 3.695326 -1.155550 -1.102682
v -0.164619 0.033944 -2.320534
v -0.197594 -2.186351 -2.135306
v -0.144941 -1.403184 -2.320277
v -1.960165 -2.697170 -1.654850
v -0.144941 -1.403184 -2.320277
v 1.236486 3.622814 0.520891
v 1.481039 4.382689 0.411695
v 2.470219 4.324193 0.246169
v -0.491348 2.880021 -1.628997
v 0.611435 3.307604 -1.090672
v 0.026241 3.518623 -0.739428
v 4.116205 3.506023 0.041290
v 4.191099 3.180429 -0.678610
v 5.016066 2.861747 -0.123493
v 5.007141 2.947626 0.007731
v 2.395403 3.970236 -0.745662
v 2.470219 4.324193 0.246169
v 1.469873 4.313143 -0.299979
v 0.316481 3.397246 0.561833
v 0.303913 4.308345 -0.048569
v 0.251656 3.868608 -0.636995
v 0.972914 3.508516 -1.174947
v 3.512648 2.791751 -1.274247
v 3.445971 2.378988 -1.120200
v 4.496801 2.385460 -0.501071
v 4.559456 2.715857 -0.638176
v 5.009150 2.698650 -0.199722
v 4.908709 2.488404 -0.064352
v 5.290762 2.690485 0.053795
v 3.164568 3.597332 -1.302756
v 4.357899 3.187263 0.244294
v 3.649328 3.591335 0.333572
v 2.395756 3.692824 0.490067
v 5.290762 2.690485 0.053795
v 4.814341 2.870167 0.215511
v 5.290762 2.690485 0.053795
v 5.027859 2.635536 0.213287
v 4.839493 2.457375 0.012512
v 5.027859 2.635536 0.213287
v 0.060083 3.022364 -1.758685
v 1.146992 2.892855 -2.093072
v 2.022396 3.067017 -1.859105
v 0.320435 2.650293 -2.068973
v 1.201870 2.303013 -2.168747
v 2.525015 3.264831 -1.633000
v -0.509939 2.583259 -1.992494
v -0.555702 2.858046 -1.868523
v -1.383610 2.765596 -1.799259
v -1.381819 2.633861 -1.854069
v -3.152897 2.874606 -1.400103
v -0.831470 3.889863 -0.361704
v -1.215767 3.278503 -0.160549
v -0.711061 3.624887 -0.486283
v -1.333937 2.732629 -1.557900
v 0.303913 4.308345 -0.048569
v -0.831470 3.889863 -0.361704
v -3.152897 2.874606 -1.400103
v -1.982439 2.636929 -1.702146
v -1.960165 2.765058 -1.654850
v -1.384108 2.547810 -1.827123
v 1.481039 4.382689 0.411695
v -0.507509 2.470450 -1.971869
v 0.381620 2.508181 -2.100547
v -2.339811 2.892548 -1.292172
v -1.383610 2.765596 -1.799259
v -0.555702 2.858046 -1.868523
v 0.403355 2.998926 0.640560
v 0.316481 3.397246 0.561833
v 1.236486 3.622814 0.520891
v 1.191687 3.298639 0.674032
v -1.215767 3.278503 -0.160549
v -1.276083 2.935468 -0.047081
v -1.276083 2.935468 -0.047081
v -3.152897 2.874606 -1.400103
v -1.215767 3.278503 -0.160549
v 3.649328 3.591335 0.333572
v 2.385426 3.525376 0.606429
v 2.395756 3.692824 0.490067
v 4.411289 2.351725 -0.344209
v 3.445971 2.378988 -1.120200
v 2.113741 2.351107 -1.755554
v 1.999796 2.322393 -1.570445
v 3.347240 2.353137 -0.897311
v 1.201870 2.303013 -2.168747
v 2.124166 2.894099 -1.972182
v 2.113741 2.351107 -1.755554
v -6.607857 1.008680 3.082201
v -1.429628 1.008681 3.082201
v -1.125603 0.669288 3.082201
v -6.917549 0.669287 3.082201
v -7.434891 0.563943 2.363653
v -6.917549 0.669287 3.082201
v -1.125603 0.669288 3.082201
v -0.726797 0.563942 2.363655
v -6.821594 1.114025 2.363653
v -1.279905 1.114027 2.363655
v -1.429628 1.008681 3.082201
v -6.607857 1.008680 3.082201
v -6.111778 1.485819 3.082201
v -5.703426 1.825212 3.082201
v -2.130701 1.825213 3.082203
v -1.837130 1.485820 3.082201
v -6.532125 1.380475 2.363653
v -6.111778 1.485819 3.082201
v -1.837130 1.485820 3.082201
v -1.572659 1.380473 2.363655
v -5.922722 1.958452 2.363653
v -2.072300 1.958454 2.363655
v -2.130701 1.825213 3.082203
v -5.703426 1.825212 3.082201
v -6.607857 1.008680 3.082201
v -6.917549 0.669287 3.082201
v -7.434891 0.563943 2.363653
v -6.821594 1.114025 2.363653
v -0.726797 0.563942 2.363655
v -1.125603 0.669288 3.082201
v -1.429628 1.008681 3.082201
v -1.279905 1.114027 2.363655
v -5.703426 1.825212 3.082201
v -6.111778 1.485819 3.082201
v -6.532125 1.380475 2.363653
v -5.922722 1.958452 2.363653
v -1.572659 1.380473 2.363655
v -1.837130 1.485820 3.082201
v -2.130701 1.825213 3.082203
v -2.072300 1.958454 2.363655
v 7.744284 0.963839 0.200393
v 7.285007 0.821130 -0.570698
v 9.578161 0.537557 1.047688
v 8.412682 1.608422 0.990328
v 8.357004 1.107370 0.610549
v 8.851419 0.806914 0.622803
v 6.230753 1.425057 -0.309674
v 4.975302 0.862335 -1.216832
v 4.995625 2.354753 -0.408626
v 5.686722 1.626397 -0.685053
v 6.079821 2.049106 -0.214142
v 4.281775 0.845336 -1.219305
v 4.928724 1.372923 -0.603107
v 4.196995 1.775785 -1.020869
v 3.695326 1.223436 -1.102682
v 4.928724 1.372923 -0.603107
v 7.068296 2.496097 0.920521
v 5.958420 2.368325 0.342568
v 6.599531 2.184479 0.357734
v 1.429758 0.893466 -2.041473
v 4.281775 0.845336 -1.219305
v 6.685637 1.832939 2.057576
v 7.416388 2.427195 0.925018
v 8.412682 1.608422 0.990328
v 9.578161 0.537557 1.047688
v 7.577423 1.104371 1.908323
v 7.744284 0.963839 0.200393
v 8.286160 0.507242 1.256474
v 9.578161 0.537557 1.047688
v 8.851419 0.806914 0.622803
v 4.631582 2.167370 -0.306298
v 3.695326 1.223436 -1.102682
v 4.196995 1.775785 -1.020869
v -0.364759 2.758104 2.248734
v 0.052794 2.343209 2.353523
v -5.456961 2.348123 2.379658
v -4.969564 2.758103 2.247792
v 6.356228 1.429474 2.327747
v 0.919996 2.342500 2.353230
v 7.280605 0.703473 2.228900
v 8.069189 0.525279 1.822160
v 8.069189 0.525279 1.822160
v 8.286160 0.507242 1.256474
v 8.069189 0.525279 1.822160
v 5.958420 2.368325 0.342568
v 5.947058 2.547540 1.619278
v 3.350485 2.794519 2.199374
v 3.355463 2.756704 -0.030064
v -0.329174 1.855744 2.866914
v -1.754076 1.638448 2.866914
v -1.457106 1.855744 2.866914
v -0.275919 2.286304 2.426768
v 1.791634 0.238100 2.426766
v 1.185291 0.207422 2.866912
v -0.454657 0.352185 2.426768
v -0.849556 0.765043 2.866914
v -2.064260 1.971734 2.426768
v -1.754076 1.638448 2.866914
v -2.064260 1.971734 2.426768
v -1.770943 2.286303 2.426768
v -0.849556 0.765043 2.866914
v -6.177263 1.991568 2.818653
v -6.001554 1.856729 2.818653
v -7.644100 0.374384 2.818653
v -6.945641 1.923170 2.818653
v -7.878983 1.157092 2.617438
v -8.116112 1.403944 2.053236
v -6.783112 2.364079 2.254450
v -6.945641 1.923170 2.818653
v -7.623528 0.394347 2.379658
v -7.644100 0.374384 2.818653
v -5.456961 2.348123 2.379658
v -6.001554 1.856729 2.818653
v -5.456961 2.348123 2.379658
v -5.707893 2.363461 2.379658
v -6.256868 2.363721 2.379658
v -9.538158 0.033942 1.824962
v 4.631582 2.167370 -0.306298
v 1.204342 2.195930 -1.716399
v 1.369284 1.338932 -1.925763
v 3.695326 1.223436 -1.102682
v 7.068296 2.496097 0.920521
v 5.947058 2.547540 1.619278
v 5.958420 2.368325 0.342568
v 4.831535 2.335721 -0.090801
v 5.958420 2.368325 0.342568
v 3.355463 2.756704 -0.030064
v 3.350485 2.794519 2.199374
v 5.947058 2.547540 1.619278
v -6.569420 2.602834 0.825959
v -8.052986 1.582990 1.215900
v -9.511486 0.033942 1.232727
v 7.310530 1.877468 0.461779
v 7.416388 2.427195 0.925018
v 8.851419 0.806914 0.622803
v 8.293724 1.249924 0.476615
v 7.677181 1.396475 0.033681
v 7.680817 1.047257 -0.276704
v 6.599531 2.184479 0.357734
v 6.106663 2.028348 -0.362457
v 6.648388 2.175821 0.133344
v 5.686722 1.626397 -0.685053
v 6.446741 1.418454 -0.706416
v 6.730913 1.808006 -0.377615
v 7.432453 1.852406 0.302510
v 7.310530 1.877468 0.461779
v 8.357004 1.107370 0.610549
v 8.293724 1.249924 0.476615
v 8.851419 0.806914 0.622803
v 6.079821 2.049106 -0.214142
v 5.686722 1.626397 -0.685053
v 7.680817 1.047257 -0.276704
v 6.446741 1.418454 -0.706416
v 6.230753 1.425057 -0.309674
v 7.744284 0.963839 0.200393
v 8.851419 0.806914 0.622803
v 5.686722 1.626397 -0.685053
v 5.686722 1.626397 -0.685053
v 4.281775 0.845336 -1.219305
v 4.928724 1.372923 -0.603107
v 3.355463 2.756704 -0.030064
v 3.350485 2.794519 2.199374
v 1.247576 2.758104 2.267525
v 1.224638 2.756170 -0.045274
v 3.350485 2.794519 2.199374
v 1.247576 2.758104 2.267525
v 0.052794 2.343209 2.353523
v -0.016619 2.390823 2.133769
v 0.919996 2.342500 2.353230
v 1.042252 2.377346 1.086044
v 1.247576 2.758104 2.267525
v 0.919996 2.342500 2.353230
v 4.831535 2.335721 -0.090801
v -6.256868 2.363721 2.379658
v -5.768465 2.758103 2.247739
v -5.707893 2.363461 2.379658
v -5.768465 2.758103 2.247739
v -4.732189 3.133858 0.839143
v -4.969564 2.758103 2.247792
v -4.732189 3.133858 0.839143
v -5.768465 2.758103 2.247739
v -6.256868 2.363721 2.379658
v -4.965281 2.625204 0.826084
v -0.364759 2.758104 2.248734
v -0.813904 2.758104 2.010195
v -0.409004 2.758104 2.009325
v -0.016619 2.390823 2.133769
v 0.052794 2.343209 2.353523
v -0.016619 2.390823 2.133769
v -0.409004 2.758104 2.009325
v -0.813904 2.758104 2.010195
v -0.813904 2.342152 2.008280
v -2.075035 3.133860 0.839156
v -2.119350 2.396860 0.831331
v -2.075035 3.133860 0.839156
v -0.813904 2.758104 2.010195
v 7.068296 2.496097 0.920521
v -4.965281 2.625204 0.826084
v 1.791634 0.238100 2.426766
v -0.275919 2.286304 2.426768
v -2.064260 1.971734 2.426768
v -0.454657 0.352185 2.426768
v -0.219992 0.033945 2.428012
v -0.454657 0.352185 2.426768
v -1.770943 2.286303 2.426768
v -2.064260 1.971734 2.426768
v -0.275919 2.286304 2.426768
v 6.230753 1.425057 -0.309674
v 5.686722 1.626397 -0.685053
v 4.928724 1.372923 -0.603107
v 0.041685 2.263191 1.099225
v 0.167622 2.527143 -0.029316
v 1.042480 2.526434 -0.039718
v 1.042480 2.526434 -0.039718
v 1.224638 2.756170 -0.045274
v 1.224638 2.756170 -0.045274
v -0.229244 2.462768 -2.024080
v -7.623528 0.394347 2.379658
v 8.594114 0.033946 1.267936
v 6.079821 2.049106 -0.214142
v 1.112482 2.398805 -1.598520
v 5.604309 0.033945 -1.706909
v 4.281775 0.845336 -1.219305
v 4.873886 0.033945 -1.087165
v 5.537992 3.167928 1.404391
v 5.752213 3.544398 1.163324
v 6.968151 2.678401 1.163324
v 5.989923 2.678401 1.404391
v 2.932011 3.819773 1.404393
v 3.267733 4.560349 0.926602
v -0.534786 2.852258 1.380709
v -0.621357 2.846331 0.926604
v 2.879898 3.658494 1.256382
v 2.932011 3.819773 1.404393
v 5.537992 3.167928 1.404391
v 5.276228 2.949312 1.256382
v 5.623882 2.690866 1.256382
v 5.989923 2.678401 1.404391
v 5.989929 2.642063 1.268720
v 6.968151 2.678401 1.163324
v 6.639868 2.642063 0.926602
v 5.458652 2.407582 1.252228
v 5.989929 2.642063 1.268720
v 5.989923 2.407889 1.268718
v 6.639868 2.642063 0.926602
v 6.795744 2.407889 0.926602
v 5.285702 2.957550 1.524798
v 5.223846 2.770756 1.627153
v 3.317667 2.863341 2.021358
v -0.442913 2.860898 1.524798
v 2.875214 3.659803 1.524798
v -0.229841 2.670510 2.021358
v 5.594692 2.716176 1.458505
v 5.285702 2.957550 1.524798
v 2.879898 3.658494 1.256382
v 5.276228 2.949312 1.256382
v 5.623882 2.690866 1.256382
v 5.594692 2.716176 1.458505
v 3.317667 1.995286 2.116274
v -0.962963 2.670510 2.021359
v 0.150301 1.995282 2.253503
v -0.306110 1.995286 2.253503
v 4.819138 1.995286 1.765717
v -1.563799 2.622676 1.403866
v -2.086298 2.608716 0.926604
v -0.534786 2.852258 1.380709
v -1.462032 2.649833 1.524798
v 5.458652 2.407582 1.252228
v 5.217999 1.994994 1.246174
v 5.188808 1.995286 1.448297
v 5.623882 2.690866 1.256382
v 5.594692 2.716176 1.458505
v 5.537992 3.167928 0.517841
v 5.989923 2.678401 0.517839
v 6.968151 2.678401 1.163324
v 5.752213 3.544398 1.163324
v 2.932011 3.819773 0.641614
v 3.267733 4.560349 0.926602
v -0.517797 2.536288 0.517841
v -0.621357 2.846331 0.926604
v 3.317667 2.863341 0.032408
v 5.280964 2.953432 0.475306
v 5.609289 2.703521 0.495761
v 5.989929 2.642063 0.653511
v 5.989923 2.678401 0.517839
v 5.609289 2.703521 0.495761
v 6.639868 2.642063 0.926602
v 6.968151 2.678401 1.163324
v 5.458652 2.407581 0.600977
v 5.989923 2.407889 0.653511
v 6.795744 2.407889 0.926602
v 4.819138 1.995286 0.148368
v 3.317667 1.995286 -0.199739
v -0.229841 2.300480 -0.168152
v 5.188808 1.995286 0.404906
v 0.150301 1.995282 -0.400298
v -0.962963 2.670510 -0.168152
v -0.306110 1.995286 -0.400298
v -1.564589 2.712435 0.517843
v 5.217999 1.994994 0.607029
v 5.458652 2.407581 0.600977
v 5.188808 1.995286 0.404906
v 5.609289 2.703521 0.495761
v 8.337404 0.033945 0.415191
v 3.695326 1.223436 -1.102682
v 1.369284 1.338932 -1.925763
v -0.197594 2.254236 -2.135306
v -0.144941 1.471069 -2.320278
v -1.960165 2.765058 -1.654850
v -0.144941 1.471069 -2.320278
v 10.734213 -0.841594 0.872168
v 9.259502 -0.802148 0.496259
v 9.273363 -1.038312 0.146785
v 7.459000 -0.869800 -0.527660
v 6.870125 -0.872111 -0.770854
v 6.019423 -0.552288 -1.356938
v 6.803062 -1.362992 -1.073182
v 7.969759 0.033945 -0.587715
v 5.517303 0.033945 -1.845833
v 6.080570 -0.518056 -1.502430
v 6.584923 -0.528898 -1.259601
v 11.050591 -0.910325 1.432074
v 10.644899 -0.767704 1.030912
v 5.239920 0.033945 -1.743774
v 7.423676 -0.761401 -0.850608
v 7.459000 -0.869800 -0.527660
v 8.059473 0.033945 -0.240451
v 6.934067 -0.761621 -1.074695
v 6.870125 -0.872111 -0.770854
v 6.584923 -0.528898 -1.259601
v 6.471577 -0.575137 -0.995052
v 5.965946 -0.594327 -1.748490
v 5.171942 0.033945 -2.088663
v 5.146667 -0.714295 -1.887569
v 6.019423 -0.552288 -1.356938
v 6.080570 -0.518056 -1.502430
v 5.115540 -0.717538 -1.653564
v 5.146667 -0.714295 -1.887569
v 4.405138 -0.813210 -1.811913
v 5.239920 0.033945 -1.743774
v 5.171942 0.033945 -2.088663
v 5.965946 -0.594327 -1.748490
v 7.423676 -0.761401 -0.850608
v 5.975700 -0.583562 -1.496330
v 6.471577 -0.575137 -0.995052
v 3.474888 0.033945 -1.999302
v 4.405138 -0.813210 -1.811913
v 3.256142 0.033945 -1.679300
v 4.306858 -0.869373 -1.320248
v 6.974804 -0.785797 -0.457587
v 5.048935 0.033945 -1.552237
v 5.055672 -0.750823 -1.242269
v 4.306858 -0.869373 -1.320248
v 3.256142 0.033945 -1.679300
v 6.974804 -0.785797 -0.457587
v 8.059473 0.033945 -0.240451
v 7.459000 -0.869800 -0.527660
v 5.975700 -0.583562 -1.496330
v 5.965946 -0.594327 -1.748490
v 5.055672 -0.750823 -1.242269
v 6.571392 -1.950742 -0.417469
v 6.934067 -0.761621 -1.074695
v 5.975700 -0.583562 -1.496330
v 5.115540 -0.717538 -1.653564
v 9.259502 0.870036 0.496259
v 10.734213 0.909478 0.872168
v 9.273363 1.106203 0.146785
v 7.459000 0.937688 -0.527660
v 6.019423 0.620175 -1.356939
v 6.870125 0.939995 -0.770854
v 6.803062 1.430878 -1.073182
v 6.080570 0.585943 -1.502430
v 6.584923 0.596781 -1.259601
v 10.644899 0.835592 1.030912
v 11.050591 0.978209 1.432073
v 5.517303 0.033945 -1.845833
v 5.239920 0.033945 -1.743774
v 7.423676 0.829288 -0.850608
v 7.459000 0.937688 -0.527660
v 6.934067 0.829507 -1.074695
v 6.870125 0.939995 -0.770854
v 6.584923 0.596781 -1.259601
v 6.471577 0.643020 -0.995052
v 5.965946 0.662213 -1.748490
v 5.146667 0.782178 -1.887569
v 6.019423 0.620175 -1.356939
v 6.080570 0.585943 -1.502430
v 5.146667 0.782178 -1.887569
v 5.115540 0.785425 -1.653564
v 4.405138 0.881096 -1.811914
v 5.171942 0.033945 -2.088663
v 5.239920 0.033945 -1.743774
v 5.965946 0.662213 -1.748490
v 7.423676 0.829288 -0.850608
v 5.975700 0.651448 -1.496330
v 6.471577 0.643020 -0.995052
v 4.405138 0.881096 -1.811914
v 3.474888 0.033945 -1.999302
v 3.256142 0.033945 -1.679300
v 4.306858 0.937256 -1.320248
v 6.974804 0.853684 -0.457587
v 5.055672 0.818710 -1.242269
v 4.306858 0.937256 -1.320248
v 6.974804 0.853684 -0.457587
v 7.459000 0.937688 -0.527660
v 5.975700 0.651448 -1.496330
v 5.965946 0.662213 -1.748490
v 6.571392 2.018629 -0.417469
v 5.055672 0.818710 -1.242269
v 5.239920 0.033945 -1.743774
v 6.934067 0.829507 -1.074695
v 5.975700 0.651448 -1.496330
v 5.115540 0.785425 -1.653564
v 6.571392 -1.950742 -0.417469
v 6.803062 -1.362992 -1.073182
v 6.571392 2.018629 -0.417469
v 6.803062 1.430878 -1.073182
v 6.571392 -1.950742 -0.417469
v 9.251842 -1.453112 0.904713
v 9.257030 -1.463822 0.895676
v 11.050591 -0.910325 1.432074
v 9.257038 1.531702 0.895670
v 9.251842 1.520992 0.904707
v 6.571392 2.018629 -0.417469
v 11.050591 0.978209 1.432073
v 9.257030 -1.463822 0.895676
v 11.050591 -0.910325 1.432074
v 10.734213 -0.841594 0.872168
v 10.644899 -0.767704 1.030912
v 11.050591 -0.910325 1.432074
v 9.251842 -1.453112 0.904713
v 9.273363 -1.038312 0.146785
v 9.259502 -0.802148 0.496259
v 9.257038 1.531702 0.895670
v 10.734213 0.909478 0.872168
v 11.050591 0.978209 1.432073
v 10.644899 0.835592 1.030912
v 9.251842 1.520992 0.904707
v 11.050591 0.978209 1.432073
v 9.273363 1.106203 0.146785
v 9.259502 0.870036 0.496259
v 7.354216 -0.113246 -1.203186
v 7.439257 0.033945 -1.150008
v 5.860382 -0.111421 -1.918322
v 5.860382 -0.111421 -1.918322
v 5.692127 0.033945 -1.990110
v 5.560041 0.033945 -1.856341
v 5.746826 -0.121594 -1.758088
v 7.431160 0.033945 -0.900802
v 7.439257 0.033945 -1.150008
v 7.354216 -0.113246 -1.203186
v 7.320566 -0.122698 -0.941154
v 5.692127 0.033945 -1.990110
v 5.860382 0.179304 -1.918322
v 5.560041 0.033945 -1.856341
v 5.692127 0.033945 -1.990110
v 5.860382 0.179304 -1.918322
v 5.746826 0.189476 -1.758089
v 7.431160 0.033945 -0.900802
v 7.320736 0.190584 -0.941069
v 7.354216 0.181129 -1.203186
v 7.439257 0.033945 -1.150008
v 7.354216 0.181129 -1.203186
v 5.560041 0.033945 -1.856341
v 5.746826 0.189476 -1.758089
v 7.320736 0.190584 -0.941069
v 7.431160 0.033945 -0.900802
v 7.320566 -0.122698 -0.941154
v 5.746826 -0.121594 -1.758088
v 5.983664 -0.236589 -1.892055
v 6.159632 -0.383009 -1.810863
v 7.181828 -0.383009 -1.320722
v 7.295053 -0.236585 -1.257034
v 6.159632 -0.383009 -1.810863
v 5.983664 -0.236589 -1.892055
v 5.804541 -0.207915 -1.687381
v 6.024717 -0.404271 -1.555503
v 7.275583 -0.207915 -0.954681
v 7.295053 -0.236585 -1.257034
v 7.181828 -0.383009 -1.320722
v 7.134710 -0.404271 -1.021096
v 5.983664 -0.236589 -1.892055
v 7.295053 -0.236585 -1.257034
v 7.275583 -0.207915 -0.954681
v 5.804541 -0.207915 -1.687381
v 7.134710 -0.404271 -1.021096
v 6.024717 -0.404271 -1.555503
v 5.804541 -0.207915 -1.687381
v 7.275583 -0.207915 -0.954681
v 7.181828 0.450895 -1.320722
v 6.159632 0.450895 -1.810863
v 5.983664 0.304476 -1.892055
v 7.295053 0.304476 -1.257034
v 5.804541 0.275802 -1.687381
v 5.983664 0.304476 -1.892055
v 6.159632 0.450895 -1.810863
v 6.024717 0.472157 -1.555504
v 7.275583 0.275798 -0.954681
v 7.134710 0.472154 -1.021096
v 7.181828 0.450895 -1.320722
v 7.295053 0.304476 -1.257034
v 7.275583 0.275798 -0.954681
v 7.295053 0.304476 -1.257034
v 5.983664 0.304476 -1.892055
v 5.804541 0.275802 -1.687381
v 5.804541 0.275802 -1.687381
v 6.024717 0.472157 -1.555504
v 7.134710 0.472154 -1.021096
v 7.275583 0.275798 -0.954681
v 1.790960 0.033945 2.426765
v 1.791634 0.238100 2.426766
v -0.454657 0.352185 2.426768
v -0.219992 0.033945 2.428012
v 1.791634 -0.170214 2.426766
v -0.454657 -0.284296 2.426768
v -37.122311 -1.859551 -1.690478
v -39.002167 2.188647 -3.156732
v -39.002167 -2.120539 3.123753
v -37.122311 1.927660 1.657500
v -2.075043 -3.065986 0.839147
v 1.534750 -3.064362 0.843566
v -1.474863 -2.897617 -0.905253
v -5.932297 -2.933209 -0.885068
v -4.732161 -3.066001 0.839149
v -1.736200 -2.178234 -2.440265
v -6.832951 -2.177778 -2.315057
v -8.830490 0.034057 -2.301534
v -10.519459 0.034057 -1.918398
v -10.520775 -0.290721 -1.906292
v -8.807728 -1.666990 -2.047799
v -7.455566 -1.666308 -2.343124
v -6.849026 -0.931097 -2.746326
v -7.899441 0.034057 -2.550345
v -2.246397 -1.236329 -2.343736
v -0.164606 0.034058 -2.320529
v -6.852913 0.034057 -2.367327
v -5.414112 -0.771472 -2.353264
v -5.394594 -1.071130 -2.747354
v -2.464884 -1.386972 -2.747250
v -1.170387 -2.201624 -2.234689
v -2.464884 -1.386972 -2.747250
v -5.394594 -1.071130 -2.747354
v -0.144924 -1.402947 -2.320271
v -0.197590 -2.186110 -2.135306
v -2.075043 -3.065986 0.839147
v -2.075043 -2.236478 0.839145
v 1.534750 -2.213526 0.843688
v 1.534750 -3.064362 0.843566
v -7.455566 -1.666308 -2.343124
v -6.297873 -2.519205 -0.885074
v -6.832951 -2.177778 -2.315057
v -5.932297 -2.933209 -0.885068
v -4.997744 -2.557289 0.824673
v -4.732161 -3.066001 0.839149
v -6.540022 -2.705185 -0.371828
v -6.569439 -2.534965 0.825948
v -4.997744 -2.557289 0.824673
v -7.455570 -1.666307 -0.017260
v -6.540022 -2.705185 -0.371828
v -6.297873 -2.519205 -0.885074
v -7.455566 -1.666308 -2.343124
v -10.520779 -0.290721 -0.017327
v -8.807728 -1.666990 -0.017258
v -8.807728 -1.666990 -2.047799
v -10.520775 -0.290721 -1.906292
v -7.455566 -1.666308 -2.343124
v -10.519459 0.034057 -0.017396
v -10.519459 0.034057 -1.918398
v -1.170387 -2.201624 -2.234689
v -1.736200 -2.178234 -2.440265
v -0.229256 -2.394627 -2.024078
v 1.534750 3.132478 0.843565
v -2.075043 3.134101 0.839146
v -4.732162 3.134116 0.839148
v -5.932301 3.001323 -0.885068
v -1.474863 2.965733 -0.905253
v -6.832954 2.245891 -2.315058
v -1.736200 2.246349 -2.440265
v -10.520775 0.358835 -1.906292
v -8.807728 1.735103 -2.047799
v -7.455566 1.734422 -2.343125
v -6.849026 0.999211 -2.746326
v -2.246397 1.304444 -2.343737
v -5.414112 0.839587 -2.353264
v -5.394594 1.139243 -2.747354
v -2.464884 1.455087 -2.747250
v -1.170387 2.269739 -2.234690
v -5.394594 1.139243 -2.747354
v -2.464884 1.455087 -2.747250
v -0.144924 1.471062 -2.320272
v -0.197590 2.254225 -2.135306
v 1.534750 2.281642 0.843688
v -2.075043 2.304593 0.839144
v -2.075043 3.134101 0.839146
v 1.534750 3.132478 0.843565
v -6.297873 2.587321 -0.885074
v -7.455566 1.734422 -2.343125
v -6.832954 2.245891 -2.315058
v -4.997747 2.625401 0.824673
v -5.932301 3.001323 -0.885068
v -4.732162 3.134116 0.839148
v -4.997747 2.625401 0.824673
v -6.569443 2.603080 0.825947
v -6.540026 2.773300 -0.371828
v -6.297873 2.587321 -0.885074
v -6.540026 2.773300 -0.371828
v -7.455570 1.734422 -0.017260
v -7.455566 1.734422 -2.343125
v -8.807728 1.735103 -2.047799
v -8.807728 1.735104 -0.017258
v -10.520779 0.358835 -0.017327
v -10.520775 0.358835 -1.906292
v -7.455566 1.734422 -2.343125
v -1.170387 2.269739 -2.234690
v -1.736200 2.246349 -2.440265
v -0.229256 2.462742 -2.024078
v -1.199619 -2.104278 -2.370749
v 0.052794 -2.275323 2.353524
vn -0.0000 0.0872 0.9962
vn -0.1223 0.0380 0.9918
vn -0.1222 0.0380 0.9918
vn -0.0000 0.0872 -0.9962
vn -0.1223 0.0380 -0.9918
vn -0.0000 -0.0872 0.9962
vn -0.1223 -0.0380 0.9918
vn -0.1222 -0.0380 0.9918
vn -0.0000 -0.0872 -0.9962
vn -0.1223 -0.0380 -0.9918
vn 0.1771 0.3867 -0.9050
vn 0.1913 -0.0000 -0.9815
vn 0.1770 -0.0000 -0.9842
vn 0.1272 0.2691 -0.9547
vn 0.1591 0.4502 -0.8786
vn 0.0912 0.3201 -0.9430
vn 0.0800 0.3390 -0.9374
vn 0.0872 0.3281 -0.9406
vn 0.0934 0.4036 -0.9102
vn 0.0575 0.3812 -0.9227
vn -0.0005 -0.0239 -0.9997
vn -0.0418 -0.0380 -0.9984
vn -0.0369 0.2286 -0.9728
vn -0.1053 0.1200 -0.9872
vn -0.0648 -0.0598 -0.9961
vn -0.1476 -0.0000 -0.9890
vn -0.1271 -0.4061 -0.9049
vn -0.0229 -0.0780 -0.9967
vn 0.1031 0.4242 -0.8997
vn 0.0675 0.3033 -0.9505
vn 0.0062 -0.0191 -0.9998
vn -0.0032 -0.0455 -0.9990
vn -0.1075 -0.4339 -0.8945
vn -0.0872 -0.4622 -0.8825
vn -0.0676 -0.4603 -0.8852
vn -0.0433 -0.3268 -0.9441
vn -0.0288 -0.2105 -0.9772
vn 0.0354 -0.0000 -0.9994
vn 0.0635 0.2167 -0.9742
vn 0.0521 0.1946 -0.9795
vn 0.0772 0.1227 -0.9894
vn 0.0759 -0.0000 -0.9971
vn 0.0970 -0.0000 -0.9953
vn 0.1771 0.3867 0.9050
vn 0.1272 0.2691 0.9547
vn 0.1770 -0.0000 0.9842
vn 0.1913 -0.0000 0.9815
vn 0.1591 0.4502 0.8786
vn 0.0912 0.3201 0.9430
vn 0.0800 0.3390 0.9374
vn 0.0934 0.4036 0.9102
vn 0.0872 0.3281 0.9406
vn 0.0575 0.3812 0.9227
vn -0.0369 0.2286 0.9728
vn -0.0418 -0.0380 0.9984
vn -0.0005 -0.0239 0.9997
vn -0.1053 0.1200 0.9872
vn -0.0648 -0.0598 0.9961
vn -0.1476 -0.0000 0.9890
vn -0.0228 -0.0780 0.9967
vn -0.1271 -0.4061 0.9049
vn 0.0675 0.3033 0.9505
vn 0.1031 0.4242 0.8997
vn 0.0062 -0.0191 0.9998
vn -0.0872 -0.4622 0.8825
vn -0.1075 -0.4339 0.8945
vn -0.0032 -0.0455 0.9990
vn -0.0676 -0.4603 0.8852
vn -0.0433 -0.3268 0.9441
vn -0.0288 -0.2105 0.9772
vn 0.0354 -0.0000 0.9994
vn 0.0635 0.2167 0.9742
vn 0.0521 0.1946 0.9795
vn 0.0759 -0.0000 0.9971
vn 0.0772 0.1227 0.9894
vn 0.0970 -0.0000 0.9953
vn 0.1771 -0.3867 -0.9050
vn 0.1272 -0.2691 -0.9547
vn 0.1591 -0.4502 -0.8786
vn 0.0912 -0.3201 -0.9430
vn 0.0800 -0.3390 -0.9374
vn 0.0934 -0.4036 -0.9102
vn 0.0872 -0.3281 -0.9406
vn 0.0575 -0.3812 -0.9227
vn -0.0369 -0.2286 -0.9728
vn -0.0418 0.0380 -0.9984
vn -0.0005 0.0239 -0.9997
vn -0.1053 -0.1200 -0.9872
vn -0.0648 0.0598 -0.9961
vn -0.0228 0.0780 -0.9967
vn -0.1271 0.4061 -0.9049
vn 0.0675 -0.3033 -0.9505
vn 0.1031 -0.4242 -0.8997
vn 0.0062 0.0191 -0.9998
vn -0.0873 0.4621 -0.8825
vn -0.1075 0.4339 -0.8945
vn -0.0031 0.0455 -0.9990
vn -0.0676 0.4603 -0.8852
vn -0.0433 0.3268 -0.9441
vn -0.0288 0.2105 -0.9772
vn 0.0635 -0.2167 -0.9742
vn 0.0521 -0.1946 -0.9795
vn 0.0772 -0.1227 -0.9894
vn 0.1771 -0.3867 0.9050
vn 0.1272 -0.2691 0.9547
vn 0.1591 -0.4502 0.8786
vn 0.0912 -0.3201 0.9430
vn 0.0800 -0.3390 0.9374
vn 0.0872 -0.3281 0.9406
vn 0.0934 -0.4036 0.9102
vn 0.0575 -0.3812 0.9227
vn -0.0005 0.0239 0.9997
vn -0.0418 0.0380 0.9984
vn -0.0369 -0.2286 0.9728
vn -0.1053 -0.1200 0.9872
vn -0.0648 0.0598 0.9961
vn -0.1272 0.4061 0.9049
vn -0.0229 0.0780 0.9967
vn 0.1031 -0.4242 0.8997
vn 0.0675 -0.3033 0.9505
vn 0.0062 0.0191 0.9998
vn -0.0032 0.0455 0.9990
vn -0.1074 0.4338 0.8946
vn -0.0872 0.4622 0.8825
vn -0.0676 0.4603 0.8852
vn -0.0433 0.3268 0.9441
vn -0.0288 0.2105 0.9772
vn 0.0634 -0.2167 0.9742
vn 0.0521 -0.1946 0.9795
vn 0.0772 -0.1227 0.9894
vn -0.1000 -0.0224 -0.9947
vn 0.1021 -0.0375 -0.9941
vn 0.0276 -0.0506 -0.9983
vn -0.0766 0.0363 -0.9964
vn 0.1587 -0.0019 -0.9873
vn 0.1273 -0.0254 -0.9915
vn -0.1469 0.0281 -0.9888
vn 0.2080 -0.0854 -0.9744
vn 0.0319 -0.0621 -0.9976
vn 0.2981 -0.0147 -0.9544
vn 0.2620 -0.0179 -0.9649
vn -0.0036 -0.0870 -0.9962
vn -0.1558 -0.0537 -0.9863
vn 0.2081 -0.0809 -0.9747
vn 0.0970 0.0242 -0.9950
vn 0.1385 -0.0501 -0.9891
vn 0.1460 0.0086 -0.9892
vn -0.0688 0.0790 -0.9945
vn 0.0176 0.0383 -0.9991
vn 0.2313 -0.0309 -0.9724
vn -0.1962 -0.0385 -0.9798
vn -0.2429 0.1097 -0.9638
vn -0.2544 0.0602 -0.9652
vn 0.1011 -0.0252 -0.9946
vn -0.1000 -0.0224 0.9947
vn 0.0276 -0.0506 0.9983
vn 0.1021 -0.0375 0.9941
vn 0.1273 -0.0254 0.9915
vn 0.1587 -0.0019 0.9873
vn -0.0766 0.0363 0.9964
vn -0.1468 0.0282 0.9888
vn 0.0319 -0.0621 0.9976
vn 0.2083 -0.0854 0.9743
vn 0.2620 -0.0179 0.9649
vn 0.2981 -0.0147 0.9544
vn -0.0036 -0.0870 0.9962
vn -0.1558 -0.0537 0.9863
vn 0.2081 -0.0809 0.9747
vn 0.0970 0.0242 0.9950
vn 0.1460 0.0086 0.9892
vn 0.1385 -0.0502 0.9891
vn -0.0688 0.0790 0.9945
vn 0.0176 0.0383 0.9991
vn 0.2313 -0.0309 0.9724
vn -0.1962 -0.0385 0.9798
vn -0.2429 0.1097 0.9638
vn -0.2543 0.0602 0.9652
vn 0.1011 -0.0252 0.9946
vn 0.1724 -0.1400 -0.9750
vn -0.0438 0.0744 -0.9963
vn -0.0509 0.0755 -0.9959
vn 0.1882 -0.1429 -0.9717
vn -0.0000 0.0554 -0.9985
vn 0.1028 0.1184 -0.9876
vn -0.1360 0.3109 -0.9407
vn -0.0047 0.0243 -0.9997
vn 0.1142 -0.1714 -0.9786
vn -0.1632 0.1392 -0.9767
vn -0.0213 -0.0290 -0.9994
vn -0.0679 -0.0519 -0.9963
vn 0.0351 0.0035 -0.9994
vn -0.1655 0.1648 -0.9723
vn 0.0356 -0.2332 -0.9718
vn 0.0578 -0.2155 -0.9748
vn -0.0892 -0.0465 -0.9949
vn -0.1270 0.2446 -0.9613
vn -0.0031 0.0676 -0.9977
vn 0.1423 -0.2542 -0.9566
vn 0.0203 0.0100 -0.9997
vn 0.0326 -0.3569 -0.9336
vn 0.0166 0.3088 -0.9510
vn 0.0208 -0.1846 -0.9826
vn -0.0290 0.3165 -0.9481
vn -0.2940 0.2943 -0.9094
vn -0.2545 0.2861 -0.9238
vn 0.0211 -0.3777 -0.9257
vn -0.0509 0.0755 0.9959
vn -0.0438 0.0744 0.9963
vn 0.1724 -0.1400 0.9750
vn 0.1882 -0.1429 0.9717
vn -0.1360 0.3109 0.9407
vn 0.1028 0.1183 0.9876
vn -0.0000 0.0554 0.9985
vn -0.0047 0.0243 0.9997
vn 0.1142 -0.1714 0.9786
vn -0.0213 -0.0290 0.9994
vn -0.1632 0.1393 0.9767
vn -0.0679 -0.0519 0.9963
vn 0.0351 0.0035 0.9994
vn -0.1655 0.1648 0.9723
vn 0.0356 -0.2332 0.9718
vn 0.0578 -0.2155 0.9748
vn -0.0892 -0.0465 0.9949
vn -0.0031 0.0676 0.9977
vn -0.1270 0.2446 0.9613
vn 0.1423 -0.2542 0.9566
vn 0.0326 -0.3569 0.9336
vn 0.0203 0.0100 0.9997
vn 0.0166 0.3088 0.9510
vn -0.0290 0.3165 0.9481
vn 0.0208 -0.1846 0.9826
vn -0.2939 0.2943 0.9094
vn -0.2545 0.2861 0.9238
vn 0.0211 -0.3777 0.9257
vn -0.0509 -0.0755 -0.9959
vn -0.0438 -0.0744 -0.9963
vn 0.1724 0.1400 -0.9750
vn 0.1882 0.1429 -0.9717
vn -0.0000 -0.0554 -0.9985
vn -0.0047 -0.0243 -0.9997
vn -0.1360 -0.3109 -0.9407
vn 0.1028 -0.1184 -0.9876
vn 0.1142 0.1714 -0.9786
vn -0.1632 -0.1393 -0.9767
vn 0.0351 -0.0035 -0.9994
vn -0.1655 -0.1648 -0.9723
vn -0.0213 0.0290 -0.9994
vn -0.0679 0.0519 -0.9963
vn 0.0356 0.2332 -0.9718
vn 0.0578 0.2155 -0.9748
vn -0.0892 0.0465 -0.9949
vn -0.0031 -0.0676 -0.9977
vn -0.1270 -0.2446 -0.9613
vn 0.1423 0.2542 -0.9566
vn 0.0326 0.3569 -0.9336
vn 0.0203 -0.0100 -0.9997
vn 0.0166 -0.3088 -0.9510
vn -0.0290 -0.3165 -0.9481
vn 0.0208 0.1846 -0.9826
vn -0.2940 -0.2943 -0.9094
vn -0.2545 -0.2861 -0.9238
vn 0.0211 0.3777 -0.9257
vn 0.1724 0.1400 0.9750
vn -0.0439 -0.0744 0.9963
vn -0.0509 -0.0755 0.9959
vn 0.1882 0.1429 0.9717
vn -0.0000 -0.0554 0.9985
vn 0.1028 -0.1184 0.9876
vn -0.1360 -0.3109 0.9407
vn -0.0047 -0.0243 0.9997
vn 0.1142 0.1714 0.9786
vn 0.0351 -0.0035 0.9994
vn -0.1632 -0.1393 0.9767
vn -0.1655 -0.1648 0.9723
vn -0.0213 0.0290 0.9994
vn -0.0679 0.0519 0.9963
vn 0.0356 0.2332 0.9718
vn 0.0578 0.2155 0.9748
vn -0.0892 0.0465 0.9949
vn -0.1270 -0.2446 0.9613
vn -0.0031 -0.0676 0.9977
vn 0.1423 0.2542 0.9566
vn 0.0203 -0.0100 0.9997
vn 0.0326 0.3569 0.9336
vn 0.0166 -0.3088 0.9510
vn 0.0208 0.1846 0.9826
vn -0.0290 -0.3165 0.9481
vn -0.2940 -0.2943 0.9094
vn -0.2545 -0.2861 0.9238
vn 0.0211 0.3777 0.9257
vn -0.1000 0.0224 -0.9947
vn 0.0276 0.0506 -0.9983
vn 0.1021 0.0375 -0.9941
vn 0.1273 0.0254 -0.9915
vn 0.1587 0.0019 -0.9873
vn -0.0766 -0.0363 -0.9964
vn -0.1469 -0.0281 -0.9888
vn 0.0319 0.0621 -0.9976
vn 0.2083 0.0854 -0.9743
vn 0.2620 0.0179 -0.9649
vn 0.2981 0.0147 -0.9544
vn -0.0036 0.0870 -0.9962
vn -0.1558 0.0537 -0.9863
vn 0.2081 0.0809 -0.9747
vn 0.0970 -0.0242 -0.9950
vn 0.1460 -0.0086 -0.9892
vn 0.1385 0.0501 -0.9891
vn -0.0688 -0.0790 -0.9945
vn 0.0176 -0.0383 -0.9991
vn 0.2313 0.0309 -0.9724
vn -0.1962 0.0385 -0.9798
vn -0.2429 -0.1097 -0.9638
vn -0.2543 -0.0602 -0.9652
vn 0.1011 0.0252 -0.9946
vn -0.1000 0.0224 0.9947
vn 0.1020 0.0375 0.9941
vn 0.0276 0.0506 0.9983
vn -0.0766 -0.0363 0.9964
vn 0.1587 0.0019 0.9873
vn 0.1273 0.0254 0.9915
vn -0.1469 -0.0281 0.9888
vn 0.2080 0.0854 0.9744
vn 0.0319 0.0621 0.9976
vn 0.2981 0.0147 0.9544
vn 0.2620 0.0179 0.9649
vn -0.0036 0.0870 0.9962
vn -0.1557 0.0538 0.9863
vn 0.2081 0.0809 0.9747
vn 0.0970 -0.0242 0.9950
vn 0.1385 0.0501 0.9891
vn 0.1460 -0.0086 0.9892
vn -0.0688 -0.0790 0.9945
vn 0.0176 -0.0383 0.9991
vn 0.2313 0.0309 0.9724
vn -0.1962 0.0385 0.9798
vn -0.2429 -0.1097 0.9638
vn -0.2544 -0.0602 0.9652
vn 0.1011 0.0252 0.9946
vn 0.9509 0.3095 -0.0000
vn 0.7867 0.2465 0.5660
vn 0.7976 0.2010 0.5688
vn 0.9685 0.2492 -0.0000
vn 0.0366 0.2198 0.9749
vn 0.0636 0.2298 0.9712
vn 0.7711 0.3364 0.5405
vn -0.5621 -0.1236 0.8178
vn -0.6485 -0.0682 0.7581
vn -0.6718 -0.1190 0.7311
vn 0.9022 -0.0384 0.4297
vn 0.9998 -0.0219 -0.0000
vn 0.9966 0.0826 -0.0000
vn 0.8817 0.0837 0.4644
vn -0.9395 0.1078 0.3253
vn -0.8982 0.3725 0.2332
vn -0.9305 0.3663 -0.0000
vn -0.9878 0.1558 -0.0000
vn 0.5492 -0.2436 0.7994
vn -0.1653 -0.1886 0.9680
vn -0.0734 -0.0985 0.9924
vn -0.6152 -0.3277 0.7170
vn -0.2113 -0.3056 0.9284
vn 0.0462 0.0337 0.9984
vn -0.2399 0.0577 0.9691
vn -0.8953 0.0120 0.4454
vn -0.8797 0.4710 0.0650
vn -0.8989 0.4381 -0.0000
vn -0.7197 0.4018 0.5661
vn 0.9860 0.1666 -0.0000
vn 0.8372 0.1698 0.5198
vn 0.7781 0.3034 0.5500
vn -0.2558 -0.4654 0.8473
vn 0.1442 -0.4006 0.9048
vn -0.1615 -0.2448 0.9560
vn -0.6773 -0.7357 -0.0000
vn -0.6541 -0.5905 0.4727
vn -0.7574 -0.6530 -0.0000
vn -0.3792 -0.1631 0.9108
vn -0.1881 -0.1521 0.9703
vn -0.0273 -0.2274 0.9734
vn -0.4417 -0.2158 0.8708
vn 0.0688 -0.0109 0.9976
vn -0.0317 -0.1437 0.9891
vn -0.4455 -0.2145 0.8692
vn -0.1160 -0.0965 0.9886
vn -0.2352 -0.1859 0.9540
vn -0.2637 -0.0107 0.9645
vn 0.2915 0.0542 0.9550
vn 0.0395 0.1491 0.9880
vn -0.3209 -0.0588 0.9453
vn 0.2676 0.0162 0.9634
vn -0.3527 -0.2121 0.9114
vn 0.2134 -0.1107 0.9707
vn -0.3368 -0.4164 0.8445
vn 0.2014 -0.3083 0.9297
vn -0.8732 -0.1877 0.4497
vn -0.8603 -0.3625 0.3583
vn -0.8465 -0.2940 0.4437
vn -0.7774 -0.5232 0.3492
vn -0.6636 -0.6220 0.4157
vn -0.0682 -0.5682 0.8201
vn 0.5510 -0.6833 0.4790
vn 0.1625 -0.3716 0.9140
vn -0.0575 -0.0513 0.9970
vn 0.5211 0.1886 0.8324
vn -0.7070 -0.3998 0.5833
vn 0.0685 0.1514 0.9861
vn -0.2677 0.0961 0.9587
vn 0.9324 0.3615 -0.0000
vn -0.5049 -0.1650 0.8473
vn 0.4487 0.1781 0.8757
vn 0.4081 0.1136 0.9059
vn 0.4503 0.1488 0.8804
vn -0.8219 -0.5696 -0.0000
vn -0.7297 -0.6838 -0.0000
vn -0.6330 -0.6738 0.3812
vn -0.6918 -0.7220 -0.0000
vn -0.6455 -0.4425 0.6226
vn -0.1617 -0.5451 0.8226
vn -0.5718 -0.5372 0.6201
vn 0.9148 -0.3796 0.1379
vn 0.9237 -0.3832 -0.0000
vn 0.7154 -0.6987 -0.0000
vn -0.8802 -0.4746 -0.0000
vn -0.6515 -0.7587 -0.0000
vn 0.7896 -0.6136 -0.0000
vn 0.7888 -0.6129 0.0456
vn -0.7162 -0.5677 0.4059
vn 0.9169 0.3992 -0.0000
vn 0.9086 0.4178 -0.0000
vn 0.9070 0.4170 0.0588
vn 0.5708 0.1621 0.8049
vn 0.6603 0.1026 0.7439
vn 0.7679 -0.0090 0.6405
vn -0.8812 0.4728 -0.0000
vn 0.2449 -0.3313 0.9112
vn 0.5491 -0.2436 0.7994
vn 0.7976 0.2010 -0.5688
vn 0.7866 0.2467 -0.5660
vn 0.0366 0.2198 -0.9749
vn 0.7711 0.3364 -0.5405
vn 0.0636 0.2298 -0.9712
vn -0.5621 -0.1236 -0.8178
vn -0.6718 -0.1190 -0.7311
vn -0.6485 -0.0683 -0.7581
vn 0.9022 -0.0384 -0.4297
vn 0.8817 0.0837 -0.4644
vn -0.9395 0.1078 -0.3252
vn -0.8982 0.3725 -0.2332
vn 0.5492 -0.2436 -0.7994
vn -0.1653 -0.1886 -0.9680
vn -0.0734 -0.0985 -0.9924
vn -0.2114 -0.3057 -0.9284
vn -0.6153 -0.3277 -0.7170
vn -0.2399 0.0577 -0.9691
vn 0.0462 0.0337 -0.9984
vn -0.8797 0.4710 -0.0650
vn -0.7198 0.4018 -0.5661
vn 0.8373 0.1698 -0.5198
vn 0.7781 0.3034 -0.5500
vn 0.0701 -0.3135 -0.9470
vn 0.1442 -0.4006 -0.9048
vn -0.2557 -0.4654 -0.8474
vn -0.6541 -0.5904 -0.4728
vn -0.3792 -0.1631 -0.9108
vn -0.0275 -0.2272 -0.9735
vn -0.1884 -0.1521 -0.9702
vn -0.4417 -0.2158 -0.8708
vn -0.4455 -0.2145 -0.8692
vn -0.0318 -0.1440 -0.9891
vn 0.0688 -0.0109 -0.9976
vn -0.1140 -0.0969 -0.9888
vn -0.1976 -0.2202 -0.9552
vn -0.2612 -0.0112 -0.9652
vn 0.0430 0.1478 -0.9881
vn 0.2917 0.0539 -0.9550
vn -0.3160 -0.0632 -0.9467
vn 0.2675 0.0161 -0.9634
vn 0.2128 -0.1106 -0.9708
vn -0.4728 -0.1846 -0.8616
vn 0.2006 -0.3083 -0.9299
vn -0.3383 -0.4150 -0.8446
vn -0.8610 -0.3628 -0.3565
vn -0.8085 -0.4016 -0.4302
vn -0.7774 -0.5233 -0.3491
vn -0.6634 -0.6222 -0.4156
vn -0.0689 -0.5672 -0.8207
vn 0.5510 -0.6833 -0.4790
vn -0.0751 -0.4746 -0.8770
vn -0.0576 -0.0514 -0.9970
vn 0.5217 0.1885 -0.8320
vn -0.7070 -0.3998 -0.5833
vn -0.2678 0.0961 -0.9587
vn 0.0685 0.1514 -0.9861
vn -0.8370 0.0170 -0.5469
vn -0.9394 0.1078 -0.3253
vn -0.5049 -0.1650 -0.8473
vn 0.4487 0.1781 -0.8757
vn 0.4081 0.1136 -0.9059
vn 0.4503 0.1488 -0.8804
vn -0.6330 -0.6738 -0.3812
vn -0.6455 -0.4425 -0.6226
vn -0.1617 -0.5451 -0.8226
vn -0.5718 -0.5372 -0.6200
vn 0.9149 -0.3795 -0.1379
vn 0.7154 -0.6987 -0.0001
vn 0.7888 -0.6129 -0.0456
vn 0.9070 0.4170 -0.0588
vn 0.5708 0.1621 -0.8049
vn 0.6603 0.1026 -0.7439
vn 0.7679 -0.0090 -0.6405
vn 0.5491 -0.2436 -0.7994
vn 0.2449 -0.3313 -0.9112
vn -0.8376 -0.0379 -0.5450
vn 0.0920 0.9958 -0.0000
vn 0.2658 0.8775 0.3991
vn 0.2705 0.9627 -0.0000
vn -0.1182 0.8949 0.4303
vn -0.0615 0.8195 0.5697
vn 0.0133 0.9999 -0.0000
vn -0.3568 -0.7715 0.5267
vn -0.5669 -0.5087 0.6479
vn -0.6996 -0.6377 0.3224
vn -0.4183 -0.8839 0.2089
vn -0.1217 -0.6381 0.7603
vn -0.3771 -0.8137 0.4423
vn -0.2342 -0.7016 0.6730
vn -0.5207 -0.4176 0.7447
vn -0.2817 -0.7399 0.6109
vn -0.0899 -0.9229 0.3743
vn -0.5133 -0.3984 0.7601
vn -0.6361 -0.4017 0.6588
vn -0.6688 -0.3946 0.6301
vn -0.6607 -0.4087 0.6296
vn -0.7036 -0.4436 0.5552
vn 0.2036 0.6442 0.7373
vn 0.2960 0.6946 0.6557
vn 0.2986 0.8587 0.4165
vn 0.0649 0.8027 0.5929
vn 0.4126 -0.9109 -0.0000
vn 0.2855 -0.7979 0.5309
vn 0.2305 -0.9227 0.3090
vn 0.6212 0.4055 0.6705
vn 0.5903 0.4106 0.6949
vn 0.6034 0.5626 0.5651
vn 0.4293 0.8083 0.4030
vn -0.0019 -0.7226 0.6912
vn 0.0998 -0.4269 0.8988
vn -0.0586 -0.8206 0.5685
vn -0.5132 -0.3984 0.7602
vn 0.0660 0.5143 0.8551
vn 0.4594 0.2809 0.8427
vn 0.3081 0.4471 0.8397
vn 0.4594 0.2808 0.8427
vn 0.5170 0.2911 0.8050
vn 0.5292 0.3297 0.7818
vn -0.1490 -0.3581 0.9217
vn 0.1436 0.3632 0.9206
vn 0.1000 0.5286 0.8429
vn 0.2078 0.3542 0.9118
vn -0.1201 -0.4520 0.8839
vn 0.4122 0.2994 0.8605
vn 0.1372 -0.0582 0.9888
vn 0.2217 -0.3836 0.8965
vn 0.2614 -0.6732 0.6917
vn -0.4383 -0.5228 0.7312
vn -0.3054 -0.7044 0.6407
vn -0.1768 -0.9225 0.3432
vn -0.2577 -0.8382 0.4806
vn 0.0684 -0.9550 0.2886
vn -0.0648 -0.8820 0.4667
vn 0.2608 -0.9284 0.2648
vn 0.7789 0.3322 0.5320
vn 0.4757 0.5623 0.6764
vn 0.2294 0.6786 0.6978
vn 0.1196 0.7015 0.7026
vn 0.3081 0.4472 0.8397
vn -0.4584 -0.4839 0.7455
vn 0.0999 -0.4268 0.8988
vn -0.1186 -0.9929 -0.0000
vn 0.0330 -0.9244 0.3799
vn -0.0131 -0.8570 0.5152
vn -0.7644 -0.5700 0.3015
vn -0.4793 -0.7804 0.4015
vn -0.1961 -0.8703 0.4518
vn -0.1443 -0.8647 0.4811
vn 0.9567 0.2911 -0.0000
vn 0.8851 0.3039 0.3525
vn 0.9696 0.2447 -0.0000
vn -0.1035 -0.9946 -0.0000
vn 0.0947 -0.9955 -0.0000
vn 0.2688 -0.9632 -0.0000
vn -0.0743 -0.9972 -0.0000
vn 0.1461 -0.9893 -0.0000
vn 0.2541 0.9672 -0.0000
vn 0.1266 0.9920 -0.0000
vn 0.7786 0.3075 0.5470
vn -0.0772 -0.5645 0.8218
vn 0.4674 0.6818 0.5628
vn 0.4480 0.6207 0.6435
vn 0.6118 0.4398 0.6575
vn -0.1190 0.5872 0.8006
vn 0.2950 0.9555 -0.0000
vn -0.6996 -0.6377 -0.3224
vn -0.4183 -0.8839 -0.2089
vn -0.7644 -0.5700 -0.3015
vn 0.2658 0.8775 -0.3991
vn -0.0615 0.8195 -0.5697
vn -0.3568 -0.7715 -0.5267
vn -0.5669 -0.5087 -0.6479
vn -0.1217 -0.6381 -0.7603
vn -0.2342 -0.7016 -0.6730
vn -0.3771 -0.8137 -0.4423
vn -0.5207 -0.4175 -0.7447
vn -0.2817 -0.7399 -0.6109
vn -0.0899 -0.9229 -0.3743
vn -0.6361 -0.4017 -0.6588
vn -0.5133 -0.3984 -0.7601
vn -0.6688 -0.3946 -0.6301
vn -0.6827 -0.4143 -0.6019
vn -0.6607 -0.4087 -0.6296
vn 0.2960 0.6946 -0.6557
vn 0.2986 0.8587 -0.4165
vn 0.4480 0.6207 -0.6435
vn 0.0649 0.8027 -0.5929
vn 0.2305 -0.9227 -0.3090
vn 0.2855 -0.7979 -0.5309
vn 0.6212 0.4055 -0.6705
vn 0.4293 0.8082 -0.4030
vn 0.6034 0.5626 -0.5652
vn 0.5903 0.4106 -0.6949
vn -0.0019 -0.7226 -0.6912
vn -0.0586 -0.8206 -0.5685
vn 0.0998 -0.4269 -0.8988
vn -0.5132 -0.3985 -0.7601
vn 0.0660 0.5143 -0.8551
vn 0.3081 0.4471 -0.8397
vn 0.4594 0.2809 -0.8427
vn 0.4594 0.2808 -0.8427
vn 0.5170 0.2911 -0.8050
vn 0.5292 0.3297 -0.7818
vn -0.1490 -0.3581 -0.9217
vn 0.1000 0.5286 -0.8429
vn 0.1436 0.3632 -0.9206
vn 0.2078 0.3542 -0.9118
vn -0.1201 -0.4520 -0.8839
vn 0.4122 0.2994 -0.8605
vn 0.1372 -0.0582 -0.9888
vn 0.2217 -0.3836 -0.8965
vn 0.2614 -0.6732 -0.6917
vn -0.4383 -0.5228 -0.7312
vn -0.3054 -0.7044 -0.6407
vn -0.1768 -0.9225 -0.3432
vn -0.2577 -0.8382 -0.4807
vn 0.0684 -0.9550 -0.2886
vn -0.0648 -0.8820 -0.4667
vn 0.2608 -0.9284 -0.2648
vn 0.7789 0.3322 -0.5320
vn 0.4757 0.5623 -0.6764
vn 0.2294 0.6786 -0.6978
vn 0.1196 0.7015 -0.7026
vn 0.3081 0.4472 -0.8397
vn -0.4584 -0.4839 -0.7455
vn 0.0999 -0.4268 -0.8988
vn -0.0131 -0.8570 -0.5152
vn 0.0330 -0.9244 -0.3799
vn -0.4793 -0.7804 -0.4015
vn -0.1443 -0.8647 -0.4811
vn -0.1961 -0.8703 -0.4518
vn 0.8851 0.3039 -0.3525
vn 0.7786 0.3075 -0.5470
vn -0.0772 -0.5645 -0.8218
vn 0.5014 0.5612 -0.6585
vn 0.6118 0.4398 -0.6575
vn -0.1814 0.5996 -0.7794
vn -0.1190 0.5872 -0.8006
vn 0.2036 0.6442 -0.7373
vn 0.0920 -0.9958 -0.0000
vn 0.2707 -0.9627 -0.0000
vn 0.2658 -0.8776 0.3990
vn -0.1182 -0.8949 0.4303
vn 0.0133 -0.9999 -0.0000
vn -0.0615 -0.8195 0.5697
vn -0.3568 0.7715 0.5267
vn -0.4183 0.8839 0.2089
vn -0.6996 0.6377 0.3224
vn -0.5669 0.5087 0.6479
vn -0.1217 0.6381 0.7603
vn -0.2342 0.7016 0.6730
vn -0.3771 0.8137 0.4423
vn -0.5207 0.4176 0.7447
vn -0.2817 0.7399 0.6109
vn -0.0899 0.9229 0.3743
vn -0.6361 0.4017 0.6588
vn -0.5133 0.3984 0.7601
vn -0.6688 0.3946 0.6301
vn -0.7036 0.4436 0.5552
vn -0.6607 0.4087 0.6296
vn 0.2960 -0.6946 0.6557
vn 0.2986 -0.8587 0.4165
vn 0.4480 -0.6207 0.6435
vn 0.0649 -0.8027 0.5929
vn 0.4126 0.9109 -0.0000
vn 0.2305 0.9227 0.3090
vn 0.2855 0.7979 0.5309
vn 0.6212 -0.4055 0.6706
vn 0.4293 -0.8083 0.4030
vn 0.6034 -0.5626 0.5651
vn 0.5903 -0.4106 0.6949
vn -0.0020 0.7226 0.6913
vn -0.0586 0.8206 0.5685
vn 0.0998 0.4269 0.8988
vn -0.5132 0.3985 0.7602
vn 0.0660 -0.5143 0.8551
vn 0.3081 -0.4471 0.8397
vn 0.4594 -0.2809 0.8427
vn 0.4594 -0.2808 0.8427
vn 0.5170 -0.2911 0.8050
vn 0.5292 -0.3297 0.7818
vn -0.1490 0.3581 0.9217
vn 0.0999 -0.5287 0.8429
vn 0.1436 -0.3632 0.9206
vn 0.2078 -0.3542 0.9118
vn -0.1201 0.4520 0.8839
vn 0.4122 -0.2994 0.8605
vn 0.1372 0.0582 0.9888
vn 0.2217 0.3836 0.8965
vn 0.2614 0.6732 0.6917
vn -0.4383 0.5228 0.7312
vn -0.3054 0.7044 0.6407
vn -0.1768 0.9225 0.3432
vn -0.2577 0.8382 0.4806
vn 0.0684 0.9550 0.2886
vn -0.0648 0.8820 0.4667
vn 0.2608 0.9284 0.2648
vn 0.7789 -0.3322 0.5320
vn 0.4757 -0.5623 0.6764
vn 0.2294 -0.6786 0.6978
vn 0.1196 -0.7015 0.7026
vn 0.3081 -0.4472 0.8397
vn -0.4584 0.4839 0.7455
vn 0.0999 0.4268 0.8988
vn -0.1186 0.9929 -0.0000
vn -0.0131 0.8570 0.5152
vn 0.0331 0.9244 0.3799
vn -0.7644 0.5700 0.3015
vn -0.4793 0.7804 0.4015
vn -0.1443 0.8647 0.4811
vn -0.1961 0.8703 0.4519
vn 0.9567 -0.2911 -0.0000
vn 0.9696 -0.2448 -0.0000
vn 0.8851 -0.3039 0.3525
vn 0.0947 0.9955 -0.0000
vn -0.1036 0.9946 -0.0000
vn 0.2688 0.9632 -0.0000
vn -0.0743 0.9972 -0.0000
vn 0.1461 0.9893 -0.0000
vn 0.2541 -0.9672 -0.0000
vn 0.1266 -0.9920 -0.0000
vn 0.7786 -0.3075 0.5470
vn -0.0772 0.5645 0.8218
vn 0.4674 -0.6818 0.5628
vn 0.6118 -0.4398 0.6575
vn -0.1191 -0.5875 0.8004
vn 0.2036 -0.6442 0.7373
vn 0.2951 -0.9555 -0.0000
vn -0.4183 0.8839 -0.2089
vn -0.6996 0.6377 -0.3224
vn -0.7644 0.5700 -0.3015
vn 0.2658 -0.8775 -0.3991
vn -0.0615 -0.8195 -0.5697
vn -0.3568 0.7715 -0.5267
vn -0.5669 0.5087 -0.6479
vn -0.1217 0.6381 -0.7603
vn -0.3771 0.8137 -0.4423
vn -0.2342 0.7016 -0.6730
vn -0.5207 0.4176 -0.7447
vn -0.2817 0.7399 -0.6109
vn -0.0899 0.9229 -0.3743
vn -0.5133 0.3984 -0.7601
vn -0.6361 0.4017 -0.6588
vn -0.6688 0.3946 -0.6301
vn -0.6607 0.4087 -0.6296
vn -0.6827 0.4143 -0.6019
vn 0.2036 -0.6442 -0.7373
vn 0.2960 -0.6946 -0.6557
vn 0.2986 -0.8587 -0.4165
vn 0.0649 -0.8027 -0.5929
vn 0.2855 0.7979 -0.5309
vn 0.2305 0.9227 -0.3090
vn 0.6212 -0.4055 -0.6706
vn 0.5903 -0.4106 -0.6949
vn 0.6034 -0.5626 -0.5651
vn 0.4293 -0.8082 -0.4030
vn -0.0019 0.7226 -0.6912
vn 0.0998 0.4269 -0.8988
vn -0.0586 0.8206 -0.5685
vn -0.5132 0.3984 -0.7602
vn 0.0660 -0.5143 -0.8551
vn 0.4594 -0.2809 -0.8427
vn 0.3081 -0.4471 -0.8397
vn 0.5170 -0.2911 -0.8050
vn 0.5292 -0.3297 -0.7818
vn -0.1490 0.3581 -0.9217
vn 0.1436 -0.3632 -0.9206
vn 0.1000 -0.5286 -0.8429
vn 0.2078 -0.3542 -0.9118
vn -0.1201 0.4520 -0.8839
vn 0.4122 -0.2994 -0.8605
vn 0.1372 0.0582 -0.9888
vn 0.2217 0.3836 -0.8965
vn 0.2614 0.6732 -0.6917
vn -0.4383 0.5228 -0.7312
vn -0.3054 0.7044 -0.6407
vn -0.1768 0.9224 -0.3433
vn -0.2577 0.8382 -0.4806
vn 0.0684 0.9550 -0.2886
vn -0.0648 0.8820 -0.4667
vn 0.2608 0.9284 -0.2648
vn 0.7789 -0.3322 -0.5320
vn 0.4757 -0.5623 -0.6764
vn 0.2294 -0.6786 -0.6978
vn 0.1196 -0.7015 -0.7026
vn 0.3081 -0.4472 -0.8397
vn -0.4584 0.4839 -0.7455
vn 0.0999 0.4268 -0.8988
vn 0.0331 0.9244 -0.3799
vn -0.0131 0.8570 -0.5152
vn -0.4793 0.7804 -0.4015
vn -0.1961 0.8703 -0.4518
vn -0.1443 0.8647 -0.4811
vn 0.8851 -0.3039 -0.3525
vn 0.7786 -0.3075 -0.5470
vn -0.0772 0.5645 -0.8218
vn 0.5014 -0.5612 -0.6585
vn 0.4480 -0.6207 -0.6435
vn 0.6118 -0.4398 -0.6575
vn -0.1814 -0.5996 -0.7794
vn -0.1191 -0.5875 -0.8004
vn 0.9509 -0.3094 -0.0000
vn 0.9685 -0.2492 -0.0000
vn 0.7976 -0.2009 0.5687
vn 0.7867 -0.2466 0.5660
vn 0.0366 -0.2198 0.9749
vn 0.7711 -0.3364 0.5405
vn 0.0636 -0.2298 0.9712
vn -0.5621 0.1236 0.8178
vn -0.6718 0.1190 0.7311
vn -0.6485 0.0683 0.7581
vn 0.9966 -0.0827 -0.0000
vn 0.9998 0.0219 -0.0000
vn 0.9022 0.0384 0.4297
vn 0.8817 -0.0837 0.4644
vn -0.9395 -0.1078 0.3253
vn -0.9878 -0.1559 -0.0000
vn -0.9305 -0.3663 -0.0000
vn -0.8982 -0.3725 0.2332
vn 0.5492 0.2436 0.7994
vn -0.1653 0.1886 0.9680
vn -0.0734 0.0985 0.9924
vn -0.2113 0.3056 0.9284
vn -0.6153 0.3277 0.7170
vn -0.2399 -0.0577 0.9691
vn 0.0462 -0.0337 0.9984
vn -0.8953 -0.0120 0.4454
vn -0.8797 -0.4711 0.0650
vn -0.7198 -0.4018 0.5661
vn -0.8989 -0.4381 -0.0000
vn 0.9860 -0.1666 -0.0000
vn 0.8373 -0.1698 0.5197
vn 0.7781 -0.3034 0.5500
vn -0.2557 0.4654 0.8474
vn -0.3366 0.2492 0.9081
vn 0.1442 0.4006 0.9048
vn -0.6773 0.7357 -0.0000
vn -0.7574 0.6530 -0.0000
vn -0.6541 0.5905 0.4727
vn -0.3792 0.1631 0.9108
vn -0.0273 0.2274 0.9734
vn -0.1881 0.1521 0.9703
vn -0.4417 0.2159 0.8708
vn -0.4455 0.2145 0.8692
vn -0.0317 0.1437 0.9891
vn 0.0688 0.0109 0.9976
vn -0.1160 0.0965 0.9886
vn -0.2352 0.1859 0.9540
vn -0.2637 0.0107 0.9645
vn 0.0395 -0.1491 0.9880
vn 0.2915 -0.0542 0.9550
vn -0.3209 0.0588 0.9453
vn 0.2676 -0.0162 0.9634
vn -0.4982 0.2435 0.8322
vn 0.2133 0.1107 0.9707
vn -0.3368 0.4164 0.8445
vn 0.2014 0.3083 0.9297
vn -0.8603 0.3625 0.3584
vn -0.7774 0.5231 0.3493
vn -0.6636 0.6220 0.4156
vn -0.0682 0.5682 0.8201
vn 0.5510 0.6833 0.4790
vn 0.1625 0.3716 0.9140
vn -0.0575 0.0514 0.9970
vn 0.5211 -0.1886 0.8324
vn -0.7070 0.3998 0.5833
vn -0.2677 -0.0961 0.9587
vn 0.0684 -0.1514 0.9861
vn 0.9324 -0.3615 -0.0000
vn -0.5049 0.1650 0.8473
vn 0.4487 -0.1781 0.8757
vn 0.4081 -0.1136 0.9059
vn 0.4503 -0.1487 0.8804
vn -0.7297 0.6838 -0.0000
vn -0.8220 0.5695 -0.0000
vn -0.6330 0.6738 0.3812
vn -0.6919 0.7220 -0.0000
vn -0.6455 0.4425 0.6226
vn -0.1617 0.5451 0.8226
vn -0.5718 0.5372 0.6200
vn -0.6541 0.5904 0.4727
vn 0.9148 0.3796 0.1378
vn 0.9237 0.3832 -0.0000
vn 0.7154 0.6987 -0.0000
vn -0.8802 0.4746 -0.0000
vn -0.6515 0.7587 -0.0000
vn 0.7888 0.6129 0.0456
vn 0.7896 0.6136 -0.0000
vn -0.7162 0.5677 0.4059
vn 0.9169 -0.3992 -0.0000
vn 0.9070 -0.4170 0.0588
vn 0.9085 -0.4178 -0.0000
vn 0.5708 -0.1621 0.8049
vn 0.6604 -0.1026 0.7439
vn 0.7679 0.0090 0.6405
vn -0.8812 -0.4728 -0.0000
vn 0.5491 0.2436 0.7994
vn 0.2449 0.3313 0.9112
vn 0.7867 -0.2465 -0.5660
vn 0.7976 -0.2009 -0.5687
vn 0.0366 -0.2198 -0.9749
vn 0.0636 -0.2298 -0.9712
vn 0.7711 -0.3364 -0.5405
vn -0.5621 0.1236 -0.8178
vn -0.6485 0.0683 -0.7581
vn -0.6718 0.1190 -0.7311
vn 0.9022 0.0384 -0.4297
vn 0.8817 -0.0837 -0.4644
vn -0.9395 -0.1078 -0.3252
vn -0.8982 -0.3725 -0.2332
vn 0.5492 0.2436 -0.7994
vn -0.1653 0.1886 -0.9680
vn -0.0734 0.0985 -0.9924
vn -0.6152 0.3277 -0.7170
vn -0.2113 0.3056 -0.9284
vn 0.0462 -0.0337 -0.9984
vn -0.2399 -0.0577 -0.9691
vn -0.8797 -0.4710 -0.0650
vn -0.7198 -0.4018 -0.5661
vn 0.8373 -0.1698 -0.5197
vn 0.7781 -0.3034 -0.5500
vn 0.0701 0.3135 -0.9470
vn -0.2558 0.4654 -0.8473
vn 0.1442 0.4006 -0.9048
vn -0.6541 0.5904 -0.4728
vn -0.3792 0.1631 -0.9108
vn -0.1885 0.1521 -0.9702
vn -0.0275 0.2272 -0.9735
vn -0.4417 0.2159 -0.8708
vn 0.0688 0.0109 -0.9976
vn -0.0318 0.1440 -0.9891
vn -0.4455 0.2145 -0.8692
vn -0.1140 0.0969 -0.9888
vn -0.1976 0.2202 -0.9552
vn -0.2612 0.0112 -0.9652
vn 0.2917 -0.0539 -0.9550
vn 0.0430 -0.1478 -0.9881
vn -0.3160 0.0632 -0.9467
vn 0.2675 -0.0161 -0.9634
vn -0.4728 0.1846 -0.8616
vn 0.2128 0.1107 -0.9708
vn -0.3384 0.4150 -0.8446
vn 0.2006 0.3083 -0.9299
vn -0.8610 0.3628 -0.3565
vn -0.7774 0.5234 -0.3490
vn -0.8085 0.4016 -0.4301
vn -0.6634 0.6222 -0.4156
vn -0.0689 0.5672 -0.8207
vn 0.5510 0.6833 -0.4790
vn -0.0751 0.4746 -0.8770
vn -0.0576 0.0514 -0.9970
vn 0.5217 -0.1885 -0.8320
vn -0.7070 0.3998 -0.5833
vn 0.0685 -0.1514 -0.9861
vn -0.2678 -0.0961 -0.9587
vn -0.9395 -0.1078 -0.3253
vn -0.8370 -0.0170 -0.5469
vn -0.5049 0.1650 -0.8473
vn 0.4488 -0.1781 -0.8757
vn 0.4081 -0.1136 -0.9059
vn 0.4503 -0.1488 -0.8804
vn -0.6330 0.6738 -0.3812
vn -0.6455 0.4425 -0.6226
vn -0.1617 0.5451 -0.8226
vn -0.5718 0.5372 -0.6201
vn 0.9149 0.3795 -0.1378
vn 0.7888 0.6129 -0.0456
vn 0.9070 -0.4171 -0.0587
vn 0.5708 -0.1621 -0.8049
vn 0.6604 -0.1026 -0.7439
vn 0.7679 0.0090 -0.6405
vn 0.2449 0.3313 -0.9112
vn 0.5491 0.2436 -0.7994
vn -0.8376 0.0379 -0.5450
vn -0.0323 0.2822 -0.9588
vn 0.0468 0.2658 -0.9629
vn 0.0148 0.0792 -0.9967
vn 0.0012 0.0904 -0.9959
vn -0.0006 -0.0000 -1.0000
vn -0.0004 0.2118 -0.9773
vn -0.0018 0.2083 -0.9781
vn -0.0018 -0.0000 -1.0000
vn -0.0163 0.2151 -0.9765
vn -0.0142 -0.0000 -0.9999
vn -0.0309 0.2574 -0.9658
vn -0.0067 0.1181 -0.9930
vn 0.0419 -0.0006 -0.9991
vn -0.0152 -0.0396 -0.9991
vn 0.0942 0.0631 -0.9935
vn 0.1132 -0.0007 -0.9936
vn 0.0272 0.0078 -0.9996
vn 0.1219 0.1526 -0.9807
vn 0.1349 0.0217 -0.9906
vn -0.0013 -0.0000 -1.0000
vn -0.0009 0.2027 -0.9792
vn 0.0236 0.0080 -0.9997
vn 0.0246 0.1663 -0.9858
vn 0.1787 -0.9829 -0.0436
vn 0.1423 -0.8107 -0.5680
vn 0.1730 -0.9849 -0.0000
vn 0.1935 -0.0378 -0.9804
vn -0.1148 -0.1282 -0.9851
vn -0.0182 -0.2400 -0.9706
vn -0.0166 -0.3511 -0.9362
vn 0.0911 -0.4606 -0.8829
vn 0.0188 0.0145 -0.9997
vn 0.1788 -0.9829 -0.0435
vn 0.1423 -0.8107 -0.5679
vn -0.0069 -0.5532 -0.8331
vn -0.0323 -0.2823 -0.9588
vn -0.0002 -0.0932 -0.9956
vn 0.0246 -0.0608 -0.9978
vn 0.0424 -0.2253 -0.9734
vn -0.0018 -0.2083 -0.9781
vn -0.0006 -0.2122 -0.9772
vn -0.0163 -0.2151 -0.9765
vn -0.0309 -0.2574 -0.9658
vn -0.0067 -0.1181 -0.9930
vn 0.0946 -0.0632 -0.9935
vn -0.0148 0.0391 -0.9991
vn -0.0009 -0.2027 -0.9792
vn 0.1232 -0.1525 -0.9806
vn 0.0237 -0.1617 -0.9866
vn 0.0178 -0.0064 -0.9998
vn 0.0279 -0.0074 -0.9996
vn 0.1730 0.9849 -0.0000
vn 0.1423 0.8107 -0.5680
vn 0.1937 0.0366 -0.9804
vn -0.0356 0.2279 -0.9730
vn -0.1148 0.1281 -0.9851
vn -0.0170 0.3963 -0.9179
vn 0.0896 0.4595 -0.8837
vn -0.0461 0.6600 -0.7499
vn 0.1423 0.8107 -0.5679
vn 0.0769 -0.0764 -0.9941
vn 0.1050 -0.1757 -0.9788
vn -0.0116 0.2174 -0.9760
vn 0.4473 0.8944 -0.0000
vn -0.0681 0.1748 -0.9822
vn 0.0116 -0.0548 -0.9984
vn 0.0900 -0.2955 -0.9511
vn 0.1080 -0.2896 -0.9510
vn -0.0266 0.0534 -0.9982
vn -0.0731 0.1721 -0.9824
vn -0.4194 -0.9078 -0.0000
vn -0.4179 -0.9046 0.0846
vn 0.1209 0.2589 -0.9583
vn 0.1168 0.2668 -0.9566
vn 0.0194 0.0198 -0.9996
vn 0.0251 0.0211 -0.9995
vn 0.0757 0.2716 -0.9594
vn -0.0006 0.0321 -0.9995
vn -0.0800 -0.2295 -0.9700
vn -0.1182 -0.3713 -0.9209
vn -0.0699 -0.1890 -0.9795
vn -0.1585 -0.5348 -0.8300
vn -0.0323 0.2822 0.9588
vn 0.0012 0.0903 0.9959
vn 0.0148 0.0792 0.9967
vn 0.0468 0.2658 0.9629
vn -0.0006 -0.0000 1.0000
vn -0.0018 -0.0000 1.0000
vn -0.0018 0.2083 0.9781
vn -0.0005 0.2119 0.9773
vn -0.0142 -0.0000 0.9999
vn -0.0163 0.2151 0.9765
vn -0.0309 0.2574 0.9658
vn -0.0067 0.1181 0.9930
vn 0.0411 -0.0000 0.9992
vn 0.1126 0.0002 0.9936
vn 0.0940 0.0634 0.9936
vn -0.0155 -0.0395 0.9991
vn -0.0013 -0.0000 1.0000
vn -0.0009 0.2027 0.9792
vn 0.1219 0.1526 0.9807
vn 0.0246 0.1663 0.9858
vn 0.0236 0.0080 0.9997
vn 0.0272 0.0078 0.9996
vn 0.1787 -0.9829 0.0436
vn 0.1937 -0.0366 0.9804
vn -0.0182 -0.2400 0.9706
vn -0.1148 -0.1282 0.9851
vn 0.0911 -0.4606 0.8829
vn -0.0165 -0.3511 0.9362
vn 0.0188 0.0145 0.9997
vn 0.1787 -0.9829 0.0435
vn 0.1372 -0.7819 0.6081
vn -0.0069 -0.5532 0.8331
vn -0.0323 -0.2823 0.9588
vn 0.0424 -0.2253 0.9734
vn 0.0246 -0.0608 0.9978
vn -0.0002 -0.0932 0.9956
vn -0.0005 -0.2119 0.9773
vn -0.0018 -0.2083 0.9781
vn -0.0163 -0.2151 0.9765
vn -0.0309 -0.2574 0.9658
vn -0.0067 -0.1181 0.9930
vn -0.0155 0.0395 0.9991
vn 0.0937 -0.0632 0.9936
vn 0.0276 -0.0070 0.9996
vn 0.1228 -0.1528 0.9806
vn 0.1344 -0.0220 0.9907
vn -0.0009 -0.2027 0.9792
vn 0.0178 -0.0064 0.9998
vn 0.0237 -0.1617 0.9866
vn 0.1935 0.0362 0.9804
vn -0.1148 0.1281 0.9851
vn -0.0356 0.2279 0.9730
vn -0.0170 0.3963 0.9179
vn -0.0461 0.6600 0.7499
vn 0.0896 0.4594 0.8837
vn 0.1372 0.7819 0.6081
vn 0.1050 -0.1757 0.9788
vn 0.0769 -0.0764 0.9941
vn -0.0116 0.2174 0.9760
vn -0.0681 0.1748 0.9823
vn 0.0115 -0.0548 0.9984
vn 0.0900 -0.2955 0.9511
vn 0.1080 -0.2896 0.9510
vn -0.0266 0.0534 0.9982
vn -0.0731 0.1721 0.9824
vn -0.4179 -0.9046 -0.0846
vn 0.1209 0.2589 0.9583
vn 0.0251 0.0211 0.9995
vn 0.0194 0.0198 0.9996
vn 0.1168 0.2668 0.9566
vn -0.0006 0.0321 0.9995
vn 0.0757 0.2716 0.9594
vn -0.1182 -0.3713 0.9210
vn -0.0800 -0.2295 0.9700
vn -0.0699 -0.1890 0.9795
vn -0.1585 -0.5348 0.8300
vn -0.3881 -0.9216 -0.0000
vn -0.2844 -0.9587 -0.0000
vn -0.3881 0.9216 -0.0000
vn -0.2844 0.9587 -0.0000
vn -0.4735 -0.8808 -0.0000
vn -0.4504 -0.8928 -0.0000
vn -0.4736 0.8808 -0.0000
vn -0.4505 0.8928 -0.0000
vn 0.1352 -0.0213 -0.9906
vn 0.1348 0.0217 0.9906
vn -0.0153 -0.2231 -0.9747
vn -0.0105 -0.0000 -0.9999
vn -0.0048 -0.0000 -1.0000
vn -0.0047 -0.2016 -0.9795
vn -0.0260 -0.2769 -0.9605
vn -0.0144 -0.0000 -0.9999
vn -0.0685 -0.3442 -0.9364
vn -0.0653 -0.0000 -0.9979
vn -0.1154 -0.0001 -0.9933
vn -0.1067 -0.3695 -0.9231
vn -0.1124 -0.0001 -0.9937
vn -0.0206 -0.2257 -0.9740
vn -0.0401 -0.2768 -0.9601
vn -0.0790 -0.3437 -0.9358
vn -0.1051 -0.3678 -0.9239
vn -0.0208 -0.2251 -0.9741
vn -0.0416 -0.2727 -0.9612
vn -0.0784 -0.3397 -0.9373
vn -0.1041 -0.3657 -0.9249
vn -0.1040 -0.3644 -0.9254
vn -0.1029 -0.3624 -0.9263
vn -0.1103 -0.0000 -0.9939
vn -0.1111 -0.0000 -0.9938
vn -0.1103 -0.0001 -0.9939
vn -0.0153 0.2231 -0.9747
vn -0.0047 0.2016 -0.9795
vn -0.0010 0.2027 -0.9792
vn -0.0260 0.2769 -0.9605
vn -0.0683 0.3442 -0.9364
vn -0.1153 0.0001 -0.9933
vn -0.1124 -0.0000 -0.9937
vn -0.1067 0.3696 -0.9230
vn -0.0206 0.2257 -0.9740
vn -0.0401 0.2768 -0.9601
vn -0.0790 0.3437 -0.9358
vn -0.1051 0.3678 -0.9239
vn -0.0416 0.2727 -0.9612
vn -0.0208 0.2251 -0.9741
vn -0.0784 0.3397 -0.9373
vn -0.1041 0.3657 -0.9249
vn -0.1040 0.3645 -0.9254
vn -0.1032 0.3627 -0.9262
vn -0.1102 0.0001 -0.9939
vn -0.0153 -0.2231 0.9747
vn -0.0047 -0.2016 0.9795
vn -0.0049 -0.0000 1.0000
vn -0.0105 -0.0000 0.9999
vn -0.0260 -0.2769 0.9605
vn -0.0144 -0.0000 0.9999
vn -0.0683 -0.3442 0.9364
vn -0.0653 -0.0000 0.9979
vn -0.1153 -0.0001 0.9933
vn -0.1124 -0.0000 0.9937
vn -0.1067 -0.3695 0.9231
vn -0.0206 -0.2257 0.9740
vn -0.0401 -0.2768 0.9601
vn -0.0790 -0.3437 0.9358
vn -0.1050 -0.3678 0.9240
vn -0.0416 -0.2727 0.9612
vn -0.0208 -0.2251 0.9741
vn -0.0784 -0.3397 0.9373
vn -0.1040 -0.3660 0.9248
vn -0.1039 -0.3643 0.9255
vn -0.1032 -0.3627 0.9262
vn -0.1111 -0.0000 0.9938
vn -0.1103 -0.0000 0.9939
vn -0.1102 -0.0000 0.9939
vn -0.0153 0.2231 0.9747
vn -0.0047 0.2016 0.9795
vn -0.0009 0.2028 0.9792
vn -0.0260 0.2769 0.9605
vn -0.0685 0.3442 0.9364
vn -0.1154 -0.0000 0.9933
vn -0.1067 0.3697 0.9230
vn -0.0206 0.2257 0.9740
vn -0.0401 0.2768 0.9601
vn -0.0790 0.3437 0.9358
vn -0.1050 0.3677 0.9240
vn -0.0208 0.2251 0.9741
vn -0.0416 0.2727 0.9612
vn -0.0784 0.3397 0.9373
vn -0.1041 0.3657 0.9249
vn -0.1039 0.3643 0.9255
vn -0.1032 0.3627 0.9262
vn -0.1103 0.0001 0.9939
vn -0.0000 -1.0000 -0.0000
vn -0.0000 -0.8778 -0.4790
vn -0.0012 -0.8783 -0.4782
vn -0.0014 -1.0000 -0.0000
vn -0.0000 -0.6131 -0.7900
vn -0.0026 -0.6129 -0.7902
vn -0.0000 -0.0000 -1.0000
vn -0.2524 -0.0000 -0.9676
vn 0.0001 -0.8818 -0.4717
vn -0.3651 -0.8576 -0.3622
vn -0.3323 -0.9432 -0.0000
vn 0.2514 -0.7155 -0.6518
vn 0.0723 -0.6917 -0.7185
vn -0.0363 -0.8137 -0.5802
vn 0.4042 -0.0000 -0.9147
vn 0.3842 -0.2478 -0.8894
vn 0.5972 -0.1334 -0.7909
vn 0.6157 -0.0000 -0.7880
vn 0.0821 -0.0000 -0.9966
vn 0.0264 -0.4502 -0.8925
vn -0.0448 -0.6325 -0.7733
vn -0.4885 -0.0000 -0.8726
vn -0.4885 -0.0005 -0.8726
vn -0.0317 -0.3856 -0.9221
vn -0.3211 -0.8362 -0.4445
vn -0.3243 -0.9460 -0.0000
vn 0.0402 -0.9349 -0.3527
vn -0.0330 -0.9995 -0.0000
vn 0.2951 -0.5032 -0.8122
vn 0.3335 -0.2353 -0.9129
vn 0.0402 -0.9349 -0.3526
vn 0.3335 -0.2352 -0.9130
vn 0.3335 -0.2352 -0.9129
vn 0.3663 -0.0000 -0.9305
vn 0.9210 -0.0000 -0.3895
vn 0.9598 -0.0156 -0.2804
vn 0.3662 -0.0000 -0.9305
vn 1.0000 -0.0000 -0.0000
vn -0.4885 -0.0012 -0.8725
vn -0.2524 -0.0006 -0.9676
vn -0.0000 -0.2768 -0.9609
vn -0.0000 -0.2769 -0.9609
vn -0.0000 1.0000 -0.0000
vn -0.0014 1.0000 -0.0000
vn -0.0012 0.8783 -0.4782
vn -0.0000 0.8778 -0.4790
vn -0.0000 0.6131 -0.7900
vn -0.0026 0.6129 -0.7902
vn 0.0001 0.8818 -0.4717
vn -0.3323 0.9432 -0.0000
vn -0.3652 0.8576 -0.3622
vn 0.2514 0.7155 -0.6518
vn -0.0363 0.8137 -0.5802
vn 0.0723 0.6917 -0.7185
vn 0.5972 0.1334 -0.7909
vn 0.3842 0.2478 -0.8894
vn 0.0264 0.4502 -0.8925
vn -0.0448 0.6325 -0.7733
vn -0.4885 0.0004 -0.8726
vn -0.0317 0.3856 -0.9221
vn -0.3243 0.9460 -0.0000
vn -0.3211 0.8362 -0.4445
vn -0.0330 0.9995 -0.0000
vn 0.0402 0.9349 -0.3527
vn 0.2951 0.5032 -0.8122
vn 0.0402 0.9349 -0.3526
vn 0.3335 0.2353 -0.9129
vn 0.3335 0.2352 -0.9129
vn 0.9598 0.0156 -0.2804
vn -0.2524 0.0006 -0.9676
vn -0.4885 0.0012 -0.8726
vn -0.0000 0.2768 -0.9609
vn -0.0000 0.2769 -0.9609
vn -0.0012 -0.8783 0.4782
vn -0.0000 -0.8778 0.4790
vn -0.0000 -0.6131 0.7900
vn -0.0026 -0.6129 0.7902
vn -0.0000 -0.0000 1.0000
vn -0.2524 -0.0000 0.9676
vn 0.0001 -0.8817 0.4717
vn -0.3651 -0.8576 0.3622
vn 0.2514 -0.7155 0.6518
vn -0.0363 -0.8137 0.5802
vn 0.0723 -0.6917 0.7185
vn 0.3578 -0.0000 0.9338
vn 0.6158 -0.0000 0.7879
vn 0.5972 -0.1334 0.7909
vn 0.3536 -0.2629 0.8977
vn 0.0469 -0.0000 0.9989
vn 0.0222 -0.4576 0.8889
vn -0.0242 -0.3837 0.9231
vn -0.0448 -0.6325 0.7733
vn -0.4885 -0.0000 0.8726
vn -0.4885 -0.0005 0.8726
vn -0.3211 -0.8362 0.4445
vn 0.0402 -0.9349 0.3527
vn 0.2951 -0.5032 0.8122
vn 0.0402 -0.9349 0.3526
vn 0.3335 -0.2353 0.9129
vn 0.3335 -0.2352 0.9129
vn 0.9598 -0.0156 0.2804
vn 0.9210 -0.0000 0.3895
vn 0.3663 -0.0000 0.9305
vn 0.3662 -0.0000 0.9305
vn -0.2524 -0.0006 0.9676
vn -0.4885 -0.0012 0.8726
vn -0.0000 -0.2768 0.9609
vn -0.0000 -0.2769 0.9609
vn -0.0000 0.8778 0.4790
vn -0.0012 0.8783 0.4782
vn -0.0000 0.6131 0.7900
vn -0.0026 0.6129 0.7902
vn 0.0001 0.8818 0.4717
vn -0.3652 0.8576 0.3622
vn 0.2514 0.7155 0.6518
vn 0.0723 0.6917 0.7185
vn -0.0363 0.8137 0.5802
vn 0.3536 0.2629 0.8977
vn 0.5972 0.1334 0.7909
vn 0.0222 0.4576 0.8889
vn 0.0078 0.3533 0.9355
vn -0.0448 0.6325 0.7733
vn -0.4885 0.0005 0.8726
vn -0.3211 0.8363 0.4445
vn -0.5427 0.7468 0.3843
vn 0.0402 0.9349 0.3527
vn 0.2951 0.5032 0.8122
vn 0.3335 0.2353 0.9129
vn 0.0402 0.9349 0.3526
vn 0.3335 0.2352 0.9130
vn -0.3210 0.8363 0.4445
vn 0.3335 0.2352 0.9129
vn 0.9598 0.0156 0.2804
vn -0.4885 0.0012 0.8725
vn -0.2524 0.0006 0.9676
vn -0.0000 0.2768 0.9609
vn -0.0000 0.2769 0.9609
vn -0.2382 -0.2923 -0.9262
vn -0.0696 -0.0000 -0.9976
vn -0.2004 -0.5057 -0.8391
vn -0.2773 -0.3388 -0.8991
vn -0.2475 -0.0000 -0.9689
vn -0.3377 -0.0000 -0.9412
vn -0.2058 -0.2810 -0.9374
vn -0.1773 -0.5212 -0.8348
vn -0.1397 -0.7690 -0.6238
vn -0.1637 -0.7531 -0.6372
vn -0.1476 -0.7749 -0.6146
vn 0.1007 -0.5757 -0.8114
vn -0.2913 -0.6051 -0.7409
vn -0.2629 -0.3296 -0.9068
vn -0.2243 -0.3933 -0.8916
vn -0.3026 -0.5096 -0.8054
vn -0.4792 -0.5111 -0.7135
vn -0.0103 0.8328 -0.5535
vn 0.3731 0.8678 -0.3281
vn 0.2873 0.8947 -0.3419
vn 0.0153 0.9639 -0.2657
vn 0.1271 0.3814 -0.9156
vn 0.1324 0.3485 -0.9279
vn -0.0796 0.0419 -0.9959
vn 0.1261 0.3877 -0.9131
vn 0.1073 0.4656 -0.8785
vn 0.0820 0.4446 -0.8919
vn -0.0311 0.6710 -0.7408
vn -0.0637 0.6876 -0.7233
vn -0.6222 -0.5865 -0.5185
vn 0.0167 -0.0000 -0.9999
vn -0.1188 -0.2923 -0.9489
vn -0.0724 -0.3281 -0.9419
vn -0.0080 -0.3569 -0.9341
vn 0.4681 -0.5908 -0.6572
vn -0.0956 -0.0877 -0.9915
vn -0.1054 -0.1596 -0.9815
vn -0.1184 -0.1453 -0.9823
vn -0.3394 -0.7566 -0.5589
vn -0.3981 -0.6389 -0.6582
vn -0.3553 -0.5466 -0.7583
vn -0.2849 -0.0000 -0.9586
vn -0.0797 0.0418 -0.9959
vn 0.0166 -0.0000 -0.9999
vn 0.2035 -0.0000 -0.9791
vn 0.6067 -0.6492 -0.4588
vn -0.0236 -0.8591 -0.5113
vn -0.0139 -0.8597 -0.5106
vn -0.0298 -0.8607 -0.5083
vn -0.0299 0.7018 -0.7117
vn -0.1709 -0.5097 -0.8432
vn -0.1702 -0.7134 -0.6797
vn -0.1614 -0.7432 -0.6493
vn -0.6009 -0.5946 0.5342
vn -0.4665 -0.2887 0.8361
vn -0.6805 -0.5394 0.4960
vn 0.4535 -0.8815 0.1318
vn 0.4710 -0.8782 0.0835
vn 0.4596 -0.8806 0.1151
vn 0.1853 -0.9764 -0.1112
vn 0.4783 -0.8760 0.0621
vn 0.4622 -0.5489 -0.6965
vn 0.1608 -0.8069 -0.5684
vn 0.1671 -0.7605 -0.6275
vn -0.2809 -0.8627 -0.4205
vn -0.0792 -0.7902 -0.6077
vn -0.1592 -0.8540 -0.4953
vn -0.1432 -0.8064 -0.5738
vn -0.1792 -0.8832 -0.4334
vn -0.2283 -0.6653 -0.7108
vn -0.2248 -0.7246 -0.6515
vn -0.2651 -0.7073 -0.6553
vn -0.2030 -0.7383 -0.6432
vn -0.3154 -0.9215 -0.2264
vn -0.0749 -0.8511 -0.5196
vn -0.1015 -0.8763 -0.4709
vn 0.0016 -0.7761 -0.6306
vn -0.1030 -0.7931 -0.6003
vn -0.1246 0.1918 -0.9735
vn 0.1141 0.0356 -0.9928
vn 0.1333 -0.6791 -0.7218
vn 0.3252 -0.6001 -0.7308
vn -0.4502 -0.8456 0.2868
vn -0.2131 -0.3905 0.8956
vn -0.5304 -0.6898 0.4927
vn 0.1777 -0.5184 -0.8364
vn 0.1142 0.0356 -0.9928
vn 0.2383 -0.4970 -0.8344
vn 0.5643 -0.6767 -0.4729
vn -0.3297 -0.6337 -0.6998
vn -0.2416 -0.7194 -0.6513
vn -0.2252 -0.7460 -0.6267
vn -0.3722 -0.6091 0.7003
vn -0.4635 -0.7313 0.5004
vn -0.4300 -0.6748 0.5998
vn -0.3359 -0.5663 0.7526
vn 0.1612 -0.2739 0.9482
vn 0.2292 -0.1310 0.9645
vn -0.3282 -0.1346 0.9350
vn -0.2867 -0.2436 0.9266
vn 0.6980 0.0329 0.7154
vn 0.5534 0.4781 0.6821
vn 0.4779 -0.0951 0.8733
vn -0.5739 -0.2013 0.7938
vn -0.5250 -0.0934 0.8460
vn -0.3480 -0.4166 0.8399
vn -0.2838 -0.2600 0.9229
vn -0.1733 -0.7410 -0.6487
vn -0.5017 -0.0000 0.8651
vn -0.1972 -0.0237 0.9801
vn -0.3120 -0.0026 0.9501
vn -0.0999 -0.7589 0.6435
vn -0.0274 -0.3920 0.9196
vn -0.3152 -0.7021 0.6385
vn 0.0329 -0.8468 0.5309
vn 0.1581 -0.4578 0.8749
vn 0.0669 0.0004 0.9978
vn -0.3488 -0.3851 0.8544
vn -0.1705 -0.8120 -0.5581
vn -0.0780 -0.7893 -0.6091
vn -0.1264 -0.6807 -0.7216
vn -0.1705 -0.8121 -0.5581
vn -0.2637 -0.8799 -0.3953
vn -0.1987 -0.8050 -0.5590
vn -0.0022 -0.4258 0.9048
vn 0.2170 -0.0197 0.9760
vn -0.0638 -0.8404 -0.5381
vn -0.1971 -0.8906 -0.4099
vn -0.2233 -0.8522 -0.4731
vn -0.3250 -0.8712 -0.3679
vn -0.0561 -0.9974 -0.0446
vn -0.2645 -0.4797 0.8366
vn -0.2133 -0.6679 -0.7131
vn -0.3837 -0.8123 -0.4393
vn -0.4502 -0.8456 0.2867
vn -0.0410 -0.7995 0.5992
vn 0.3192 0.2346 0.9182
vn 0.1852 -0.9764 -0.1112
vn -0.1878 -0.6351 0.7493
vn -0.4395 -0.3555 0.8249
vn -0.0894 -0.0000 0.9960
vn -0.2236 -0.0000 0.9747
vn -0.0894 -0.0136 0.9959
vn -0.5305 -0.6898 0.4927
vn 0.4982 -0.8648 0.0619
vn 0.4778 -0.8781 -0.0277
vn -0.5305 -0.6898 0.4926
vn -0.5466 -0.7314 0.4078
vn -0.1592 -0.7766 -0.6096
vn -0.1791 -0.8479 -0.4990
vn -0.1918 -0.8939 -0.4051
vn 0.2212 -0.0117 0.9752
vn 0.4138 0.9074 0.0739
vn -0.0589 0.8937 0.4448
vn -0.2452 0.8968 0.3682
vn -0.0761 0.9927 0.0936
vn -0.0018 0.9924 0.1233
vn -0.1207 0.8937 0.4322
vn -0.1136 0.9577 0.2643
vn 0.2054 0.9558 0.2106
vn 0.2328 0.8348 0.4988
vn 0.6006 0.7302 0.3259
vn 0.4881 0.8519 0.1899
vn 0.4276 0.8983 0.1007
vn 0.2053 0.9751 0.0838
vn 0.4880 0.8519 0.1899
vn 0.3193 0.2346 0.9182
vn 0.0643 0.9615 0.2671
vn 0.0863 0.8890 0.4497
vn -0.0261 -0.8573 -0.5142
vn 0.6627 -0.6674 0.3399
vn 0.2183 -0.8510 0.4776
vn 0.3994 -0.8052 0.4383
vn -0.0541 -0.8444 0.5330
vn -0.0539 -0.8441 0.5334
vn -0.4366 -0.0000 0.8997
vn -0.4016 -0.0000 -0.9158
vn -0.2947 -0.7432 -0.6007
vn -0.1739 -0.8586 -0.4823
vn -0.1132 -0.9901 -0.0825
vn 0.0003 -0.9907 0.1359
vn -0.1388 -0.9575 -0.2528
vn -0.1817 -0.7998 -0.5721
vn -0.2233 -0.8522 -0.4732
vn -0.0681 -0.7782 -0.6243
vn -0.0815 -0.8416 -0.5339
vn -0.0777 -0.7782 -0.6232
vn -0.2311 -0.7467 -0.6238
vn -0.1055 -0.7629 -0.6378
vn -0.1145 -0.9675 -0.2254
vn -0.2223 -0.9479 -0.2281
vn -0.2735 -0.9375 -0.2151
vn -0.0808 -0.7986 -0.5964
vn -0.1161 -0.9741 -0.1940
vn -0.3509 -0.9081 -0.2285
vn -0.0974 -0.9166 -0.3876
vn -0.2192 -0.9720 -0.0845
vn -0.1446 -0.7908 -0.5948
vn -0.0864 -0.9532 -0.2898
vn -0.2228 -0.6923 -0.6863
vn -0.4017 -0.6372 -0.6578
vn -0.3948 -0.6426 -0.6567
vn -0.1127 -0.8296 -0.5469
vn -0.4937 -0.7831 0.3783
vn 0.4357 -0.7124 -0.5501
vn 0.2803 -0.8076 -0.5189
vn -0.2683 -0.7434 -0.6127
vn 0.2052 0.9751 0.0838
vn 0.2251 0.9743 -0.0021
vn 0.4939 -0.5812 -0.6468
vn -0.0018 0.9924 0.1232
vn -0.0761 0.9927 0.0935
vn 0.0328 0.9871 -0.1570
vn 0.0283 0.9891 -0.1448
vn 0.4137 0.9074 0.0738
vn 0.1262 0.9880 -0.0885
vn 0.2053 0.9558 0.2105
vn 0.3942 0.9179 -0.0461
vn -0.0437 -0.8228 0.5667
vn 0.5009 -0.3033 -0.8106
vn 0.3074 0.9282 -0.2098
vn 0.6223 0.7226 -0.3010
vn 0.5932 0.8041 -0.0383
vn 0.4275 0.8984 0.1007
vn 0.0571 0.9428 0.3285
vn 0.1076 0.9836 0.1448
vn -0.4920 -0.8283 0.2682
vn 0.0950 -0.9743 -0.2043
vn 0.1852 -0.9764 -0.1113
vn 0.1077 0.9836 0.1448
vn 0.1066 0.9895 -0.0974
vn 0.3073 0.9282 -0.2098
vn -0.1233 0.9468 -0.2974
vn -0.1416 0.9448 -0.2954
vn 0.2995 0.9029 -0.3084
vn 0.3312 0.8924 -0.3065
vn -0.1183 -0.1453 -0.9823
vn -0.0636 0.6877 -0.7232
vn 0.6067 -0.6492 -0.4587
vn 0.6983 -0.7076 -0.1082
vn 0.5643 -0.6768 -0.4728
vn 0.4681 -0.5907 -0.6572
vn 0.7080 -0.6973 0.1120
vn -0.0558 -0.0565 -0.9968
vn -0.0475 0.0119 -0.9988
vn -0.5439 -0.0000 -0.8391
vn -0.5658 -0.0359 -0.8238
vn -0.7369 -0.6752 0.0345
vn -0.7369 -0.6751 0.0345
vn -0.9999 -0.0066 0.0076
vn -1.0000 -0.0000 0.0030
vn 0.0006 -0.0151 0.9999
vn 0.0007 -0.0151 0.9999
vn 0.0004 -0.0000 1.0000
vn -0.0098 0.0063 0.9999
vn -0.7365 -0.6761 -0.0214
vn -0.9999 -0.0065 0.0076
vn -0.8792 -0.0000 0.4765
vn -0.8792 -0.0026 0.4765
vn 0.5933 0.8041 -0.0383
vn 0.7087 0.7056 -0.0000
vn 0.1065 0.9895 -0.0974
vn -0.1136 0.9578 0.2642
vn 0.0643 0.9616 0.2670
vn -0.2382 0.2923 -0.9262
vn -0.2004 0.5057 -0.8391
vn -0.2773 0.3388 -0.8991
vn -0.2059 0.2811 -0.9373
vn -0.1773 0.5212 -0.8348
vn -0.1637 0.7531 -0.6372
vn -0.1397 0.7690 -0.6238
vn -0.1476 0.7749 -0.6146
vn 0.1008 0.5757 -0.8114
vn -0.2913 0.6051 -0.7409
vn -0.2629 0.3296 -0.9068
vn -0.3708 0.4234 -0.8266
vn -0.3026 0.5096 -0.8054
vn -0.2243 0.3933 -0.8916
vn -0.0103 -0.8328 -0.5535
vn 0.0153 -0.9639 -0.2657
vn 0.2873 -0.8947 -0.3419
vn 0.3731 -0.8678 -0.3281
vn 0.1271 -0.3814 -0.9156
vn 0.1261 -0.3877 -0.9131
vn -0.0796 -0.0419 -0.9959
vn 0.1324 -0.3485 -0.9279
vn 0.0820 -0.4446 -0.8919
vn 0.1073 -0.4656 -0.8785
vn -0.0311 -0.6710 -0.7408
vn -0.0637 -0.6876 -0.7233
vn -0.4129 0.4037 -0.8164
vn -0.1188 0.2923 -0.9489
vn 0.4681 0.5907 -0.6572
vn -0.0081 0.3568 -0.9341
vn -0.0724 0.3281 -0.9419
vn -0.0956 0.0877 -0.9915
vn -0.1054 0.1596 -0.9815
vn -0.1184 0.1453 -0.9823
vn -0.3981 0.6389 -0.6582
vn -0.3394 0.7566 -0.5589
vn -0.3553 0.5466 -0.7583
vn -0.0797 -0.0418 -0.9959
vn 0.6067 0.6492 -0.4588
vn -0.0236 0.8591 -0.5113
vn -0.0298 0.8607 -0.5083
vn -0.0139 0.8597 -0.5106
vn -0.0299 -0.7018 -0.7117
vn -0.1614 0.7432 -0.6493
vn -0.1702 0.7134 -0.6797
vn -0.1709 0.5097 -0.8432
vn -0.5423 0.5498 0.6352
vn -0.5194 0.3381 0.7848
vn -0.4665 0.2887 0.8361
vn 0.4596 0.8806 0.1151
vn 0.4710 0.8782 0.0835
vn 0.4535 0.8815 0.1318
vn 0.1852 0.9764 -0.1112
vn 0.4783 0.8760 0.0621
vn 0.4622 0.5489 -0.6965
vn 0.1671 0.7605 -0.6275
vn 0.1608 0.8069 -0.5684
vn -0.2808 0.8627 -0.4205
vn -0.1592 0.8540 -0.4953
vn -0.0792 0.7902 -0.6077
vn -0.1432 0.8064 -0.5738
vn -0.1792 0.8832 -0.4334
vn -0.2283 0.6653 -0.7108
vn -0.2030 0.7383 -0.6432
vn -0.2651 0.7072 -0.6554
vn -0.2248 0.7246 -0.6515
vn -0.3154 0.9215 -0.2264
vn -0.0749 0.8511 -0.5196
vn -0.1015 0.8763 -0.4709
vn -0.1029 0.7932 -0.6002
vn 0.0016 0.7761 -0.6306
vn 0.1141 -0.0356 -0.9928
vn -0.1246 -0.1918 -0.9735
vn 0.3252 0.6001 -0.7309
vn 0.1333 0.6791 -0.7218
vn -0.4502 0.8456 0.2868
vn -0.5304 0.6898 0.4927
vn -0.2131 0.3905 0.8956
vn 0.1777 0.5184 -0.8364
vn 0.1142 -0.0357 -0.9928
vn 0.5642 0.6768 -0.4729
vn 0.2383 0.4970 -0.8344
vn -0.3298 0.6337 -0.6997
vn -0.2252 0.7460 -0.6267
vn -0.2416 0.7194 -0.6513
vn -0.3722 0.6091 0.7003
vn -0.3359 0.5663 0.7527
vn -0.4300 0.6748 0.5998
vn -0.4635 0.7313 0.5004
vn 0.1612 0.2739 0.9482
vn -0.2867 0.2436 0.9266
vn -0.3282 0.1346 0.9350
vn 0.2291 0.1310 0.9645
vn 0.6980 -0.0329 0.7154
vn 0.4779 0.0951 0.8733
vn 0.5534 -0.4781 0.6821
vn -0.5739 0.2013 0.7938
vn -0.5250 0.0934 0.8460
vn -0.3480 0.4166 0.8399
vn -0.2838 0.2600 0.9229
vn -0.1733 0.7410 -0.6487
vn -0.1972 0.0237 0.9801
vn -0.3120 0.0026 0.9501
vn -0.0999 0.7589 0.6435
vn -0.3152 0.7021 0.6385
vn -0.0274 0.3920 0.9196
vn 0.0329 0.8468 0.5309
vn 0.1581 0.4578 0.8749
vn -0.3488 0.3851 0.8544
vn 0.0669 -0.0004 0.9978
vn -0.1705 0.8121 -0.5581
vn -0.1264 0.6807 -0.7216
vn -0.0780 0.7893 -0.6090
vn -0.1706 0.8121 -0.5581
vn -0.1987 0.8050 -0.5590
vn -0.2637 0.8799 -0.3953
vn -0.0022 0.4258 0.9048
vn 0.2170 0.0197 0.9760
vn -0.0638 0.8404 -0.5382
vn -0.1971 0.8906 -0.4098
vn -0.2233 0.8522 -0.4731
vn -0.0561 0.9974 -0.0446
vn -0.3250 0.8712 -0.3679
vn -0.2645 0.4797 0.8366
vn -0.2134 0.6679 -0.7131
vn -0.4502 0.8456 0.2867
vn -0.3837 0.8123 -0.4393
vn -0.0410 0.7996 0.5992
vn 0.3192 -0.2346 0.9182
vn -0.1878 0.6351 0.7493
vn -0.4395 0.3555 0.8249
vn -0.0894 0.0136 0.9959
vn -0.5305 0.6898 0.4927
vn 0.4982 0.8648 0.0619
vn 0.4777 0.8781 -0.0277
vn -0.5305 0.6898 0.4926
vn -0.5466 0.7314 0.4078
vn -0.1592 0.7766 -0.6096
vn -0.1791 0.8479 -0.4990
vn -0.1918 0.8939 -0.4051
vn 0.2213 0.0117 0.9751
vn 0.4138 -0.9074 0.0739
vn -0.0589 -0.8937 0.4448
vn -0.0018 -0.9924 0.1233
vn -0.0762 -0.9927 0.0936
vn -0.2452 -0.8968 0.3682
vn -0.1136 -0.9577 0.2643
vn -0.1207 -0.8937 0.4322
vn 0.2328 -0.8348 0.4988
vn 0.2054 -0.9558 0.2106
vn 0.6006 -0.7302 0.3259
vn 0.2053 -0.9751 0.0838
vn 0.4275 -0.8984 0.1008
vn 0.4881 -0.8519 0.1899
vn 0.4880 -0.8519 0.1899
vn 0.0643 -0.9615 0.2671
vn 0.0863 -0.8890 0.4497
vn -0.0261 0.8573 -0.5142
vn 0.6627 0.6674 0.3399
vn 0.3994 0.8052 0.4383
vn 0.2183 0.8510 0.4776
vn -0.0539 0.8441 0.5335
vn -0.0540 0.8444 0.5330
vn -0.2947 0.7432 -0.6007
vn -0.1740 0.8586 -0.4822
vn -0.1132 0.9901 -0.0825
vn -0.1388 0.9575 -0.2528
vn 0.0003 0.9907 0.1359
vn -0.1817 0.7998 -0.5721
vn -0.0681 0.7783 -0.6242
vn -0.2233 0.8522 -0.4732
vn -0.0815 0.8416 -0.5339
vn -0.0777 0.7782 -0.6232
vn -0.2311 0.7467 -0.6238
vn -0.1055 0.7629 -0.6378
vn -0.1145 0.9675 -0.2254
vn -0.2223 0.9479 -0.2280
vn -0.2735 0.9375 -0.2151
vn -0.0808 0.7986 -0.5964
vn -0.1161 0.9741 -0.1940
vn -0.3509 0.9081 -0.2285
vn -0.0974 0.9166 -0.3876
vn -0.1446 0.7908 -0.5948
vn -0.2192 0.9720 -0.0845
vn -0.0864 0.9532 -0.2898
vn -0.2228 0.6923 -0.6863
vn -0.4017 0.6372 -0.6578
vn -0.3948 0.6426 -0.6567
vn -0.1127 0.8296 -0.5469
vn -0.3155 0.9215 -0.2264
vn -0.4937 0.7830 0.3783
vn 0.2803 0.8076 -0.5189
vn 0.4357 0.7124 -0.5501
vn -0.2683 0.7434 -0.6127
vn 0.2251 -0.9743 -0.0021
vn 0.2052 -0.9751 0.0838
vn 0.4939 0.5812 -0.6468
vn -0.0018 -0.9924 0.1232
vn 0.0283 -0.9891 -0.1448
vn 0.0328 -0.9871 -0.1570
vn -0.0761 -0.9927 0.0935
vn 0.4137 -0.9074 0.0738
vn 0.1262 -0.9880 -0.0885
vn 0.2054 -0.9558 0.2105
vn 0.3942 -0.9179 -0.0461
vn -0.0437 0.8228 0.5667
vn 0.5009 0.3033 -0.8106
vn 0.3074 -0.9282 -0.2098
vn 0.6223 -0.7226 -0.3010
vn 0.4275 -0.8984 0.1007
vn 0.5932 -0.8041 -0.0383
vn 0.0571 -0.9428 0.3285
vn 0.1076 -0.9836 0.1448
vn 0.0152 -0.9639 -0.2657
vn -0.4920 0.8283 0.2682
vn 0.0950 0.9743 -0.2043
vn 0.1077 -0.9836 0.1448
vn 0.3073 -0.9282 -0.2098
vn 0.1066 -0.9895 -0.0974
vn -0.1233 -0.9468 -0.2974
vn 0.3312 -0.8924 -0.3065
vn 0.2995 -0.9029 -0.3084
vn -0.1416 -0.9448 -0.2954
vn 0.5643 0.6767 -0.4728
vn 0.6983 0.7075 -0.1082
vn 0.6067 0.6492 -0.4587
vn 0.7080 0.6973 0.1120
vn -0.0493 0.0511 -0.9975
vn -0.5658 0.0359 -0.8238
vn -0.0306 0.0356 -0.9989
vn -0.9999 0.0066 0.0076
vn -0.0075 0.0160 0.9998
vn 0.0007 0.0151 0.9999
vn -0.0306 -0.0000 0.9995
vn 0.0306 -0.0000 -0.9995
vn -0.0306 0.0190 0.9994
vn -0.8792 0.0026 0.4765
vn 0.7087 -0.7056 -0.0000
vn 0.5933 -0.8041 -0.0383
vn 0.1065 -0.9895 -0.0974
vn 0.0643 -0.9616 0.2670
vn -0.1136 -0.9578 0.2642
vn -0.0594 -0.7990 -0.5985
vn -0.0671 -0.6858 -0.7247
vn 0.1553 -0.6876 -0.7093
vn 0.3417 -0.7956 -0.5003
vn 0.2042 -0.5346 -0.8201
vn 0.4541 -0.8612 -0.2284
vn -0.1093 -0.8274 -0.5509
vn -0.1244 -0.6371 -0.7607
vn 0.3057 -0.8925 -0.3315
vn 0.0759 -0.9760 -0.2042
vn 0.3058 -0.8925 -0.3315
vn 0.4409 -0.8975 -0.0000
vn 0.4443 -0.8959 -0.0000
vn 0.4541 -0.8612 -0.2283
vn 0.4561 -0.8899 -0.0000
vn 0.0760 -0.9760 -0.2042
vn 0.0932 -0.9956 -0.0000
vn -0.0437 -0.0000 -0.9990
vn -0.3756 0.0653 -0.9245
vn 0.0394 0.4160 -0.9085
vn -0.5900 0.3945 -0.7045
vn -0.3757 0.0653 -0.9244
vn -0.4057 0.2631 -0.8753
vn -0.6027 0.5713 -0.5571
vn -0.4466 0.4379 -0.7803
vn -0.0671 0.6858 -0.7247
vn -0.2420 -0.9238 -0.2968
vn -0.0641 -0.0370 -0.9973
vn -0.0548 -0.0000 -0.9985
vn -0.1852 -0.9827 -0.0000
vn -0.2872 -0.9471 -0.1431
vn 0.0931 -0.9957 -0.0000
vn -0.0594 0.7990 -0.5985
vn 0.1553 0.6876 -0.7093
vn 0.3417 0.7956 -0.5003
vn 0.4541 0.8612 -0.2284
vn 0.2042 0.5346 -0.8201
vn -0.1244 0.6371 -0.7607
vn -0.1093 0.8274 -0.5509
vn 0.3057 0.8925 -0.3315
vn 0.0759 0.9760 -0.2042
vn 0.3057 0.8926 -0.3315
vn 0.4443 0.8959 -0.0000
vn 0.4409 0.8975 -0.0000
vn 0.4561 0.8899 -0.0000
vn 0.4541 0.8612 -0.2283
vn 0.0760 0.9760 -0.2042
vn 0.0932 0.9956 -0.0000
vn 0.0394 -0.4160 -0.9085
vn -0.3756 -0.0653 -0.9245
vn -0.5899 -0.3945 -0.7045
vn -0.6027 -0.5713 -0.5571
vn -0.4057 -0.2631 -0.8753
vn -0.3757 -0.0653 -0.9244
vn -0.5982 -0.6398 -0.4826
vn -0.0672 -0.6858 -0.7247
vn -0.2420 0.9238 -0.2968
vn -0.0641 0.0370 -0.9973
vn -0.2872 0.9471 -0.1431
vn -0.1852 0.9827 -0.0000
vn 0.0931 0.9957 -0.0000
vn -0.0601 -0.6400 0.7660
vn -0.0589 -0.7942 0.6049
vn 0.1218 -0.6648 0.7370
vn -0.0635 -0.6778 0.7325
vn 0.3396 -0.8093 0.4792
vn 0.4541 -0.8612 0.2284
vn 0.2059 -0.5836 0.7855
vn -0.1093 -0.8274 0.5509
vn 0.3097 -0.8792 0.3621
vn 0.0759 -0.9760 0.2042
vn 0.3097 -0.8792 0.3620
vn 0.4541 -0.8612 0.2283
vn 0.0760 -0.9760 0.2042
vn -0.0438 -0.0000 0.9990
vn 0.0394 0.4160 0.9085
vn -0.3756 0.0653 0.9245
vn -0.5899 0.3945 0.7045
vn -0.6027 0.5713 0.5571
vn -0.4057 0.2631 0.8753
vn -0.3757 0.0653 0.9244
vn -0.4466 0.4379 0.7803
vn -0.0636 0.6777 0.7326
vn -0.2420 -0.9238 0.2968
vn -0.0641 -0.0370 0.9973
vn -0.0548 -0.0000 0.9985
vn -0.2872 -0.9471 0.1431
vn -0.0601 0.6400 0.7660
vn -0.0635 0.6778 0.7325
vn 0.1218 0.6648 0.7370
vn -0.0589 0.7941 0.6049
vn 0.3396 0.8093 0.4792
vn 0.2059 0.5836 0.7855
vn 0.4541 0.8612 0.2284
vn -0.1093 0.8274 0.5509
vn 0.3097 0.8792 0.3621
vn 0.0759 0.9760 0.2042
vn 0.3097 0.8792 0.3620
vn 0.4541 0.8612 0.2283
vn 0.0760 0.9760 0.2042
vn -0.3756 -0.0653 0.9245
vn 0.0394 -0.4160 0.9085
vn -0.5900 -0.3945 0.7045
vn -0.3757 -0.0653 0.9244
vn -0.4057 -0.2631 0.8753
vn -0.6027 -0.5713 0.5571
vn -0.5978 -0.6403 0.4824
vn -0.2420 0.9238 0.2968
vn -0.0641 0.0370 0.9973
vn -0.2872 0.9471 0.1431
vn 0.1245 -0.9036 -0.4098
vn -0.2845 -0.9176 -0.2774
vn -0.0627 -0.7193 -0.6919
vn -0.2037 -0.8202 -0.5346
vn 0.0116 -0.9145 -0.4044
vn 0.0073 -0.5167 -0.8561
vn -0.3247 -0.4056 -0.8544
vn -0.2001 -0.9798 -0.0000
vn 0.0843 -0.9964 -0.0000
vn 0.0117 -0.9999 -0.0000
vn 0.0877 0.0501 -0.9949
vn 0.5932 -0.4787 -0.6472
vn 0.6773 -0.5413 -0.4983
vn -0.0364 -0.5591 -0.8283
vn 0.5409 -0.2599 -0.7999
vn 0.3225 0.7701 -0.5504
vn 0.5970 0.0258 -0.8018
vn 0.1065 0.8370 -0.5367
vn 0.4148 0.6959 -0.5862
vn 0.2454 0.8382 -0.4870
vn 0.0921 0.9200 -0.3810
vn -0.0881 0.8527 -0.5149
vn 0.6773 -0.5412 -0.4983
vn 0.5932 -0.4787 -0.6473
vn 0.7392 -0.1162 -0.6634
vn 0.8400 -0.2062 -0.5019
vn -0.1940 -0.8625 -0.4673
vn -0.1615 -0.8120 -0.5608
vn -0.0274 -0.8987 -0.4378
vn 0.7309 0.6750 -0.1004
vn 0.7166 0.6801 -0.1547
vn 0.8223 0.5200 -0.2311
vn 0.0943 0.6415 -0.7614
vn 0.0943 0.6414 -0.7614
vn 0.3057 0.7654 -0.5664
vn 0.4778 0.7561 -0.4473
vn 0.5504 0.7290 -0.4069
vn 0.5504 0.7290 -0.4070
vn -0.1347 -0.9525 -0.2730
vn -0.0109 -0.9785 -0.2058
vn -0.5239 -0.6807 -0.5120
vn 0.1372 -0.5541 -0.8210
vn -0.4798 -0.4017 -0.7800
vn -0.4124 -0.5526 -0.7242
vn -0.2578 -0.8710 -0.4182
vn -0.2732 -0.6955 -0.6646
vn -0.3118 -0.8734 -0.3740
vn -0.2598 -0.0000 -0.9657
vn -0.1289 -0.6012 -0.7887
vn -0.0899 -0.8962 -0.4344
vn -0.1851 -0.9827 -0.0000
vn -0.0106 -0.9999 -0.0000
vn -0.1347 -0.9526 -0.2729
vn 0.1894 0.9193 -0.3449
vn 0.0922 0.9200 -0.3809
vn 0.2453 0.8383 -0.4869
vn 0.8965 0.1735 -0.4077
vn 0.8850 0.2966 -0.3588
vn 0.8776 0.3371 -0.3408
vn 0.1963 0.8754 0.4418
vn 0.7388 0.6739 -0.0001
vn 0.7167 0.6801 -0.1547
vn 0.7310 0.6750 -0.1005
vn 0.1372 0.5542 -0.8210
vn 0.1245 0.9036 -0.4098
vn -0.0627 0.7193 -0.6919
vn -0.2845 0.9176 -0.2774
vn -0.2036 0.8202 -0.5347
vn -0.3247 0.4056 -0.8544
vn 0.0073 0.5167 -0.8561
vn 0.0116 0.9145 -0.4044
vn -0.2001 0.9798 -0.0000
vn 0.0843 0.9964 -0.0000
vn 0.0117 0.9999 -0.0000
vn 0.5932 0.4788 -0.6472
vn 0.6773 0.5413 -0.4983
vn 0.0272 0.5182 -0.8548
vn 0.0595 -0.8740 -0.4823
vn 0.1895 -0.9193 -0.3449
vn 0.0922 -0.9200 -0.3810
vn 0.1065 -0.8371 -0.5367
vn 0.2454 -0.8382 -0.4870
vn 0.4148 -0.6960 -0.5862
vn 0.6773 0.5412 -0.4983
vn 0.8400 0.2062 -0.5019
vn 0.7392 0.1162 -0.6634
vn 0.5933 0.4787 -0.6472
vn 0.5970 -0.0258 -0.8018
vn 0.5409 0.2599 -0.7999
vn -0.1940 0.8625 -0.4673
vn -0.0274 0.8986 -0.4378
vn -0.1615 0.8120 -0.5608
vn 0.7309 -0.6750 -0.1004
vn 0.8223 -0.5200 -0.2311
vn 0.7167 -0.6801 -0.1547
vn 0.3057 -0.7654 -0.5664
vn 0.0943 -0.6414 -0.7614
vn 0.0943 -0.6415 -0.7613
vn 0.4778 -0.7561 -0.4473
vn 0.5504 -0.7290 -0.4070
vn 0.5504 -0.7290 -0.4069
vn -0.1347 0.9525 -0.2730
vn -0.0109 0.9785 -0.2058
vn -0.5239 0.6807 -0.5120
vn -0.4124 0.5526 -0.7242
vn -0.5438 0.6123 -0.5739
vn 0.1372 0.5541 -0.8211
vn -0.2732 0.6955 -0.6645
vn -0.2579 0.8710 -0.4182
vn -0.3118 0.8734 -0.3740
vn -0.1289 0.6012 -0.7887
vn -0.0899 0.8962 -0.4344
vn -0.0106 0.9999 -0.0000
vn -0.1851 0.9827 -0.0000
vn -0.1347 0.9526 -0.2729
vn 0.1894 -0.9193 -0.3449
vn 0.2453 -0.8383 -0.4869
vn 0.0922 -0.9200 -0.3809
vn 0.8965 -0.1735 -0.4077
vn 0.8776 -0.3371 -0.3408
vn 0.8850 -0.2966 -0.3588
vn 0.1963 -0.8754 0.4418
vn 0.7388 -0.6739 -0.0001
vn 0.7310 -0.6750 -0.1005
vn 0.4105 -0.7261 -0.5516
vn 0.0878 0.0501 -0.9949
vn 0.4148 -0.6959 -0.5862
vn 0.1245 -0.9036 0.4098
vn -0.0627 -0.7193 0.6919
vn -0.2845 -0.9176 0.2774
vn -0.2036 -0.8202 0.5347
vn -0.3247 -0.4056 0.8544
vn 0.0073 -0.5167 0.8562
vn 0.0116 -0.9145 0.4044
vn 0.0877 0.0501 0.9949
vn 0.5932 -0.4787 0.6472
vn 0.6773 -0.5413 0.4983
vn 0.0272 -0.5182 0.8548
vn 0.0595 0.8740 0.4823
vn 0.1895 0.9193 0.3449
vn 0.0922 0.9200 0.3810
vn 0.1065 0.8371 0.5367
vn 0.2454 0.8382 0.4870
vn 0.4148 0.6959 0.5862
vn 0.6773 -0.5412 0.4983
vn 0.8400 -0.2062 0.5019
vn 0.7392 -0.1162 0.6634
vn 0.5970 0.0258 0.8018
vn 0.5409 -0.2599 0.7999
vn -0.1940 -0.8625 0.4673
vn -0.0274 -0.8986 0.4378
vn -0.1615 -0.8120 0.5608
vn 0.7310 0.6750 0.1004
vn 0.8223 0.5200 0.2311
vn 0.7167 0.6801 0.1547
vn 0.0393 0.4160 0.9085
vn 0.3057 0.7653 0.5664
vn 0.0943 0.6414 0.7614
vn 0.4778 0.7560 0.4474
vn 0.5505 0.7289 0.4070
vn 0.5504 0.7289 0.4070
vn -0.1347 -0.9525 0.2730
vn -0.0109 -0.9785 0.2058
vn -0.5239 -0.6807 0.5120
vn -0.4124 -0.5526 0.7242
vn -0.4798 -0.4017 0.7800
vn 0.1372 -0.5541 0.8211
vn -0.2732 -0.6955 0.6646
vn -0.2578 -0.8710 0.4182
vn -0.3118 -0.8734 0.3740
vn -0.2598 -0.0000 0.9657
vn -0.1289 -0.6012 0.7887
vn -0.0899 -0.8962 0.4344
vn -0.1347 -0.9526 0.2729
vn 0.1894 0.9193 0.3449
vn 0.2453 0.8383 0.4869
vn 0.0922 0.9200 0.3809
vn 0.8965 0.1735 0.4077
vn 0.8776 0.3371 0.3409
vn 0.8850 0.2966 0.3588
vn 0.8965 0.1736 0.4077
vn 0.1963 0.8754 -0.4418
vn 0.7388 0.6739 0.0001
vn 0.7310 0.6750 0.1005
vn 0.0878 0.0500 0.9949
vn 0.1372 0.5541 0.8210
vn 0.1245 0.9036 0.4098
vn -0.2845 0.9176 0.2774
vn -0.0627 0.7193 0.6919
vn -0.2036 0.8202 0.5346
vn 0.0116 0.9145 0.4044
vn 0.0073 0.5167 0.8561
vn -0.3247 0.4056 0.8544
vn 0.0884 0.0489 0.9949
vn 0.5932 0.4788 0.6472
vn 0.6773 0.5413 0.4983
vn -0.0364 0.5591 0.8283
vn 0.5409 0.2599 0.7999
vn 0.3225 -0.7701 0.5504
vn 0.5970 -0.0258 0.8018
vn 0.1065 -0.8371 0.5367
vn 0.4148 -0.6960 0.5861
vn 0.2454 -0.8382 0.4870
vn 0.0921 -0.9200 0.3810
vn -0.0881 -0.8527 0.5149
vn 0.6773 0.5412 0.4983
vn 0.5932 0.4787 0.6473
vn 0.7392 0.1162 0.6634
vn 0.8400 0.2062 0.5019
vn -0.1940 0.8625 0.4673
vn -0.1615 0.8120 0.5608
vn -0.0274 0.8986 0.4378
vn 0.7310 -0.6750 0.1004
vn 0.7167 -0.6801 0.1547
vn 0.8223 -0.5200 0.2311
vn 0.0943 -0.6414 0.7614
vn 0.3057 -0.7653 0.5664
vn 0.4778 -0.7560 0.4474
vn 0.5504 -0.7289 0.4070
vn -0.1347 0.9525 0.2730
vn -0.0109 0.9785 0.2058
vn -0.5239 0.6807 0.5120
vn 0.1372 0.5541 0.8211
vn -0.5438 0.6123 0.5739
vn -0.4124 0.5526 0.7242
vn -0.2579 0.8710 0.4182
vn -0.2732 0.6955 0.6646
vn -0.3118 0.8734 0.3740
vn -0.1289 0.6012 0.7887
vn -0.0899 0.8962 0.4344
vn -0.1347 0.9526 0.2729
vn 0.1894 -0.9193 0.3449
vn 0.0922 -0.9200 0.3809
vn 0.2453 -0.8383 0.4869
vn 0.8965 -0.1735 0.4077
vn 0.8850 -0.2966 0.3588
vn 0.8776 -0.3371 0.3409
vn 0.1963 -0.8754 -0.4418
vn 0.7388 -0.6739 0.0001
vn 0.7310 -0.6750 0.1005
vn 0.4105 -0.7261 0.5516
vn 0.0878 0.0501 0.9949
vn 0.1372 -0.5542 0.8210
vn 0.4148 -0.6959 0.5862
vn -0.1632 -0.6067 -0.7780
vn -0.1947 -0.8212 -0.5363
vn -0.3255 -0.7668 -0.5532
vn -0.2668 -0.9135 -0.3071
vn -0.4512 -0.7424 -0.4953
vn -0.4224 -0.6288 -0.6529
vn -0.2588 -0.7848 -0.5632
vn 0.6466 0.6830 -0.3396
vn 0.5611 0.7762 -0.2877
vn 0.0564 0.6417 -0.7649
vn 0.2298 -0.9501 -0.2111
vn 0.1502 -0.9883 -0.0247
vn 0.1744 -0.8693 -0.4626
vn 0.1681 -0.9674 -0.1893
vn -0.0083 -0.8222 -0.5691
vn -0.3891 -0.8674 -0.3101
vn -0.3469 -0.8660 -0.3602
vn 0.3947 0.8740 -0.2834
vn 0.4050 0.8759 -0.2623
vn 0.1859 -0.7164 -0.6724
vn 0.4284 -0.8851 -0.1819
vn -0.2476 -0.5419 -0.8032
vn 0.0564 -0.6417 -0.7648
vn -0.0763 -0.5969 -0.7987
vn -0.5568 -0.3809 -0.7382
vn -0.5351 -0.5951 -0.5996
vn 0.3838 0.8461 -0.3699
vn 0.6253 0.7757 -0.0851
vn 0.2171 -0.9762 -0.0000
vn 0.4153 -0.9097 -0.0000
vn 0.6063 0.7953 -0.0000
vn -0.4091 -0.0000 -0.9125
vn 0.0133 -0.0000 0.9999
vn 0.0327 0.0881 0.9956
vn -0.0563 0.0515 0.9971
vn 0.0407 0.0601 0.9974
vn -0.0720 0.1738 0.9821
vn 0.0426 -0.0000 0.9991
vn -0.3374 0.2714 0.9014
vn -0.2147 0.2419 0.9462
vn -0.3536 0.2671 0.8965
vn -0.1759 0.2307 0.9570
vn -0.0946 0.1697 0.9809
vn -0.0072 -0.0000 1.0000
vn -0.1632 0.6067 -0.7780
vn -0.3255 0.7668 -0.5532
vn -0.1947 0.8212 -0.5363
vn -0.4223 0.6288 -0.6529
vn -0.4512 0.7424 -0.4953
vn -0.2668 0.9135 -0.3071
vn -0.2588 0.7848 -0.5632
vn 0.6466 -0.6830 -0.3396
vn 0.0564 -0.6417 -0.7649
vn 0.5611 -0.7762 -0.2877
vn 0.2298 0.9501 -0.2111
vn 0.1744 0.8693 -0.4626
vn 0.1502 0.9883 -0.0247
vn -0.0083 0.8222 -0.5691
vn 0.1681 0.9674 -0.1893
vn -0.3891 0.8674 -0.3101
vn -0.3469 0.8660 -0.3602
vn 0.3947 -0.8740 -0.2834
vn 0.4050 -0.8759 -0.2623
vn 0.1859 0.7164 -0.6724
vn 0.4284 0.8851 -0.1819
vn -0.2476 0.5419 -0.8032
vn 0.0564 0.6417 -0.7648
vn -0.0763 0.5969 -0.7987
vn -0.5351 0.5951 -0.5996
vn 0.3838 -0.8461 -0.3699
vn 0.6253 -0.7757 -0.0851
vn 0.2171 0.9762 -0.0000
vn 0.4153 0.9097 -0.0000
vn 0.6062 -0.7953 -0.0000
vn -0.0563 -0.0515 0.9971
vn 0.0327 -0.0881 0.9956
vn 0.0407 -0.0601 0.9974
vn -0.1190 -0.1432 0.9825
vn -0.0720 -0.1738 0.9821
vn -0.0946 -0.1697 0.9809
vn -0.3374 -0.2714 0.9014
vn -0.3536 -0.2671 0.8965
vn -0.2147 -0.2419 0.9462
vn -0.1759 -0.2307 0.9570
vn -0.2494 -0.2608 0.9326
vn -0.2025 -0.5125 0.8345
vn -0.0696 -0.0000 0.9976
vn -0.2909 -0.0000 0.9568
vn -0.3331 -0.0000 0.9429
vn -0.2850 -0.5049 0.8148
vn -0.2042 -0.3208 0.9249
vn -0.1263 -0.8120 0.5698
vn -0.1621 -0.8205 0.5482
vn -0.0461 -0.7930 0.6075
vn -0.1653 -0.8940 0.4165
vn -0.1046 -0.9313 0.3489
vn 0.0070 0.4658 0.8849
vn 0.1220 0.1534 0.9806
vn 0.0225 0.3007 0.9535
vn 0.2411 0.5754 0.7816
vn -0.2660 -0.3521 0.8974
vn -0.1710 -0.0000 0.9853
vn -0.1571 -0.3988 0.9035
vn -0.2263 -0.4315 0.8733
vn -0.1281 0.2592 0.9573
vn -0.1295 0.2292 0.9647
vn -0.0484 -0.6425 0.7647
vn -0.0484 -0.6426 0.7647
vn -0.0080 -0.3569 0.9341
vn -0.0809 -0.3304 0.9404
vn -0.1188 -0.1006 0.9878
vn 0.0178 0.0183 0.9997
vn 0.0224 0.3008 0.9534
vn -0.1332 0.0352 0.9905
vn -0.2660 -0.3522 0.8973
vn -0.1711 -0.0000 0.9853
vn -0.3387 -0.0000 0.9409
vn 0.2035 -0.0000 0.9791
vn 0.1221 0.1533 0.9806
vn 0.2827 -0.0000 0.9592
vn -0.0164 -0.9769 0.2132
vn 0.0036 -0.9792 0.2029
vn 0.3954 -0.8733 -0.2847
vn 0.0248 0.3283 0.9443
vn -0.1890 -0.6633 0.7241
vn -0.0848 -0.7524 0.6533
vn -0.0809 -0.7558 0.6498
vn 0.5161 -0.7356 -0.4387
vn -0.1314 -0.8433 0.5211
vn 0.0090 0.9600 -0.2798
vn 0.2406 0.5358 0.8093
vn 0.0179 0.0183 0.9997
vn -0.1962 0.5280 0.8263
vn 0.6872 -0.7245 0.0539
vn 0.6872 -0.7245 0.0538
vn -0.2494 0.2608 0.9326
vn -0.2025 0.5125 0.8345
vn -0.2850 0.5049 0.8148
vn -0.2044 0.3210 0.9247
vn -0.1263 0.8120 0.5698
vn -0.0461 0.7930 0.6075
vn -0.1620 0.8205 0.5482
vn -0.1653 0.8940 0.4165
vn -0.1046 0.9313 0.3489
vn 0.0070 -0.4658 0.8849
vn 0.2411 -0.5753 0.7816
vn 0.0225 -0.3007 0.9535
vn 0.1220 -0.1534 0.9806
vn -0.2662 0.3524 0.8972
vn -0.2265 0.4317 0.8731
vn -0.1573 0.3991 0.9033
vn -0.1281 -0.2592 0.9573
vn -0.1295 -0.2292 0.9647
vn -0.0484 0.6426 0.7647
vn -0.0809 0.3304 0.9404
vn -0.0080 0.3569 0.9341
vn -0.1188 0.1006 0.9878
vn 0.0225 -0.3007 0.9534
vn 0.0178 -0.0183 0.9997
vn -0.1332 -0.0352 0.9905
vn -0.2266 0.4317 0.8731
vn -0.2663 0.3525 0.8971
vn 0.1221 -0.1533 0.9806
vn -0.0164 0.9769 0.2132
vn 0.3954 0.8733 -0.2847
vn 0.0036 0.9792 0.2029
vn 0.0248 -0.3283 0.9443
vn -0.1891 0.6633 0.7241
vn -0.0809 0.7558 0.6498
vn -0.0848 0.7524 0.6533
vn 0.5161 0.7356 -0.4387
vn -0.1314 0.8433 0.5211
vn 0.0090 -0.9600 -0.2798
vn -0.1333 -0.0352 0.9905
vn 0.0179 -0.0183 0.9997
vn 0.2406 -0.5358 0.8093
vn -0.1962 -0.5280 0.8263
vn 0.6872 0.7245 0.0539
vn 0.6872 0.7245 0.0538
vn -0.0000 0.9868 0.1621
vn -0.0000 -0.9868 0.1621
vn 0.9728 -0.0000 0.2317
vn -0.9728 -0.0000 0.2317
vn 0.1862 -0.4241 0.8863
vn 0.0005 -0.2878 0.9577
vn 0.0169 -0.2119 0.9771
vn -0.3477 -0.7881 -0.5080
vn -0.1946 -0.6217 -0.7587
vn -0.1999 -0.9485 -0.2459
vn 0.6196 -0.7700 0.1522
vn 0.5131 -0.8466 0.1417
vn 0.5681 -0.5764 -0.5874
vn 0.6344 -0.5502 -0.5429
vn -0.0068 -0.9108 -0.4128
vn 0.1302 -0.8741 -0.4680
vn 0.2451 -0.9248 -0.2911
vn -0.3697 -0.5129 0.7748
vn -0.2867 -0.3569 0.8891
vn -0.2035 -0.6477 -0.7342
vn -0.1465 -0.7892 -0.5964
vn 0.6327 0.0561 -0.7723
vn 0.4854 0.0686 -0.8716
vn 0.3605 0.6418 -0.6769
vn 0.4172 0.7890 -0.4511
vn 0.5410 0.8315 -0.1263
vn 0.6902 0.1291 -0.7120
vn 0.5272 0.8274 -0.1937
vn 0.3548 -0.6577 -0.6645
vn 0.4619 -0.6625 0.5897
vn 0.3292 -0.6075 0.7229
vn 0.1084 -0.5049 0.8563
vn 0.6669 -0.4776 -0.5720
vn 0.4588 -0.5990 0.6563
vn 0.4516 -0.5115 0.7311
vn 0.4515 -0.5115 0.7311
vn 0.4705 0.8471 0.2470
vn 0.3885 0.9180 0.0794
vn -0.2178 -0.8512 -0.4776
vn -0.0156 -0.5073 -0.8616
vn 0.0834 -0.6755 -0.7326
vn -0.1214 -0.3455 -0.9305
vn 0.1008 -0.0426 -0.9940
vn 0.1419 -0.5989 -0.7881
vn -0.1947 -0.1230 -0.9731
vn -0.1271 -0.0940 -0.9874
vn -0.1028 -0.4353 -0.8944
vn -0.1743 -0.3791 -0.9088
vn -0.4365 -0.5181 0.7356
vn -0.4857 -0.4149 0.7693
vn -0.5428 -0.4725 0.6943
vn -0.0804 -0.6034 -0.7934
vn -0.0758 -0.9599 -0.2700
vn -0.1139 -0.8550 -0.5059
vn -0.0410 -0.5561 -0.8301
vn -0.0877 -0.6704 -0.7368
vn 0.0643 -0.7291 -0.6813
vn -0.2084 -0.2010 -0.9572
vn -0.2082 0.1229 -0.9703
vn -0.1297 0.1625 -0.9782
vn 0.0118 -0.9952 -0.0974
vn -0.0713 -0.1870 -0.9798
vn 0.0745 -0.7970 -0.5993
vn -0.0513 -0.9943 0.0936
vn -0.1833 -0.9827 0.0262
vn -0.0624 -0.3833 0.9215
vn -0.2438 -0.2710 0.9312
vn -0.2867 -0.3568 0.8891
vn 0.0005 -0.2879 0.9577
vn -0.4845 -0.2901 0.8253
vn -0.4857 -0.4149 0.7694
vn -0.4858 -0.4149 0.7693
vn -0.4846 -0.2901 0.8253
vn -0.5428 -0.4725 0.6944
vn 0.1084 -0.5050 0.8563
vn 0.3291 -0.6075 0.7229
vn 0.0509 -0.5286 0.8473
vn 0.1930 0.9761 -0.0997
vn 0.0706 0.9911 -0.1129
vn 0.0693 0.9928 -0.0973
vn 0.0813 0.9920 -0.0963
vn 0.0824 0.9920 -0.0962
vn 0.0953 0.9909 -0.0950
vn 0.0706 0.9911 -0.1128
vn 0.3143 -0.1306 -0.9403
vn 0.4028 0.3542 -0.8440
vn -0.0000 0.9894 0.1451
vn -0.3193 -0.9158 0.2436
vn -0.4081 -0.8728 0.2677
vn 0.4114 -0.8831 0.2255
vn 0.3535 -0.9102 0.2160
vn -0.2967 -0.9215 0.2506
vn -0.3811 -0.8853 0.2665
vn 0.4069 -0.8917 0.1983
vn 0.4084 -0.8910 0.1984
vn -0.4082 -0.8728 0.2677
vn -0.6658 -0.6710 0.3264
vn 0.4115 -0.8831 0.2255
vn 0.7003 -0.6645 0.2609
vn -0.3812 -0.8853 0.2665
vn -0.2968 -0.9215 0.2506
vn -0.6331 -0.7126 0.3022
vn 0.7440 -0.6435 0.1798
vn 0.7441 -0.6434 0.1797
vn 0.4797 -0.6110 -0.6297
vn 0.6972 -0.0000 -0.7168
vn 0.7264 -0.5521 -0.4094
vn 0.4816 -0.5614 -0.6730
vn 0.4588 -0.5654 -0.6854
vn 0.4664 -0.5280 -0.7097
vn 0.4635 -0.5426 -0.7005
vn 0.2628 -0.0000 -0.9649
vn 0.2299 -0.7302 -0.6433
vn 0.0680 -0.6533 -0.7541
vn 0.1499 -0.9009 -0.4072
vn -0.0323 -0.8921 -0.4507
vn 0.2247 -0.5531 -0.8022
vn 0.1037 -0.7425 -0.6618
vn 0.2068 -0.4400 -0.8738
vn 0.1780 0.5650 -0.8056
vn 0.3389 0.1004 -0.9354
vn 0.3251 -0.4440 -0.8350
vn 0.2412 -0.8869 -0.3940
vn 0.1934 -0.9799 -0.0480
vn 0.1703 -0.9391 -0.2985
vn 0.2069 -0.4400 -0.8739
vn 0.2378 -0.1478 -0.9600
vn 0.2135 -0.0000 -0.9769
vn 0.2798 -0.0000 -0.9601
vn 0.4702 -0.5472 0.6924
vn 0.3288 -0.5429 0.7728
vn 0.3469 -0.7196 0.6015
vn 0.4575 -0.4534 0.7649
vn 0.4738 -0.3894 0.7899
vn -0.0200 0.9099 -0.4143
vn -0.1140 0.9717 -0.2068
vn 0.0099 0.9821 -0.1882
vn -0.0011 0.9526 -0.3042
vn -0.7186 -0.6931 0.0572
vn -0.5211 -0.8394 -0.1547
vn -0.7438 -0.6623 0.0894
vn 0.0043 -0.7152 0.6989
vn 0.0023 -0.2730 0.9620
vn 0.0016 -0.0623 0.9981
vn 0.0354 -0.2360 0.9711
vn 0.1355 -0.2543 0.9576
vn 0.0136 -0.0540 0.9984
vn 0.3151 -0.1652 0.9345
vn 0.1885 -0.0000 0.9821
vn 0.0595 -0.0000 0.9982
vn 0.4380 -0.0000 0.8990
vn 0.5439 -0.3112 0.7793
vn 0.8410 -0.0000 0.5411
vn 0.8409 -0.5389 -0.0491
vn 0.8409 -0.0000 0.5411
vn 0.0305 0.9986 0.0435
vn 0.1200 -0.9595 -0.2549
vn 0.2025 -0.9144 0.3506
vn 0.0693 -0.9974 0.0209
vn -0.1238 -0.4001 0.9081
vn 0.2040 -0.4140 0.8871
vn -0.2567 -0.2914 0.9215
vn 0.3748 -0.1992 0.9054
vn 0.2444 -0.6587 0.7117
vn 0.5912 -0.2121 0.7781
vn 0.5875 -0.0000 0.8092
vn 0.3123 -0.0000 0.9500
vn -0.9166 -0.0000 -0.3999
vn -0.7859 0.5502 -0.2822
vn -0.7423 0.6647 -0.0845
vn -0.7019 0.7121 -0.0151
vn -0.7019 0.7121 -0.0152
vn -0.4426 -0.5023 0.7429
vn -0.2576 -0.6135 0.7465
vn 0.0079 -0.0000 1.0000
vn 0.0019 -0.0028 1.0000
vn -0.0821 -0.3058 0.9485
vn 0.0234 -0.4609 0.8872
vn 0.1208 -0.3329 0.9352
vn -0.5357 -0.0283 0.8439
vn -0.5932 -0.6620 0.4580
vn -0.5049 -0.4080 0.7606
vn -0.6500 -0.7064 0.2803
vn -0.3273 -0.8814 0.3405
vn 0.9198 0.3915 0.0256
vn 0.9071 0.4202 0.0242
vn 0.9989 -0.0000 0.0473
vn 0.9989 -0.0000 0.0475
vn 0.6698 0.7425 -0.0013
vn 0.6698 0.7425 -0.0014
vn 0.0774 -0.4793 0.8742
vn 0.0355 -0.2360 0.9711
vn -0.0436 -0.8399 0.5410
vn -0.3538 -0.0000 0.9353
vn -0.6536 -0.0000 0.7568
vn -0.7035 -0.6753 0.2214
vn 0.3251 -0.4439 -0.8350
vn 0.3230 -0.5285 -0.7851
vn 0.3056 -0.4266 -0.8512
vn 0.2915 -0.2963 -0.9095
vn 0.1933 -0.9800 -0.0480
vn 0.1200 -0.9595 -0.2550
vn 0.0233 -0.9092 -0.4158
vn 0.2025 -0.9143 0.3507
vn 0.0693 -0.9974 0.0208
vn -0.6322 -0.7719 0.0662
vn -0.2511 -0.9584 0.1354
vn -0.7093 -0.7043 0.0302
vn 0.3614 -0.6097 -0.7054
vn 0.4831 -0.8132 -0.3246
vn 0.5195 -0.5134 -0.6831
vn 0.4817 -0.5614 -0.6729
vn 0.5716 -0.5551 -0.6043
vn 0.5271 -0.5815 -0.6197
vn 0.2008 -0.9513 -0.2341
vn 0.2411 -0.8869 -0.3940
vn -0.1462 -0.8435 -0.5169
vn 0.2749 -0.5329 -0.8003
vn 0.3750 -0.6355 -0.6749
vn 0.5242 -0.8423 -0.1255
vn 0.4197 -0.7135 0.5611
vn 0.4375 -0.7300 0.5250
vn 0.4730 -0.7608 0.4444
vn -0.5839 -0.7828 -0.2152
vn -0.2018 0.9698 -0.1368
vn -0.2541 0.9587 -0.1275
vn -0.1984 0.9567 -0.2128
vn -0.0200 0.9100 -0.4142
vn 0.0909 0.7912 -0.6047
vn 0.0908 0.7912 -0.6048
vn -0.4851 -0.8739 -0.0319
vn -0.4591 -0.8878 0.0317
vn 0.0287 -0.1801 0.9832
vn 0.0535 -0.0518 0.9972
vn 0.3250 -0.9455 -0.0187
vn -0.0438 -0.9975 0.0556
vn -0.5283 -0.8480 0.0414
vn -0.4061 -0.9131 -0.0364
vn -0.5284 -0.8480 0.0414
vn 0.0233 -0.9092 -0.4157
vn 0.0774 -0.4792 0.8743
vn 0.0046 -0.5506 0.8348
vn 0.0065 -0.9628 0.2702
vn -0.7232 -0.5179 -0.4570
vn -0.7231 -0.5179 -0.4570
vn 0.3122 -0.9490 -0.0449
vn 0.4390 -0.8963 -0.0631
vn 0.0018 -0.9983 0.0582
vn 0.2741 -0.9555 0.1087
vn 0.4014 0.0477 -0.9147
vn 0.0809 0.0763 -0.9938
vn 0.4176 0.0460 -0.9074
vn 0.6724 0.0147 -0.7401
vn 0.0083 -0.9618 0.2736
vn 0.1934 -0.9799 -0.0481
vn -0.0138 -0.9878 0.1548
vn -0.0001 0.0005 -1.0000
vn -0.0003 0.0014 -1.0000
vn -0.9165 -0.0000 -0.4000
vn -0.7425 0.5490 -0.3839
vn -0.7859 0.5502 -0.2823
vn 0.1780 0.5651 -0.8056
vn 0.0909 0.7912 -0.6048
vn 0.0044 -0.7152 0.6989
vn -0.0529 -0.9834 0.1736
vn -0.4726 -0.8704 0.1379
vn -0.4727 -0.8704 0.1379
vn -0.4592 -0.8878 0.0317
vn 0.0008 -0.9891 -0.1472
vn 0.2252 -0.6934 -0.6844
vn 0.0038 -0.0000 1.0000
vn 0.0008 -0.0020 1.0000
vn 0.8382 -0.5453 -0.0040
vn 0.1499 -0.9010 -0.4072
vn 0.2539 -0.7142 -0.6523
vn -0.5557 0.5122 -0.6549
vn 0.1470 -0.1637 0.9755
vn 0.0585 -0.2026 0.9775
vn 0.2111 -0.4154 0.8848
vn 0.2996 -0.3313 0.8947
vn -0.1365 -0.7563 0.6398
vn -0.0291 -0.6606 0.7502
vn -0.1656 -0.9843 0.0605
vn -0.2357 -0.9595 0.1541
vn -0.2131 0.4678 0.8578
vn 0.0389 0.6432 0.7647
vn -0.0112 0.6213 0.7835
vn -0.1517 0.5484 0.8223
vn -0.1909 0.2579 0.9471
vn -0.2132 0.4677 0.8578
vn -0.1908 0.2579 0.9471
vn -0.0358 0.9761 0.2142
vn -0.0282 0.9771 0.2109
vn 0.0553 0.9832 0.1739
vn 0.0552 0.9832 0.1739
vn 0.2028 -0.0663 0.9770
vn -0.0324 -0.0017 0.9995
vn -0.1908 0.2578 0.9472
vn 0.1933 -0.0637 0.9791
vn 0.4258 -0.1270 0.8959
vn 0.0894 -0.4196 0.9033
vn 0.3085 -0.4008 0.8626
vn 0.3240 -0.1952 0.9257
vn -0.0598 -0.5954 0.8012
vn -0.1737 -0.9552 0.2395
vn -0.0002 -0.9284 0.3716
vn 0.6213 0.1323 0.7723
vn 0.4478 -0.8938 -0.0252
vn 0.4422 -0.8966 -0.0250
vn 0.0325 -0.9994 0.0092
vn 0.6028 -0.7973 -0.0301
vn 0.1120 -0.1555 0.9815
vn -0.0000 -0.3251 0.9457
vn -0.0821 -0.8722 0.4823
vn 0.0085 -0.2527 0.9675
vn 0.3516 0.0571 0.9344
vn -0.1943 -0.9786 0.0682
vn -0.1087 -0.9902 -0.0880
vn 0.1896 0.6964 0.6921
vn -0.1836 -0.9796 0.0813
vn 0.7576 0.4393 0.4828
vn 0.8569 0.4899 0.1602
vn 0.8563 0.5013 0.1244
vn 0.8478 0.4972 0.1847
vn 0.8569 0.4899 0.1601
vn 0.3825 -0.5965 -0.7056
vn 0.2642 -0.4381 -0.8592
vn 0.4909 -0.2671 -0.8293
vn 0.5307 -0.5954 -0.6033
vn 0.0707 -0.5952 -0.8005
vn -0.0681 -0.6062 -0.7924
vn -0.2249 -0.5952 -0.7715
vn 0.0039 -0.8966 -0.4428
vn 0.1666 -0.2213 -0.9609
vn 0.0425 -0.4468 -0.8936
vn 0.2090 0.0203 -0.9777
vn 0.0732 -0.9733 -0.2176
vn 0.3005 -0.9425 -0.1461
vn 0.0635 -0.7104 -0.7009
vn -0.0487 0.9648 -0.2584
vn 0.3242 0.3706 -0.8704
vn 0.3241 0.3706 -0.8704
vn 0.4358 0.2043 -0.8766
vn 0.4673 0.4159 -0.7801
vn 0.4910 -0.2671 -0.8292
vn 0.3023 0.0444 -0.9522
vn 0.2441 0.1928 -0.9504
vn 0.3528 -0.1051 -0.9298
vn 0.1087 -0.3353 -0.9358
vn 0.2599 -0.1721 -0.9502
vn 0.3506 -0.0350 -0.9359
vn 0.1373 -0.5777 -0.8046
vn 0.0416 -0.4628 -0.8855
vn 0.8568 0.4992 -0.1295
vn 0.8563 0.5013 -0.1244
vn 0.8582 0.4919 -0.1467
vn 0.8585 0.4904 -0.1503
vn 0.9201 -0.0674 -0.3859
vn 0.1639 -0.0000 -0.9865
vn 0.2768 -0.3999 -0.8738
vn 0.2374 -0.1593 -0.9583
vn 0.0314 -0.9912 0.1289
vn 0.1862 0.4241 0.8863
vn 0.0169 0.2119 0.9771
vn 0.0005 0.2878 0.9577
vn -0.1946 0.6217 -0.7587
vn -0.3477 0.7881 -0.5080
vn -0.1999 0.9485 -0.2459
vn 0.6196 0.7700 0.1522
vn 0.6344 0.5502 -0.5430
vn 0.5681 0.5764 -0.5874
vn 0.5131 0.8466 0.1417
vn -0.0068 0.9108 -0.4128
vn 0.2451 0.9248 -0.2911
vn 0.1302 0.8741 -0.4680
vn -0.3696 0.5131 0.7747
vn -0.2867 0.3569 0.8891
vn -0.1465 0.7892 -0.5964
vn -0.2035 0.6477 -0.7342
vn 0.6327 -0.0561 -0.7723
vn 0.4172 -0.7890 -0.4511
vn 0.3605 -0.6418 -0.6769
vn 0.4854 -0.0686 -0.8716
vn 0.5410 -0.8315 -0.1263
vn 0.5272 -0.8274 -0.1937
vn 0.6902 -0.1291 -0.7120
vn 0.3548 0.6577 -0.6645
vn 0.3292 0.6075 0.7229
vn 0.4619 0.6625 0.5897
vn 0.1084 0.5049 0.8563
vn 0.6669 0.4776 -0.5720
vn 0.4588 0.5990 0.6563
vn 0.4516 0.5115 0.7311
vn 0.4515 0.5115 0.7311
vn 0.4705 -0.8471 0.2470
vn 0.3885 -0.9180 0.0794
vn 0.0834 0.6755 -0.7326
vn -0.0156 0.5073 -0.8616
vn -0.2178 0.8511 -0.4776
vn -0.1214 0.3455 -0.9305
vn 0.1008 0.0426 -0.9940
vn 0.1419 0.5989 -0.7881
vn -0.1947 0.1230 -0.9731
vn -0.1743 0.3791 -0.9088
vn -0.1028 0.4354 -0.8944
vn -0.1271 0.0941 -0.9874
vn -0.4857 0.4149 0.7693
vn -0.4365 0.5181 0.7356
vn -0.5428 0.4725 0.6943
vn -0.0758 0.9599 -0.2700
vn -0.0804 0.6034 -0.7934
vn -0.0410 0.5561 -0.8301
vn -0.1139 0.8550 -0.5059
vn -0.0877 0.6704 -0.7368
vn -0.2084 0.2009 -0.9572
vn 0.0643 0.7291 -0.6813
vn -0.2082 -0.1229 -0.9703
vn 0.0118 0.9952 -0.0974
vn -0.1297 -0.1625 -0.9782
vn -0.0713 0.1870 -0.9798
vn 0.0745 0.7970 -0.5993
vn -0.1833 0.9827 0.0262
vn -0.0513 0.9943 0.0936
vn -0.0624 0.3833 0.9215
vn 0.0005 0.2879 0.9577
vn -0.2867 0.3568 0.8891
vn -0.2438 0.2710 0.9312
vn -0.4045 0.2269 0.8859
vn -0.4857 0.4149 0.7694
vn -0.4858 0.4149 0.7693
vn -0.5428 0.4725 0.6944
vn -0.5557 0.3475 0.7552
vn 0.1084 0.5050 0.8563
vn 0.0509 0.5286 0.8473
vn 0.3291 0.6075 0.7229
vn 0.1930 -0.9761 -0.0998
vn 0.0706 -0.9911 -0.1129
vn 0.0824 -0.9920 -0.0962
vn 0.0813 -0.9920 -0.0963
vn 0.0693 -0.9928 -0.0973
vn 0.0953 -0.9909 -0.0950
vn 0.0706 -0.9911 -0.1128
vn 0.4028 -0.3541 -0.8440
vn 0.3143 0.1306 -0.9403
vn -0.0000 -0.9894 0.1451
vn -0.3193 0.9158 0.2436
vn 0.3535 0.9102 0.2160
vn 0.4114 0.8831 0.2255
vn -0.4081 0.8728 0.2677
vn -0.2967 0.9215 0.2506
vn 0.4084 0.8910 0.1983
vn 0.4069 0.8917 0.1984
vn -0.3811 0.8853 0.2665
vn -0.4082 0.8728 0.2678
vn -0.6658 0.6710 0.3264
vn 0.4115 0.8831 0.2256
vn 0.7003 0.6645 0.2609
vn -0.3812 0.8853 0.2665
vn -0.6331 0.7126 0.3021
vn -0.6332 0.7126 0.3021
vn -0.2968 0.9215 0.2506
vn 0.7441 0.6434 0.1797
vn 0.7442 0.6433 0.1796
vn 0.4797 0.6110 -0.6297
vn 0.7264 0.5521 -0.4094
vn 0.4816 0.5614 -0.6730
vn 0.4635 0.5426 -0.7005
vn 0.4664 0.5280 -0.7097
vn 0.4588 0.5654 -0.6854
vn 0.0680 0.6533 -0.7541
vn 0.2299 0.7302 -0.6433
vn 0.1499 0.9009 -0.4072
vn 0.2247 0.5531 -0.8022
vn -0.0324 0.8921 -0.4507
vn 0.1037 0.7425 -0.6618
vn 0.2068 0.4400 -0.8738
vn 0.1780 -0.5650 -0.8056
vn 0.3250 0.4440 -0.8350
vn 0.3389 -0.1004 -0.9354
vn 0.2411 0.8869 -0.3941
vn 0.1703 0.9391 -0.2985
vn 0.1934 0.9799 -0.0480
vn 0.2069 0.4400 -0.8739
vn 0.2378 0.1478 -0.9600
vn 0.3389 -0.1004 -0.9355
vn 0.4702 0.5472 0.6924
vn 0.3469 0.7197 0.6014
vn 0.3288 0.5429 0.7728
vn 0.4738 0.3894 0.7899
vn 0.4575 0.4534 0.7649
vn -0.0200 -0.9099 -0.4143
vn -0.0011 -0.9526 -0.3042
vn 0.0098 -0.9821 -0.1882
vn -0.1140 -0.9717 -0.2069
vn -0.7186 0.6931 0.0572
vn -0.7438 0.6623 0.0894
vn -0.5211 0.8394 -0.1547
vn 0.0043 0.7152 0.6989
vn 0.0354 0.2360 0.9711
vn 0.0016 0.0623 0.9981
vn 0.0023 0.2730 0.9620
vn 0.0136 0.0540 0.9984
vn 0.1355 0.2543 0.9576
vn 0.3151 0.1652 0.9345
vn 0.5439 0.3112 0.7793
vn 0.8409 0.5389 -0.0491
vn 0.0305 -0.9986 0.0435
vn 0.1200 0.9595 -0.2549
vn 0.0693 0.9974 0.0209
vn 0.2025 0.9144 0.3506
vn -0.1237 0.4001 0.9081
vn -0.2567 0.2914 0.9215
vn 0.2040 0.4140 0.8871
vn 0.3748 0.1992 0.9054
vn 0.5912 0.2121 0.7781
vn 0.2444 0.6587 0.7117
vn -0.7423 -0.6647 -0.0845
vn -0.7859 -0.5502 -0.2822
vn -0.7019 -0.7121 -0.0151
vn -0.7019 -0.7121 -0.0152
vn -0.2576 0.6135 0.7465
vn -0.4426 0.5023 0.7429
vn 0.0019 0.0029 1.0000
vn -0.0821 0.3058 0.9485
vn -0.5357 0.0283 0.8439
vn 0.1208 0.3329 0.9352
vn 0.0234 0.4609 0.8872
vn -0.5932 0.6620 0.4580
vn -0.3273 0.8814 0.3405
vn -0.6500 0.7064 0.2803
vn -0.5049 0.4080 0.7606
vn 0.9198 -0.3916 0.0261
vn 0.9071 -0.4201 0.0241
vn 0.6698 -0.7425 -0.0015
vn 0.6698 -0.7425 -0.0014
vn 0.0774 0.4793 0.8742
vn -0.0436 0.8399 0.5410
vn -0.7035 0.6753 0.2214
vn 0.3251 0.4439 -0.8350
vn 0.2915 0.2963 -0.9095
vn 0.3056 0.4266 -0.8512
vn 0.3230 0.5285 -0.7851
vn 0.1933 0.9800 -0.0480
vn 0.1200 0.9595 -0.2550
vn 0.1703 0.9391 -0.2986
vn 0.0234 0.9092 -0.4158
vn 0.2025 0.9143 0.3507
vn 0.0693 0.9974 0.0208
vn -0.6322 0.7719 0.0662
vn -0.2511 0.9584 0.1354
vn -0.7093 0.7043 0.0302
vn 0.3614 0.6097 -0.7054
vn 0.4830 0.8132 -0.3246
vn 0.5194 0.5134 -0.6831
vn 0.5271 0.5815 -0.6197
vn 0.5717 0.5550 -0.6043
vn 0.4817 0.5614 -0.6729
vn 0.2008 0.9513 -0.2341
vn -0.1462 0.8435 -0.5169
vn 0.2411 0.8869 -0.3940
vn 0.2749 0.5329 -0.8003
vn 0.3750 0.6355 -0.6749
vn 0.4831 0.8132 -0.3246
vn 0.5242 0.8423 -0.1255
vn 0.4197 0.7135 0.5611
vn 0.4730 0.7608 0.4444
vn 0.4375 0.7300 0.5251
vn -0.5839 0.7828 -0.2152
vn -0.1984 -0.9567 -0.2128
vn -0.2541 -0.9587 -0.1275
vn -0.2018 -0.9698 -0.1368
vn -0.1140 -0.9717 -0.2068
vn -0.0200 -0.9100 -0.4142
vn 0.0909 -0.7912 -0.6048
vn 0.0908 -0.7912 -0.6048
vn 0.3251 0.4440 -0.8350
vn -0.4591 0.8878 0.0318
vn -0.4850 0.8739 -0.0319
vn 0.0287 0.1801 0.9832
vn 0.0535 0.0518 0.9972
vn -0.4061 0.9131 -0.0364
vn 0.3250 0.9455 -0.0187
vn 0.2741 0.9555 0.1087
vn -0.4851 0.8739 -0.0319
vn -0.5284 0.8480 0.0414
vn 0.0233 0.9092 -0.4158
vn 0.0774 0.4792 0.8743
vn 0.0046 0.5506 0.8348
vn -0.0435 0.8399 0.5410
vn 0.0044 0.7152 0.6989
vn 0.0065 0.9628 0.2703
vn -0.7232 0.5179 -0.4570
vn -0.7231 0.5179 -0.4570
vn -0.7232 0.5178 -0.4570
vn 0.3122 0.9490 -0.0449
vn 0.0018 0.9983 0.0582
vn 0.4390 0.8963 -0.0631
vn 0.4014 -0.0477 -0.9147
vn 0.4176 -0.0460 -0.9074
vn 0.0809 -0.0763 -0.9938
vn 0.6724 -0.0147 -0.7401
vn 0.0083 0.9618 0.2735
vn -0.0138 0.9878 0.1548
vn -0.0001 -0.0005 -1.0000
vn -0.0003 -0.0014 -1.0000
vn -0.7859 -0.5502 -0.2823
vn -0.7425 -0.5490 -0.3839
vn 0.1780 -0.5651 -0.8056
vn -0.5283 0.8480 0.0414
vn -0.4726 0.8704 0.1379
vn -0.0529 0.9834 0.1736
vn -0.0438 0.9975 0.0556
vn -0.4592 0.8878 0.0318
vn -0.4727 0.8704 0.1379
vn 0.2253 0.6934 -0.6844
vn 0.0008 0.9891 -0.1472
vn 0.0008 0.0020 1.0000
vn 0.8382 0.5453 -0.0040
vn 0.1499 0.9010 -0.4071
vn 0.2539 0.7142 -0.6523
vn -0.5557 -0.5122 -0.6549
vn 0.1470 0.1637 0.9755
vn 0.2996 0.3313 0.8947
vn 0.2111 0.4154 0.8848
vn 0.0585 0.2026 0.9775
vn -0.0291 0.6606 0.7502
vn -0.1365 0.7563 0.6398
vn -0.1656 0.9843 0.0605
vn -0.2357 0.9595 0.1541
vn -0.2131 -0.4678 0.8578
vn -0.1517 -0.5484 0.8223
vn -0.0112 -0.6213 0.7835
vn 0.0389 -0.6432 0.7647
vn -0.1909 -0.2579 0.9471
vn -0.2132 -0.4677 0.8578
vn -0.1908 -0.2579 0.9472
vn -0.0282 -0.9771 0.2109
vn -0.0358 -0.9761 0.2142
vn 0.0553 -0.9832 0.1739
vn 0.0552 -0.9832 0.1739
vn 0.2028 0.0663 0.9770
vn 0.1932 0.0637 0.9791
vn -0.1908 -0.2578 0.9472
vn -0.0323 0.0017 0.9995
vn 0.4258 0.1270 0.8959
vn 0.0894 0.4196 0.9033
vn 0.3240 0.1952 0.9257
vn 0.3085 0.4008 0.8626
vn -0.0598 0.5954 0.8012
vn -0.0002 0.9284 0.3716
vn -0.1737 0.9552 0.2395
vn 0.6213 -0.1323 0.7723
vn 0.4478 0.8938 -0.0252
vn 0.0325 0.9994 0.0092
vn 0.4422 0.8966 -0.0250
vn 0.6028 0.7973 -0.0301
vn 0.1120 0.1555 0.9815
vn -0.0000 0.3251 0.9457
vn 0.0085 0.2527 0.9675
vn -0.0821 0.8722 0.4823
vn 0.3516 -0.0571 0.9344
vn -0.1087 0.9902 -0.0880
vn -0.1943 0.9786 0.0682
vn 0.1896 -0.6964 0.6921
vn -0.1836 0.9796 0.0813
vn 0.7575 -0.4393 0.4828
vn 0.8563 -0.5013 0.1244
vn 0.8569 -0.4899 0.1602
vn 0.8478 -0.4972 0.1847
vn 0.3825 0.5965 -0.7056
vn 0.5307 0.5953 -0.6033
vn 0.4909 0.2671 -0.8293
vn 0.2642 0.4381 -0.8592
vn 0.0707 0.5952 -0.8005
vn -0.0681 0.6062 -0.7924
vn -0.2249 0.5952 -0.7715
vn 0.0039 0.8966 -0.4428
vn 0.1666 0.2213 -0.9609
vn 0.0425 0.4468 -0.8936
vn 0.2090 -0.0202 -0.9777
vn -0.0487 -0.9648 -0.2584
vn 0.3241 -0.3706 -0.8704
vn 0.4674 -0.4159 -0.7801
vn 0.4357 -0.2044 -0.8766
vn 0.4910 0.2671 -0.8292
vn 0.3023 -0.0444 -0.9522
vn 0.2441 -0.1928 -0.9504
vn 0.2090 -0.0203 -0.9777
vn 0.3528 0.1051 -0.9298
vn 0.2599 0.1721 -0.9502
vn 0.1087 0.3353 -0.9358
vn 0.0635 0.7104 -0.7009
vn 0.3506 0.0350 -0.9359
vn 0.1373 0.5777 -0.8046
vn 0.3005 0.9425 -0.1461
vn 0.0416 0.4628 -0.8855
vn 0.0732 0.9733 -0.2176
vn 0.8568 -0.4992 -0.1295
vn 0.8582 -0.4919 -0.1467
vn 0.8563 -0.5013 -0.1244
vn 0.8585 -0.4904 -0.1503
vn 0.8153 0.5245 -0.2454
vn 0.2768 0.3998 -0.8738
vn 0.2374 0.1593 -0.9583
vn 0.0314 0.9912 0.1289
vn 0.8409 0.5389 -0.0492
vn 0.2394 0.7906 -0.5637
vn 0.1999 0.8268 -0.5258
vn 0.2690 0.9153 -0.2998
vn 0.2676 0.7326 -0.6258
vn 0.4819 0.3354 -0.8095
vn 0.7018 0.5579 -0.4429
vn 0.4776 0.4052 -0.7796
vn 0.4396 -0.0768 -0.8949
vn 0.3922 -0.1516 -0.9073
vn 0.0326 -0.4681 -0.8831
vn 0.8471 -0.0000 -0.5314
vn 0.2945 0.9190 -0.2621
vn 0.4572 0.8765 -0.1508
vn -0.1760 -0.7460 -0.6423
vn 0.8472 -0.0000 -0.5313
vn 0.9625 -0.0000 -0.2714
vn 0.6094 -0.7354 -0.2964
vn 0.4878 -0.7933 -0.3644
vn -0.0759 -0.9350 -0.3465
vn -0.1871 -0.9165 -0.3536
vn -0.2098 -0.9384 -0.2745
vn -0.1575 -0.9536 -0.2568
vn 0.0585 -0.2639 -0.9628
vn 0.0389 -0.0000 -0.9992
vn 0.1986 -0.2606 -0.9448
vn -0.1508 -0.9490 -0.2768
vn -0.1917 -0.9344 -0.3004
vn -0.2106 -0.9608 -0.1805
vn 0.1396 -0.9901 0.0130
vn 0.0117 -0.9963 -0.0856
vn 0.6525 0.7546 -0.0698
vn 0.6485 0.7504 -0.1278
vn 0.6518 0.7464 -0.1342
vn 0.4376 -0.0032 -0.8992
vn 0.6887 0.6727 -0.2706
vn 0.6119 0.2562 -0.7483
vn -0.0574 -0.2627 -0.9632
vn -0.4840 -0.6866 -0.5425
vn -0.2265 -0.9547 -0.1930
vn -0.5859 -0.7570 -0.2891
vn 0.1243 0.9515 -0.2815
vn -0.0969 0.3215 0.9419
vn -0.2809 0.3110 0.9080
vn -0.2427 -0.0000 0.9701
vn -0.0707 -0.0000 0.9975
vn 0.0751 -0.3470 0.9349
vn -0.2350 -0.0000 0.9720
vn -0.3318 0.2119 0.9192
vn 0.1457 -0.9891 0.0210
vn 0.1456 -0.9891 0.0210
vn 0.1847 -0.7878 -0.5876
vn -0.2507 -0.9606 -0.1201
vn 0.4142 -0.0976 -0.9049
vn 0.2147 -0.2801 -0.9357
vn 0.2394 -0.7906 -0.5637
vn 0.2690 -0.9153 -0.2998
vn 0.1999 -0.8268 -0.5258
vn 0.2676 -0.7326 -0.6258
vn 0.4819 -0.3354 -0.8095
vn 0.4776 -0.4052 -0.7796
vn 0.7018 -0.5579 -0.4429
vn 0.4396 0.0768 -0.8949
vn 0.3922 0.1516 -0.9073
vn 0.4572 -0.8765 -0.1507
vn 0.2945 -0.9190 -0.2621
vn -0.2833 0.7123 -0.6422
vn -0.2521 0.6834 -0.6851
vn 0.6094 0.7354 -0.2964
vn 0.4878 0.7933 -0.3644
vn -0.0759 0.9350 -0.3465
vn -0.1871 0.9165 -0.3536
vn -0.2098 0.9384 -0.2745
vn -0.1575 0.9536 -0.2568
vn 0.0585 0.2639 -0.9628
vn 0.1986 0.2606 -0.9448
vn -0.1508 0.9490 -0.2768
vn -0.1917 0.9344 -0.3004
vn -0.2106 0.9608 -0.1805
vn 0.0118 0.9963 -0.0856
vn 0.1396 0.9901 0.0130
vn 0.6525 -0.7546 -0.0698
vn 0.6493 -0.7512 -0.1187
vn 0.6485 -0.7504 -0.1278
vn 0.4376 0.0032 -0.8992
vn 0.6887 -0.6727 -0.2705
vn 0.6119 -0.2562 -0.7483
vn 0.6887 -0.6727 -0.2706
vn -0.4841 0.6866 -0.5425
vn -0.0574 0.2627 -0.9632
vn -0.2265 0.9547 -0.1930
vn -0.4840 0.6866 -0.5425
vn -0.5859 0.7570 -0.2891
vn 0.1243 -0.9515 -0.2815
vn -0.0969 -0.3215 0.9419
vn -0.2808 -0.3110 0.9080
vn 0.0751 0.3470 0.9349
vn -0.3318 -0.2119 0.9192
vn 0.1456 0.9891 0.0210
vn -0.2507 0.9606 -0.1201
vn 0.1847 0.7878 -0.5876
vn -0.1760 -0.7460 -0.6422
vn 0.4142 0.0976 -0.9049
vn 0.2147 0.2801 -0.9357
vn -0.3879 0.2510 0.8869
vn 0.1579 -0.7684 -0.6201
vn -0.3879 -0.2510 0.8869
vn 0.1579 0.7684 -0.6201
vn -0.1240 -0.6743 0.7279
vn -0.1168 -0.6729 0.7304
vn -0.3880 0.2510 0.8868
vn -0.0255 -0.6519 0.7579
vn -0.1168 0.6729 0.7304
vn -0.1239 0.6743 0.7280
vn -0.0255 0.6518 0.7579
vn 0.3465 -0.8218 -0.4522
vn 0.3596 -0.8668 -0.3453
vn 0.3644 -0.8769 -0.3135
vn -0.3704 0.4465 0.8145
vn -0.3878 0.6719 0.6310
vn -0.3769 0.6434 0.6663
vn 0.3366 -0.8219 -0.4596
vn -0.3679 0.4222 0.8285
vn 0.3465 0.8218 -0.4522
vn 0.3644 0.8769 -0.3135
vn 0.3596 0.8668 -0.3453
vn -0.3878 -0.6719 0.6310
vn -0.3704 -0.4465 0.8145
vn -0.3769 -0.6434 0.6663
vn 0.3366 0.8219 -0.4596
vn -0.3679 -0.4222 0.8285
vn 0.4326 0.0571 -0.8998
vn 0.4320 -0.0000 -0.9019
vn 0.4306 0.0761 -0.8993
vn -0.2533 -0.9333 -0.2544
vn -0.4651 -0.7821 -0.4147
vn -0.2111 -0.9520 -0.2219
vn 0.5511 -0.8342 0.0186
vn 0.4052 -0.9142 0.0007
vn 0.8316 -0.5523 0.0583
vn 0.8316 -0.5524 0.0583
vn 0.4326 -0.0571 -0.8998
vn 0.4334 -0.0000 -0.9012
vn -0.2533 0.9333 -0.2544
vn -0.2111 0.9520 -0.2219
vn -0.4651 0.7822 -0.4147
vn -0.4651 0.7821 -0.4147
vn 0.8318 0.5520 0.0580
vn 0.4052 0.9142 0.0006
vn 0.5515 0.8340 0.0184
vn 0.4306 -0.0761 -0.8993
vn -0.4575 -0.0000 0.8892
vn 0.4337 0.0412 -0.9001
vn -0.2463 -0.9465 -0.2086
vn -0.5077 -0.7943 -0.3338
vn -0.2478 -0.9460 -0.2091
vn 0.5062 -0.8620 0.0267
vn 0.3889 -0.9213 0.0019
vn 0.7814 -0.6171 0.0924
vn 0.0465 0.9944 -0.0947
vn 0.0464 0.9944 -0.0946
vn -0.4392 0.0536 0.8968
vn -0.4392 0.0537 0.8968
vn 0.4337 -0.0412 -0.9001
vn 0.4337 -0.0413 -0.9001
vn -0.2463 0.9465 -0.2086
vn -0.2475 0.9460 -0.2092
vn -0.5077 0.7943 -0.3338
vn 0.7814 0.6172 0.0924
vn 0.3889 0.9213 0.0019
vn 0.5062 0.8620 0.0267
vn 0.7814 0.6171 0.0924
vn 0.0465 -0.9944 -0.0946
vn 0.0465 -0.9944 -0.0947
vn 0.0464 -0.9944 -0.0946
vn -0.4392 -0.0536 0.8968
vn -0.4392 -0.0537 0.8968
vn -0.0002 -0.0000 -1.0000
vn -0.0001 -0.0006 -1.0000
vn -0.0001 0.0006 -1.0000
vn 0.1895 0.9193 -0.3449
vn 0.3225 0.7701 -0.5505
vn 0.0271 0.5182 -0.8548
vn 0.0271 -0.5182 0.8548
vn 0.1895 -0.9193 0.3449
vn 0.3225 -0.7701 0.5505
vn 0.0033 -0.9959 -0.0902
vn 0.0009 -0.9637 -0.2671
vn -0.1706 -0.9518 -0.2550
vn -0.0758 -0.5390 -0.8389
vn 0.0296 -0.8072 -0.5896
vn -0.2126 -0.0789 -0.9740
vn -0.2212 -0.0000 -0.9752
vn -0.2402 -0.0000 -0.9707
vn -0.2360 -0.1701 -0.9568
vn -0.0376 0.0526 -0.9979
vn -0.3077 -0.4107 -0.8583
vn -0.1721 -0.0000 -0.9851
vn 0.0823 0.4285 -0.8998
vn 0.1464 -0.0000 -0.9892
vn 0.0091 -0.0000 -1.0000
vn 0.1921 0.2581 -0.9468
vn 0.1306 0.7488 -0.6498
vn 0.2956 0.7092 -0.6400
vn 0.0475 -0.6389 -0.7678
vn -0.0297 -0.3458 -0.9378
vn -0.0288 -0.3520 -0.9356
vn 0.0328 -0.0899 -0.9954
vn 0.0746 -0.3231 -0.9434
vn -0.0013 -0.0001 1.0000
vn -0.0012 -0.0000 1.0000
vn -0.6922 -0.7163 0.0880
vn -0.6212 -0.7832 0.0273
vn -0.2661 -0.9634 0.0338
vn -0.7173 -0.4862 0.4990
vn -0.6211 -0.7832 0.0273
vn -0.7173 -0.4863 0.4990
vn 0.1261 -0.9912 -0.0400
vn -0.2430 -0.9581 -0.1519
vn -0.6212 -0.7832 0.0272
vn -0.2430 -0.9581 -0.1518
vn -0.3463 -0.9285 -0.1341
vn -0.3077 -0.4108 -0.8583
vn -0.9009 -0.4341 -0.0000
vn -0.3034 -0.9529 -0.0000
vn -0.3318 -0.9434 -0.0000
vn -0.9026 -0.4304 -0.0000
vn -0.2660 -0.9634 0.0338
vn -1.0000 -0.0000 -0.0000
vn 0.5441 0.3718 -0.7521
vn 0.5442 0.3718 -0.7521
vn 0.0253 -0.6782 -0.7345
vn 0.0009 0.9637 -0.2671
vn 0.0033 0.9959 -0.0902
vn -0.1706 0.9518 -0.2550
vn 0.0296 0.8072 -0.5896
vn -0.0758 0.5390 -0.8389
vn -0.2126 0.0789 -0.9740
vn -0.2360 0.1701 -0.9568
vn -0.0376 -0.0526 -0.9979
vn -0.3077 0.4107 -0.8583
vn 0.0823 -0.4285 -0.8998
vn 0.1921 -0.2581 -0.9468
vn 0.1306 -0.7488 -0.6498
vn 0.2956 -0.7092 -0.6400
vn 0.0475 0.6389 -0.7678
vn -0.0288 0.3520 -0.9355
vn -0.0297 0.3458 -0.9378
vn 0.0328 0.0899 -0.9954
vn 0.0746 0.3231 -0.9434
vn -0.0013 0.0001 1.0000
vn -0.6922 0.7163 0.0880
vn -0.2661 0.9634 0.0338
vn -0.6212 0.7832 0.0273
vn -0.7173 0.4863 0.4990
vn -0.6211 0.7832 0.0273
vn -0.7173 0.4862 0.4990
vn -0.2430 0.9581 -0.1519
vn 0.1261 0.9912 -0.0400
vn -0.6212 0.7832 0.0272
vn -0.3463 0.9285 -0.1342
vn -0.2430 0.9581 -0.1518
vn -0.9009 0.4341 -0.0000
vn -0.9026 0.4304 -0.0000
vn -0.3318 0.9434 -0.0000
vn -0.3034 0.9529 -0.0000
vn -0.2660 0.9634 0.0338
vn 0.5441 -0.3718 -0.7521
vn 0.5442 -0.3718 -0.7521
vn 0.0253 0.6782 -0.7345
vn -0.1190 0.1432 0.9825
vt 0.990403 0.322574
vt 0.990419 0.360704
vt 0.977569 0.360704
vt 0.977585 0.322574
vt 0.983994 0.369119
vt 0.980561 0.321864
vt 0.990079 0.322121
vt 0.989063 0.359718
vt 0.979545 0.359461
vt 0.984078 0.367965
vt 0.977569 0.360704
vt 0.990419 0.360704
vt 0.980597 0.322272
vt 0.979547 0.359833
vt 0.988927 0.360086
vt 0.989908 0.322523
vt 0.984019 0.368099
vt 0.977727 0.360560
vt 0.990261 0.360560
vt 0.990241 0.322612
vt 0.977747 0.322612
vt 0.983994 0.368783
vt 0.990261 0.360560
vt 0.977727 0.360560
vt 0.980597 0.322272
vt 0.989908 0.322523
vt 0.988927 0.360086
vt 0.979547 0.359833
vt 0.984019 0.368099
vt 0.817770 0.772760
vt 0.804134 0.801413
vt 0.804134 0.794244
vt 0.814503 0.772523
vt 0.827627 0.746571
vt 0.825301 0.746128
vt 0.844071 0.699425
vt 0.840533 0.697440
vt 0.852879 0.662254
vt 0.857447 0.638098
vt 0.837723 0.636673
vt 0.838928 0.614118
vt 0.867748 0.613276
vt 0.844051 0.558509
vt 0.833237 0.558509
vt 0.804134 0.709694
vt 0.806002 0.702882
vt 0.817716 0.715041
vt 0.835652 0.726713
vt 0.833452 0.725281
vt 0.834338 0.658064
vt 0.826399 0.689509
vt 0.810971 0.682402
vt 0.816081 0.654428
vt 0.819144 0.635276
vt 0.819681 0.612644
vt 0.822900 0.558509
vt 0.804134 0.742102
vt 0.831252 0.723849
vt 0.822976 0.745686
vt 0.811236 0.772286
vt 0.804134 0.771771
vt 0.804134 0.787075
vt 0.862499 0.811339
vt 0.839668 0.814314
vt 0.848286 0.793625
vt 0.859790 0.876742
vt 0.820691 0.882001
vt 0.825278 0.854097
vt 0.871507 0.839118
vt 0.829588 0.773298
vt 0.848792 0.773366
vt 0.808015 0.880651
vt 0.803782 0.865905
vt 0.850040 0.723315
vt 0.876779 0.770832
vt 0.815753 0.819323
vt 0.825361 0.928014
vt 0.801457 0.922213
vt 0.825962 0.910695
vt 0.829589 0.965965
vt 0.798865 0.997115
vt 0.806532 0.904488
vt 0.885981 0.809312
vt 0.875866 0.875940
vt 0.888521 0.843961
vt 0.794017 0.934468
vt 0.727827 0.609283
vt 0.742523 0.616520
vt 0.757563 0.593475
vt 0.749700 0.587793
vt 0.728685 0.697791
vt 0.740274 0.703379
vt 0.738418 0.649396
vt 0.727799 0.644637
vt 0.712355 0.637616
vt 0.744993 0.759310
vt 0.734846 0.730122
vt 0.730329 0.752363
vt 0.753326 0.710278
vt 0.770580 0.719242
vt 0.714704 0.746078
vt 0.710650 0.688781
vt 0.723027 0.788192
vt 0.792475 0.674179
vt 0.781811 0.669358
vt 0.771163 0.664495
vt 0.778242 0.632567
vt 0.767118 0.627589
vt 0.774057 0.604589
vt 0.768491 0.600466
vt 0.789376 0.637518
vt 0.762773 0.596554
vt 0.750821 0.620584
vt 0.147453 0.172269
vt 0.143643 0.173837
vt 0.161042 0.221347
vt 0.164945 0.219871
vt 0.071415 0.048368
vt 0.075174 0.099801
vt 0.102554 0.093134
vt 0.028017 0.296918
vt 0.025864 0.251057
vt 0.004339 0.300133
vt 0.191778 0.354217
vt 0.196002 0.354512
vt 0.191122 0.311988
vt 0.186961 0.312370
vt 0.019616 0.196337
vt 0.032216 0.150311
vt 0.019223 0.147051
vt 0.004975 0.195231
vt 0.189664 0.431236
vt 0.051012 0.294084
vt 0.059768 0.247988
vt 0.030870 0.323075
vt 0.047796 0.320765
vt 0.082154 0.193123
vt 0.005289 0.252495
vt 0.038828 0.100389
vt 0.048959 0.102971
vt 0.180068 0.265687
vt 0.176010 0.266734
vt 0.125869 0.132436
vt 0.052127 0.354397
vt 0.064024 0.361727
vt 0.064314 0.347212
vt 0.143121 0.415297
vt 0.154899 0.403464
vt 0.117230 0.397961
vt 0.160530 0.351127
vt 0.131106 0.352154
vt 0.126149 0.371905
vt 0.135417 0.282000
vt 0.113959 0.242788
vt 0.087340 0.263025
vt 0.109741 0.295898
vt 0.074664 0.296125
vt 0.067948 0.321850
vt 0.086431 0.301225
vt 0.099826 0.302443
vt 0.090887 0.289687
vt 0.083262 0.321174
vt 0.109276 0.320515
vt 0.080702 0.355510
vt 0.120706 0.349736
vt 0.096421 0.376056
vt 0.110997 0.376075
vt 0.073504 0.373325
vt 0.087917 0.386829
vt 0.104517 0.384699
vt 0.103860 0.398899
vt 0.120999 0.385200
vt 0.121936 0.321812
vt 0.018140 0.325094
vt 0.078588 0.145056
vt 0.129805 0.131269
vt 0.149743 0.316838
vt 0.101486 0.139315
vt 0.115630 0.183005
vt 0.133884 0.233776
vt 0.070560 0.377379
vt 0.084624 0.391729
vt 0.102738 0.404294
vt 0.038024 0.353655
vt 0.059239 0.372417
vt 0.044745 0.361530
vt 0.063772 0.365344
vt 0.106024 0.091393
vt 0.071132 0.044553
vt 0.075175 0.099793
vt 0.019538 0.196166
vt 0.032260 0.150347
vt 0.048987 0.102844
vt 0.086501 0.301395
vt 0.091332 0.289730
vt 0.083296 0.321131
vt 0.120706 0.349691
vt 0.080590 0.355488
vt 0.095895 0.376172
vt 0.312726 0.210470
vt 0.321052 0.242300
vt 0.326202 0.239663
vt 0.260282 0.139140
vt 0.283305 0.179492
vt 0.291008 0.175631
vt 0.212363 0.278998
vt 0.219905 0.253064
vt 0.207008 0.245400
vt 0.194838 0.277106
vt 0.313156 0.426389
vt 0.308591 0.333461
vt 0.290132 0.361807
vt 0.239429 0.256696
vt 0.225192 0.288650
vt 0.212939 0.303527
vt 0.261412 0.219257
vt 0.237041 0.217293
vt 0.260938 0.185659
vt 0.232649 0.177418
vt 0.288405 0.268664
vt 0.306207 0.317568
vt 0.340352 0.326868
vt 0.300729 0.215163
vt 0.224841 0.352586
vt 0.225681 0.336327
vt 0.220355 0.337160
vt 0.237749 0.318094
vt 0.225417 0.313192
vt 0.231487 0.340687
vt 0.262037 0.263620
vt 0.279979 0.290915
vt 0.250812 0.285114
vt 0.258761 0.302829
vt 0.268555 0.297822
vt 0.262405 0.289678
vt 0.278243 0.319109
vt 0.253013 0.329322
vt 0.283649 0.340000
vt 0.253009 0.340477
vt 0.259686 0.354741
vt 0.270905 0.368285
vt 0.247994 0.364144
vt 0.272225 0.380602
vt 0.294795 0.337816
vt 0.289538 0.314844
vt 0.197940 0.306056
vt 0.217632 0.325339
vt 0.217053 0.213752
vt 0.279153 0.384026
vt 0.271542 0.385860
vt 0.231519 0.344469
vt 0.244675 0.368704
vt 0.208625 0.329111
vt 0.215058 0.339785
vt 0.347665 0.344256
vt 0.343955 0.324235
vt 0.283571 0.339962
vt 0.983218 0.714384
vt 0.990052 0.760477
vt 0.965201 0.755578
vt 0.960207 0.714474
vt 0.932298 0.342136
vt 0.965694 0.342099
vt 0.965462 0.448679
vt 0.932295 0.448697
vt 0.970962 0.584990
vt 0.932295 0.584767
vt 0.978894 0.675067
vt 0.954355 0.674770
vt 0.932214 0.955876
vt 0.936925 0.945685
vt 0.950622 0.958790
vt 0.931818 0.994944
vt 0.955745 0.940899
vt 0.976211 0.948714
vt 0.964211 0.977528
vt 0.932295 0.254074
vt 0.966300 0.254017
vt 0.967133 0.920079
vt 0.995111 0.921006
vt 0.932295 0.674244
vt 0.932295 0.703177
vt 0.932295 0.675401
vt 0.955356 0.995398
vt 0.941636 0.935494
vt 0.947531 0.919252
vt 0.945179 0.751474
vt 0.942543 0.714467
vt 0.934798 0.714741
vt 0.939929 0.750727
vt 0.881175 0.714083
vt 0.904204 0.714313
vt 0.898217 0.754938
vt 0.873488 0.759776
vt 0.899128 0.448679
vt 0.898906 0.342103
vt 0.893629 0.584990
vt 0.885696 0.675067
vt 0.910235 0.674770
vt 0.915128 0.958350
vt 0.927691 0.945595
vt 0.898291 0.254018
vt 0.888462 0.948301
vt 0.870126 0.919922
vt 0.897829 0.919806
vt 0.908900 0.940617
vt 0.929706 0.714768
vt 0.908274 0.995089
vt 0.917363 0.918918
vt 0.923168 0.935313
vt 0.918948 0.751355
vt 0.921899 0.714468
vt 0.924133 0.750855
vt 0.915066 0.796984
vt 0.901881 0.816603
vt 0.929520 0.777866
vt 0.985125 0.794311
vt 0.991658 0.840207
vt 0.984157 0.817862
vt 0.981396 0.873103
vt 0.956541 0.882736
vt 0.939755 0.888664
vt 0.933722 0.870236
vt 0.945312 0.854496
vt 0.961693 0.828676
vt 0.977780 0.828660
vt 0.991370 0.858952
vt 0.991690 0.879914
vt 0.980833 0.776049
vt 0.955922 0.821946
vt 0.937129 0.815602
vt 0.959649 0.767861
vt 0.922235 0.893957
vt 0.904890 0.890459
vt 0.916165 0.808843
vt 0.942631 0.761160
vt 0.880048 0.884942
vt 0.938068 0.759682
vt 0.932188 0.955876
vt 0.949232 0.958581
vt 0.936916 0.945684
vt 0.976034 0.948881
vt 0.967133 0.920063
vt 0.955797 0.940911
vt 0.941644 0.935492
vt 0.927672 0.945597
vt 0.913731 0.958537
vt 0.908957 0.940603
vt 0.888327 0.948134
vt 0.899789 0.977097
vt 0.897825 0.919797
vt 0.923157 0.935318
vt 0.927911 0.920571
vt 0.939153 0.920643
vt 0.941778 0.910384
vt 0.925641 0.910259
vt 0.928017 0.920540
vt 0.925584 0.910238
vt 0.941720 0.910404
vt 0.939258 0.920676
vt 0.930180 0.930884
vt 0.933330 0.946950
vt 0.936528 0.930901
vt 0.936796 0.930948
vt 0.930450 0.930842
vt 0.900070 0.977871
vt 0.963937 0.978291
vt 0.906321 0.151889
vt 0.932295 0.151792
vt 0.932295 0.202678
vt 0.898185 0.202666
vt 0.914012 0.114667
vt 0.932295 0.114441
vt 0.924375 0.081356
vt 0.932295 0.080929
vt 0.933089 0.076811
vt 0.929129 0.077024
vt 0.933883 0.072692
vt 0.904301 0.151897
vt 0.910628 0.114708
vt 0.919905 0.081598
vt 0.927145 0.075841
vt 0.902281 0.151905
vt 0.907244 0.114750
vt 0.915434 0.081839
vt 0.925161 0.074658
vt 0.930765 0.072963
vt 0.930024 0.071068
vt 0.934385 0.070085
vt 0.934134 0.071388
vt 0.934888 0.067478
vt 0.958269 0.151889
vt 0.966405 0.202666
vt 0.966299 0.254018
vt 0.950578 0.114667
vt 0.940215 0.081356
vt 0.931501 0.076811
vt 0.930707 0.072692
vt 0.935461 0.077024
vt 0.960289 0.151897
vt 0.953962 0.114708
vt 0.944685 0.081598
vt 0.937445 0.075841
vt 0.957346 0.114750
vt 0.962309 0.151905
vt 0.949156 0.081839
vt 0.939429 0.074658
vt 0.933825 0.072963
vt 0.934566 0.071068
vt 0.930456 0.071388
vt 0.930205 0.070085
vt 0.929702 0.067478
vt 0.810390 0.049323
vt 0.839480 0.049323
vt 0.839480 0.395884
vt 0.810390 0.408747
vt 0.851060 0.049323
vt 0.851060 0.395884
vt 0.862710 0.049323
vt 0.890837 0.049323
vt 0.890837 0.395884
vt 0.862710 0.395884
vt 0.839480 0.421611
vt 0.839480 0.504023
vt 0.810390 0.504023
vt 0.858185 0.421611
vt 0.850947 0.434437
vt 0.850947 0.421611
vt 0.890837 0.436237
vt 0.855578 0.436237
vt 0.862710 0.421611
vt 0.890837 0.421611
vt 0.890837 0.457016
vt 0.853631 0.457016
vt 0.858185 0.395884
vt 0.853631 0.497041
vt 0.839480 0.512963
vt 0.810390 0.512926
vt 0.824417 0.542344
vt 0.810390 0.541564
vt 0.853631 0.520970
vt 0.890837 0.483867
vt 0.865916 0.527865
vt 0.879249 0.527865
vt 0.879249 0.539839
vt 0.859366 0.539839
vt 0.890837 0.520970
vt 0.879249 0.545194
vt 0.858273 0.545194
vt 0.858185 0.049323
vt 0.025716 0.733741
vt 0.008139 0.755907
vt 0.041064 0.757694
vt 0.287040 0.513876
vt 0.253003 0.463168
vt 0.253003 0.498098
vt 0.274992 0.537380
vt 0.325529 0.703570
vt 0.290845 0.675921
vt 0.289095 0.721258
vt 0.305878 0.743807
vt 0.323069 0.761080
vt 0.313081 0.570247
vt 0.297254 0.479510
vt 0.332839 0.531924
vt 0.351142 0.491563
vt 0.316046 0.441764
vt 0.290731 0.903251
vt 0.301990 0.746075
vt 0.285014 0.903452
vt 0.296302 0.581659
vt 0.267955 0.550807
vt 0.286926 0.587641
vt 0.295714 0.610697
vt 0.304719 0.609750
vt 0.298653 0.634777
vt 0.308071 0.635015
vt 0.265534 0.388918
vt 0.253003 0.524191
vt 0.065299 0.844994
vt 0.055365 0.858551
vt 0.055753 0.943157
vt 0.065299 0.963205
vt 0.045780 0.842049
vt 0.049895 0.828768
vt 0.049146 0.797669
vt 0.050262 0.750684
vt 0.040933 0.734823
vt 0.024018 0.710770
vt 0.008139 0.713032
vt 0.008139 0.695350
vt 0.008139 0.976544
vt 0.008139 0.994644
vt 0.294104 0.918658
vt 0.327206 0.904230
vt 0.288804 0.923864
vt 0.328297 0.705181
vt 0.329158 0.638759
vt 0.326201 0.633226
vt 0.197909 0.538684
vt 0.216434 0.506351
vt 0.245371 0.567486
vt 0.339759 0.537863
vt 0.353851 0.511258
vt 0.429544 0.961328
vt 0.486070 0.896515
vt 0.414878 0.903284
vt 0.478983 0.788107
vt 0.441469 0.812118
vt 0.509663 0.809171
vt 0.424164 0.754950
vt 0.446608 0.739110
vt 0.419431 0.659631
vt 0.401062 0.657574
vt 0.400765 0.701691
vt 0.418209 0.702897
vt 0.362783 0.678562
vt 0.388670 0.722054
vt 0.326573 0.760890
vt 0.410294 0.814343
vt 0.401893 0.756225
vt 0.353916 0.816382
vt 0.392024 0.910589
vt 0.604141 0.712587
vt 0.588164 0.696280
vt 0.582717 0.739712
vt 0.335586 0.799077
vt 0.341376 0.839655
vt 0.342157 0.906867
vt 0.323541 0.604091
vt 0.392171 0.718969
vt 0.367535 0.676437
vt 0.671542 0.350569
vt 0.652858 0.350569
vt 0.652858 0.448919
vt 0.671542 0.448919
vt 0.608163 0.291433
vt 0.589353 0.315271
vt 0.655929 0.333627
vt 0.653528 0.481640
vt 0.632811 0.481640
vt 0.639264 0.534142
vt 0.629372 0.534142
vt 0.438581 0.689681
vt 0.590859 0.481640
vt 0.590859 0.534142
vt 0.589353 0.448919
vt 0.631956 0.656003
vt 0.603753 0.658160
vt 0.619835 0.686409
vt 0.631535 0.630858
vt 0.611324 0.633828
vt 0.557606 0.666686
vt 0.557606 0.729658
vt 0.419001 0.596952
vt 0.407069 0.630013
vt 0.435437 0.623388
vt 0.117018 0.433030
vt 0.133210 0.451427
vt 0.130654 0.454078
vt 0.620579 0.583755
vt 0.590859 0.595953
vt 0.337073 0.633893
vt 0.347607 0.651011
vt 0.143873 0.484599
vt 0.144080 0.472080
vt 0.154496 0.494866
vt 0.436424 0.662205
vt 0.139630 0.441714
vt 0.159730 0.454601
vt 0.630958 0.595953
vt 0.586287 0.629737
vt 0.150647 0.504492
vt 0.631888 0.571558
vt 0.559796 0.754127
vt 0.245370 0.452985
vt 0.245371 0.493635
vt 0.200823 0.483672
vt 0.200823 0.410460
vt 0.180185 0.474243
vt 0.160723 0.514186
vt 0.183528 0.495394
vt 0.334278 0.604569
vt 0.337593 0.579833
vt 0.589353 0.350569
vt 0.582637 0.311161
vt 0.582637 0.481640
vt 0.582637 0.534142
vt 0.582637 0.448919
vt 0.582637 0.595953
vt 0.578706 0.628116
vt 0.557606 0.659304
vt 0.582637 0.350569
vt 0.400679 0.943305
vt 0.008139 0.899509
vt 0.329608 0.839206
vt 0.295229 0.925446
vt 0.245371 0.537439
vt 0.254414 0.425739
vt 0.397713 0.685143
vt 0.396606 0.718379
vt 0.341159 0.580218
vt 0.348563 0.540077
vt 0.346215 0.540374
vt 0.399669 0.568542
vt 0.402609 0.567191
vt 0.374160 0.532830
vt 0.370417 0.535273
vt 0.415342 0.596546
vt 0.403764 0.629641
vt 0.398261 0.657748
vt 0.341792 0.636049
vt 0.351947 0.649113
vt 0.371116 0.675665
vt 0.337889 0.604231
vt 0.384050 0.671317
vt 0.368252 0.584926
vt 0.359214 0.634212
vt 0.390289 0.629708
vt 0.359366 0.536511
vt 0.438743 0.597231
vt 0.419683 0.534835
vt 0.423348 0.565732
vt 0.429083 0.564989
vt 0.057086 0.767821
vt 0.497452 0.943678
vt 0.510416 0.922916
vt 0.573945 0.543005
vt 0.574359 0.618257
vt 0.560041 0.617423
vt 0.559504 0.519627
vt 0.437221 0.995080
vt 0.656466 0.560076
vt 0.658496 0.573025
vt 0.648160 0.571661
vt 0.647539 0.559502
vt 0.650935 0.614094
vt 0.648689 0.543900
vt 0.659750 0.543648
vt 0.652634 0.533859
vt 0.663244 0.535166
vt 0.383236 0.964620
vt 0.415842 0.968804
vt 0.642475 0.612170
vt 0.642779 0.620331
vt 0.657948 0.523456
vt 0.665309 0.525357
vt 0.288294 0.909274
vt 0.290930 0.908900
vt 0.291049 0.914982
vt 0.355148 0.517446
vt 0.569585 0.625545
vt 0.645143 0.594360
vt 0.653006 0.576592
vt 0.653565 0.605283
vt 0.286224 0.675685
vt 0.283808 0.721263
vt 0.796503 0.305451
vt 0.781992 0.305310
vt 0.789045 0.279887
vt 0.796807 0.282197
vt 0.782191 0.279825
vt 0.253389 0.388084
vt 0.252784 0.401477
vt 0.201806 0.401477
vt 0.202410 0.388084
vt 0.663022 0.523588
vt 0.648247 0.577786
vt 0.663830 0.582260
vt 0.658485 0.606821
vt 0.751449 0.065431
vt 0.708980 0.108084
vt 0.753047 0.095340
vt 0.786452 0.144901
vt 0.755934 0.159162
vt 0.797773 0.201530
vt 0.722105 0.031305
vt 0.718445 0.063484
vt 0.784363 0.087839
vt 0.785908 0.062800
vt 0.974767 0.038830
vt 0.963113 0.078848
vt 0.996064 0.071985
vt 0.995958 0.039017
vt 0.962630 0.121065
vt 0.996095 0.121100
vt 0.982099 0.022427
vt 0.995818 0.022288
vt 0.905647 0.010572
vt 0.938877 0.044350
vt 0.875027 0.028644
vt 0.717645 0.031656
vt 0.709869 0.055178
vt 0.692630 0.077642
vt 0.962106 0.029700
vt 0.987580 0.010572
vt 0.745491 0.027883
vt 0.857554 0.021837
vt 0.843415 0.010572
vt 0.773427 0.018407
vt 0.755391 0.025723
vt 0.800215 0.050778
vt 0.704975 0.325468
vt 0.707786 0.311752
vt 0.749257 0.316366
vt 0.737549 0.289803
vt 0.737278 0.159939
vt 0.758013 0.176715
vt 0.759151 0.298793
vt 0.696941 0.281257
vt 0.689279 0.327527
vt 0.696673 0.156387
vt 0.801069 0.226144
vt 0.727927 0.371322
vt 0.699509 0.388196
vt 0.765373 0.319784
vt 0.730399 0.554212
vt 0.760391 0.555894
vt 0.729391 0.560816
vt 0.767286 0.567561
vt 0.777413 0.589227
vt 0.763121 0.577045
vt 0.754868 0.565791
vt 0.703173 0.544801
vt 0.722424 0.551589
vt 0.720391 0.554580
vt 0.702233 0.549031
vt 0.180428 0.948948
vt 0.163237 0.934166
vt 0.165349 0.971980
vt 0.179210 0.984351
vt 0.166461 0.981684
vt 0.176000 0.994385
vt 0.139688 0.922861
vt 0.152197 0.975475
vt 0.160741 0.967868
vt 0.144079 0.906394
vt 0.132264 0.904227
vt 0.123040 0.881802
vt 0.123040 0.892657
vt 0.182828 0.948060
vt 0.189219 0.985003
vt 0.142313 0.850125
vt 0.123040 0.832587
vt 0.123040 0.836365
vt 0.140821 0.853253
vt 0.159547 0.871859
vt 0.156871 0.872647
vt 0.171788 0.931450
vt 0.178841 0.934127
vt 0.202362 0.939036
vt 0.202355 0.902608
vt 0.178690 0.890223
vt 0.715524 0.539654
vt 0.723181 0.529857
vt 0.729571 0.528872
vt 0.157405 0.978641
vt 0.153604 0.971570
vt 0.157916 0.967992
vt 0.153783 0.972335
vt 0.737822 0.361274
vt 0.807636 0.600899
vt 0.788350 0.600878
vt 0.133175 0.904227
vt 0.070350 0.898132
vt 0.123871 0.911815
vt 0.102638 0.890322
vt 0.093263 0.841082
vt 0.082464 0.823613
vt 0.079556 0.825725
vt 0.089349 0.842892
vt 0.070350 0.940089
vt 0.091496 0.943278
vt 0.070350 0.918536
vt 0.139841 0.972545
vt 0.135383 0.957331
vt 0.128113 0.956786
vt 0.136982 0.948266
vt 0.123968 0.936756
vt 0.107662 0.887857
vt 0.128299 0.908062
vt 0.088311 0.962702
vt 0.109185 0.965973
vt 0.133088 0.989864
vt 0.070350 0.846850
vt 0.070350 0.817198
vt 0.070350 0.812965
vt 0.101856 0.977436
vt 0.143369 0.973523
vt 0.137615 0.990964
vt 0.133324 0.994185
vt 0.070350 0.830616
vt 0.105969 0.846234
vt 0.108445 0.843093
vt 0.109782 0.849953
vt 0.107395 0.840483
vt 0.108469 0.858499
vt 0.105969 0.838727
vt 0.112046 0.864421
vt 0.108458 0.860961
vt 0.113188 0.862129
vt 0.112351 0.859807
vt 0.112951 0.858773
vt 0.105969 0.855493
vt 0.112656 0.853001
vt 0.325529 0.703570
vt 0.334682 0.905549
vt 0.784570 0.285283
vt 0.792431 0.284124
vt 0.792429 0.297825
vt 0.784565 0.297825
vt 0.408357 0.994957
vt 0.201289 0.994957
vt 0.201289 0.983276
vt 0.408357 0.983276
vt 0.192489 0.962844
vt 0.197357 0.946823
vt 0.317238 0.946823
vt 0.320648 0.962844
vt 0.329034 0.961465
vt 0.329034 0.947313
vt 0.341180 0.947313
vt 0.341180 0.961465
vt 0.360431 0.961022
vt 0.347921 0.961022
vt 0.347921 0.947101
vt 0.360498 0.947101
vt 0.270044 0.785390
vt 0.261274 0.742650
vt 0.251571 0.752683
vt 0.174702 0.745506
vt 0.181370 0.721362
vt 0.137901 0.719907
vt 0.263776 0.890564
vt 0.271091 0.852935
vt 0.230730 0.864343
vt 0.250495 0.894725
vt 0.227926 0.760962
vt 0.221969 0.796799
vt 0.220434 0.720171
vt 0.234803 0.705307
vt 0.194790 0.727386
vt 0.181622 0.759361
vt 0.232045 0.884628
vt 0.199303 0.854019
vt 0.183691 0.867501
vt 0.221536 0.897346
vt 0.257225 0.907114
vt 0.247470 0.898122
vt 0.238600 0.906521
vt 0.208049 0.829850
vt 0.275554 0.869492
vt 0.280105 0.837100
vt 0.282531 0.784606
vt 0.271748 0.891254
vt 0.267842 0.903829
vt 0.249785 0.915309
vt 0.237506 0.910695
vt 0.142910 0.739802
vt 0.148326 0.780118
vt 0.169088 0.805226
vt 0.130171 0.755789
vt 0.129476 0.791907
vt 0.184194 0.817309
vt 0.113949 0.694946
vt 0.119219 0.726584
vt 0.129858 0.721066
vt 0.118887 0.693403
vt 0.189355 0.686880
vt 0.187086 0.670309
vt 0.107777 0.629088
vt 0.181059 0.693766
vt 0.127159 0.691475
vt 0.113612 0.672820
vt 0.108917 0.673453
vt 0.110735 0.695386
vt 0.115276 0.727710
vt 0.126104 0.760356
vt 0.122074 0.654833
vt 0.267119 0.701076
vt 0.264305 0.696201
vt 0.270444 0.691957
vt 0.273749 0.700551
vt 0.257715 0.685198
vt 0.261757 0.682975
vt 0.259614 0.680867
vt 0.255640 0.682769
vt 0.246639 0.672445
vt 0.273538 0.708961
vt 0.272574 0.718543
vt 0.270157 0.709440
vt 0.218665 0.903202
vt 0.177826 0.875182
vt 0.147621 0.823803
vt 0.139685 0.827793
vt 0.163339 0.810070
vt 0.358597 0.968283
vt 0.204554 0.968270
vt 0.195651 0.978207
vt 0.367664 0.978222
vt 0.360498 0.961094
vt 0.131386 0.042311
vt 0.126682 0.004525
vt 0.090903 0.055934
vt 0.193363 0.199518
vt 0.176204 0.216637
vt 0.182235 0.170573
vt 0.197609 0.181651
vt 0.201294 0.005144
vt 0.169574 0.085859
vt 0.209047 0.049178
vt 0.249710 0.113550
vt 0.266061 0.081540
vt 0.273836 0.113482
vt 0.218950 0.084689
vt 0.243296 0.056656
vt 0.289538 0.107480
vt 0.292701 0.080337
vt 0.314476 0.072875
vt 0.226850 0.121378
vt 0.201952 0.119579
vt 0.232873 0.100511
vt 0.636635 0.189282
vt 0.636024 0.070359
vt 0.672796 0.073215
vt 0.672796 0.216007
vt 0.489288 0.773395
vt 0.491720 0.704096
vt 0.458329 0.735974
vt 0.526065 0.807584
vt 0.515026 0.735971
vt 0.137775 0.131245
vt 0.117649 0.078796
vt 0.142489 0.096847
vt 0.160825 0.158709
vt 0.276352 0.072302
vt 0.459136 0.303947
vt 0.459525 0.461534
vt 0.473732 0.475965
vt 0.473644 0.286269
vt 0.506166 0.691600
vt 0.472298 0.506626
vt 0.530574 0.723186
vt 0.552964 0.721929
vt 0.552964 0.691008
vt 0.552964 0.744187
vt 0.535234 0.758678
vt 0.552964 0.768635
vt 0.069461 0.032378
vt 0.014841 0.005144
vt 0.008620 0.032606
vt 0.203129 0.105764
vt 0.578118 0.936481
vt 0.585407 0.890578
vt 0.608897 0.890638
vt 0.617015 0.936494
vt 0.596334 0.188867
vt 0.597972 0.227970
vt 0.602889 0.177360
vt 0.656752 0.279298
vt 0.578081 0.233472
vt 0.653383 0.305275
vt 0.661810 0.304332
vt 0.661810 0.279298
vt 0.560165 0.503868
vt 0.560165 0.491902
vt 0.575655 0.473147
vt 0.560165 0.404449
vt 0.576763 0.422270
vt 0.582637 0.166275
vt 0.574823 0.179026
vt 0.661961 0.223526
vt 0.635471 0.208386
vt 0.175774 0.620511
vt 0.185397 0.651049
vt 0.182213 0.657694
vt 0.123448 0.610055
vt 0.150831 0.590907
vt 0.164280 0.578879
vt 0.195465 0.620654
vt 0.575921 0.290334
vt 0.561110 0.291316
vt 0.561110 0.279303
vt 0.575921 0.278995
vt 0.575921 0.365004
vt 0.561110 0.389773
vt 0.207304 0.661996
vt 0.208609 0.670170
vt 0.204485 0.643402
vt 0.112364 0.609233
vt 0.112364 0.546985
vt 0.119906 0.528636
vt 0.600960 0.144404
vt 0.550681 0.171348
vt 0.551302 0.064446
vt 0.601285 0.071927
vt 0.585505 0.890207
vt 0.597606 0.871911
vt 0.609084 0.890195
vt 0.497372 0.114853
vt 0.532218 0.182451
vt 0.504480 0.240085
vt 0.458329 0.682576
vt 0.458329 0.590570
vt 0.193269 0.564200
vt 0.235191 0.606512
vt 0.156587 0.546418
vt 0.195114 0.126336
vt 0.211929 0.142774
vt 0.361123 0.495825
vt 0.408343 0.558012
vt 0.407529 0.522194
vt 0.383111 0.489052
vt 0.402767 0.429418
vt 0.410519 0.425802
vt 0.375975 0.403258
vt 0.344285 0.427446
vt 0.348851 0.384706
vt 0.370120 0.435749
vt 0.418086 0.465662
vt 0.411062 0.469541
vt 0.413682 0.529951
vt 0.383052 0.400150
vt 0.329108 0.428545
vt 0.330331 0.412446
vt 0.336237 0.412023
vt 0.335136 0.431938
vt 0.334810 0.446394
vt 0.335102 0.404188
vt 0.314003 0.102896
vt 0.617021 0.936324
vt 0.618004 0.972718
vt 0.576922 0.972594
vt 0.578129 0.936289
vt 0.458329 0.519105
vt 0.614914 0.993981
vt 0.596978 0.993981
vt 0.596978 0.977153
vt 0.618566 0.979518
vt 0.618554 0.980589
vt 0.618003 0.972162
vt 0.261022 0.071656
vt 0.470689 0.275441
vt 0.460072 0.256519
vt 0.457364 0.277462
vt 0.694267 0.468891
vt 0.694267 0.460279
vt 0.681157 0.473039
vt 0.416590 0.304282
vt 0.414686 0.316775
vt 0.451921 0.462781
vt 0.450493 0.447413
vt 0.465944 0.475283
vt 0.442678 0.510715
vt 0.442678 0.537132
vt 0.429734 0.524549
vt 0.429734 0.511151
vt 0.429734 0.459059
vt 0.442678 0.454301
vt 0.681157 0.502518
vt 0.694267 0.515533
vt 0.456827 0.726051
vt 0.264182 0.659123
vt 0.265942 0.699558
vt 0.266729 0.715062
vt 0.252779 0.700792
vt 0.254763 0.688448
vt 0.260258 0.691668
vt 0.260258 0.693802
vt 0.257990 0.691669
vt 0.255400 0.707138
vt 0.255400 0.696334
vt 0.257478 0.694214
vt 0.199385 0.100375
vt 0.577628 0.993931
vt 0.577472 0.977442
vt 0.577404 0.975721
vt 0.577084 0.970873
vt 0.462506 0.018613
vt 0.521639 0.006766
vt 0.551787 0.483818
vt 0.552964 0.220067
vt 0.542736 0.214213
vt 0.031570 0.005144
vt 0.523480 0.059642
vt 0.230173 0.005144
vt 0.374935 0.260966
vt 0.374935 0.244733
vt 0.396867 0.242117
vt 0.396867 0.283090
vt 0.374935 0.159262
vt 0.397648 0.167590
vt 0.396867 0.050266
vt 0.372681 0.046314
vt 0.370427 0.237860
vt 0.370427 0.158129
vt 0.370427 0.251841
vt 0.372611 0.263685
vt 0.389480 0.282583
vt 0.365810 0.269572
vt 0.356887 0.255190
vt 0.385725 0.292941
vt 0.342773 0.174022
vt 0.363813 0.237295
vt 0.356362 0.236183
vt 0.346053 0.056266
vt 0.363813 0.048464
vt 0.363813 0.158316
vt 0.363813 0.247385
vt 0.317053 0.176729
vt 0.328320 0.052783
vt 0.346785 0.031796
vt 0.327342 0.068117
vt 0.333889 0.232847
vt 0.370427 0.015690
vt 0.396867 0.006941
vt 0.363813 0.017654
vt 0.342060 0.250375
vt 0.344202 0.258100
vt 0.418798 0.244733
vt 0.418798 0.260966
vt 0.418798 0.159262
vt 0.418798 0.047139
vt 0.426613 0.237577
vt 0.455872 0.174022
vt 0.426613 0.249613
vt 0.418798 0.017276
vt 0.446948 0.031796
vt 0.447680 0.056266
vt 0.421122 0.263685
vt 0.404253 0.282583
vt 0.427923 0.269572
vt 0.436846 0.255190
vt 0.408009 0.292941
vt 0.476681 0.176729
vt 0.459844 0.232847
vt 0.451673 0.250375
vt 0.465413 0.052783
vt 0.466391 0.068117
vt 0.449531 0.258100
vt 0.063382 0.005144
vt 0.617718 0.167545
vt 0.617718 0.067863
vt 0.672796 0.005420
vt 0.551538 0.006067
vt 0.617718 0.005420
vt 0.600960 0.006766
vt 0.618567 0.992742
vt 0.085849 0.770383
vt 0.075295 0.780446
vt 0.100416 0.817741
vt 0.054483 0.714433
vt 0.060034 0.685055
vt 0.031918 0.667029
vt 0.046668 0.695625
vt 0.049183 0.435797
vt 0.049087 0.397202
vt 0.005151 0.354899
vt 0.005151 0.544912
vt 0.095056 0.825073
vt 0.113067 0.832229
vt 0.010893 0.333524
vt 0.012230 0.567799
vt 0.082851 0.514192
vt 0.066819 0.499751
vt 0.089440 0.466759
vt 0.066954 0.462281
vt 0.069936 0.431539
vt 0.029303 0.631527
vt 0.005350 0.634838
vt 0.032084 0.654642
vt 0.064428 0.393601
vt 0.031733 0.609016
vt 0.036838 0.631079
vt 0.005350 0.645652
vt 0.035973 0.659474
vt 0.035714 0.683522
vt 0.005350 0.578170
vt 0.041143 0.603748
vt 0.009089 0.572377
vt 0.041966 0.706060
vt 0.015355 0.663893
vt 0.015112 0.667452
vt 0.011637 0.665038
vt 0.011637 0.659224
vt 0.015543 0.678390
vt 0.011637 0.681312
vt 0.015506 0.676270
vt 0.100136 0.679204
vt 0.053811 0.626696
vt 0.049161 0.435781
vt 0.048951 0.397110
vt 0.020960 0.675266
vt 0.113583 0.770816
vt 0.114093 0.770750
vt 0.113582 0.770816
vt 0.019451 0.688022
vt 0.017339 0.696104
vt 0.016569 0.694136
vt 0.016209 0.687617
vt 0.086349 0.537533
vt 0.077391 0.639953
vt 0.086349 0.631181
vt 0.100322 0.532832
vt 0.089609 0.518181
vt 0.077391 0.526714
vt 0.100322 0.640942
vt 0.094530 0.653498
vt 0.068434 0.537533
vt 0.068434 0.631181
vt 0.121592 0.451797
vt 0.112073 0.460168
vt 0.112073 0.508702
vt 0.121592 0.521344
vt 0.096330 0.510813
vt 0.102341 0.527743
vt 0.096330 0.450289
vt 0.107151 0.437730
vt 0.107430 0.501143
vt 0.107430 0.474657
vt 0.103288 0.478919
vt 0.103288 0.498442
vt 0.258814 0.707903
vt 0.260258 0.707898
vt 0.680351 0.500764
vt 0.719993 0.515113
vt 0.680251 0.580120
vt 0.719231 0.416713
vt 0.680376 0.441342
vt 0.753508 0.398197
vt 0.755571 0.509559
vt 0.798337 0.312271
vt 0.805370 0.310399
vt 0.805370 0.351230
vt 0.769982 0.351718
vt 0.781971 0.398556
vt 0.761488 0.383232
vt 0.805370 0.376837
vt 0.788489 0.430123
vt 0.805370 0.400112
vt 0.805370 0.544004
vt 0.777291 0.499253
vt 0.778563 0.429764
vt 0.771417 0.492994
vt 0.753353 0.522216
vt 0.773238 0.544004
vt 0.754717 0.544004
vt 0.440933 0.394773
vt 0.433564 0.394767
vt 0.433788 0.363496
vt 0.440973 0.363502
vt 0.720163 0.404436
vt 0.677154 0.427838
vt 0.682370 0.393153
vt 0.709095 0.396936
vt 0.780568 0.309389
vt 0.774291 0.309297
vt 0.775264 0.300962
vt 0.787668 0.305797
vt 0.797077 0.287679
vt 0.789837 0.297751
vt 0.778705 0.292178
vt 0.786028 0.280802
vt 0.787364 0.279350
vt 0.798872 0.287201
vt 0.748778 0.544004
vt 0.788286 0.311104
vt 0.788326 0.279833
vt 0.781141 0.279827
vt 0.780917 0.311098
s 1
usemtl 武器.002
f 3705/1318/3484 3704/1319/3484 3703/1320/3484
f 3706/1321/3484 3705/1318/3484 3703/1320/3484
f 3703/1320/3484 3704/1319/3484 3707/1322/3484
f 3711/1323/3485 3710/1324/3485 3709/1325/3485
f 3708/1326/3485 3711/1323/3485 3709/1325/3485
f 3708/1326/3485 3709/1325/3485 3712/1327/3486
f 3715/1328/3487 3714/1329/3487 3713/1318/3487
f 3716/1321/3487 3715/1328/3487 3713/1318/3487
f 3715/1328/3487 3717/1322/3487 3714/1329/3487
f 3721/1330/3488 3720/1331/3488 3719/1332/3488
f 3718/1333/3488 3721/1330/3488 3719/1332/3488
f 3720/1331/3488 3722/1334/3488 3719/1332/3488
f 3725/1335/3489 3724/1336/3489 3723/1337/3489
f 3726/1338/3489 3725/1335/3489 3723/1337/3489
f 3725/1335/3489 3727/1339/3489 3724/1336/3489
f 3731/1323/3490 3730/1326/3490 3729/1325/3490
f 3728/1324/3490 3731/1323/3490 3729/1325/3490
f 3730/1326/3490 3732/1327/3491 3729/1325/3490
f 3735/1337/3492 3734/1340/3492 3733/1341/3492
f 3736/1338/3492 3735/1337/3492 3733/1341/3492
f 3733/1341/3492 3734/1340/3492 3737/1339/3492
f 3741/1342/3493 3740/1343/3493 3739/1344/3493
f 3738/1345/3493 3741/1342/3493 3739/1344/3493
f 3738/1345/3493 3739/1344/3493 3742/1346/3493
usemtl 武器1.002
f 3746/1347/3494 3745/1348/3495 3744/1349/3496
f 3743/1350/3497 3746/1347/3494 3744/1349/3496
f 3747/1351/3498 3746/1347/3494 3743/1350/3497
f 3748/1352/3499 3747/1351/3498 3743/1350/3497
f 3751/1353/3500 3750/1354/3501 3749/1355/3502
f 3755/1356/3503 3754/1357/3504 3753/1358/3505
f 3752/1359/3506 3755/1356/3503 3753/1358/3505
f 3757/1360/3507 3752/1359/3506 3753/1358/3505
f 3756/1361/3508 3757/1360/3507 3753/1358/3505
f 3760/1362/3509 3759/1363/3510 3758/1364/3511
f 3751/1353/3500 3762/1365/3512 3761/1366/3513
f 3750/1354/3501 3751/1353/3500 3761/1366/3513
f 3749/1355/3502 3763/1367/3514 3754/1357/3504
f 3755/1356/3503 3749/1355/3502 3754/1357/3504
f 3762/1365/3512 3747/1351/3498 3748/1352/3499
f 3761/1366/3513 3762/1365/3512 3748/1352/3499
f 3763/1367/3514 3766/1368/3515 3765/1369/3516
f 3764/1370/3517 3763/1367/3514 3765/1369/3516
f 3753/1358/3505 3754/1357/3504 3767/1371/3518
f 3768/1372/3519 3753/1358/3505 3767/1371/3518
f 3756/1361/3508 3753/1358/3505 3768/1372/3519
f 3769/1373/3520 3756/1361/3508 3768/1372/3519
f 3766/1368/3515 3758/1364/3511 3759/1363/3510
f 3765/1369/3516 3766/1368/3515 3759/1363/3510
f 3763/1367/3514 3764/1370/3517 3767/1371/3518
f 3754/1357/3504 3763/1367/3514 3767/1371/3518
f 3758/1364/3511 3770/1374/3521 3760/1362/3509
f 3749/1355/3502 3750/1354/3501 3766/1368/3515
f 3763/1367/3514 3749/1355/3502 3766/1368/3515
f 3750/1354/3501 3771/1375/3522 3758/1364/3511
f 3766/1368/3515 3750/1354/3501 3758/1364/3511
f 3758/1364/3511 3771/1375/3522 3772/1376/3523
f 3770/1374/3521 3758/1364/3511 3772/1376/3523
f 3770/1374/3521 3772/1376/3523 3774/1377/3524
f 3773/1378/3525 3770/1374/3521 3774/1377/3524
f 3774/1377/3524 3775/1379/3526 3773/1378/3525
f 3743/1350/3497 3744/1349/3496 3775/1379/3526
f 3774/1377/3524 3743/1350/3497 3775/1379/3526
f 3748/1352/3499 3743/1350/3497 3774/1377/3524
f 3772/1376/3523 3748/1352/3499 3774/1377/3524
f 3750/1354/3501 3761/1366/3513 3771/1375/3522
f 3761/1366/3513 3748/1352/3499 3772/1376/3523
f 3771/1375/3522 3761/1366/3513 3772/1376/3523
f 3779/1347/3527 3778/1350/3528 3777/1349/3529
f 3776/1348/3530 3779/1347/3527 3777/1349/3529
f 3778/1350/3528 3779/1347/3527 3780/1351/3531
f 3781/1352/3532 3778/1350/3528 3780/1351/3531
f 3784/1353/3533 3783/1355/3534 3782/1354/3535
f 3788/1356/3536 3787/1359/3537 3786/1358/3538
f 3785/1357/3539 3788/1356/3536 3786/1358/3538
f 3790/1360/3540 3789/1361/3541 3786/1358/3538
f 3787/1359/3537 3790/1360/3540 3786/1358/3538
f 3793/1362/3542 3792/1364/3543 3791/1363/3544
f 3784/1353/3533 3782/1354/3535 3795/1366/3545
f 3794/1365/3546 3784/1353/3533 3795/1366/3545
f 3785/1357/3539 3796/1367/3547 3783/1355/3534
f 3788/1356/3536 3785/1357/3539 3783/1355/3534
f 3794/1365/3546 3795/1366/3545 3781/1352/3532
f 3780/1351/3531 3794/1365/3546 3781/1352/3532
f 3796/1367/3547 3799/1370/3548 3798/1369/3549
f 3797/1368/3550 3796/1367/3547 3798/1369/3549
f 3800/1371/3551 3785/1357/3539 3786/1358/3538
f 3801/1372/3552 3800/1371/3551 3786/1358/3538
f 3789/1361/3541 3802/1373/3553 3801/1372/3552
f 3786/1358/3538 3789/1361/3541 3801/1372/3552
f 3797/1368/3550 3798/1369/3549 3791/1363/3544
f 3792/1364/3543 3797/1368/3550 3791/1363/3544
f 3800/1371/3551 3799/1370/3548 3796/1367/3547
f 3785/1357/3539 3800/1371/3551 3796/1367/3547
f 3792/1364/3543 3793/1362/3542 3803/1374/3554
f 3783/1355/3534 3796/1367/3547 3797/1368/3550
f 3782/1354/3535 3783/1355/3534 3797/1368/3550
f 3782/1354/3535 3797/1368/3550 3792/1364/3543
f 3804/1375/3555 3782/1354/3535 3792/1364/3543
f 3792/1364/3543 3803/1374/3554 3805/1376/3556
f 3804/1375/3555 3792/1364/3543 3805/1376/3556
f 3803/1374/3554 3807/1378/3557 3806/1377/3558
f 3805/1376/3556 3803/1374/3554 3806/1377/3558
f 3806/1377/3558 3807/1378/3557 3808/1379/3559
f 3778/1350/3528 3806/1377/3558 3808/1379/3559
f 3777/1349/3529 3778/1350/3528 3808/1379/3559
f 3806/1377/3558 3778/1350/3528 3781/1352/3532
f 3805/1376/3556 3806/1377/3558 3781/1352/3532
f 3782/1354/3535 3804/1375/3555 3795/1366/3545
f 3795/1366/3545 3804/1375/3555 3805/1376/3556
f 3781/1352/3532 3795/1366/3545 3805/1376/3556
f 3810/1347/3560 3809/1350/3561 3744/1349/3496
f 3745/1348/3495 3810/1347/3560 3744/1349/3496
f 3809/1350/3561 3810/1347/3560 3811/1351/3562
f 3812/1352/3563 3809/1350/3561 3811/1351/3562
f 3815/1353/3564 3814/1355/3565 3813/1354/3566
f 3819/1356/3567 3818/1359/3568 3817/1358/3569
f 3816/1357/3570 3819/1356/3567 3817/1358/3569
f 3821/1360/3571 3820/1361/3572 3817/1358/3569
f 3818/1359/3568 3821/1360/3571 3817/1358/3569
f 3760/1362/3509 3823/1364/3573 3822/1363/3574
f 3815/1353/3564 3813/1354/3566 3825/1366/3575
f 3824/1365/3576 3815/1353/3564 3825/1366/3575
f 3816/1357/3570 3826/1367/3577 3814/1355/3565
f 3819/1356/3567 3816/1357/3570 3814/1355/3565
f 3824/1365/3576 3825/1366/3575 3812/1352/3563
f 3811/1351/3562 3824/1365/3576 3812/1352/3563
f 3826/1367/3577 3829/1370/3578 3828/1369/3579
f 3827/1368/3580 3826/1367/3577 3828/1369/3579
f 3830/1371/3581 3816/1357/3570 3817/1358/3569
f 3831/1372/3582 3830/1371/3581 3817/1358/3569
f 3820/1361/3572 3832/1373/3583 3831/1372/3582
f 3817/1358/3569 3820/1361/3572 3831/1372/3582
f 3827/1368/3580 3828/1369/3579 3822/1363/3574
f 3823/1364/3573 3827/1368/3580 3822/1363/3574
f 3830/1371/3581 3829/1370/3578 3826/1367/3577
f 3816/1357/3570 3830/1371/3581 3826/1367/3577
f 3823/1364/3573 3760/1362/3509 3770/1374/3521
f 3814/1355/3565 3826/1367/3577 3827/1368/3580
f 3813/1354/3566 3814/1355/3565 3827/1368/3580
f 3813/1354/3566 3827/1368/3580 3823/1364/3573
f 3833/1375/3584 3813/1354/3566 3823/1364/3573
f 3823/1364/3573 3770/1374/3521 3834/1376/3585
f 3833/1375/3584 3823/1364/3573 3834/1376/3585
f 3770/1374/3521 3773/1378/3525 3835/1377/3586
f 3834/1376/3585 3770/1374/3521 3835/1377/3586
f 3835/1377/3586 3773/1378/3525 3775/1379/3526
f 3809/1350/3561 3835/1377/3586 3775/1379/3526
f 3744/1349/3496 3809/1350/3561 3775/1379/3526
f 3835/1377/3586 3809/1350/3561 3812/1352/3563
f 3834/1376/3585 3835/1377/3586 3812/1352/3563
f 3813/1354/3566 3833/1375/3584 3825/1366/3575
f 3825/1366/3575 3833/1375/3584 3834/1376/3585
f 3812/1352/3563 3825/1366/3575 3834/1376/3585
f 3837/1347/3587 3776/1348/3530 3777/1349/3529
f 3836/1350/3588 3837/1347/3587 3777/1349/3529
f 3838/1351/3589 3837/1347/3587 3836/1350/3588
f 3839/1352/3590 3838/1351/3589 3836/1350/3588
f 3842/1353/3591 3841/1354/3592 3840/1355/3593
f 3846/1356/3594 3845/1357/3595 3844/1358/3596
f 3843/1359/3597 3846/1356/3594 3844/1358/3596
f 3848/1360/3598 3843/1359/3597 3844/1358/3596
f 3847/1361/3599 3848/1360/3598 3844/1358/3596
f 3793/1362/3542 3850/1363/3600 3849/1364/3601
f 3842/1353/3591 3852/1365/3602 3851/1366/3603
f 3841/1354/3592 3842/1353/3591 3851/1366/3603
f 3840/1355/3593 3853/1367/3604 3845/1357/3595
f 3846/1356/3594 3840/1355/3593 3845/1357/3595
f 3852/1365/3602 3838/1351/3589 3839/1352/3590
f 3851/1366/3603 3852/1365/3602 3839/1352/3590
f 3853/1367/3604 3856/1368/3605 3855/1369/3606
f 3854/1370/3607 3853/1367/3604 3855/1369/3606
f 3844/1358/3596 3845/1357/3595 3857/1371/3608
f 3858/1372/3609 3844/1358/3596 3857/1371/3608
f 3847/1361/3599 3844/1358/3596 3858/1372/3609
f 3859/1373/3610 3847/1361/3599 3858/1372/3609
f 3856/1368/3605 3849/1364/3601 3850/1363/3600
f 3855/1369/3606 3856/1368/3605 3850/1363/3600
f 3853/1367/3604 3854/1370/3607 3857/1371/3608
f 3845/1357/3595 3853/1367/3604 3857/1371/3608
f 3849/1364/3601 3803/1374/3554 3793/1362/3542
f 3840/1355/3593 3841/1354/3592 3856/1368/3605
f 3853/1367/3604 3840/1355/3593 3856/1368/3605
f 3841/1354/3592 3860/1375/3611 3849/1364/3601
f 3856/1368/3605 3841/1354/3592 3849/1364/3601
f 3849/1364/3601 3860/1375/3611 3861/1376/3612
f 3803/1374/3554 3849/1364/3601 3861/1376/3612
f 3803/1374/3554 3861/1376/3612 3862/1377/3613
f 3807/1378/3557 3803/1374/3554 3862/1377/3613
f 3862/1377/3613 3808/1379/3559 3807/1378/3557
f 3836/1350/3588 3777/1349/3529 3808/1379/3559
f 3862/1377/3613 3836/1350/3588 3808/1379/3559
f 3839/1352/3590 3836/1350/3588 3862/1377/3613
f 3861/1376/3612 3839/1352/3590 3862/1377/3613
f 3841/1354/3592 3851/1366/3603 3860/1375/3611
f 3851/1366/3603 3839/1352/3590 3861/1376/3612
f 3860/1375/3611 3851/1366/3603 3861/1376/3612
f 3865/1380/3614 3864/1381/3615 3863/1382/3616
f 3868/1383/3617 3867/1384/3618 3866/1385/3619
f 3869/1386/3620 3868/1383/3617 3866/1385/3619
f 3863/1382/3616 3871/1387/3621 3870/1388/3622
f 3867/1384/3618 3873/1389/3623 3872/1390/3624
f 3866/1385/3619 3867/1384/3618 3872/1390/3624
f 3871/1387/3621 3874/1391/3625 3870/1388/3622
f 3870/1388/3622 3874/1391/3625 3875/1392/3626
f 3869/1386/3620 3866/1385/3619 3864/1381/3615
f 3865/1380/3614 3869/1386/3620 3864/1381/3615
f 3866/1385/3619 3876/1393/3627 3864/1381/3615
f 3879/1394/3628 3878/1395/3629 3877/1396/3630
f 3881/1397/3631 3880/1398/3632 3879/1394/3628
f 3878/1395/3629 3882/1399/3633 3877/1396/3630
f 3870/1388/3622 3875/1392/3626 3863/1382/3616
f 3883/1400/3634 3869/1386/3620 3865/1380/3614
f 3885/1401/3635 3868/1383/3617 3869/1386/3620
f 3884/1402/3636 3885/1401/3635 3869/1386/3620
f 3880/1398/3632 3886/1403/3637 3879/1394/3628
f 3865/1380/3614 3863/1382/3616 3875/1392/3626
f 3883/1400/3634 3865/1380/3614 3875/1392/3626
f 3864/1381/3615 3876/1393/3627 3871/1387/3621
f 3863/1382/3616 3864/1381/3615 3871/1387/3621
f 3866/1385/3619 3872/1390/3624 3876/1393/3627
f 3883/1400/3634 3884/1402/3636 3869/1386/3620
f 3867/1384/3618 3882/1399/3633 3873/1389/3623
f 3868/1383/3617 3877/1396/3630 3867/1384/3618
f 3879/1394/3628 3886/1403/3637 3878/1395/3629
f 3867/1384/3618 3877/1396/3630 3882/1399/3633
f 3889/1380/3638 3888/1382/3639 3887/1381/3640
f 3892/1385/3641 3891/1384/3642 3890/1383/3643
f 3893/1386/3644 3892/1385/3641 3890/1383/3643
f 3888/1382/3639 3895/1388/3645 3894/1387/3646
f 3891/1384/3642 3892/1385/3641 3897/1390/3647
f 3896/1389/3648 3891/1384/3642 3897/1390/3647
f 3894/1387/3646 3895/1388/3645 3898/1391/3649
f 3895/1388/3645 3899/1392/3650 3898/1391/3649
f 3893/1386/3644 3889/1380/3638 3887/1381/3640
f 3892/1385/3641 3893/1386/3644 3887/1381/3640
f 3892/1385/3641 3887/1381/3640 3900/1393/3651
f 3903/1394/3652 3902/1396/3653 3901/1395/3654
f 3905/1397/3655 3903/1394/3652 3904/1398/3656
f 3901/1395/3654 3902/1396/3653 3906/1399/3657
f 3895/1388/3645 3888/1382/3639 3899/1392/3650
f 3907/1400/3658 3889/1380/3638 3893/1386/3644
f 3909/1401/3659 3908/1402/3660 3893/1386/3644
f 3890/1383/3643 3909/1401/3659 3893/1386/3644
f 3904/1398/3656 3903/1394/3652 3910/1403/3661
f 3899/1392/3650 3888/1382/3639 3889/1380/3638
f 3907/1400/3658 3899/1392/3650 3889/1380/3638
f 3894/1387/3646 3900/1393/3651 3887/1381/3640
f 3888/1382/3639 3894/1387/3646 3887/1381/3640
f 3892/1385/3641 3900/1393/3651 3897/1390/3647
f 3907/1400/3658 3893/1386/3644 3908/1402/3660
f 3891/1384/3642 3896/1389/3648 3906/1399/3657
f 3903/1394/3652 3901/1395/3654 3910/1403/3661
f 3891/1384/3642 3906/1399/3657 3902/1396/3653
f 3890/1383/3643 3891/1384/3642 3902/1396/3653
f 3913/1404/3662 3912/1405/3663 3911/1406/3664
f 3914/1407/3665 3913/1404/3662 3911/1406/3664
f 3918/1408/3666 3917/1409/3667 3916/1410/3668
f 3915/1411/3669 3918/1408/3666 3916/1410/3668
f 3919/1412/3670 3915/1411/3669 3912/1405/3663
f 3913/1404/3662 3919/1412/3670 3912/1405/3663
f 3920/1413/3671 3922/1414/3672 3921/1415/3673
f 3920/1413/3671 3923/1416/3674 3922/1414/3672
f 3920/1413/3671 3924/1417/3675 3923/1416/3674
f 3925/1418/3676 3918/1408/3666 3926/1419/3677
f 3925/1418/3676 3922/1414/3672 3918/1408/3666
f 3925/1418/3676 3921/1415/3673 3922/1414/3672
f 3925/1418/3676 3927/1420/3678 3921/1415/3673
f 3921/1415/3673 3927/1420/3678 3920/1413/3671
f 3924/1417/3675 3929/1421/3679 3928/1422/3680
f 3923/1416/3674 3924/1417/3675 3928/1422/3680
f 3932/1423/3681 3928/1422/3680 3931/1424/3682
f 3930/1425/3683 3932/1423/3681 3931/1424/3682
f 3935/1426/3684 3934/1427/3685 3931/1424/3682
f 3933/1428/3686 3935/1426/3684 3931/1424/3682
f 3936/1429/3687 3911/1406/3664 3912/1405/3663
f 3937/1430/3688 3936/1429/3687 3912/1405/3663
f 3926/1419/3677 3918/1408/3666 3915/1411/3669
f 3919/1412/3670 3926/1419/3677 3915/1411/3669
f 3915/1411/3669 3916/1410/3668 3937/1430/3688
f 3912/1405/3663 3915/1411/3669 3937/1430/3688
f 3923/1416/3674 3917/1409/3667 3922/1414/3672
f 3922/1414/3672 3917/1409/3667 3918/1408/3666
f 3923/1416/3674 3928/1422/3680 3932/1423/3681
f 3917/1409/3667 3923/1416/3674 3932/1423/3681
f 3928/1422/3680 3929/1421/3679 3933/1428/3686
f 3931/1424/3682 3928/1422/3680 3933/1428/3686
f 3934/1427/3685 3938/1429/3689 3930/1425/3683
f 3931/1424/3682 3934/1427/3685 3930/1425/3683
f 3941/1406/3690 3940/1405/3691 3939/1404/3692
f 3942/1407/3693 3941/1406/3690 3939/1404/3692
f 3946/1410/3694 3945/1409/3695 3944/1408/3696
f 3943/1411/3697 3946/1410/3694 3944/1408/3696
f 3940/1405/3691 3943/1411/3697 3947/1412/3698
f 3939/1404/3692 3940/1405/3691 3947/1412/3698
f 3952/1414/3699 3949/1413/3700 3948/1415/3701
f 3951/1416/3702 3949/1413/3700 3952/1414/3699
f 3951/1416/3702 3950/1417/3703 3949/1413/3700
f 3944/1408/3696 3954/1418/3704 3953/1419/3705
f 3952/1414/3699 3954/1418/3704 3944/1408/3696
f 3952/1414/3699 3948/1415/3701 3954/1418/3704
f 3954/1418/3704 3948/1415/3701 3955/1420/3706
f 3948/1415/3701 3949/1413/3700 3955/1420/3706
f 3950/1417/3703 3951/1416/3702 3956/1422/3707
f 3957/1421/3708 3950/1417/3703 3956/1422/3707
f 3960/1423/3709 3959/1425/3710 3958/1424/3711
f 3956/1422/3707 3960/1423/3709 3958/1424/3711
f 3963/1426/3712 3962/1428/3713 3958/1424/3711
f 3961/1427/3714 3963/1426/3712 3958/1424/3711
f 3940/1405/3691 3941/1406/3690 3964/1429/3715
f 3965/1430/3716 3940/1405/3691 3964/1429/3715
f 3943/1411/3697 3944/1408/3696 3953/1419/3705
f 3947/1412/3698 3943/1411/3697 3953/1419/3705
f 3943/1411/3697 3940/1405/3691 3965/1430/3716
f 3946/1410/3694 3943/1411/3697 3965/1430/3716
f 3951/1416/3702 3952/1414/3699 3945/1409/3695
f 3952/1414/3699 3944/1408/3696 3945/1409/3695
f 3951/1416/3702 3945/1409/3695 3960/1423/3709
f 3956/1422/3707 3951/1416/3702 3960/1423/3709
f 3956/1422/3707 3958/1424/3711 3962/1428/3713
f 3957/1421/3708 3956/1422/3707 3962/1428/3713
f 3961/1427/3714 3958/1424/3711 3959/1425/3710
f 3966/1429/3717 3961/1427/3714 3959/1425/3710
f 3969/1406/3718 3968/1405/3719 3967/1404/3720
f 3970/1407/3721 3969/1406/3718 3967/1404/3720
f 3973/1408/3722 3972/1411/3723 3971/1410/3724
f 3974/1409/3725 3973/1408/3722 3971/1410/3724
f 3968/1405/3719 3972/1411/3723 3975/1412/3726
f 3967/1404/3720 3968/1405/3719 3975/1412/3726
f 3977/1413/3727 3979/1416/3728 3978/1417/3729
f 3977/1413/3727 3980/1414/3730 3979/1416/3728
f 3977/1413/3727 3976/1415/3731 3980/1414/3730
f 3973/1408/3722 3982/1418/3732 3981/1419/3733
f 3980/1414/3730 3982/1418/3732 3973/1408/3722
f 3980/1414/3730 3976/1415/3731 3982/1418/3732
f 3982/1418/3732 3976/1415/3731 3983/1420/3734
f 3976/1415/3731 3977/1413/3727 3983/1420/3734
f 3978/1417/3729 3979/1416/3728 3985/1422/3735
f 3984/1421/3736 3978/1417/3729 3985/1422/3735
f 3988/1423/3737 3987/1425/3738 3986/1424/3739
f 3985/1422/3735 3988/1423/3737 3986/1424/3739
f 3991/1426/3740 3990/1428/3741 3986/1424/3739
f 3989/1427/3742 3991/1426/3740 3986/1424/3739
f 3968/1405/3719 3969/1406/3718 3992/1429/3743
f 3993/1430/3744 3968/1405/3719 3992/1429/3743
f 3972/1411/3723 3973/1408/3722 3981/1419/3733
f 3975/1412/3726 3972/1411/3723 3981/1419/3733
f 3972/1411/3723 3968/1405/3719 3993/1430/3744
f 3971/1410/3724 3972/1411/3723 3993/1430/3744
f 3979/1416/3728 3980/1414/3730 3974/1409/3725
f 3980/1414/3730 3973/1408/3722 3974/1409/3725
f 3979/1416/3728 3974/1409/3725 3988/1423/3737
f 3985/1422/3735 3979/1416/3728 3988/1423/3737
f 3985/1422/3735 3986/1424/3739 3990/1428/3741
f 3984/1421/3736 3985/1422/3735 3990/1428/3741
f 3989/1427/3742 3986/1424/3739 3987/1425/3738
f 3994/1429/3745 3989/1427/3742 3987/1425/3738
f 3997/1404/3746 3996/1405/3747 3995/1406/3748
f 3998/1407/3749 3997/1404/3746 3995/1406/3748
f 4002/1408/3750 4001/1409/3751 4000/1410/3752
f 3999/1411/3753 4002/1408/3750 4000/1410/3752
f 4003/1412/3754 3999/1411/3753 3996/1405/3747
f 3997/1404/3746 4003/1412/3754 3996/1405/3747
f 4007/1416/3755 4004/1413/3756 4008/1417/3757
f 4006/1414/3758 4004/1413/3756 4007/1416/3755
f 4006/1414/3758 4005/1415/3759 4004/1413/3756
f 4009/1418/3760 4002/1408/3750 4010/1419/3761
f 4009/1418/3760 4006/1414/3758 4002/1408/3750
f 4009/1418/3760 4005/1415/3759 4006/1414/3758
f 4009/1418/3760 4011/1420/3762 4005/1415/3759
f 4005/1415/3759 4011/1420/3762 4004/1413/3756
f 4008/1417/3757 4013/1421/3763 4012/1422/3764
f 4007/1416/3755 4008/1417/3757 4012/1422/3764
f 4016/1423/3765 4012/1422/3764 4015/1424/3766
f 4014/1425/3767 4016/1423/3765 4015/1424/3766
f 4019/1426/3768 4018/1427/3769 4015/1424/3766
f 4017/1428/3770 4019/1426/3768 4015/1424/3766
f 4020/1429/3771 3995/1406/3748 3996/1405/3747
f 4021/1430/3772 4020/1429/3771 3996/1405/3747
f 4010/1419/3761 4002/1408/3750 3999/1411/3753
f 4003/1412/3754 4010/1419/3761 3999/1411/3753
f 3999/1411/3753 4000/1410/3752 4021/1430/3772
f 3996/1405/3747 3999/1411/3753 4021/1430/3772
f 4007/1416/3755 4001/1409/3751 4006/1414/3758
f 4006/1414/3758 4001/1409/3751 4002/1408/3750
f 4016/1423/3765 4001/1409/3751 4007/1416/3755
f 4012/1422/3764 4016/1423/3765 4007/1416/3755
f 4012/1422/3764 4013/1421/3763 4017/1428/3770
f 4015/1424/3766 4012/1422/3764 4017/1428/3770
f 4018/1427/3769 4022/1429/3773 4014/1425/3767
f 4015/1424/3766 4018/1427/3769 4014/1425/3767
f 4025/1380/3774 4024/1382/3775 4023/1381/3776
f 4028/1385/3777 4027/1384/3778 4026/1383/3779
f 4029/1386/3780 4028/1385/3777 4026/1383/3779
f 4024/1382/3775 4031/1388/3781 4030/1387/3782
f 4027/1384/3778 4028/1385/3777 4033/1390/3783
f 4032/1389/3784 4027/1384/3778 4033/1390/3783
f 4030/1387/3782 4031/1388/3781 4034/1391/3785
f 4031/1388/3781 4035/1392/3786 4034/1391/3785
f 4029/1386/3780 4025/1380/3774 4023/1381/3776
f 4028/1385/3777 4029/1386/3780 4023/1381/3776
f 4028/1385/3777 4023/1381/3776 4036/1393/3787
f 4039/1394/3788 4038/1396/3789 4037/1395/3790
f 4041/1397/3791 4039/1394/3788 4040/1398/3792
f 4037/1395/3790 4038/1396/3789 4042/1399/3793
f 4031/1388/3781 4024/1382/3775 4035/1392/3786
f 4043/1400/3794 4025/1380/3774 4029/1386/3780
f 4045/1401/3795 4044/1402/3796 4029/1386/3780
f 4026/1383/3779 4045/1401/3795 4029/1386/3780
f 4040/1398/3792 4039/1394/3788 4046/1403/3797
f 4035/1392/3786 4024/1382/3775 4025/1380/3774
f 4043/1400/3794 4035/1392/3786 4025/1380/3774
f 4030/1387/3782 4036/1393/3787 4023/1381/3776
f 4024/1382/3775 4030/1387/3782 4023/1381/3776
f 4028/1385/3777 4036/1393/3787 4033/1390/3783
f 4043/1400/3794 4029/1386/3780 4044/1402/3796
f 4027/1384/3778 4032/1389/3784 4042/1399/3793
f 4026/1383/3779 4027/1384/3778 4038/1396/3789
f 4039/1394/3788 4037/1395/3790 4046/1403/3797
f 4027/1384/3778 4042/1399/3793 4038/1396/3789
f 4049/1380/3798 4048/1381/3799 4047/1382/3800
f 4052/1383/3801 4051/1384/3802 4050/1385/3803
f 4053/1386/3804 4052/1383/3801 4050/1385/3803
f 4047/1382/3800 4055/1387/3805 4054/1388/3806
f 4051/1384/3802 4057/1389/3807 4056/1390/3808
f 4050/1385/3803 4051/1384/3802 4056/1390/3808
f 4055/1387/3805 4058/1391/3809 4054/1388/3806
f 4054/1388/3806 4058/1391/3809 4059/1392/3810
f 4053/1386/3804 4050/1385/3803 4048/1381/3799
f 4049/1380/3798 4053/1386/3804 4048/1381/3799
f 4050/1385/3803 4060/1393/3811 4048/1381/3799
f 4063/1394/3812 4062/1395/3813 4061/1396/3814
f 4065/1397/3815 4064/1398/3816 4063/1394/3812
f 4062/1395/3813 4066/1399/3817 4061/1396/3814
f 4054/1388/3806 4059/1392/3810 4047/1382/3800
f 4067/1400/3818 4053/1386/3804 4049/1380/3798
f 4069/1401/3819 4052/1383/3801 4053/1386/3804
f 4068/1402/3820 4069/1401/3819 4053/1386/3804
f 4064/1398/3816 4070/1403/3821 4063/1394/3812
f 4049/1380/3798 4047/1382/3800 4059/1392/3810
f 4067/1400/3818 4049/1380/3798 4059/1392/3810
f 4048/1381/3799 4060/1393/3811 4055/1387/3805
f 4047/1382/3800 4048/1381/3799 4055/1387/3805
f 4050/1385/3803 4056/1390/3808 4060/1393/3811
f 4067/1400/3818 4068/1402/3820 4053/1386/3804
f 4051/1384/3802 4066/1399/3817 4057/1389/3807
f 4063/1394/3812 4070/1403/3821 4062/1395/3813
f 4051/1384/3802 4061/1396/3814 4066/1399/3817
f 4052/1383/3801 4061/1396/3814 4051/1384/3802
f 4074/1431/3822 4073/1432/3823 4072/1433/3824
f 4071/1434/3825 4074/1431/3822 4072/1433/3824
f 4077/1435/3826 4076/1436/3827 4075/1437/3828
f 4080/1438/3829 4079/1439/3830 4078/1440/3831
f 4083/1441/3832 4082/1442/3833 4081/1443/3834
f 4084/1444/3835 4083/1441/3832 4081/1443/3834
f 4088/1445/3836 4087/1446/3837 4086/1447/3838
f 4085/1448/3839 4088/1445/3836 4086/1447/3838
f 4089/1449/3840 4082/1442/3833 4083/1441/3832
f 4079/1439/3830 4080/1438/3829 4090/1450/3841
f 4091/1451/3842 4079/1439/3830 4090/1450/3841
f 4080/1438/3829 4093/1452/3843 4092/1453/3844
f 4090/1450/3841 4080/1438/3829 4092/1453/3844
f 4091/1451/3842 4095/1454/3845 4094/1445/3846
f 4088/1445/3836 4085/1448/3839 4096/1455/3847
f 4099/1435/3848 4098/1456/3849 4097/1457/3850
f 4100/1458/3851 4071/1434/3825 4072/1433/3824
f 4101/1459/3852 4100/1458/3851 4072/1433/3824
f 4076/1436/3827 4102/1460/3853 4075/1437/3828
f 4105/1461/3854 4104/1462/3855 4103/1463/3856
f 4108/1464/3857 4107/1465/3858 4106/1466/3859
f 4111/1467/3860 4110/1468/3861 4109/1469/3862
f 4115/1470/3863 4114/1471/3864 4113/1472/3865
f 4112/1473/3866 4115/1470/3863 4113/1472/3865
f 4114/1471/3864 4095/1454/3845 4113/1472/3865
f 4095/1454/3845 4091/1451/3842 4113/1472/3865
f 4091/1451/3842 4090/1450/3841 4116/1474/3867
f 4113/1472/3865 4091/1451/3842 4116/1474/3867
f 4117/1475/3868 4116/1474/3867 4090/1450/3841
f 4092/1453/3844 4117/1475/3868 4090/1450/3841
f 4120/1476/3869 4119/1477/3870 4118/1478/3871
f 4122/1479/3872 4121/1480/3873 4119/1477/3870
f 4120/1476/3869 4122/1479/3872 4119/1477/3870
f 4124/1481/3874 4123/1482/3875 4121/1480/3873
f 4122/1479/3872 4124/1481/3874 4121/1480/3873
f 4126/1483/3876 4125/1484/3877 4123/1482/3875
f 4124/1481/3874 4126/1483/3876 4123/1482/3875
f 4116/1474/3867 4117/1475/3868 4122/1479/3872
f 4120/1476/3869 4116/1474/3867 4122/1479/3872
f 4129/1463/3878 4128/1462/3879 4127/1481/3880
f 4128/1462/3879 4130/1485/3881 4127/1481/3880
f 4132/1486/3882 4131/1487/3883 4126/1483/3876
f 4134/1488/3884 4133/1489/3885 4131/1487/3883
f 4109/1469/3862 4125/1484/3877 4133/1489/3885
f 4135/1490/3886 4121/1480/3873 4123/1482/3875
f 4110/1468/3861 4135/1490/3886 4123/1482/3875
f 4136/1473/3887 4119/1477/3870 4121/1480/3873
f 4135/1490/3886 4136/1473/3887 4121/1480/3873
f 4136/1473/3887 4113/1472/3865 4118/1478/3871
f 4119/1477/3870 4136/1473/3887 4118/1478/3871
f 4116/1474/3867 4120/1476/3869 4118/1478/3871
f 4113/1472/3865 4116/1474/3867 4118/1478/3871
f 4093/1452/3843 4078/1440/3831 4137/1491/3888
f 4093/1452/3843 4105/1461/3854 4092/1453/3844
f 4103/1463/3856 4117/1475/3868 4092/1453/3844
f 4105/1461/3854 4103/1463/3856 4092/1453/3844
f 4095/1454/3845 4139/1492/3889 4138/1446/3890
f 4094/1445/3846 4095/1454/3845 4138/1446/3890
f 4087/1446/3837 4097/1457/3850 4098/1456/3849
f 4086/1447/3838 4087/1446/3837 4098/1456/3849
f 4073/1432/3823 4074/1431/3822 4140/1493/3891
f 4102/1460/3853 4073/1432/3823 4140/1493/3891
f 4139/1492/3889 4076/1436/3827 4138/1446/3890
f 4079/1439/3830 4088/1445/3836 4096/1455/3847
f 4091/1451/3842 4088/1445/3836 4079/1439/3830
f 4084/1444/3835 4081/1443/3834 4100/1458/3851
f 4101/1459/3852 4084/1444/3835 4100/1458/3851
f 4141/1494/3892 4135/1490/3886 4110/1468/3861
f 4111/1467/3860 4141/1494/3892 4110/1468/3861
f 4115/1470/3863 4112/1473/3866 4135/1490/3886
f 4141/1494/3892 4115/1470/3863 4135/1490/3886
f 4076/1436/3827 4139/1492/3889 4142/1495/3893
f 4142/1495/3893 4139/1492/3889 4143/1496/3894
f 4143/1496/3894 4095/1454/3845 4114/1471/3864
f 4144/1497/3895 4143/1496/3894 4114/1471/3864
f 4132/1486/3882 4130/1485/3881 4146/1498/3896
f 4145/1499/3897 4132/1486/3882 4146/1498/3896
f 4148/1488/3898 4132/1486/3882 4145/1499/3897
f 4147/1500/3899 4148/1488/3898 4145/1499/3897
f 4093/1452/3843 4137/1491/3888 4149/1501/3900
f 4105/1461/3854 4150/1502/3901 4104/1462/3855
f 4151/1503/3902 4150/1502/3901 4105/1461/3854
f 4111/1467/3860 4109/1469/3862 4107/1465/3858
f 4154/1462/3903 4153/1502/3904 4152/1504/3904
f 4134/1488/3884 4155/1500/3905 4133/1489/3885
f 4093/1452/3843 4080/1438/3829 4078/1440/3831
f 4093/1452/3843 4149/1501/3900 4105/1461/3854
f 4105/1461/3854 4149/1501/3900 4151/1503/3902
f 4132/1486/3882 4148/1488/3898 4131/1487/3883
f 4130/1485/3881 4128/1462/3879 4156/1504/3906
f 4146/1498/3896 4130/1485/3881 4156/1504/3906
f 4126/1483/3876 4131/1487/3883 4125/1484/3877
f 4125/1484/3877 4131/1487/3883 4133/1489/3885
f 4107/1465/3858 4108/1464/3857 4157/1449/3907
f 4107/1465/3858 4109/1469/3862 4133/1489/3885
f 4155/1500/3905 4159/1466/3908 4158/1489/3909
f 4107/1465/3858 4160/1489/3910 4106/1466/3859
f 4087/1446/3837 4076/1436/3827 4097/1457/3850
f 4097/1457/3850 4076/1436/3827 4077/1435/3826
f 4102/1460/3853 4140/1493/3891 4161/1505/3911
f 4075/1437/3828 4102/1460/3853 4161/1505/3911
f 4161/1505/3911 4163/1506/3912 4162/1435/3913
f 4075/1437/3828 4161/1505/3911 4162/1435/3913
f 4144/1497/3895 4114/1471/3864 4164/1470/3914
f 4101/1459/3852 4164/1470/3914 4165/1494/3915
f 4084/1444/3835 4101/1459/3852 4165/1494/3915
f 4084/1444/3835 4165/1494/3915 4166/1467/3916
f 4079/1439/3830 4096/1455/3847 4078/1440/3831
f 4099/1435/3848 4167/1506/3917 4098/1456/3849
f 4084/1444/3835 4166/1467/3916 4083/1441/3832
f 4083/1441/3832 4166/1467/3916 4089/1449/3840
f 4164/1470/3914 4101/1459/3852 4144/1497/3895
f 4073/1432/3823 4143/1496/3894 4144/1497/3895
f 4072/1433/3824 4073/1432/3823 4144/1497/3895
f 4143/1496/3894 4073/1432/3823 4102/1460/3853
f 4142/1495/3893 4143/1496/3894 4102/1460/3853
f 4142/1495/3893 4102/1460/3853 4076/1436/3827
f 4101/1459/3852 4072/1433/3824 4144/1497/3895
f 4139/1492/3889 4095/1454/3845 4143/1496/3894
f 4111/1467/3860 4168/1465/3918 4089/1449/3919
f 4074/1431/3822 4071/1434/3825 4170/1433/3920
f 4169/1432/3921 4074/1431/3822 4170/1433/3920
f 4173/1435/3922 4172/1437/3923 4171/1507/3924
f 4176/1438/3925 4175/1440/3926 4174/1439/3927
f 4081/1443/3834 4082/1442/3833 4177/1441/3928
f 4178/1444/3929 4081/1443/3834 4177/1441/3928
f 4180/1508/3930 4085/1448/3839 4086/1447/3838
f 4179/1509/3931 4180/1508/3930 4086/1447/3838
f 4177/1441/3928 4082/1442/3833 4181/1449/3932
f 4182/1450/3933 4176/1438/3925 4174/1439/3927
f 4183/1451/3934 4182/1450/3933 4174/1439/3927
f 4185/1453/3935 4184/1452/3936 4176/1438/3925
f 4182/1450/3933 4185/1453/3935 4176/1438/3925
f 4183/1451/3934 4187/1508/3937 4186/1454/3938
f 4180/1508/3930 4096/1455/3847 4085/1448/3839
f 4189/1435/3939 4188/1510/3940 4098/1456/3849
f 4170/1433/3920 4071/1434/3825 4100/1458/3851
f 4190/1459/3941 4170/1433/3920 4100/1458/3851
f 4172/1437/3923 4191/1460/3942 4171/1507/3924
f 4194/1463/3943 4193/1462/3944 4192/1461/3945
f 4108/1464/3857 4106/1466/3859 4195/1465/3946
f 4198/1467/3947 4197/1469/3948 4196/1468/3949
f 4202/1470/3950 4201/1473/3951 4200/1472/3952
f 4199/1471/3953 4202/1470/3950 4200/1472/3952
f 4199/1471/3953 4200/1472/3952 4186/1454/3938
f 4186/1454/3938 4200/1472/3952 4183/1451/3934
f 4183/1451/3934 4200/1472/3952 4203/1474/3954
f 4182/1450/3933 4183/1451/3934 4203/1474/3954
f 4182/1450/3933 4203/1474/3954 4204/1475/3955
f 4185/1453/3935 4182/1450/3933 4204/1475/3955
f 4207/1511/3956 4206/1512/3957 4205/1477/3958
f 4209/1513/3959 4207/1511/3956 4205/1477/3958
f 4208/1480/3960 4209/1513/3959 4205/1477/3958
f 4208/1480/3960 4211/1514/3961 4210/1515/3962
f 4209/1513/3959 4208/1480/3960 4210/1515/3962
f 4211/1514/3961 4213/1484/3963 4212/1516/3964
f 4210/1515/3962 4211/1514/3961 4212/1516/3964
f 4203/1474/3954 4207/1511/3956 4209/1513/3959
f 4204/1475/3955 4203/1474/3954 4209/1513/3959
f 4204/1475/3955 4209/1513/3959 4194/1463/3943
f 4216/1462/3965 4215/1515/3966 4214/1485/3967
f 4218/1486/3968 4212/1516/3964 4217/1487/3969
f 4220/1488/3970 4217/1487/3969 4219/1489/3971
f 4197/1469/3948 4211/1514/3961 4196/1468/3949
f 4211/1514/3961 4208/1480/3960 4221/1490/3972
f 4196/1468/3949 4211/1514/3961 4221/1490/3972
f 4208/1480/3960 4205/1477/3958 4222/1473/3973
f 4221/1490/3972 4208/1480/3960 4222/1473/3973
f 4222/1473/3973 4205/1477/3958 4206/1512/3957
f 4200/1472/3952 4222/1473/3973 4206/1512/3957
f 4206/1512/3957 4207/1511/3956 4203/1474/3954
f 4200/1472/3952 4206/1512/3957 4203/1474/3954
f 4184/1452/3936 4223/1491/3974 4175/1440/3926
f 4184/1452/3936 4185/1453/3935 4192/1461/3945
f 4185/1453/3935 4204/1475/3955 4194/1463/3943
f 4192/1461/3945 4185/1453/3935 4194/1463/3943
f 4225/1509/3975 4224/1492/3976 4186/1454/3938
f 4187/1508/3937 4225/1509/3975 4186/1454/3938
f 4179/1509/3931 4086/1447/3838 4098/1456/3849
f 4188/1510/3940 4179/1509/3931 4098/1456/3849
f 4169/1432/3921 4191/1460/3942 4140/1493/3891
f 4074/1431/3822 4169/1432/3921 4140/1493/3891
f 4224/1492/3976 4225/1509/3975 4171/1507/3924
f 4174/1439/3927 4226/1455/3977 4180/1508/3978
f 4183/1451/3934 4174/1439/3927 4180/1508/3978
f 4178/1444/3929 4190/1459/3941 4100/1458/3851
f 4081/1443/3834 4178/1444/3929 4100/1458/3851
f 4227/1494/3979 4198/1467/3947 4196/1468/3949
f 4221/1490/3972 4227/1494/3979 4196/1468/3949
f 4202/1470/3950 4227/1494/3979 4221/1490/3972
f 4201/1473/3951 4202/1470/3950 4221/1490/3972
f 4171/1507/3924 4228/1495/3980 4224/1492/3976
f 4228/1495/3980 4229/1496/3981 4224/1492/3976
f 4229/1496/3981 4230/1497/3982 4199/1471/3953
f 4186/1454/3938 4229/1496/3981 4199/1471/3953
f 4218/1486/3968 4145/1499/3897 4146/1498/3896
f 4214/1485/3967 4218/1486/3968 4146/1498/3896
f 4231/1488/3983 4147/1500/3899 4145/1499/3897
f 4218/1486/3968 4231/1488/3983 4145/1499/3897
f 4184/1452/3936 4232/1501/3984 4223/1491/3974
f 4192/1461/3945 4193/1462/3944 4233/1502/3985
f 4234/1503/3986 4192/1461/3945 4233/1502/3985
f 4198/1467/3947 4195/1465/3946 4197/1469/3948
f 4235/1462/3987 4152/1504/3904 4153/1502/3904
f 4220/1488/3970 4219/1489/3971 4155/1500/3988
f 4184/1452/3936 4175/1440/3926 4176/1438/3925
f 4184/1452/3936 4192/1461/3945 4232/1501/3984
f 4192/1461/3945 4234/1503/3986 4232/1501/3984
f 4218/1486/3968 4217/1487/3969 4231/1488/3983
f 4214/1485/3967 4146/1498/3896 4156/1504/3906
f 4216/1462/3965 4214/1485/3967 4156/1504/3906
f 4212/1516/3964 4213/1484/3963 4217/1487/3969
f 4213/1484/3963 4219/1489/3971 4217/1487/3969
f 4195/1465/3946 4157/1449/3907 4108/1464/3857
f 4195/1465/3946 4219/1489/3971 4197/1469/3948
f 4155/1500/3905 4236/1489/3989 4159/1466/3908
f 4195/1465/3946 4106/1466/3859 4219/1489/3971
f 4179/1509/3931 4188/1510/3940 4171/1507/3924
f 4188/1510/3940 4173/1435/3922 4171/1507/3924
f 4191/1460/3942 4172/1437/3923 4161/1505/3911
f 4140/1493/3891 4191/1460/3942 4161/1505/3911
f 4237/1435/3990 4163/1506/3912 4161/1505/3911
f 4172/1437/3923 4237/1435/3990 4161/1505/3911
f 4230/1497/3982 4238/1470/3991 4199/1471/3953
f 4190/1459/3941 4178/1444/3929 4239/1494/3992
f 4238/1470/3991 4190/1459/3941 4239/1494/3992
f 4178/1444/3929 4240/1467/3993 4239/1494/3992
f 4174/1439/3927 4175/1440/3926 4226/1455/3977
f 4189/1435/3939 4098/1456/3849 4167/1506/3917
f 4178/1444/3929 4177/1441/3928 4240/1467/3993
f 4177/1441/3928 4181/1449/3932 4240/1467/3993
f 4238/1470/3991 4230/1497/3982 4190/1459/3941
f 4230/1497/3982 4229/1496/3981 4169/1432/3921
f 4170/1433/3920 4230/1497/3982 4169/1432/3921
f 4229/1496/3981 4228/1495/3980 4191/1460/3942
f 4169/1432/3921 4229/1496/3981 4191/1460/3942
f 4228/1495/3980 4171/1507/3924 4191/1460/3942
f 4190/1459/3941 4230/1497/3982 4170/1433/3920
f 4224/1492/3976 4229/1496/3981 4186/1454/3938
f 4198/1467/3947 4181/1449/3994 4241/1465/3995
f 4210/1515/3962 4212/1516/3964 4214/1485/3967
f 4197/1469/3948 4213/1484/3963 4211/1514/3961
f 4212/1516/3964 4218/1486/3968 4214/1485/3967
f 4197/1469/3948 4219/1489/3971 4213/1484/3963
f 4210/1515/3962 4216/1462/3965 4242/1463/3996
f 4209/1513/3959 4210/1515/3962 4242/1463/3996
f 4130/1485/3881 4132/1486/3882 4126/1483/3876
f 4130/1485/3881 4126/1483/3876 4124/1481/3874
f 4109/1469/3862 4110/1468/3861 4123/1482/3875
f 4109/1469/3862 4123/1482/3875 4125/1484/3877
f 4245/1517/3997 4244/1518/3998 4243/1519/3999
f 4248/1520/4000 4247/1521/4001 4246/1522/4002
f 4252/1523/4003 4251/1524/4004 4250/1525/4005
f 4249/1526/4006 4252/1523/4003 4250/1525/4005
f 4255/1527/4007 4254/1528/4008 4253/1529/4009
f 4257/1530/4010 4251/1524/4004 4256/1531/4011
f 4252/1523/4003 4258/1532/4012 4256/1531/4011
f 4257/1530/4010 4260/1533/4013 4259/1534/4014
f 4263/1535/4015 4262/1520/4016 4261/1536/4017
f 4244/1518/3998 4265/1537/4018 4264/1538/4019
f 4266/1539/4020 4244/1518/3998 4264/1538/4019
f 4267/1540/4021 4245/1517/3997 4246/1522/4002
f 4247/1521/4001 4267/1540/4021 4246/1522/4002
f 4270/1541/4022 4269/1542/4023 4268/1543/4024
f 4274/1544/4025 4273/1545/4026 4272/1542/4027
f 4271/1546/4028 4274/1544/4025 4272/1542/4027
f 4277/1537/4029 4276/1547/4030 4275/1548/4031
f 4277/1537/4029 4260/1533/4032 4276/1547/4030
f 4280/1533/4033 4279/1530/4034 4278/1547/4035
f 4279/1530/4036 4281/1549/4037 4276/1547/4030
f 4282/1531/4038 4274/1544/4025 4281/1549/4037
f 4285/1550/4039 4284/1551/4040 4283/1552/4041
f 4285/1550/4039 4286/1553/4042 4284/1551/4040
f 4285/1550/4039 4287/1554/4043 4286/1553/4042
f 4287/1554/4043 4288/1555/4044 4286/1553/4042
f 4290/1556/4045 4289/1557/4046 4288/1555/4044
f 4287/1554/4043 4290/1556/4045 4288/1555/4044
f 4289/1557/4046 4291/1558/4047 4288/1555/4044
f 4293/1549/4048 4292/1544/4049 4285/1550/4039
f 4292/1544/4049 4287/1554/4043 4285/1550/4039
f 4292/1544/4049 4294/1546/4050 4287/1554/4043
f 4294/1546/4050 4295/1556/4051 4287/1554/4043
f 4297/1559/4052 4296/1557/4053 4295/1556/4051
f 4297/1559/4052 4298/1560/4054 4291/1558/4047
f 4289/1557/4046 4297/1559/4052 4291/1558/4047
f 4300/1529/4055 4299/1561/4056 4288/1555/4044
f 4301/1562/4057 4286/1553/4042 4288/1555/4044
f 4299/1561/4056 4301/1562/4057 4288/1555/4044
f 4302/1548/4058 4284/1551/4040 4286/1553/4042
f 4301/1562/4057 4302/1548/4058 4286/1553/4042
f 4302/1548/4058 4278/1547/4059 4283/1552/4041
f 4284/1551/4040 4302/1548/4058 4283/1552/4041
f 4293/1549/4048 4285/1550/4039 4303/1552/4060
f 4276/1547/4061 4293/1549/4048 4303/1552/4060
f 4249/1526/4006 4304/1563/4062 4258/1532/4012
f 4252/1523/4003 4249/1526/4006 4258/1532/4012
f 4258/1532/4012 4306/1564/4063 4305/1545/4064
f 4259/1534/4014 4263/1535/4015 4261/1536/4017
f 4307/1565/4065 4259/1534/4014 4261/1536/4017
f 4260/1533/4013 4263/1535/4015 4259/1534/4014
f 4259/1534/4014 4307/1565/4065 4250/1525/4005
f 4251/1524/4004 4259/1534/4014 4250/1525/4005
f 4257/1530/4010 4259/1534/4014 4251/1524/4004
f 4310/1561/4066 4309/1538/4067 4308/1562/4068
f 4275/1548/4031 4308/1562/4068 4309/1538/4067
f 4277/1537/4029 4275/1548/4031 4309/1538/4067
f 4313/1566/4069 4312/1560/4070 4311/1567/4071
f 4297/1559/4052 4294/1546/4050 4315/1568/4072
f 4314/1569/4073 4297/1559/4052 4315/1568/4072
f 4298/1560/4054 4297/1559/4052 4314/1569/4073
f 4316/1567/4074 4298/1560/4054 4314/1569/4073
f 4304/1563/4062 4317/1570/4075 4306/1564/4063
f 4258/1532/4012 4304/1563/4062 4306/1564/4063
f 4317/1570/4075 4318/1571/4076 4268/1543/4024
f 4306/1564/4063 4317/1570/4075 4268/1543/4024
f 4269/1542/4023 4305/1545/4064 4268/1543/4024
f 4272/1542/4027 4319/1541/4077 4271/1546/4028
f 4318/1571/4076 4270/1541/4022 4268/1543/4024
f 4271/1546/4028 4319/1541/4077 4320/1568/4078
f 4294/1546/4050 4297/1559/4052 4295/1556/4051
f 4321/1558/4079 4312/1560/4070 4300/1529/4055
f 4288/1555/4044 4321/1558/4079 4300/1529/4055
f 4253/1529/4009 4322/1566/4080 4255/1527/4007
f 4324/1572/4081 4266/1539/4020 4323/1528/4082
f 4312/1560/4070 4313/1566/4069 4300/1529/4055
f 4309/1538/4067 4310/1561/4066 4254/1528/4008
f 4279/1530/4036 4282/1531/4038 4281/1549/4037
f 4282/1531/4038 4273/1545/4026 4274/1544/4025
f 4254/1528/4008 4310/1561/4066 4253/1529/4009
f 4325/1527/4083 4324/1572/4081 4323/1528/4082
f 4251/1524/4004 4252/1523/4003 4256/1531/4011
f 4258/1532/4012 4305/1545/4064 4256/1531/4011
f 4305/1545/4064 4306/1564/4063 4268/1543/4024
f 4248/1520/4000 4326/1535/4084 4247/1521/4001
f 4326/1535/4084 4280/1533/4033 4267/1540/4021
f 4247/1521/4001 4326/1535/4084 4267/1540/4021
f 4267/1540/4021 4280/1533/4033 4265/1537/4018
f 4244/1518/3998 4266/1539/4020 4327/1573/4085
f 4243/1519/3999 4244/1518/3998 4327/1573/4085
f 4245/1517/3997 4267/1540/4021 4244/1518/3998
f 4324/1572/4081 4327/1573/4085 4266/1539/4020
f 4267/1540/4021 4265/1537/4018 4244/1518/3998
f 4250/1525/4005 4329/1525/4086 4328/1526/4087
f 4249/1526/4006 4250/1525/4005 4328/1526/4087
f 4250/1525/4005 4307/1565/4065 4330/1565/4088
f 4329/1525/4086 4250/1525/4005 4330/1565/4088
f 4304/1563/4062 4249/1526/4006 4328/1526/4087
f 4307/1565/4065 4261/1536/4017 4330/1565/4088
f 4245/1517/3997 4243/1519/3999 4331/1518/4089
f 4248/1520/4000 4246/1522/4002 4332/1521/4090
f 4334/1523/4091 4328/1526/4087 4329/1525/4086
f 4333/1524/4092 4334/1523/4091 4329/1525/4086
f 4337/1527/4093 4336/1529/4094 4335/1528/4095
f 4339/1530/4096 4338/1531/4097 4333/1524/4092
f 4334/1523/4091 4338/1531/4097 4340/1532/4098
f 4339/1530/4096 4342/1534/4099 4341/1533/4100
f 4345/1535/4101 4344/1536/4102 4343/1520/4103
f 4348/1538/4104 4347/1539/4105 4346/1528/4106
f 4349/1540/4107 4332/1521/4090 4246/1522/4002
f 4245/1517/3997 4349/1540/4107 4246/1522/4002
f 4270/1541/4022 4351/1543/4108 4350/1542/4109
f 4355/1544/4110 4354/1546/4111 4353/1542/4112
f 4352/1545/4113 4355/1544/4110 4353/1542/4112
f 4358/1537/4114 4357/1548/4115 4356/1547/4116
f 4358/1537/4114 4356/1547/4116 4341/1533/4117
f 4361/1533/4118 4360/1547/4119 4359/1530/4120
f 4359/1530/4121 4356/1547/4116 4362/1549/4122
f 4363/1531/4123 4362/1549/4122 4355/1544/4110
f 4366/1550/4124 4365/1552/4125 4364/1551/4126
f 4366/1550/4124 4364/1551/4126 4367/1553/4127
f 4366/1550/4124 4367/1553/4127 4368/1554/4128
f 4368/1554/4128 4367/1553/4127 4369/1574/4129
f 4371/1556/4130 4369/1574/4129 4370/1557/4131
f 4368/1554/4128 4369/1574/4129 4371/1556/4130
f 4370/1557/4131 4369/1574/4129 4372/1558/4132
f 4374/1549/4133 4366/1550/4124 4373/1544/4134
f 4373/1544/4134 4366/1550/4124 4368/1554/4128
f 4373/1544/4134 4368/1554/4128 4375/1546/4135
f 4375/1546/4135 4368/1554/4128 4376/1556/4136
f 4378/1559/4137 4376/1556/4136 4377/1557/4138
f 4378/1559/4137 4370/1557/4131 4372/1558/4132
f 4379/1560/4139 4378/1559/4137 4372/1558/4132
f 4381/1529/4140 4369/1574/4129 4380/1561/4141
f 4369/1574/4129 4367/1553/4127 4382/1562/4142
f 4380/1561/4141 4369/1574/4129 4382/1562/4142
f 4367/1553/4127 4364/1551/4126 4383/1548/4143
f 4382/1562/4142 4367/1553/4127 4383/1548/4143
f 4383/1548/4143 4364/1551/4126 4365/1552/4125
f 4360/1547/4144 4383/1548/4143 4365/1552/4125
f 4384/1552/4145 4366/1550/4124 4374/1549/4133
f 4356/1547/4146 4384/1552/4145 4374/1549/4133
f 4340/1532/4098 4304/1563/4062 4328/1526/4087
f 4334/1523/4091 4340/1532/4098 4328/1526/4087
f 4340/1532/4098 4386/1545/4147 4385/1564/4148
f 4342/1534/4099 4330/1565/4088 4344/1536/4102
f 4345/1535/4101 4342/1534/4099 4344/1536/4102
f 4341/1533/4100 4342/1534/4099 4345/1535/4101
f 4329/1525/4086 4330/1565/4088 4342/1534/4099
f 4333/1524/4092 4329/1525/4086 4342/1534/4099
f 4339/1530/4096 4333/1524/4092 4342/1534/4099
f 4389/1561/4149 4388/1562/4150 4387/1538/4151
f 4387/1538/4151 4388/1562/4150 4357/1548/4115
f 4358/1537/4114 4387/1538/4151 4357/1548/4115
f 4313/1566/4069 4311/1567/4071 4390/1560/4152
f 4378/1559/4137 4314/1569/4073 4315/1568/4072
f 4375/1546/4135 4378/1559/4137 4315/1568/4072
f 4379/1560/4139 4316/1567/4074 4314/1569/4073
f 4378/1559/4137 4379/1560/4139 4314/1569/4073
f 4385/1564/4148 4317/1570/4075 4304/1563/4062
f 4340/1532/4098 4385/1564/4148 4304/1563/4062
f 4351/1543/4108 4318/1571/4076 4317/1570/4075
f 4385/1564/4148 4351/1543/4108 4317/1570/4075
f 4350/1542/4109 4351/1543/4108 4386/1545/4147
f 4353/1542/4112 4354/1546/4111 4319/1541/4077
f 4318/1571/4076 4351/1543/4108 4270/1541/4022
f 4354/1546/4111 4320/1568/4078 4319/1541/4077
f 4375/1546/4135 4376/1556/4136 4378/1559/4137
f 4391/1558/4153 4369/1574/4129 4381/1529/4140
f 4390/1560/4152 4391/1558/4153 4381/1529/4140
f 4336/1529/4094 4337/1527/4093 4392/1566/4154
f 4393/1572/4155 4346/1528/4106 4347/1539/4105
f 4390/1560/4152 4381/1529/4140 4313/1566/4069
f 4387/1538/4151 4335/1528/4095 4389/1561/4149
f 4359/1530/4121 4362/1549/4122 4363/1531/4123
f 4363/1531/4123 4355/1544/4110 4352/1545/4113
f 4335/1528/4095 4336/1529/4094 4389/1561/4149
f 4394/1527/4156 4346/1528/4106 4393/1572/4155
f 4333/1524/4092 4338/1531/4097 4334/1523/4091
f 4340/1532/4098 4338/1531/4097 4386/1545/4147
f 4386/1545/4147 4351/1543/4108 4385/1564/4148
f 4396/1520/4157 4332/1521/4090 4395/1535/4158
f 4395/1535/4158 4332/1521/4090 4349/1540/4107
f 4361/1533/4118 4395/1535/4158 4349/1540/4107
f 4349/1540/4107 4397/1537/4159 4361/1533/4118
f 4327/1573/4085 4347/1539/4105 4331/1518/4089
f 4243/1519/3999 4327/1573/4085 4331/1518/4089
f 4245/1517/3997 4331/1518/4089 4349/1540/4107
f 4324/1572/4081 4347/1539/4105 4327/1573/4085
f 4349/1540/4107 4331/1518/4089 4397/1537/4159
f 4400/1517/4160 4399/1519/4161 4398/1518/4162
f 4403/1520/4163 4402/1522/4164 4401/1521/4165
f 4407/1523/4166 4406/1526/4167 4405/1525/4168
f 4404/1524/4169 4407/1523/4166 4405/1525/4168
f 4410/1527/4170 4409/1529/4171 4408/1528/4172
f 4412/1530/4173 4411/1531/4174 4404/1524/4169
f 4407/1523/4166 4411/1531/4174 4413/1532/4175
f 4412/1530/4173 4415/1534/4176 4414/1533/4177
f 4418/1535/4178 4417/1536/4179 4416/1520/4180
f 4421/1538/4181 4420/1539/4182 4419/1528/4183
f 4422/1540/4184 4401/1521/4165 4402/1522/4164
f 4400/1517/4160 4422/1540/4184 4402/1522/4164
f 4425/1541/4185 4424/1543/4186 4423/1542/4187
f 4429/1544/4188 4428/1546/4189 4427/1542/4190
f 4426/1545/4191 4429/1544/4188 4427/1542/4190
f 4432/1537/4192 4431/1548/4193 4430/1547/4194
f 4432/1537/4192 4430/1547/4194 4414/1533/4195
f 4435/1533/4196 4434/1547/4197 4433/1530/4198
f 4433/1530/4199 4430/1547/4194 4436/1549/4200
f 4437/1531/4201 4436/1549/4200 4429/1544/4188
f 4440/1550/4202 4439/1552/4203 4438/1551/4204
f 4440/1550/4202 4438/1551/4204 4441/1553/4205
f 4440/1550/4202 4441/1553/4205 4442/1554/4206
f 4442/1554/4206 4441/1553/4205 4443/1555/4207
f 4445/1556/4208 4443/1555/4207 4444/1557/4209
f 4442/1554/4206 4443/1555/4207 4445/1556/4208
f 4444/1557/4209 4443/1555/4207 4446/1558/4210
f 4448/1549/4211 4440/1550/4202 4447/1544/4212
f 4447/1544/4212 4440/1550/4202 4442/1554/4206
f 4447/1544/4212 4442/1554/4206 4449/1546/4213
f 4449/1546/4213 4442/1554/4206 4450/1556/4214
f 4452/1559/4215 4450/1556/4214 4451/1557/4216
f 4452/1559/4215 4444/1557/4209 4446/1558/4210
f 4453/1560/4217 4452/1559/4215 4446/1558/4210
f 4455/1529/4218 4443/1555/4207 4454/1561/4219
f 4443/1555/4207 4441/1553/4205 4456/1562/4220
f 4454/1561/4219 4443/1555/4207 4456/1562/4220
f 4441/1553/4205 4438/1551/4204 4457/1548/4221
f 4456/1562/4220 4441/1553/4205 4457/1548/4221
f 4457/1548/4221 4438/1551/4204 4439/1552/4203
f 4434/1547/4222 4457/1548/4221 4439/1552/4203
f 4458/1552/4223 4440/1550/4202 4448/1549/4211
f 4430/1547/4224 4458/1552/4223 4448/1549/4211
f 4413/1532/4175 4459/1563/4225 4406/1526/4167
f 4407/1523/4166 4413/1532/4175 4406/1526/4167
f 4413/1532/4175 4461/1545/4226 4460/1564/4227
f 4415/1534/4176 4462/1565/4228 4417/1536/4179
f 4418/1535/4178 4415/1534/4176 4417/1536/4179
f 4414/1533/4177 4415/1534/4176 4418/1535/4178
f 4405/1525/4168 4462/1565/4228 4415/1534/4176
f 4404/1524/4169 4405/1525/4168 4415/1534/4176
f 4412/1530/4173 4404/1524/4169 4415/1534/4176
f 4465/1561/4229 4464/1562/4230 4463/1538/4231
f 4463/1538/4231 4464/1562/4230 4431/1548/4193
f 4432/1537/4192 4463/1538/4231 4431/1548/4193
f 4468/1566/4232 4467/1567/4233 4466/1560/4234
f 4452/1559/4215 4470/1569/4235 4469/1568/4236
f 4449/1546/4213 4452/1559/4215 4469/1568/4236
f 4453/1560/4217 4471/1567/4237 4470/1569/4235
f 4452/1559/4215 4453/1560/4217 4470/1569/4235
f 4460/1564/4227 4472/1570/4238 4459/1563/4225
f 4413/1532/4175 4460/1564/4227 4459/1563/4225
f 4424/1543/4186 4473/1571/4239 4472/1570/4238
f 4460/1564/4227 4424/1543/4186 4472/1570/4238
f 4423/1542/4187 4424/1543/4186 4461/1545/4226
f 4427/1542/4190 4428/1546/4189 4474/1541/4240
f 4473/1571/4239 4424/1543/4186 4425/1541/4185
f 4428/1546/4189 4475/1568/4241 4474/1541/4240
f 4449/1546/4213 4450/1556/4214 4452/1559/4215
f 4476/1558/4242 4443/1555/4207 4455/1529/4218
f 4466/1560/4234 4476/1558/4242 4455/1529/4218
f 4409/1529/4171 4410/1527/4170 4477/1566/4243
f 4478/1572/4244 4419/1528/4183 4420/1539/4182
f 4466/1560/4234 4455/1529/4218 4468/1566/4232
f 4463/1538/4231 4408/1528/4172 4465/1561/4229
f 4433/1530/4199 4436/1549/4200 4437/1531/4201
f 4437/1531/4201 4429/1544/4188 4426/1545/4191
f 4408/1528/4172 4409/1529/4171 4465/1561/4229
f 4479/1527/4245 4419/1528/4183 4478/1572/4244
f 4404/1524/4169 4411/1531/4174 4407/1523/4166
f 4413/1532/4175 4411/1531/4174 4461/1545/4226
f 4461/1545/4226 4424/1543/4186 4460/1564/4227
f 4403/1520/4163 4401/1521/4165 4480/1535/4246
f 4480/1535/4246 4401/1521/4165 4422/1540/4184
f 4435/1533/4196 4480/1535/4246 4422/1540/4184
f 4422/1540/4184 4481/1537/4247 4435/1533/4196
f 4482/1573/4248 4420/1539/4182 4398/1518/4162
f 4399/1519/4161 4482/1573/4248 4398/1518/4162
f 4400/1517/4160 4398/1518/4162 4422/1540/4184
f 4478/1572/4244 4420/1539/4182 4482/1573/4248
f 4422/1540/4184 4398/1518/4162 4481/1537/4247
f 4406/1526/4167 4484/1526/4249 4483/1525/4250
f 4405/1525/4168 4406/1526/4167 4483/1525/4250
f 4405/1525/4168 4483/1525/4250 4485/1565/4251
f 4462/1565/4228 4405/1525/4168 4485/1565/4251
f 4406/1526/4167 4459/1563/4225 4484/1526/4249
f 4417/1536/4179 4462/1565/4228 4485/1565/4251
f 4400/1517/4160 4486/1518/4252 4399/1519/4161
f 4403/1520/4163 4487/1521/4253 4402/1522/4164
f 4489/1523/4254 4488/1524/4255 4483/1525/4250
f 4484/1526/4249 4489/1523/4254 4483/1525/4250
f 4492/1527/4256 4491/1528/4257 4490/1529/4258
f 4494/1530/4259 4488/1524/4255 4493/1531/4260
f 4489/1523/4254 4495/1532/4261 4493/1531/4260
f 4494/1530/4259 4497/1533/4262 4496/1534/4263
f 4500/1535/4264 4499/1520/4265 4498/1536/4266
f 4486/1518/4252 4502/1537/4267 4501/1538/4268
f 4503/1539/4269 4486/1518/4252 4501/1538/4268
f 4504/1540/4270 4400/1517/4160 4402/1522/4164
f 4487/1521/4253 4504/1540/4270 4402/1522/4164
f 4425/1541/4185 4506/1542/4271 4505/1543/4272
f 4510/1544/4273 4509/1545/4274 4508/1542/4275
f 4507/1546/4276 4510/1544/4273 4508/1542/4275
f 4513/1537/4277 4512/1547/4278 4511/1548/4279
f 4513/1537/4277 4497/1533/4280 4512/1547/4278
f 4516/1533/4281 4515/1530/4282 4514/1547/4283
f 4515/1530/4282 4517/1549/4284 4512/1547/4278
f 4518/1531/4285 4510/1544/4273 4517/1549/4284
f 4521/1550/4286 4520/1551/4287 4519/1552/4288
f 4521/1550/4286 4522/1553/4289 4520/1551/4287
f 4521/1550/4286 4523/1554/4290 4522/1553/4289
f 4523/1554/4290 4524/1574/4291 4522/1553/4289
f 4526/1556/4292 4525/1557/4293 4524/1574/4291
f 4523/1554/4290 4526/1556/4292 4524/1574/4291
f 4525/1557/4293 4527/1558/4294 4524/1574/4291
f 4529/1549/4295 4528/1544/4296 4521/1550/4286
f 4528/1544/4296 4523/1554/4290 4521/1550/4286
f 4528/1544/4296 4530/1546/4297 4523/1554/4290
f 4530/1546/4297 4531/1556/4298 4523/1554/4290
f 4533/1559/4299 4532/1557/4300 4531/1556/4298
f 4533/1559/4299 4534/1560/4301 4527/1558/4294
f 4525/1557/4293 4533/1559/4299 4527/1558/4294
f 4536/1529/4302 4535/1561/4303 4524/1574/4291
f 4537/1562/4304 4522/1553/4289 4524/1574/4291
f 4535/1561/4303 4537/1562/4304 4524/1574/4291
f 4538/1548/4305 4520/1551/4287 4522/1553/4289
f 4537/1562/4304 4538/1548/4305 4522/1553/4289
f 4538/1548/4305 4514/1547/4306 4519/1552/4288
f 4520/1551/4287 4538/1548/4305 4519/1552/4288
f 4529/1549/4295 4521/1550/4286 4539/1552/4307
f 4512/1547/4308 4529/1549/4295 4539/1552/4307
f 4484/1526/4249 4459/1563/4225 4495/1532/4261
f 4489/1523/4254 4484/1526/4249 4495/1532/4261
f 4495/1532/4261 4541/1564/4309 4540/1545/4310
f 4496/1534/4263 4500/1535/4264 4498/1536/4266
f 4485/1565/4251 4496/1534/4263 4498/1536/4266
f 4497/1533/4262 4500/1535/4264 4496/1534/4263
f 4496/1534/4263 4485/1565/4251 4483/1525/4250
f 4488/1524/4255 4496/1534/4263 4483/1525/4250
f 4494/1530/4259 4496/1534/4263 4488/1524/4255
f 4544/1561/4311 4543/1538/4312 4542/1562/4313
f 4511/1548/4279 4542/1562/4313 4543/1538/4312
f 4513/1537/4277 4511/1548/4279 4543/1538/4312
f 4468/1566/4232 4545/1560/4314 4467/1567/4233
f 4533/1559/4299 4530/1546/4297 4469/1568/4236
f 4470/1569/4235 4533/1559/4299 4469/1568/4236
f 4534/1560/4301 4533/1559/4299 4470/1569/4235
f 4471/1567/4237 4534/1560/4301 4470/1569/4235
f 4459/1563/4225 4472/1570/4238 4541/1564/4309
f 4495/1532/4261 4459/1563/4225 4541/1564/4309
f 4472/1570/4238 4473/1571/4239 4505/1543/4272
f 4541/1564/4309 4472/1570/4238 4505/1543/4272
f 4506/1542/4271 4540/1545/4310 4505/1543/4272
f 4508/1542/4275 4474/1541/4240 4507/1546/4276
f 4473/1571/4239 4425/1541/4185 4505/1543/4272
f 4507/1546/4276 4474/1541/4240 4475/1568/4241
f 4530/1546/4297 4533/1559/4299 4531/1556/4298
f 4546/1558/4315 4545/1560/4314 4536/1529/4302
f 4524/1574/4291 4546/1558/4315 4536/1529/4302
f 4490/1529/4258 4547/1566/4316 4492/1527/4256
f 4549/1572/4317 4503/1539/4269 4548/1528/4318
f 4545/1560/4314 4468/1566/4232 4536/1529/4302
f 4543/1538/4312 4544/1561/4311 4491/1528/4257
f 4515/1530/4282 4518/1531/4285 4517/1549/4284
f 4518/1531/4285 4509/1545/4274 4510/1544/4273
f 4491/1528/4257 4544/1561/4311 4490/1529/4258
f 4550/1527/4319 4549/1572/4317 4548/1528/4318
f 4488/1524/4255 4489/1523/4254 4493/1531/4260
f 4495/1532/4261 4540/1545/4310 4493/1531/4260
f 4540/1545/4310 4541/1564/4309 4505/1543/4272
f 4552/1520/4320 4551/1535/4321 4487/1521/4253
f 4551/1535/4321 4516/1533/4281 4504/1540/4270
f 4487/1521/4253 4551/1535/4321 4504/1540/4270
f 4504/1540/4270 4516/1533/4281 4502/1537/4267
f 4482/1573/4248 4399/1519/4161 4486/1518/4252
f 4503/1539/4269 4482/1573/4248 4486/1518/4252
f 4400/1517/4160 4504/1540/4270 4486/1518/4252
f 4478/1572/4244 4482/1573/4248 4503/1539/4269
f 4504/1540/4270 4502/1537/4267 4486/1518/4252
f 4556/1431/4322 4555/1434/4323 4554/1433/4324
f 4553/1432/4325 4556/1431/4322 4554/1433/4324
f 4559/1435/4326 4558/1437/4327 4557/1436/4328
f 4562/1438/4329 4561/1440/4330 4560/1439/4331
f 4565/1443/4332 4564/1442/4333 4563/1441/4334
f 4566/1444/4335 4565/1443/4332 4563/1441/4334
f 4570/1445/4336 4569/1448/4337 4568/1447/4338
f 4567/1446/4339 4570/1445/4336 4568/1447/4338
f 4571/1449/4340 4563/1441/4334 4564/1442/4333
f 4572/1450/4341 4562/1438/4329 4560/1439/4331
f 4573/1451/4342 4572/1450/4341 4560/1439/4331
f 4575/1453/4343 4574/1452/4344 4562/1438/4329
f 4572/1450/4341 4575/1453/4343 4562/1438/4329
f 4573/1451/4342 4577/1445/4345 4576/1454/4346
f 4570/1445/4336 4578/1455/4347 4569/1448/4337
f 4581/1435/4348 4580/1457/4349 4579/1456/4350
f 4554/1433/4324 4555/1434/4323 4582/1458/4351
f 4583/1459/4352 4554/1433/4324 4582/1458/4351
f 4557/1436/4328 4558/1437/4327 4584/1460/4353
f 4587/1461/4354 4586/1463/4355 4585/1462/4356
f 4590/1464/4357 4589/1466/4358 4588/1465/4359
f 4593/1467/4360 4592/1469/4361 4591/1468/4362
f 4597/1470/4363 4596/1473/4364 4595/1472/4365
f 4594/1471/4366 4597/1470/4363 4595/1472/4365
f 4594/1471/4366 4595/1472/4365 4576/1454/4346
f 4576/1454/4346 4595/1472/4365 4573/1451/4342
f 4573/1451/4342 4595/1472/4365 4598/1474/4367
f 4572/1450/4341 4573/1451/4342 4598/1474/4367
f 4572/1450/4341 4598/1474/4367 4599/1475/4368
f 4575/1453/4343 4572/1450/4341 4599/1475/4368
f 4602/1476/4369 4601/1478/4370 4600/1477/4371
f 4604/1479/4372 4602/1476/4369 4600/1477/4371
f 4603/1480/4373 4604/1479/4372 4600/1477/4371
f 4606/1481/4374 4604/1479/4372 4603/1480/4373
f 4605/1482/4375 4606/1481/4374 4603/1480/4373
f 4608/1483/4376 4606/1481/4374 4605/1482/4375
f 4607/1484/4377 4608/1483/4376 4605/1482/4375
f 4598/1474/4367 4602/1476/4369 4604/1479/4372
f 4599/1475/4368 4598/1474/4367 4604/1479/4372
f 4586/1463/4355 4599/1475/4368 4604/1479/4372
f 4606/1481/4374 4586/1463/4355 4604/1479/4372
f 4610/1462/4378 4606/1481/4374 4609/1485/4379
f 4612/1486/4380 4608/1483/4376 4611/1487/4381
f 4614/1488/4382 4611/1487/4381 4613/1489/4383
f 4592/1469/4361 4613/1489/4383 4607/1484/4377
f 4605/1482/4375 4603/1480/4373 4615/1490/4384
f 4591/1468/4362 4605/1482/4375 4615/1490/4384
f 4603/1480/4373 4600/1477/4371 4616/1473/4385
f 4615/1490/4384 4603/1480/4373 4616/1473/4385
f 4616/1473/4385 4600/1477/4371 4601/1478/4370
f 4595/1472/4365 4616/1473/4385 4601/1478/4370
f 4601/1478/4370 4602/1476/4369 4598/1474/4367
f 4595/1472/4365 4601/1478/4370 4598/1474/4367
f 4574/1452/4344 4617/1491/4386 4561/1440/4330
f 4574/1452/4344 4575/1453/4343 4587/1461/4354
f 4575/1453/4343 4599/1475/4368 4586/1463/4355
f 4587/1461/4354 4575/1453/4343 4586/1463/4355
f 4619/1446/4387 4618/1492/4388 4576/1454/4346
f 4577/1445/4345 4619/1446/4387 4576/1454/4346
f 4567/1446/4339 4568/1447/4338 4579/1456/4350
f 4580/1457/4349 4567/1446/4339 4579/1456/4350
f 4553/1432/4325 4584/1460/4353 4620/1493/4389
f 4556/1431/4322 4553/1432/4325 4620/1493/4389
f 4618/1492/4388 4619/1446/4387 4557/1436/4328
f 4560/1439/4331 4578/1455/4347 4570/1445/4336
f 4573/1451/4342 4560/1439/4331 4570/1445/4336
f 4566/1444/4335 4583/1459/4352 4582/1458/4351
f 4565/1443/4332 4566/1444/4335 4582/1458/4351
f 4621/1494/4390 4593/1467/4360 4591/1468/4362
f 4615/1490/4384 4621/1494/4390 4591/1468/4362
f 4597/1470/4363 4621/1494/4390 4615/1490/4384
f 4596/1473/4364 4597/1470/4363 4615/1490/4384
f 4557/1436/4328 4622/1495/4391 4618/1492/4388
f 4622/1495/4391 4623/1496/4392 4618/1492/4388
f 4623/1496/4392 4624/1497/4393 4594/1471/4366
f 4576/1454/4346 4623/1496/4392 4594/1471/4366
f 4612/1486/4380 4626/1499/4394 4625/1498/4395
f 4609/1485/4379 4612/1486/4380 4625/1498/4395
f 4628/1488/4396 4627/1500/4397 4626/1499/4394
f 4612/1486/4380 4628/1488/4396 4626/1499/4394
f 4574/1452/4344 4629/1501/4398 4617/1491/4386
f 4587/1461/4354 4585/1462/4356 4630/1502/4399
f 4631/1503/4400 4587/1461/4354 4630/1502/4399
f 4593/1467/4360 4588/1465/4401 4592/1469/4361
f 4634/1462/4402 4633/1504/4403 4632/1502/4403
f 4614/1488/4382 4613/1489/4383 4635/1500/4404
f 4574/1452/4344 4561/1440/4330 4562/1438/4329
f 4574/1452/4344 4587/1461/4354 4629/1501/4398
f 4587/1461/4354 4631/1503/4400 4629/1501/4398
f 4612/1486/4380 4611/1487/4381 4628/1488/4396
f 4609/1485/4379 4625/1498/4395 4636/1504/4405
f 4610/1462/4378 4609/1485/4379 4636/1504/4405
f 4608/1483/4376 4607/1484/4377 4611/1487/4381
f 4607/1484/4377 4613/1489/4383 4611/1487/4381
f 4588/1465/4359 4637/1449/4406 4590/1464/4357
f 4588/1465/4401 4613/1489/4383 4592/1469/4361
f 4635/1500/4404 4639/1489/4407 4638/1466/4408
f 4588/1465/4359 4589/1466/4358 4640/1489/4409
f 4567/1446/4339 4580/1457/4349 4557/1436/4328
f 4580/1457/4349 4559/1435/4326 4557/1436/4328
f 4584/1460/4353 4558/1437/4327 4641/1505/4410
f 4620/1493/4389 4584/1460/4353 4641/1505/4410
f 4643/1435/4411 4642/1506/4412 4641/1505/4410
f 4558/1437/4327 4643/1435/4411 4641/1505/4410
f 4624/1497/4393 4644/1470/4413 4594/1471/4366
f 4583/1459/4352 4566/1444/4335 4645/1494/4414
f 4644/1470/4413 4583/1459/4352 4645/1494/4414
f 4566/1444/4335 4646/1467/4415 4645/1494/4414
f 4560/1439/4331 4561/1440/4330 4578/1455/4347
f 4581/1435/4348 4579/1456/4350 4647/1506/4416
f 4566/1444/4335 4563/1441/4334 4646/1467/4415
f 4563/1441/4334 4571/1449/4340 4646/1467/4415
f 4644/1470/4413 4624/1497/4393 4583/1459/4352
f 4624/1497/4393 4623/1496/4392 4553/1432/4325
f 4554/1433/4324 4624/1497/4393 4553/1432/4325
f 4623/1496/4392 4622/1495/4391 4584/1460/4353
f 4553/1432/4325 4623/1496/4392 4584/1460/4353
f 4622/1495/4391 4557/1436/4328 4584/1460/4353
f 4583/1459/4352 4624/1497/4393 4554/1433/4324
f 4618/1492/4388 4623/1496/4392 4576/1454/4346
f 4593/1467/4360 4571/1449/4417 4648/1465/4418
f 4556/1431/4322 4650/1432/4419 4649/1433/4420
f 4555/1434/4323 4556/1431/4322 4649/1433/4420
f 4653/1435/4421 4652/1507/4422 4651/1437/4423
f 4656/1438/4424 4655/1439/4425 4654/1440/4426
f 4657/1441/4427 4564/1442/4333 4565/1443/4332
f 4658/1444/4428 4657/1441/4427 4565/1443/4332
f 4660/1508/4429 4659/1509/4430 4568/1447/4338
f 4569/1448/4337 4660/1508/4429 4568/1447/4338
f 4657/1441/4427 4661/1449/4431 4564/1442/4333
f 4655/1439/4425 4656/1438/4424 4662/1450/4432
f 4663/1451/4433 4655/1439/4425 4662/1450/4432
f 4656/1438/4424 4665/1452/4434 4664/1453/4435
f 4662/1450/4432 4656/1438/4424 4664/1453/4435
f 4663/1451/4433 4667/1454/4436 4666/1508/4437
f 4660/1508/4429 4569/1448/4337 4578/1455/4347
f 4669/1435/4438 4579/1456/4350 4668/1510/4439
f 4582/1458/4351 4555/1434/4323 4649/1433/4420
f 4670/1459/4440 4582/1458/4351 4649/1433/4420
f 4651/1437/4423 4652/1507/4422 4671/1460/4441
f 4674/1463/4442 4673/1461/4443 4672/1462/4444
f 4590/1464/4357 4675/1465/4445 4589/1466/4358
f 4678/1467/4446 4677/1468/4447 4676/1469/4448
f 4682/1470/4449 4681/1471/4450 4680/1472/4451
f 4679/1473/4452 4682/1470/4449 4680/1472/4451
f 4681/1471/4450 4667/1454/4436 4680/1472/4451
f 4667/1454/4436 4663/1451/4433 4680/1472/4451
f 4663/1451/4433 4662/1450/4432 4683/1474/4453
f 4680/1472/4451 4663/1451/4433 4683/1474/4453
f 4684/1475/4454 4683/1474/4453 4662/1450/4432
f 4664/1453/4435 4684/1475/4454 4662/1450/4432
f 4687/1511/4455 4686/1477/4456 4685/1512/4457
f 4689/1513/4458 4688/1480/4459 4686/1477/4456
f 4687/1511/4455 4689/1513/4458 4686/1477/4456
f 4688/1480/4459 4689/1513/4458 4691/1515/4460
f 4690/1514/4461 4688/1480/4459 4691/1515/4460
f 4690/1514/4461 4691/1515/4460 4693/1516/4462
f 4692/1484/4463 4690/1514/4461 4693/1516/4462
f 4683/1474/4453 4684/1475/4454 4689/1513/4458
f 4687/1511/4455 4683/1474/4453 4689/1513/4458
f 4684/1475/4454 4674/1463/4442 4689/1513/4458
f 4696/1462/4464 4695/1485/4465 4694/1515/4466
f 4698/1486/4467 4697/1487/4468 4693/1516/4462
f 4700/1488/4469 4699/1489/4470 4697/1487/4468
f 4676/1469/4448 4677/1468/4447 4690/1514/4461
f 4701/1490/4471 4688/1480/4459 4690/1514/4461
f 4677/1468/4447 4701/1490/4471 4690/1514/4461
f 4702/1473/4472 4686/1477/4456 4688/1480/4459
f 4701/1490/4471 4702/1473/4472 4688/1480/4459
f 4702/1473/4472 4680/1472/4451 4685/1512/4457
f 4686/1477/4456 4702/1473/4472 4685/1512/4457
f 4683/1474/4453 4687/1511/4455 4685/1512/4457
f 4680/1472/4451 4683/1474/4453 4685/1512/4457
f 4665/1452/4434 4654/1440/4426 4703/1491/4473
f 4665/1452/4434 4673/1461/4443 4664/1453/4435
f 4674/1463/4442 4684/1475/4454 4664/1453/4435
f 4673/1461/4443 4674/1463/4442 4664/1453/4435
f 4667/1454/4436 4705/1492/4474 4704/1509/4475
f 4666/1508/4437 4667/1454/4436 4704/1509/4475
f 4659/1509/4430 4668/1510/4439 4579/1456/4350
f 4568/1447/4338 4659/1509/4430 4579/1456/4350
f 4650/1432/4419 4556/1431/4322 4620/1493/4389
f 4671/1460/4441 4650/1432/4419 4620/1493/4389
f 4705/1492/4474 4652/1507/4422 4704/1509/4475
f 4655/1439/4425 4660/1508/4476 4706/1455/4477
f 4663/1451/4433 4660/1508/4476 4655/1439/4425
f 4658/1444/4428 4565/1443/4332 4582/1458/4351
f 4670/1459/4440 4658/1444/4428 4582/1458/4351
f 4707/1494/4478 4701/1490/4471 4677/1468/4447
f 4678/1467/4446 4707/1494/4478 4677/1468/4447
f 4682/1470/4449 4679/1473/4452 4701/1490/4471
f 4707/1494/4478 4682/1470/4449 4701/1490/4471
f 4652/1507/4422 4705/1492/4474 4708/1495/4479
f 4708/1495/4479 4705/1492/4474 4709/1496/4480
f 4709/1496/4480 4667/1454/4436 4681/1471/4450
f 4710/1497/4481 4709/1496/4480 4681/1471/4450
f 4698/1486/4467 4695/1485/4465 4625/1498/4395
f 4626/1499/4394 4698/1486/4467 4625/1498/4395
f 4711/1488/4482 4698/1486/4467 4626/1499/4394
f 4627/1500/4397 4711/1488/4482 4626/1499/4394
f 4665/1452/4434 4703/1491/4473 4712/1501/4483
f 4673/1461/4443 4713/1502/4484 4672/1462/4444
f 4714/1503/4485 4713/1502/4484 4673/1461/4443
f 4678/1467/4446 4676/1469/4448 4675/1465/4445
f 4715/1462/4486 4632/1502/4403 4633/1504/4403
f 4700/1488/4469 4635/1500/4404 4699/1489/4470
f 4665/1452/4434 4656/1438/4424 4654/1440/4426
f 4665/1452/4434 4712/1501/4483 4673/1461/4443
f 4673/1461/4443 4712/1501/4483 4714/1503/4485
f 4698/1486/4467 4711/1488/4482 4697/1487/4468
f 4695/1485/4465 4696/1462/4464 4636/1504/4405
f 4625/1498/4395 4695/1485/4465 4636/1504/4405
f 4693/1516/4462 4697/1487/4468 4692/1484/4463
f 4692/1484/4463 4697/1487/4468 4699/1489/4470
f 4675/1465/4445 4590/1464/4357 4637/1449/4406
f 4675/1465/4445 4676/1469/4448 4699/1489/4470
f 4635/1500/4404 4638/1466/4408 4716/1489/4487
f 4675/1465/4445 4699/1489/4470 4589/1466/4358
f 4659/1509/4430 4652/1507/4422 4668/1510/4439
f 4668/1510/4439 4652/1507/4422 4653/1435/4421
f 4671/1460/4441 4620/1493/4389 4641/1505/4410
f 4651/1437/4423 4671/1460/4441 4641/1505/4410
f 4641/1505/4410 4642/1506/4412 4717/1435/4488
f 4651/1437/4423 4641/1505/4410 4717/1435/4488
f 4710/1497/4481 4681/1471/4450 4718/1470/4489
f 4670/1459/4440 4718/1470/4489 4719/1494/4490
f 4658/1444/4428 4670/1459/4440 4719/1494/4490
f 4658/1444/4428 4719/1494/4490 4720/1467/4491
f 4655/1439/4425 4706/1455/4477 4654/1440/4426
f 4669/1435/4438 4647/1506/4416 4579/1456/4350
f 4658/1444/4428 4720/1467/4491 4657/1441/4427
f 4657/1441/4427 4720/1467/4491 4661/1449/4431
f 4718/1470/4489 4670/1459/4440 4710/1497/4481
f 4650/1432/4419 4709/1496/4480 4710/1497/4481
f 4649/1433/4420 4650/1432/4419 4710/1497/4481
f 4709/1496/4480 4650/1432/4419 4671/1460/4441
f 4708/1495/4479 4709/1496/4480 4671/1460/4441
f 4708/1495/4479 4671/1460/4441 4652/1507/4422
f 4670/1459/4440 4649/1433/4420 4710/1497/4481
f 4705/1492/4474 4667/1454/4436 4709/1496/4480
f 4678/1467/4446 4721/1465/4492 4661/1449/4493
f 4691/1515/4460 4695/1485/4465 4693/1516/4462
f 4676/1469/4448 4690/1514/4461 4692/1484/4463
f 4693/1516/4462 4695/1485/4465 4698/1486/4467
f 4676/1469/4448 4692/1484/4463 4699/1489/4470
f 4691/1515/4460 4722/1463/4494 4696/1462/4464
f 4689/1513/4458 4722/1463/4494 4691/1515/4460
f 4609/1485/4379 4608/1483/4376 4612/1486/4380
f 4609/1485/4379 4606/1481/4374 4608/1483/4376
f 4592/1469/4361 4605/1482/4375 4591/1468/4362
f 4592/1469/4361 4607/1484/4377 4605/1482/4375
f 4726/1575/4495 4725/1576/4496 4724/1577/4497
f 4723/1578/4498 4726/1575/4495 4724/1577/4497
f 4730/1579/4499 4729/1580/4500 4728/1581/4501
f 4727/1582/4502 4730/1579/4499 4728/1581/4501
f 4728/1581/4501 4732/1583/4503 4731/1584/4504
f 4727/1582/4502 4728/1581/4501 4731/1584/4504
f 4734/1585/4505 4726/1575/4495 4723/1578/4498
f 4733/1586/4506 4734/1585/4505 4723/1578/4498
f 4738/1587/4507 4737/1588/4508 4736/1589/4509
f 4735/1590/4510 4738/1587/4507 4736/1589/4509
f 4736/1589/4509 4740/1591/4511 4739/1592/4512
f 4741/1593/4513 4736/1589/4509 4739/1592/4512
f 4743/1594/4514 4742/1595/4515 4729/1580/4500
f 4730/1579/4499 4743/1594/4514 4729/1580/4500
f 4739/1592/4512 4740/1591/4511 4745/1596/4516
f 4744/1597/4517 4739/1592/4512 4745/1596/4516
f 4748/1598/4518 4747/1599/4519 4746/1600/4520
f 4735/1590/4510 4736/1589/4509 4749/1601/4521
f 4740/1591/4511 4737/1588/4508 4750/1602/4522
f 4751/1603/4523 4745/1596/4516 4740/1591/4511
f 4750/1602/4522 4751/1603/4523 4740/1591/4511
f 4723/1578/4498 4724/1577/4497 4753/1604/4524
f 4752/1605/4525 4723/1578/4498 4753/1604/4524
f 4733/1586/4506 4723/1578/4498 4752/1605/4525
f 4754/1598/4526 4733/1586/4506 4752/1605/4525
f 4748/1598/4527 4752/1605/4525 4755/1606/4528
f 4752/1605/4525 4756/1607/4529 4755/1606/4528
f 4733/1586/4506 4731/1584/4504 4732/1583/4503
f 4734/1585/4505 4733/1586/4506 4732/1583/4503
f 4731/1584/4504 4733/1586/4506 4754/1598/4526
f 4760/1608/4530 4759/1609/4531 4758/1610/4532
f 4757/1611/4533 4760/1608/4530 4758/1610/4532
f 4730/1579/4499 4727/1582/4502 4762/1612/4534
f 4761/1613/4535 4730/1579/4499 4762/1612/4534
f 4762/1612/4534 4727/1582/4502 4731/1584/4504
f 4763/1614/4536 4762/1612/4534 4731/1584/4504
f 4765/1615/4537 4764/1616/4538 4759/1609/4531
f 4760/1608/4530 4765/1615/4537 4759/1609/4531
f 4738/1587/4507 4735/1590/4510 4767/1617/4539
f 4766/1618/4540 4738/1587/4507 4767/1617/4539
f 4743/1594/4514 4730/1579/4499 4761/1613/4535
f 4768/1619/4541 4743/1594/4514 4761/1613/4535
f 4772/1620/4542 4771/1621/4543 4770/1622/4544
f 4769/1623/4545 4772/1620/4542 4770/1622/4544
f 4775/1598/4546 4774/1600/4546 4773/1624/4547
f 4735/1590/4510 4776/1625/4548 4767/1617/4539
f 4769/1623/4545 4766/1618/4540 4767/1617/4539
f 4778/1626/4549 4777/1627/4550 4769/1623/4545
f 4770/1622/4544 4778/1626/4549 4769/1623/4545
f 4781/1628/4551 4780/1629/4552 4779/1630/4553
f 4764/1616/4538 4754/1598/4526 4780/1629/4552
f 4759/1609/4531 4764/1616/4538 4780/1629/4552
f 4754/1598/4526 4773/1624/4554 4780/1629/4552
f 4780/1629/4552 4773/1624/4554 4779/1630/4553
f 4764/1616/4538 4765/1615/4537 4763/1614/4536
f 4731/1584/4504 4764/1616/4538 4763/1614/4536
f 4731/1584/4504 4754/1598/4526 4764/1616/4538
f 4757/1611/4533 4758/1610/4532 4783/1631/4555
f 4782/1632/4556 4757/1611/4533 4783/1631/4555
f 4784/1633/4557 4781/1628/4551 4779/1630/4553
f 4787/1634/4558 4786/1635/4558 4785/1636/4558
f 4789/1637/4559 4744/1597/4517 4745/1596/4516
f 4788/1638/4560 4789/1637/4559 4745/1596/4516
f 4788/1638/4560 4745/1596/4516 4751/1603/4523
f 4790/1639/4561 4788/1638/4560 4751/1603/4523
f 4792/1640/4562 4791/1641/4563 4788/1638/4560
f 4790/1639/4561 4792/1640/4562 4788/1638/4560
f 4789/1637/4559 4788/1638/4560 4791/1641/4563
f 4793/1642/4564 4789/1637/4559 4791/1641/4563
f 4796/1643/4565 4795/1644/4566 4794/1645/4565
f 4800/1646/4567 4799/1647/4568 4798/1648/4569
f 4797/1649/4570 4800/1646/4567 4798/1648/4569
f 4798/1648/4569 4799/1647/4568 4802/1650/4571
f 4801/1651/4572 4798/1648/4569 4802/1650/4571
f 4801/1651/4572 4802/1650/4571 4778/1626/4549
f 4770/1622/4544 4801/1651/4572 4778/1626/4549
f 4724/1577/4497 4725/1576/4496 4800/1646/4567
f 4797/1649/4570 4724/1577/4497 4800/1646/4567
f 4797/1649/4570 4798/1648/4569 4804/1652/4573
f 4803/1653/4574 4797/1649/4570 4804/1652/4573
f 4804/1652/4573 4798/1648/4569 4801/1651/4572
f 4805/1654/4575 4804/1652/4573 4801/1651/4572
f 4805/1654/4575 4801/1651/4572 4770/1622/4544
f 4771/1621/4543 4805/1654/4575 4770/1622/4544
f 4724/1577/4497 4797/1649/4570 4803/1653/4574
f 4753/1604/4524 4724/1577/4497 4803/1653/4574
f 4759/1609/4531 4780/1629/4552 4781/1628/4551
f 4758/1610/4532 4759/1609/4531 4781/1628/4551
f 4758/1610/4532 4781/1628/4551 4784/1633/4557
f 4783/1631/4555 4758/1610/4532 4784/1633/4557
f 4752/1605/4525 4753/1604/4524 4756/1607/4529
f 4753/1604/4524 4803/1653/4574 4806/1655/4576
f 4756/1607/4529 4753/1604/4524 4806/1655/4576
f 4803/1653/4574 4804/1652/4573 4806/1655/4576
f 4810/1575/4577 4809/1578/4578 4808/1577/4579
f 4807/1576/4580 4810/1575/4577 4808/1577/4579
f 4814/1579/4581 4813/1582/4582 4812/1581/4583
f 4811/1580/4584 4814/1579/4581 4812/1581/4583
f 4812/1581/4583 4813/1582/4582 4816/1584/4585
f 4815/1583/4586 4812/1581/4583 4816/1584/4585
f 4818/1585/4587 4817/1586/4588 4809/1578/4578
f 4810/1575/4577 4818/1585/4587 4809/1578/4578
f 4822/1656/4589 4821/1590/4590 4820/1657/4591
f 4819/1658/4592 4822/1656/4589 4820/1657/4591
f 4824/1594/4593 4814/1579/4581 4811/1580/4584
f 4823/1595/4594 4824/1594/4593 4811/1580/4584
f 4828/1659/4595 4827/1597/4596 4826/1660/4597
f 4825/1661/4598 4828/1659/4595 4826/1660/4597
f 4829/1598/4599 4746/1600/4520 4747/1599/4519
f 4821/1590/4590 4830/1601/4600 4820/1657/4591
f 4825/1661/4598 4819/1658/4592 4820/1657/4591
f 4832/1603/4601 4831/1662/4602 4825/1661/4598
f 4826/1660/4597 4832/1603/4601 4825/1661/4598
f 4809/1578/4578 4834/1605/4603 4833/1604/4604
f 4808/1577/4579 4809/1578/4578 4833/1604/4604
f 4817/1586/4588 4835/1598/4605 4834/1605/4603
f 4809/1578/4578 4817/1586/4588 4834/1605/4603
f 4829/1598/4606 4836/1606/4607 4834/1605/4603
f 4834/1605/4603 4836/1606/4607 4837/1607/4608
f 4817/1586/4588 4818/1585/4587 4815/1583/4586
f 4816/1584/4585 4817/1586/4588 4815/1583/4586
f 4816/1584/4585 4835/1598/4605 4817/1586/4588
f 4841/1608/4609 4840/1611/4610 4839/1610/4611
f 4838/1609/4612 4841/1608/4609 4839/1610/4611
f 4814/1579/4581 4843/1613/4613 4842/1612/4614
f 4813/1582/4582 4814/1579/4581 4842/1612/4614
f 4842/1612/4614 4844/1614/4615 4816/1584/4585
f 4813/1582/4582 4842/1612/4614 4816/1584/4585
f 4846/1615/4616 4841/1608/4609 4838/1609/4612
f 4845/1616/4617 4846/1615/4616 4838/1609/4612
f 4822/1656/4589 4848/1663/4618 4847/1664/4619
f 4821/1590/4590 4822/1656/4589 4847/1664/4619
f 4847/1664/4619 4850/1665/4620 4849/1666/4621
f 4851/1667/4622 4847/1664/4619 4849/1666/4621
f 4824/1594/4593 4852/1619/4623 4843/1613/4613
f 4814/1579/4581 4824/1594/4593 4843/1613/4613
f 4849/1666/4621 4850/1665/4620 4854/1668/4624
f 4853/1621/4625 4849/1666/4621 4854/1668/4624
f 4855/1598/4546 4773/1624/4547 4774/1600/4546
f 4821/1590/4590 4847/1664/4619 4856/1625/4626
f 4850/1665/4620 4848/1663/4618 4857/1669/4627
f 4858/1626/4628 4854/1668/4624 4850/1665/4620
f 4857/1669/4627 4858/1626/4628 4850/1665/4620
f 4861/1628/4629 4860/1630/4630 4859/1629/4631
f 4845/1616/4617 4838/1609/4612 4859/1629/4631
f 4835/1598/4605 4845/1616/4617 4859/1629/4631
f 4835/1598/4605 4859/1629/4631 4862/1624/4632
f 4859/1629/4631 4860/1630/4630 4862/1624/4632
f 4845/1616/4617 4816/1584/4585 4844/1614/4615
f 4846/1615/4616 4845/1616/4617 4844/1614/4615
f 4816/1584/4585 4845/1616/4617 4835/1598/4605
f 4840/1611/4610 4864/1632/4633 4863/1631/4634
f 4839/1610/4611 4840/1611/4610 4863/1631/4634
f 4865/1633/4635 4860/1630/4630 4861/1628/4629
f 4787/1634/4558 4866/1636/4558 4786/1635/4558
f 4868/1637/4636 4867/1638/4637 4826/1660/4597
f 4827/1597/4596 4868/1637/4636 4826/1660/4597
f 4867/1638/4637 4869/1639/4638 4832/1603/4601
f 4826/1660/4597 4867/1638/4637 4832/1603/4601
f 4871/1640/4639 4869/1639/4638 4867/1638/4637
f 4870/1641/4640 4871/1640/4639 4867/1638/4637
f 4868/1637/4636 4872/1642/4641 4870/1641/4640
f 4867/1638/4637 4868/1637/4636 4870/1641/4640
f 4796/1643/4565 4794/1645/4565 4873/1644/4642
f 4877/1646/4643 4876/1649/4644 4875/1648/4645
f 4874/1647/4646 4877/1646/4643 4875/1648/4645
f 4875/1648/4645 4879/1651/4647 4878/1650/4648
f 4874/1647/4646 4875/1648/4645 4878/1650/4648
f 4879/1651/4647 4854/1668/4624 4858/1626/4628
f 4878/1650/4648 4879/1651/4647 4858/1626/4628
f 4808/1577/4579 4876/1649/4644 4877/1646/4643
f 4807/1576/4580 4808/1577/4579 4877/1646/4643
f 4876/1649/4644 4881/1653/4649 4880/1652/4650
f 4875/1648/4645 4876/1649/4644 4880/1652/4650
f 4880/1652/4650 4882/1654/4651 4879/1651/4647
f 4875/1648/4645 4880/1652/4650 4879/1651/4647
f 4882/1654/4651 4853/1621/4625 4854/1668/4624
f 4879/1651/4647 4882/1654/4651 4854/1668/4624
f 4808/1577/4579 4833/1604/4604 4881/1653/4649
f 4876/1649/4644 4808/1577/4579 4881/1653/4649
f 4838/1609/4612 4839/1610/4611 4861/1628/4629
f 4859/1629/4631 4838/1609/4612 4861/1628/4629
f 4839/1610/4611 4863/1631/4634 4865/1633/4635
f 4861/1628/4629 4839/1610/4611 4865/1633/4635
f 4834/1605/4603 4837/1607/4608 4833/1604/4604
f 4833/1604/4604 4837/1607/4608 4883/1655/4652
f 4881/1653/4649 4833/1604/4604 4883/1655/4652
f 4881/1653/4649 4883/1655/4652 4880/1652/4650
f 4886/1670/4653 4885/1671/4653 4884/1672/4654
f 4887/1673/4654 4886/1670/4653 4884/1672/4654
f 4890/1674/4655 4889/1675/4656 4888/1676/4656
f 4891/1677/4655 4890/1674/4655 4888/1676/4656
f 4894/1678/4657 4893/1679/4658 4892/1680/4657
f 4897/1681/4659 4896/1679/4660 4895/1682/4659
f 4892/1680/4657 4885/1671/4653 4886/1670/4653
f 4894/1678/4657 4892/1680/4657 4886/1670/4653
f 4895/1682/4659 4890/1674/4655 4891/1677/4655
f 4897/1681/4659 4895/1682/4659 4891/1677/4655
f 4772/1620/4542 4769/1623/4545 4767/1617/4539
f 4898/1683/4661 4772/1620/4542 4767/1617/4539
f 4828/1659/4595 4825/1661/4598 4820/1657/4591
f 4899/1684/4662 4828/1659/4595 4820/1657/4591
f 4740/1591/4511 4736/1589/4509 4737/1588/4508
f 4769/1623/4545 4777/1627/4550 4766/1618/4540
f 4825/1661/4598 4831/1662/4602 4819/1658/4592
f 4850/1665/4620 4847/1664/4619 4848/1663/4618
f 4736/1589/4509 4741/1593/4513 4749/1601/4521
f 4776/1625/4548 4898/1683/4661 4767/1617/4539
f 4830/1601/4600 4899/1684/4662 4820/1657/4591
f 4847/1664/4619 4851/1667/4622 4856/1625/4626
f 4903/1685/4663 4902/1686/4664 4901/1687/4665
f 4900/1688/4666 4903/1685/4663 4901/1687/4665
f 4901/1687/4665 4743/1594/4514 4768/1619/4541
f 4900/1688/4666 4901/1687/4665 4768/1619/4541
f 4905/1689/4667 4904/1690/4668 4902/1686/4664
f 4903/1685/4663 4905/1689/4667 4902/1686/4664
f 4907/1691/4669 4906/1692/4670 4904/1690/4668
f 4905/1689/4667 4907/1691/4669 4904/1690/4668
f 4910/1693/4671 4909/1694/4672 4908/1695/4673
f 4900/1688/4666 4911/1696/4674 4903/1685/4663
f 4903/1685/4663 4911/1696/4674 4912/1697/4675
f 4905/1689/4667 4903/1685/4663 4912/1697/4675
f 4905/1689/4667 4912/1697/4675 4913/1698/4676
f 4907/1691/4669 4905/1689/4667 4913/1698/4676
f 4913/1698/4676 4914/1699/4677 4909/1694/4672
f 4907/1691/4669 4913/1698/4676 4909/1694/4672
f 4911/1696/4674 4916/1700/4678 4915/1701/4679
f 4912/1697/4675 4911/1696/4674 4915/1701/4679
f 4912/1697/4675 4915/1701/4679 4917/1702/4680
f 4913/1698/4676 4912/1697/4675 4917/1702/4680
f 4917/1702/4680 4918/1703/4681 4914/1699/4677
f 4913/1698/4676 4917/1702/4680 4914/1699/4677
f 4900/1688/4666 4916/1700/4678 4911/1696/4674
f 4909/1694/4672 4910/1693/4671 4906/1692/4670
f 4907/1691/4669 4909/1694/4672 4906/1692/4670
f 4908/1695/4673 4909/1694/4672 4914/1699/4677
f 4919/1704/4682 4908/1695/4673 4914/1699/4677
f 4918/1703/4681 4920/1705/4683 4919/1704/4682
f 4914/1699/4677 4918/1703/4681 4919/1704/4682
f 4919/1704/4682 4922/1706/4684 4921/1707/4685
f 4920/1705/4683 4923/1708/4686 4922/1706/4684
f 4919/1704/4682 4920/1705/4683 4922/1706/4684
f 4919/1704/4682 4921/1707/4685 4908/1695/4673
f 4925/1709/4687 4924/1710/4688 4901/1687/4665
f 4902/1686/4664 4925/1709/4687 4901/1687/4665
f 4901/1687/4665 4924/1710/4688 4926/1711/4689
f 4743/1594/4514 4901/1687/4665 4926/1711/4689
f 4927/1712/4690 4925/1709/4687 4902/1686/4664
f 4904/1690/4668 4927/1712/4690 4902/1686/4664
f 4928/1713/4691 4927/1712/4690 4904/1690/4668
f 4906/1692/4670 4928/1713/4691 4904/1690/4668
f 4931/1714/4692 4930/1715/4693 4929/1716/4694
f 4924/1710/4688 4925/1709/4687 4932/1717/4695
f 4925/1709/4687 4927/1712/4690 4933/1718/4696
f 4932/1717/4695 4925/1709/4687 4933/1718/4696
f 4927/1712/4690 4928/1713/4691 4934/1719/4697
f 4933/1718/4696 4927/1712/4690 4934/1719/4697
f 4934/1719/4697 4928/1713/4691 4929/1716/4694
f 4935/1720/4698 4934/1719/4697 4929/1716/4694
f 4932/1717/4695 4933/1718/4696 4937/1721/4699
f 4936/1722/4700 4932/1717/4695 4937/1721/4699
f 4933/1718/4696 4934/1719/4697 4938/1723/4701
f 4937/1721/4699 4933/1718/4696 4938/1723/4701
f 4938/1723/4701 4934/1719/4697 4935/1720/4698
f 4939/1724/4702 4938/1723/4701 4935/1720/4698
f 4924/1710/4688 4932/1717/4695 4936/1722/4700
f 4906/1692/4670 4931/1714/4692 4929/1716/4694
f 4928/1713/4691 4906/1692/4670 4929/1716/4694
f 4935/1720/4698 4929/1716/4694 4930/1715/4693
f 4940/1725/4703 4935/1720/4698 4930/1715/4693
f 4939/1724/4702 4935/1720/4698 4940/1725/4703
f 4941/1726/4704 4939/1724/4702 4940/1725/4703
f 4940/1725/4703 4943/1727/4685 4942/1728/4684
f 4941/1726/4704 4940/1725/4703 4942/1728/4684
f 4944/1729/4705 4941/1726/4704 4942/1728/4684
f 4940/1725/4703 4930/1715/4693 4943/1727/4685
f 4948/1685/4706 4947/1688/4707 4946/1687/4708
f 4945/1686/4709 4948/1685/4706 4946/1687/4708
f 4946/1687/4708 4947/1688/4707 4852/1619/4623
f 4824/1594/4593 4946/1687/4708 4852/1619/4623
f 4950/1689/4710 4948/1685/4706 4945/1686/4709
f 4949/1690/4711 4950/1689/4710 4945/1686/4709
f 4952/1691/4712 4950/1689/4710 4949/1690/4711
f 4951/1692/4713 4952/1691/4712 4949/1690/4711
f 4955/1693/4714 4954/1695/4715 4953/1694/4716
f 4947/1688/4707 4948/1685/4706 4956/1696/4717
f 4948/1685/4706 4950/1689/4710 4957/1697/4718
f 4956/1696/4717 4948/1685/4706 4957/1697/4718
f 4950/1689/4710 4952/1691/4712 4958/1698/4719
f 4957/1697/4718 4950/1689/4710 4958/1698/4719
f 4958/1698/4719 4952/1691/4712 4953/1694/4716
f 4959/1699/4720 4958/1698/4719 4953/1694/4716
f 4956/1696/4717 4957/1697/4718 4961/1701/4721
f 4960/1700/4722 4956/1696/4717 4961/1701/4721
f 4957/1697/4718 4958/1698/4719 4962/1702/4723
f 4961/1701/4721 4957/1697/4718 4962/1702/4723
f 4962/1702/4723 4958/1698/4719 4959/1699/4720
f 4963/1703/4724 4962/1702/4723 4959/1699/4720
f 4947/1688/4707 4956/1696/4717 4960/1700/4722
f 4951/1692/4713 4955/1693/4714 4953/1694/4716
f 4952/1691/4712 4951/1692/4713 4953/1694/4716
f 4959/1699/4720 4953/1694/4716 4954/1695/4715
f 4964/1704/4725 4959/1699/4720 4954/1695/4715
f 4963/1703/4724 4959/1699/4720 4964/1704/4725
f 4965/1705/4726 4963/1703/4724 4964/1704/4725
f 4964/1704/4725 4967/1707/4727 4966/1706/4728
f 4965/1705/4726 4964/1704/4725 4966/1706/4728
f 4968/1708/4729 4965/1705/4726 4966/1706/4728
f 4964/1704/4725 4954/1695/4715 4967/1707/4727
f 4970/1709/4730 4945/1686/4709 4946/1687/4708
f 4969/1710/4731 4970/1709/4730 4946/1687/4708
f 4946/1687/4708 4824/1594/4593 4971/1711/4732
f 4969/1710/4731 4946/1687/4708 4971/1711/4732
f 4972/1712/4733 4949/1690/4711 4945/1686/4709
f 4970/1709/4730 4972/1712/4733 4945/1686/4709
f 4973/1713/4734 4951/1692/4713 4949/1690/4711
f 4972/1712/4733 4973/1713/4734 4949/1690/4711
f 4976/1714/4735 4975/1716/4736 4974/1715/4715
f 4969/1710/4731 4977/1717/4737 4970/1709/4730
f 4970/1709/4730 4977/1717/4737 4978/1718/4738
f 4972/1712/4733 4970/1709/4730 4978/1718/4738
f 4972/1712/4733 4978/1718/4738 4979/1719/4739
f 4973/1713/4734 4972/1712/4733 4979/1719/4739
f 4979/1719/4739 4980/1720/4740 4975/1716/4736
f 4973/1713/4734 4979/1719/4739 4975/1716/4736
f 4977/1717/4737 4982/1722/4741 4981/1721/4742
f 4978/1718/4738 4977/1717/4737 4981/1721/4742
f 4978/1718/4738 4981/1721/4742 4983/1723/4743
f 4979/1719/4739 4978/1718/4738 4983/1723/4743
f 4983/1723/4743 4984/1724/4744 4980/1720/4740
f 4979/1719/4739 4983/1723/4743 4980/1720/4740
f 4969/1710/4731 4982/1722/4741 4977/1717/4737
f 4975/1716/4736 4976/1714/4735 4951/1692/4713
f 4973/1713/4734 4975/1716/4736 4951/1692/4713
f 4974/1715/4715 4975/1716/4736 4980/1720/4740
f 4985/1725/4745 4974/1715/4715 4980/1720/4740
f 4984/1724/4744 4986/1726/4746 4985/1725/4745
f 4980/1720/4740 4984/1724/4744 4985/1725/4745
f 4985/1725/4745 4988/1728/4728 4987/1727/4727
f 4986/1726/4746 4989/1729/4747 4988/1728/4728
f 4985/1725/4745 4986/1726/4746 4988/1728/4728
f 4985/1725/4745 4987/1727/4727 4974/1715/4715
f 4993/1730/4748 4992/1731/4749 4991/1732/4750
f 4990/1733/4751 4993/1730/4748 4991/1732/4750
f 4995/1734/4752 4994/1735/4753 4991/1732/4750
f 4992/1731/4749 4995/1734/4752 4991/1732/4750
f 4999/1736/4754 4998/1737/4754 4997/1738/4755
f 4996/1739/4755 4999/1736/4754 4997/1738/4755
f 5002/1740/4756 5001/1741/4757 5000/1742/4758
f 4990/1733/4751 5002/1740/4756 5000/1742/4758
f 5005/1743/4759 5004/1744/4760 5003/1745/4761
f 5009/1746/4762 5008/1747/4763 5007/1748/4764
f 5006/1749/4765 5009/1746/4762 5007/1748/4764
f 5011/1750/4766 5010/1751/4767 5008/1747/4763
f 5009/1746/4762 5011/1750/4766 5008/1747/4763
f 4990/1733/4751 4991/1732/4750 5002/1740/4756
f 5005/1743/4759 5003/1745/4761 5012/1752/4768
f 4996/1739/4755 4997/1738/4755 5013/1749/4769
f 5014/1748/4770 4996/1739/4755 5013/1749/4769
f 5010/1751/4767 5015/1753/4771 5001/1741/4757
f 5011/1750/4766 5015/1753/4771 5010/1751/4767
f 5000/1742/4758 5001/1741/4757 5017/1754/4772
f 5016/1755/4773 5000/1742/4758 5017/1754/4772
f 5001/1741/4757 5015/1753/4771 5017/1754/4772
f 5016/1755/4773 5017/1754/4772 5019/1756/4774
f 5018/1757/4775 5016/1755/4773 5019/1756/4774
f 5021/1754/4776 5020/1758/4777 5019/1756/4778
f 5022/1759/4754 5020/1758/4779 5015/1753/4771
f 5011/1750/4766 5022/1759/4754 5015/1753/4771
f 5017/1754/4772 5015/1753/4771 5020/1758/4779
f 5026/1760/4780 5025/1761/4781 5024/1762/4782
f 5023/1763/4783 5026/1760/4780 5024/1762/4782
f 5020/1758/4779 5022/1759/4754 5027/1764/4784
f 5023/1763/4783 5024/1762/4782 5029/1765/4785
f 5028/1766/4785 5023/1763/4783 5029/1765/4785
f 5008/1747/4763 5010/1751/4767 5004/1744/4760
f 5008/1747/4763 5004/1744/4760 5005/1743/4759
f 5007/1748/4764 5008/1747/4763 5005/1743/4759
f 5031/1743/4786 5030/1752/4787 4996/1739/4755
f 5014/1748/4770 5031/1743/4786 4996/1739/4755
f 4996/1739/4755 5030/1752/4787 5032/1767/4788
f 4999/1736/4754 4996/1739/4755 5032/1767/4788
f 5004/1744/4760 5002/1740/4756 5003/1745/4761
f 4991/1732/4750 5003/1745/4761 5002/1740/4756
f 5012/1752/4768 5003/1745/4761 4994/1735/4753
f 4995/1734/4752 5032/1767/4789 5012/1752/4768
f 4994/1735/4753 4995/1734/4752 5012/1752/4768
f 4994/1735/4753 5003/1745/4761 4991/1732/4750
f 5035/1730/4790 5034/1733/4791 5033/1732/4792
f 5036/1731/4793 5035/1730/4790 5033/1732/4792
f 5038/1734/4794 5036/1731/4793 5033/1732/4792
f 5037/1735/4795 5038/1734/4794 5033/1732/4792
f 4997/1738/4755 4998/1737/4754 5040/1736/4754
f 5039/1739/4755 4997/1738/4755 5040/1736/4754
f 5043/1740/4796 5034/1733/4791 5042/1742/4797
f 5041/1741/4798 5043/1740/4796 5042/1742/4797
f 5046/1743/4799 5045/1745/4800 5044/1744/4801
f 5009/1746/4762 5006/1749/4765 5048/1748/4802
f 5047/1747/4803 5009/1746/4762 5048/1748/4802
f 5011/1750/4766 5009/1746/4762 5047/1747/4803
f 5049/1751/4804 5011/1750/4766 5047/1747/4803
f 5034/1733/4791 5043/1740/4796 5033/1732/4792
f 5046/1743/4799 5050/1752/4805 5045/1745/4800
f 5013/1749/4769 4997/1738/4755 5039/1739/4755
f 5051/1748/4806 5013/1749/4769 5039/1739/4755
f 5049/1751/4804 5041/1741/4798 5052/1753/4807
f 5011/1750/4766 5049/1751/4804 5052/1753/4807
f 5042/1742/4797 5054/1755/4808 5053/1754/4809
f 5041/1741/4798 5042/1742/4797 5053/1754/4809
f 5041/1741/4798 5053/1754/4809 5052/1753/4807
f 5054/1755/4808 5056/1757/4810 5055/1756/4811
f 5053/1754/4809 5054/1755/4808 5055/1756/4811
f 5058/1754/4812 5055/1756/4813 5057/1758/4814
f 5022/1759/4754 5011/1750/4766 5052/1753/4807
f 5057/1758/4815 5022/1759/4754 5052/1753/4807
f 5053/1754/4809 5057/1758/4815 5052/1753/4807
f 5060/1760/4815 5059/1763/4816 5024/1762/4782
f 5025/1761/4781 5060/1760/4815 5024/1762/4782
f 5057/1758/4815 5027/1764/4784 5022/1759/4754
f 5059/1763/4816 5061/1766/4785 5029/1765/4785
f 5024/1762/4782 5059/1763/4816 5029/1765/4785
f 5047/1747/4803 5044/1744/4801 5049/1751/4804
f 5047/1747/4803 5048/1748/4802 5046/1743/4799
f 5044/1744/4801 5047/1747/4803 5046/1743/4799
f 5039/1739/4755 5063/1752/4817 5062/1743/4818
f 5051/1748/4806 5039/1739/4755 5062/1743/4818
f 5039/1739/4755 5040/1736/4754 5064/1767/4819
f 5063/1752/4817 5039/1739/4755 5064/1767/4819
f 5044/1744/4801 5045/1745/4800 5043/1740/4796
f 5033/1732/4792 5043/1740/4796 5045/1745/4800
f 5050/1752/4805 5037/1735/4795 5045/1745/4800
f 5064/1767/4820 5038/1734/4794 5037/1735/4795
f 5050/1752/4805 5064/1767/4820 5037/1735/4795
f 5037/1735/4795 5033/1732/4792 5045/1745/4800
f 4993/1730/4748 4990/1733/4751 5065/1732/4821
f 5066/1731/4822 4993/1730/4748 5065/1732/4821
f 5068/1734/4823 5066/1731/4822 5065/1732/4821
f 5067/1735/4824 5068/1734/4823 5065/1732/4821
f 5071/1736/4825 5070/1739/4826 5069/1738/4826
f 5072/1737/4825 5071/1736/4825 5069/1738/4826
f 5074/1740/4827 4990/1733/4751 5000/1742/4758
f 5073/1741/4828 5074/1740/4827 5000/1742/4758
f 5077/1743/4829 5076/1745/4830 5075/1744/4831
f 5081/1746/4832 5080/1749/4833 5079/1748/4834
f 5078/1747/4835 5081/1746/4832 5079/1748/4834
f 5084/1750/4836 5083/1751/4837 5082/1753/4838
f 5081/1746/4832 5083/1751/4837 5084/1750/4836
f 5081/1746/4832 5078/1747/4835 5083/1751/4837
f 4990/1733/4751 5074/1740/4827 5065/1732/4821
f 5077/1743/4829 5085/1752/4839 5076/1745/4830
f 5086/1749/4840 5069/1738/4826 5070/1739/4826
f 5087/1748/4841 5086/1749/4840 5070/1739/4826
f 5083/1751/4837 5073/1741/4828 5082/1753/4838
f 5000/1742/4758 5016/1755/4773 5088/1754/4842
f 5073/1741/4828 5000/1742/4758 5088/1754/4842
f 5073/1741/4828 5088/1754/4842 5082/1753/4838
f 5016/1755/4773 5018/1757/4775 5089/1756/4843
f 5088/1754/4842 5016/1755/4773 5089/1756/4843
f 5091/1754/4844 5089/1756/4845 5090/1758/4846
f 5092/1759/4825 5084/1750/4836 5082/1753/4838
f 5090/1758/4847 5092/1759/4825 5082/1753/4838
f 5088/1754/4842 5090/1758/4847 5082/1753/4838
f 5096/1760/4847 5095/1763/4848 5094/1762/4849
f 5093/1761/4850 5096/1760/4847 5094/1762/4849
f 5090/1758/4847 5097/1764/4851 5092/1759/4825
f 5095/1763/4848 5028/1766/4785 5029/1765/4785
f 5094/1762/4849 5095/1763/4848 5029/1765/4785
f 5078/1747/4835 5075/1744/4831 5083/1751/4837
f 5078/1747/4835 5079/1748/4834 5077/1743/4829
f 5075/1744/4831 5078/1747/4835 5077/1743/4829
f 5070/1739/4826 5099/1752/4852 5098/1743/4853
f 5087/1748/4841 5070/1739/4826 5098/1743/4853
f 5070/1739/4826 5071/1736/4825 5100/1767/4854
f 5099/1752/4852 5070/1739/4826 5100/1767/4854
f 5075/1744/4831 5076/1745/4830 5074/1740/4827
f 5065/1732/4821 5074/1740/4827 5076/1745/4830
f 5085/1752/4839 5067/1735/4824 5076/1745/4830
f 5100/1767/4855 5068/1734/4823 5067/1735/4824
f 5085/1752/4839 5100/1767/4855 5067/1735/4824
f 5067/1735/4824 5065/1732/4821 5076/1745/4830
f 5035/1730/4790 5102/1731/4856 5101/1732/4857
f 5034/1733/4791 5035/1730/4790 5101/1732/4857
f 5104/1734/4858 5103/1735/4859 5101/1732/4857
f 5102/1731/4856 5104/1734/4858 5101/1732/4857
f 5106/1736/4825 5072/1737/4825 5069/1738/4826
f 5105/1739/4826 5106/1736/4825 5069/1738/4826
f 5042/1742/4797 5034/1733/4791 5108/1740/4860
f 5107/1741/4861 5042/1742/4797 5108/1740/4860
f 5111/1743/4862 5110/1744/4863 5109/1745/4864
f 5081/1746/4832 5113/1747/4865 5112/1748/4866
f 5080/1749/4833 5081/1746/4832 5112/1748/4866
f 5115/1751/4867 5084/1750/4836 5114/1753/4868
f 5115/1751/4867 5081/1746/4832 5084/1750/4836
f 5115/1751/4867 5113/1747/4865 5081/1746/4832
f 5034/1733/4791 5101/1732/4857 5108/1740/4860
f 5111/1743/4862 5109/1745/4864 5116/1752/4869
f 5105/1739/4826 5069/1738/4826 5086/1749/4840
f 5117/1748/4870 5105/1739/4826 5086/1749/4840
f 5115/1751/4867 5107/1741/4861 5108/1740/4860
f 5110/1744/4863 5115/1751/4867 5108/1740/4860
f 5042/1742/4797 5107/1741/4861 5118/1754/4871
f 5054/1755/4808 5042/1742/4797 5118/1754/4871
f 5107/1741/4861 5119/1753/4872 5118/1754/4871
f 5054/1755/4808 5118/1754/4871 5120/1756/4873
f 5056/1757/4810 5054/1755/4808 5120/1756/4873
f 5122/1754/4874 5121/1758/4875 5120/1756/4876
f 5092/1759/4825 5121/1758/4877 5114/1753/4868
f 5084/1750/4836 5092/1759/4825 5114/1753/4868
f 5118/1754/4878 5114/1753/4868 5121/1758/4877
f 5124/1760/4879 5093/1761/4850 5094/1762/4849
f 5123/1763/4880 5124/1760/4879 5094/1762/4849
f 5121/1758/4877 5092/1759/4825 5097/1764/4851
f 5123/1763/4880 5094/1762/4849 5029/1765/4785
f 5061/1766/4785 5123/1763/4880 5029/1765/4785
f 5113/1747/4865 5115/1751/4867 5110/1744/4863
f 5113/1747/4865 5110/1744/4863 5111/1743/4862
f 5112/1748/4866 5113/1747/4865 5111/1743/4862
f 5126/1743/4881 5125/1752/4882 5105/1739/4826
f 5117/1748/4870 5126/1743/4881 5105/1739/4826
f 5105/1739/4826 5125/1752/4882 5127/1767/4883
f 5106/1736/4825 5105/1739/4826 5127/1767/4883
f 5110/1744/4863 5108/1740/4860 5109/1745/4864
f 5101/1732/4857 5109/1745/4864 5108/1740/4860
f 5116/1752/4869 5109/1745/4864 5103/1735/4859
f 5104/1734/4858 5127/1767/4884 5116/1752/4869
f 5103/1735/4859 5104/1734/4858 5116/1752/4869
f 5103/1735/4859 5109/1745/4864 5101/1732/4857
f 5130/1768/4885 5129/1769/4886 5128/1770/4887
f 5134/1771/4888 5133/1772/4889 5132/1773/4890
f 5131/1774/4891 5134/1771/4888 5132/1773/4890
f 5137/1775/4892 5136/1776/4893 5135/1777/4894
f 5139/1778/4895 5138/1779/4896 5137/1775/4892
f 5135/1777/4894 5139/1778/4895 5137/1775/4892
f 5141/1780/4897 5140/1781/4898 5134/1771/4888
f 5140/1781/4898 5144/1782/4899 5143/1783/4900
f 5142/1784/4901 5140/1781/4898 5143/1783/4900
f 5148/1785/4902 5147/1778/4903 5146/1786/4904
f 5145/1787/4905 5148/1785/4902 5146/1786/4904
f 5152/1788/4906 5151/1774/4907 5150/1789/4908
f 5149/1790/4909 5152/1788/4906 5150/1789/4908
f 5154/1791/4910 5153/1792/4911 5152/1788/4906
f 5149/1790/4909 5154/1791/4910 5152/1788/4906
f 5156/1793/4912 5155/1794/4913 5154/1791/4910
f 5134/1771/4888 5140/1781/4898 5133/1772/4889
f 5142/1784/4901 5157/1795/4914 5140/1781/4898
f 5158/1796/4915 5150/1789/4908 5131/1774/4891
f 5132/1773/4890 5158/1796/4915 5131/1774/4891
f 5162/1797/4916 5161/1798/4917 5160/1799/4918
f 5159/1800/4919 5162/1797/4916 5160/1799/4918
f 5164/1801/4920 5161/1798/4917 5162/1797/4916
f 5163/1802/4921 5164/1801/4920 5162/1797/4916
f 5164/1801/4920 5163/1802/4921 5165/1803/4922
f 5128/1770/4887 5164/1801/4920 5165/1803/4922
f 5128/1770/4887 5167/1804/4923 5166/1805/4924
f 5130/1768/4885 5128/1770/4887 5166/1805/4924
f 5130/1768/4885 5166/1805/4924 5168/1806/4925
f 5171/1807/4926 5130/1768/4885 5170/1806/4927
f 5169/1808/4928 5171/1807/4926 5170/1806/4927
f 5173/1809/4929 5172/1810/4930 5159/1800/4919
f 5160/1799/4918 5173/1809/4929 5159/1800/4919
f 5176/1785/4931 5175/1811/4932 5174/1812/4933
f 5178/1811/4934 5148/1785/4902 5145/1787/4905
f 5177/1813/4934 5178/1811/4934 5145/1787/4905
f 5137/1775/4892 5181/1814/4935 5180/1815/4936
f 5179/1816/4937 5137/1775/4892 5180/1815/4936
f 5184/1817/4938 5183/1818/4939 5182/1819/4940
f 5187/1783/4941 5186/1782/4942 5185/1820/4943
f 5188/1821/4944 5187/1783/4941 5185/1820/4943
f 5185/1820/4943 5186/1782/4942 5189/1780/4945
f 5192/1822/4946 5191/1823/4947 5190/1824/4948
f 5195/1825/4949 5194/1826/4950 5193/1827/4951
f 5196/1828/4952 5194/1826/4950 5195/1825/4949
f 5197/1829/4953 5196/1828/4952 5195/1825/4949
f 5193/1827/4951 5194/1826/4950 5191/1823/4947
f 5201/1830/4954 5200/1831/4955 5199/1832/4956
f 5198/1833/4957 5201/1830/4954 5199/1832/4956
f 5181/1814/4935 5202/1834/4958 5180/1815/4936
f 5202/1834/4958 5181/1814/4935 5203/1835/4959
f 5206/1836/4960 5205/1837/4961 5204/1838/4962
f 5181/1814/4935 5137/1775/4892 5208/1779/4963
f 5207/1836/4964 5181/1814/4935 5208/1779/4963
f 5181/1814/4935 5204/1838/4962 5203/1835/4959
f 5205/1837/4961 5210/1839/4965 5209/1840/4966
f 5190/1824/4948 5205/1837/4961 5209/1840/4966
f 5197/1829/4953 5198/1833/4957 5196/1828/4952
f 5213/1841/4967 5212/1842/4968 5211/1843/4969
f 5214/1844/4970 5210/1839/4965 5207/1836/4971
f 5138/1779/4896 5214/1844/4970 5207/1836/4971
f 5210/1839/4965 5216/1845/4972 5215/1846/4973
f 5209/1840/4966 5210/1839/4965 5215/1846/4973
f 5219/1788/4974 5218/1792/4975 5217/1847/4976
f 5141/1780/4897 5219/1788/4974 5217/1847/4976
f 5223/1848/4977 5222/1849/4978 5221/1834/4979
f 5220/1835/4980 5223/1848/4977 5221/1834/4979
f 5227/1850/4981 5226/1851/4982 5225/1852/4983
f 5224/1853/4984 5227/1850/4981 5225/1852/4983
f 5230/1854/4985 5229/1855/4986 5228/1856/4987
f 5232/1857/4988 5224/1853/4984 5225/1852/4983
f 5231/1858/4989 5232/1857/4988 5225/1852/4983
f 5234/1859/4990 5232/1857/4988 5231/1858/4989
f 5233/1860/4991 5234/1859/4990 5231/1858/4989
f 5235/1861/4992 5198/1833/4957 5197/1829/4953
f 5237/1862/4993 5236/1863/4994 5233/1860/4991
f 5231/1858/4989 5237/1862/4993 5233/1860/4991
f 5238/1864/4995 5237/1862/4993 5231/1858/4989
f 5225/1852/4983 5238/1864/4995 5231/1858/4989
f 5241/1865/4996 5240/1866/4997 5239/1867/4998
f 5212/1842/4968 5213/1841/4967 5239/1867/4998
f 5243/1868/4999 5242/1869/5000 5241/1865/4996
f 5212/1842/4968 5245/1870/5001 5244/1871/5002
f 5212/1842/4968 5240/1866/4997 5245/1870/5001
f 5212/1842/4968 5244/1871/5002 5211/1843/4969
f 5248/1872/5003 5247/1873/5004 5246/1874/5005
f 5251/1875/5006 5250/1876/5007 5249/1877/5008
f 5253/1878/5009 5233/1860/4991 5236/1863/4994
f 5252/1879/5010 5253/1878/5009 5236/1863/4994
f 5242/1869/5000 5245/1870/5001 5240/1866/4997
f 5255/1880/5011 5180/1815/4936 5254/1881/5012
f 5180/1815/4936 5255/1880/5011 5179/1816/4937
f 5258/1882/5013 5257/1883/5014 5256/1884/5015
f 5220/1835/4980 5259/1838/5016 5223/1848/4977
f 5235/1861/4992 5260/1885/5017 5201/1830/4954
f 5198/1833/4957 5235/1861/4992 5201/1830/4954
f 5250/1876/5007 5262/1886/5018 5261/1887/5019
f 5257/1883/5014 5250/1876/5007 5261/1887/5019
f 5201/1830/4954 5247/1873/5004 5200/1831/4955
f 5243/1868/4999 5263/1888/5020 5242/1869/5000
f 5264/1889/5021 5242/1869/5000 5252/1879/5010
f 5265/1890/5022 5258/1882/5013 5256/1884/5015
f 5266/1891/5023 5234/1859/4990 5233/1860/4991
f 5253/1878/5009 5266/1891/5023 5233/1860/4991
f 5263/1888/5020 5266/1891/5023 5253/1878/5009
f 5262/1886/5018 5250/1876/5007 5251/1875/5006
f 5240/1866/4997 5212/1842/4968 5239/1867/4998
f 5246/1874/5005 5201/1830/4954 5260/1885/5017
f 5244/1871/5002 5267/1892/5024 5211/1843/4969
f 5271/1893/5025 5270/1894/5026 5269/1895/5024
f 5268/1896/5027 5271/1893/5025 5269/1895/5024
f 5270/1894/5026 5183/1818/4939 5269/1895/5024
f 5272/1897/5028 5256/1884/5015 5261/1887/5019
f 5274/1897/5029 5273/1898/5030 5256/1884/5015
f 5272/1897/5031 5269/1895/5024 5275/1899/5032
f 5269/1895/5024 5183/1818/4939 5275/1899/5032
f 5218/1792/4975 5276/1794/5033 5179/1816/4937
f 5217/1847/4976 5218/1792/4975 5179/1816/4937
f 5277/1900/5034 5217/1847/4976 5179/1816/4937
f 5255/1880/5011 5277/1900/5034 5179/1816/4937
f 5278/1901/5035 5141/1780/4897 5217/1847/4976
f 5277/1900/5034 5278/1901/5035 5217/1847/4976
f 5263/1888/5020 5253/1878/5009 5242/1869/5000
f 5279/1902/5036 5238/1864/4995 5225/1852/4983
f 5226/1851/4982 5279/1902/5036 5225/1852/4983
f 5226/1851/4982 5227/1850/4981 5228/1856/4987
f 5280/1903/5037 5229/1855/4986 5230/1854/4985
f 5284/1863/5038 5283/1862/5039 5282/1904/5040
f 5281/1905/5041 5284/1863/5038 5282/1904/5040
f 5283/1862/5039 5286/1864/5042 5285/1906/5043
f 5282/1904/5040 5283/1862/5039 5285/1906/5043
f 5284/1863/5038 5281/1905/5041 5287/1907/5044
f 5288/1879/5045 5284/1863/5038 5287/1907/5044
f 5292/1889/5046 5291/1908/5047 5290/1909/5048
f 5289/1870/5049 5292/1889/5046 5290/1909/5048
f 5288/1879/5045 5287/1907/5044 5291/1908/5050
f 5264/1889/5051 5288/1879/5045 5291/1908/5050
f 5293/1910/5052 5285/1906/5043 5286/1864/5042
f 5294/1902/5053 5293/1910/5052 5286/1864/5042
f 5293/1910/5052 5294/1902/5053 5229/1855/4986
f 5280/1903/5037 5293/1910/5052 5229/1855/4986
f 5295/1911/4946 5190/1824/4948 5209/1840/4966
f 5194/1826/4950 5205/1837/4961 5190/1824/4948
f 5191/1823/4947 5194/1826/4950 5190/1824/4948
f 5214/1844/4970 5138/1779/4896 5139/1778/4895
f 5160/1799/4918 5161/1798/4917 5296/1912/4886
f 5173/1809/4929 5160/1799/4918 5296/1912/4886
f 5176/1785/4931 5297/1913/5054 5214/1844/4970
f 5139/1778/4895 5176/1785/4931 5214/1844/4970
f 5301/1914/5055 5300/1846/5056 5299/1812/5057
f 5298/1811/5055 5301/1914/5055 5299/1812/5057
f 5300/1846/5056 5303/1845/5058 5302/1913/5059
f 5299/1812/5057 5300/1846/5056 5302/1913/5059
f 5136/1776/4893 5137/1775/4892 5179/1816/4937
f 5276/1794/5033 5136/1776/4893 5179/1816/4937
f 5183/1818/4939 5270/1894/5026 5304/1915/5060
f 5140/1781/4898 5305/1916/5061 5133/1772/4889
f 5307/1917/5062 5306/1918/5063 5199/1832/4956
f 5310/1919/5064 5309/1920/5065 5308/1921/5066
f 5278/1901/5035 5310/1919/5064 5308/1921/5066
f 5314/1922/5067 5313/1923/5008 5312/1924/5068
f 5311/1925/5069 5314/1922/5067 5312/1924/5068
f 5315/1926/5070 5248/1872/5003 5313/1923/5008
f 5314/1922/5067 5315/1926/5070 5313/1923/5008
f 5315/1926/5070 5316/1927/5071 5247/1873/5004
f 5248/1872/5003 5315/1926/5070 5247/1873/5004
f 5200/1831/4955 5317/1928/5072 5307/1917/5062
f 5199/1832/4956 5200/1831/4955 5307/1917/5062
f 5318/1848/5073 5204/1838/4962 5306/1918/5063
f 5320/1929/5074 5255/1880/5011 5254/1881/5012
f 5319/1930/5075 5320/1929/5074 5254/1881/5012
f 5322/1931/5076 5321/1849/5077 5318/1848/5073
f 5306/1918/5063 5322/1931/5076 5318/1848/5073
f 5204/1838/4962 5199/1832/4956 5306/1918/5063
f 5316/1927/5071 5317/1928/5072 5200/1831/4955
f 5247/1873/5004 5316/1927/5071 5200/1831/4955
f 5320/1929/5074 5323/1932/5078 5277/1900/5034
f 5255/1880/5011 5320/1929/5074 5277/1900/5034
f 5323/1932/5078 5310/1919/5064 5278/1901/5035
f 5277/1900/5034 5323/1932/5078 5278/1901/5035
f 5306/1918/5063 5307/1917/5062 5324/1933/5079
f 5327/1934/5080 5326/1935/5081 5325/1936/5082
f 5316/1927/5071 5315/1926/5070 5325/1936/5082
f 5322/1931/5076 5306/1918/5063 5324/1933/5079
f 5323/1932/5078 5320/1929/5074 5326/1935/5081
f 5324/1933/5079 5307/1917/5062 5317/1928/5072
f 5327/1934/5080 5323/1932/5078 5326/1935/5081
f 5325/1936/5082 5315/1926/5070 5327/1934/5080
f 5327/1934/5080 5314/1922/5067 5311/1925/5069
f 5328/1937/5083 5327/1934/5080 5311/1925/5069
f 5327/1934/5080 5328/1937/5083 5309/1920/5065
f 5310/1919/5064 5327/1934/5080 5309/1920/5065
f 5329/1938/5084 5248/1872/5003 5246/1874/5005
f 5332/1939/5085 5331/1940/5018 5330/1941/5086
f 5330/1941/5086 5248/1872/5003 5329/1938/5084
f 5330/1941/5086 5331/1940/5018 5248/1872/5003
f 5165/1803/4922 5333/1942/5087 5128/1770/4887
f 5130/1768/4885 5171/1807/4926 5129/1769/4886
f 5129/1769/4886 5296/1912/4886 5164/1801/4920
f 5128/1770/4887 5129/1769/4886 5164/1801/4920
f 5296/1912/4886 5161/1798/4917 5164/1801/4920
f 5326/1935/5081 5320/1929/5074 5319/1930/5075
f 5319/1930/5075 5254/1881/5012 5321/1849/5077
f 5322/1931/5076 5319/1930/5075 5321/1849/5077
f 5317/1928/5072 5316/1927/5071 5325/1936/5082
f 5324/1933/5079 5317/1928/5072 5325/1936/5082
f 5326/1935/5081 5324/1933/5079 5325/1936/5082
f 5319/1930/5075 5322/1931/5076 5324/1933/5079
f 5326/1935/5081 5319/1930/5075 5324/1933/5079
f 5202/1834/4958 5222/1849/4978 5334/1881/5088
f 5180/1815/4936 5202/1834/4958 5254/1881/5012
f 5315/1926/5070 5314/1922/5067 5327/1934/5080
f 5327/1934/5080 5310/1919/5064 5323/1932/5078
f 5191/1823/4947 5336/1943/5089 5335/1944/5090
f 5229/1855/4986 5279/1902/5036 5228/1856/4987
f 5141/1780/4897 5278/1901/5035 5337/1820/5091
f 5242/1869/5000 5240/1866/4997 5241/1865/4996
f 5257/1883/5014 5258/1882/5013 5249/1877/5008
f 5250/1876/5007 5257/1883/5014 5249/1877/5008
f 5261/1887/5019 5256/1884/5015 5257/1883/5014
f 5341/1945/4790 5340/1946/5092 5339/1947/5093
f 5338/1948/4790 5341/1945/4790 5339/1947/5093
f 5192/1822/4946 5342/1949/5094 5336/1943/5089
f 5346/1950/5095 5345/1951/5096 5344/1952/5097
f 5343/1953/5098 5346/1950/5095 5344/1952/5097
f 5345/1951/5096 5347/1954/5099 5344/1952/5097
f 5346/1950/5095 5343/1953/5098 5348/1955/5100
f 5349/1956/5101 5346/1950/5095 5348/1955/5100
f 5349/1956/5101 5348/1955/5100 5351/1957/5102
f 5350/1958/5050 5349/1956/5101 5351/1957/5102
f 5210/1839/4965 5214/1844/4970 5216/1845/4972
f 5303/1845/5058 5352/1844/5103 5302/1913/5059
f 5209/1840/4966 5353/1959/5104 5295/1911/4946
f 5192/1822/4946 5354/1960/5104 5342/1949/5094
f 5196/1828/4952 5204/1838/4962 5205/1837/4961
f 5194/1826/4950 5196/1828/4952 5205/1837/4961
f 5198/1833/4957 5199/1832/4956 5204/1838/4962
f 5196/1828/4952 5198/1833/4957 5204/1838/4962
f 5356/1961/5105 5347/1954/5099 5355/1962/5106
f 5350/1958/5050 5351/1957/5102 5358/1963/5107
f 5357/1964/5108 5350/1958/5050 5358/1963/5107
f 5155/1794/4913 5153/1792/4911 5154/1791/4910
f 5361/1965/5109 5360/1966/4905 5359/1967/5110
f 5183/1818/4939 5184/1817/4938 5275/1899/5032
f 5275/1899/5032 5362/1898/5111 5272/1897/5031
f 5184/1817/4938 5362/1898/5111 5275/1899/5032
f 5363/1968/5112 5311/1925/5069 5312/1924/5068
f 5188/1821/5113 5363/1968/5112 5312/1924/5068
f 5311/1925/5069 5363/1968/5112 5328/1937/5083
f 5328/1937/5083 5363/1968/5112 5309/1920/5065
f 5308/1921/5066 5309/1920/5065 5363/1968/5112
f 5188/1821/5113 5308/1921/5066 5363/1968/5112
f 5308/1921/5066 5188/1821/5113 5337/1820/5091
f 5340/1946/5092 5364/1969/5108 5339/1947/5093
f 5191/1823/4947 5335/1944/5090 5193/1827/4951
f 5367/1970/5114 5366/1971/5115 5365/1972/5116
f 5247/1873/5004 5201/1830/4954 5246/1874/5005
f 5141/1780/4897 5144/1782/4899 5140/1781/4898
f 5371/1776/5117 5370/1973/5118 5369/1974/5119
f 5368/1777/5120 5371/1776/5117 5369/1974/5119
f 5369/1974/5119 5146/1786/4904 5147/1778/4903
f 5368/1777/5120 5369/1974/5119 5147/1778/4903
f 5372/1973/5121 5155/1794/4913 5156/1793/4912
f 5370/1973/5118 5371/1776/5117 5155/1794/5122
f 5333/1942/5087 5167/1804/4923 5128/1770/4887
f 5157/1795/4914 5305/1916/5061 5140/1781/4898
f 5183/1818/4939 5304/1915/5060 5182/1819/4940
f 5228/1856/4987 5279/1902/5036 5226/1851/4982
f 5192/1822/4946 5336/1943/5089 5191/1823/4947
f 5131/1774/4891 5219/1788/4974 5141/1780/4897
f 5134/1771/4888 5131/1774/4891 5141/1780/4897
f 5265/1890/5022 5256/1884/5015 5273/1898/5030
f 5206/1836/4960 5204/1838/4962 5181/1814/4935
f 5210/1839/4965 5205/1837/4961 5206/1836/4960
f 5252/1879/5010 5242/1869/5000 5253/1878/5009
f 5264/1889/5021 5245/1870/5001 5242/1869/5000
f 5209/1840/4966 5215/1846/4973 5353/1959/5104
f 5278/1901/5035 5308/1921/5066 5337/1820/5091
f 5176/1785/4931 5174/1812/4933 5297/1913/5054
f 5375/1975/5123 5374/1976/5124 5373/1977/5125
f 5376/1978/5126 5375/1975/5123 5373/1977/5125
f 5373/1977/5125 5374/1976/5124 5377/1979/5127
f 5380/1817/5128 5379/1817/5129 5378/1898/5130
f 5381/1898/5131 5380/1817/5128 5378/1898/5130
f 5184/1817/4938 5182/1819/4940 5383/1819/5132
f 5382/1817/5133 5184/1817/4938 5383/1819/5132
f 5385/1890/5134 5381/1898/5131 5378/1898/5130
f 5384/1890/5135 5385/1890/5134 5378/1898/5130
f 5389/1784/5136 5388/1783/5137 5387/1783/5138
f 5386/1784/5139 5389/1784/5136 5387/1783/5138
f 5157/1795/4914 5142/1784/4901 5391/1784/5140
f 5390/1795/5140 5157/1795/4914 5391/1784/5140
f 5394/1821/5141 5393/1821/5135 5392/1783/5142
f 5395/1783/5143 5394/1821/5141 5392/1783/5142
f 5398/1980/5093 5397/1981/5144 5396/1982/5145
f 5399/1983/5145 5398/1980/5093 5396/1982/5145
f 5358/1963/5107 5400/1984/5093 5357/1964/5108
f 5347/1954/5099 5356/1961/5105 5401/1985/5146
f 5344/1952/5097 5347/1954/5099 5401/1985/5146
f 5345/1951/5096 5403/1986/5147 5402/1987/5148
f 5347/1954/5099 5345/1951/5096 5402/1987/5148
f 5405/1768/5149 5404/1770/5150 5129/1769/4886
f 5407/1771/5151 5406/1774/5152 5132/1773/4890
f 5133/1772/4889 5407/1771/5151 5132/1773/4890
f 5410/1775/5153 5409/1777/5154 5408/1776/5155
f 5412/1778/5156 5409/1777/5154 5410/1775/5153
f 5411/1779/5157 5412/1778/5156 5410/1775/5153
f 5414/1780/5158 5407/1771/5151 5413/1781/5159
f 5413/1781/5159 5417/1784/5160 5416/1783/5161
f 5415/1782/5162 5413/1781/5159 5416/1783/5161
f 5421/1785/5163 5420/1787/5164 5419/1786/5165
f 5418/1778/5166 5421/1785/5163 5419/1786/5165
f 5425/1788/5167 5424/1790/5168 5423/1789/5169
f 5422/1774/5170 5425/1788/5167 5423/1789/5169
f 5425/1788/5167 5427/1792/5171 5426/1791/5172
f 5424/1790/5168 5425/1788/5167 5426/1791/5172
f 5429/1793/5173 5426/1791/5172 5428/1794/5174
f 5407/1771/5151 5133/1772/4889 5413/1781/5159
f 5417/1784/5160 5413/1781/5159 5430/1795/5175
f 5158/1796/4915 5132/1773/4890 5406/1774/5152
f 5423/1789/5169 5158/1796/4915 5406/1774/5152
f 5434/1797/5176 5433/1800/5177 5432/1799/5178
f 5431/1798/5179 5434/1797/5176 5432/1799/5178
f 5436/1801/5180 5435/1802/5181 5434/1797/5176
f 5431/1798/5179 5436/1801/5180 5434/1797/5176
f 5436/1801/5180 5404/1770/5150 5437/1803/5182
f 5435/1802/5181 5436/1801/5180 5437/1803/5182
f 5439/1805/5183 5438/1804/5184 5404/1770/5150
f 5405/1768/5149 5439/1805/5183 5404/1770/5150
f 5405/1768/5149 5440/1806/5185 5439/1805/5183
f 5171/1807/4926 5169/1808/4928 5441/1806/5186
f 5405/1768/5149 5171/1807/4926 5441/1806/5186
f 5173/1809/4929 5432/1799/5178 5433/1800/5177
f 5442/1810/5187 5173/1809/4929 5433/1800/5177
f 5445/1785/5188 5444/1812/5189 5443/1811/5190
f 5447/1811/5191 5446/1813/5191 5420/1787/5164
f 5421/1785/5163 5447/1811/5191 5420/1787/5164
f 5410/1775/5153 5450/1816/5192 5449/1815/5193
f 5448/1814/5194 5410/1775/5153 5449/1815/5193
f 5453/1817/5195 5452/1819/5196 5451/1818/5197
f 5456/1820/5198 5455/1782/5199 5454/1783/5200
f 5457/1821/5201 5456/1820/5198 5454/1783/5200
f 5456/1820/5198 5458/1780/5202 5455/1782/5199
f 5461/1822/5203 5460/1824/5204 5459/1823/5205
f 5464/1825/5206 5463/1827/5207 5462/1826/5208
f 5464/1825/5206 5462/1826/5208 5465/1828/5209
f 5466/1829/5210 5464/1825/5206 5465/1828/5209
f 5462/1826/5208 5463/1827/5207 5459/1823/5205
f 5470/1830/5211 5469/1833/5212 5468/1832/5213
f 5467/1831/5214 5470/1830/5211 5468/1832/5213
f 5448/1814/5194 5449/1815/5193 5471/1834/5215
f 5471/1834/5215 5472/1835/5216 5448/1814/5194
f 5475/1836/5217 5474/1838/5218 5473/1837/5219
f 5448/1814/5194 5477/1836/5220 5476/1779/5221
f 5410/1775/5153 5448/1814/5194 5476/1779/5221
f 5448/1814/5194 5472/1835/5216 5474/1838/5218
f 5473/1837/5219 5460/1824/5204 5478/1840/5222
f 5479/1839/5223 5473/1837/5219 5478/1840/5222
f 5466/1829/5210 5465/1828/5209 5469/1833/5212
f 5482/1841/5224 5481/1843/5225 5480/1842/5226
f 5483/1844/5227 5411/1779/5157 5477/1836/5228
f 5479/1839/5223 5483/1844/5227 5477/1836/5228
f 5485/1846/5229 5484/1845/5230 5479/1839/5223
f 5478/1840/5222 5485/1846/5229 5479/1839/5223
f 5488/1788/5231 5414/1780/5158 5487/1847/5232
f 5486/1792/5233 5488/1788/5231 5487/1847/5232
f 5492/1848/5234 5491/1835/5235 5490/1834/5236
f 5489/1849/5237 5492/1848/5234 5490/1834/5236
f 5496/1850/5238 5495/1853/5239 5494/1852/5240
f 5493/1851/5241 5496/1850/5238 5494/1852/5240
f 5499/1854/5242 5498/1856/5243 5497/1855/5244
f 5501/1857/5245 5500/1858/5246 5494/1852/5240
f 5495/1853/5239 5501/1857/5245 5494/1852/5240
f 5503/1859/5247 5502/1860/5248 5500/1858/5246
f 5501/1857/5245 5503/1859/5247 5500/1858/5246
f 5504/1861/5249 5466/1829/5210 5469/1833/5212
f 5506/1862/4993 5500/1858/5246 5502/1860/5248
f 5505/1863/5250 5506/1862/4993 5502/1860/5248
f 5507/1864/5251 5494/1852/5240 5500/1858/5246
f 5506/1862/4993 5507/1864/5251 5500/1858/5246
f 5510/1865/5252 5509/1867/5253 5508/1866/5254
f 5480/1842/5226 5509/1867/5253 5482/1841/5224
f 5512/1868/5255 5510/1865/5252 5511/1869/5256
f 5480/1842/5226 5514/1871/5257 5513/1870/5258
f 5480/1842/5226 5513/1870/5258 5508/1866/5254
f 5480/1842/5226 5481/1843/5225 5514/1871/5257
f 5517/1872/5259 5516/1874/5260 5515/1873/5261
f 5520/1875/5262 5519/1877/5263 5518/1876/5264
f 5505/1863/5250 5502/1860/5248 5522/1878/5265
f 5521/1879/5266 5505/1863/5250 5522/1878/5265
f 5511/1869/5256 5508/1866/5254 5513/1870/5258
f 5524/1880/5267 5523/1881/5268 5449/1815/5193
f 5449/1815/5193 5450/1816/5192 5524/1880/5267
f 5527/1882/5269 5526/1884/5270 5525/1883/5271
f 5491/1835/5235 5492/1848/5234 5528/1838/5272
f 5470/1830/5211 5529/1885/5273 5504/1861/5249
f 5469/1833/5212 5470/1830/5211 5504/1861/5249
f 5518/1876/5264 5525/1883/5271 5531/1887/5274
f 5530/1886/5275 5518/1876/5264 5531/1887/5274
f 5470/1830/5211 5467/1831/5214 5515/1873/5261
f 5512/1868/5255 5511/1869/5256 5532/1888/5276
f 5533/1889/5277 5521/1879/5266 5511/1869/5256
f 5534/1890/5201 5526/1884/5270 5527/1882/5269
f 5535/1891/5278 5522/1878/5265 5502/1860/5248
f 5503/1859/5247 5535/1891/5278 5502/1860/5248
f 5532/1888/5276 5522/1878/5265 5535/1891/5278
f 5530/1886/5275 5520/1875/5262 5518/1876/5264
f 5508/1866/5254 5509/1867/5253 5480/1842/5226
f 5516/1874/5260 5529/1885/5273 5470/1830/5211
f 5514/1871/5257 5481/1843/5225 5536/1892/5279
f 5271/1893/5025 5538/1896/5280 5537/1895/5279
f 5270/1894/5026 5271/1893/5025 5537/1895/5279
f 5270/1894/5026 5537/1895/5279 5451/1818/5197
f 5539/1897/5281 5531/1887/5274 5526/1884/5270
f 5541/1897/5282 5526/1884/5270 5540/1898/5283
f 5539/1897/5284 5542/1899/5285 5537/1895/5279
f 5537/1895/5279 5542/1899/5285 5451/1818/5197
f 5486/1792/5233 5487/1847/5232 5450/1816/5192
f 5543/1794/5286 5486/1792/5233 5450/1816/5192
f 5544/1900/5287 5524/1880/5267 5450/1816/5192
f 5487/1847/5232 5544/1900/5287 5450/1816/5192
f 5545/1901/5288 5544/1900/5287 5487/1847/5232
f 5414/1780/5158 5545/1901/5288 5487/1847/5232
f 5532/1888/5276 5511/1869/5256 5522/1878/5265
f 5494/1852/5240 5507/1864/5251 5546/1902/5289
f 5493/1851/5241 5494/1852/5240 5546/1902/5289
f 5493/1851/5241 5498/1856/5243 5496/1850/5238
f 5547/1903/5290 5499/1854/5242 5497/1855/5244
f 5551/1863/5291 5550/1905/5292 5549/1904/5293
f 5548/1862/5294 5551/1863/5291 5549/1904/5293
f 5548/1862/5294 5549/1904/5293 5553/1906/5295
f 5552/1864/5296 5548/1862/5294 5553/1906/5295
f 5551/1863/5291 5555/1879/5297 5554/1907/5298
f 5550/1905/5292 5551/1863/5291 5554/1907/5298
f 5559/1889/5299 5558/1870/5300 5557/1909/5301
f 5556/1908/5302 5559/1889/5299 5557/1909/5301
f 5555/1879/5297 5533/1889/5277 5556/1908/5303
f 5554/1907/5298 5555/1879/5297 5556/1908/5303
f 5552/1864/5296 5553/1906/5295 5560/1910/5304
f 5561/1902/5305 5552/1864/5296 5560/1910/5304
f 5560/1910/5304 5547/1903/5290 5497/1855/5244
f 5561/1902/5305 5560/1910/5304 5497/1855/5244
f 5562/1911/5203 5478/1840/5222 5460/1824/5204
f 5460/1824/5204 5473/1837/5219 5462/1826/5208
f 5459/1823/5205 5460/1824/5204 5462/1826/5208
f 5483/1844/5227 5412/1778/5156 5411/1779/5157
f 5432/1799/5178 5173/1809/4929 5296/1912/4886
f 5431/1798/5179 5432/1799/5178 5296/1912/4886
f 5483/1844/5227 5563/1913/5306 5445/1785/5188
f 5412/1778/5156 5483/1844/5227 5445/1785/5188
f 5567/1914/5307 5566/1811/5307 5565/1812/5308
f 5564/1846/5309 5567/1914/5307 5565/1812/5308
f 5564/1846/5309 5565/1812/5308 5569/1913/5310
f 5568/1845/5311 5564/1846/5309 5569/1913/5310
f 5408/1776/5155 5543/1794/5286 5450/1816/5192
f 5410/1775/5153 5408/1776/5155 5450/1816/5192
f 5451/1818/5197 5304/1915/5060 5270/1894/5026
f 5413/1781/5159 5133/1772/4889 5305/1916/5061
f 5571/1917/5312 5468/1832/5213 5570/1918/5313
f 5574/1919/5314 5545/1901/5288 5573/1921/5315
f 5572/1920/5316 5574/1919/5314 5573/1921/5315
f 5578/1922/5317 5577/1925/5318 5576/1924/5319
f 5575/1923/5263 5578/1922/5317 5576/1924/5319
f 5579/1926/5320 5578/1922/5317 5575/1923/5263
f 5517/1872/5259 5579/1926/5320 5575/1923/5263
f 5579/1926/5320 5517/1872/5259 5515/1873/5261
f 5580/1927/5321 5579/1926/5320 5515/1873/5261
f 5571/1917/5312 5581/1928/5322 5467/1831/5214
f 5468/1832/5213 5571/1917/5312 5467/1831/5214
f 5582/1848/5323 5570/1918/5313 5474/1838/5218
f 5584/1929/5324 5583/1930/5325 5523/1881/5268
f 5524/1880/5267 5584/1929/5324 5523/1881/5268
f 5586/1931/5326 5570/1918/5313 5582/1848/5323
f 5585/1849/5327 5586/1931/5326 5582/1848/5323
f 5474/1838/5218 5570/1918/5313 5468/1832/5213
f 5580/1927/5321 5515/1873/5261 5467/1831/5214
f 5581/1928/5322 5580/1927/5321 5467/1831/5214
f 5584/1929/5324 5524/1880/5267 5544/1900/5287
f 5587/1932/5328 5584/1929/5324 5544/1900/5287
f 5587/1932/5328 5544/1900/5287 5545/1901/5288
f 5574/1919/5314 5587/1932/5328 5545/1901/5288
f 5570/1918/5313 5588/1933/5329 5571/1917/5312
f 5591/1934/5330 5590/1936/5331 5589/1935/5332
f 5580/1927/5321 5590/1936/5331 5579/1926/5320
f 5586/1931/5326 5588/1933/5329 5570/1918/5313
f 5587/1932/5328 5589/1935/5332 5584/1929/5324
f 5588/1933/5329 5581/1928/5322 5571/1917/5312
f 5591/1934/5330 5589/1935/5332 5587/1932/5328
f 5590/1936/5331 5591/1934/5330 5579/1926/5320
f 5591/1934/5330 5592/1937/5333 5577/1925/5318
f 5578/1922/5317 5591/1934/5330 5577/1925/5318
f 5591/1934/5330 5574/1919/5314 5572/1920/5316
f 5592/1937/5333 5591/1934/5330 5572/1920/5316
f 5593/1938/5334 5516/1874/5260 5517/1872/5259
f 5596/1939/5335 5595/1941/5336 5594/1940/5275
f 5595/1941/5336 5593/1938/5334 5517/1872/5259
f 5595/1941/5336 5517/1872/5259 5594/1940/5275
f 5437/1803/5182 5404/1770/5150 5597/1942/5337
f 5405/1768/5149 5129/1769/4886 5171/1807/4926
f 5129/1769/4886 5404/1770/5150 5436/1801/5180
f 5296/1912/4886 5129/1769/4886 5436/1801/5180
f 5296/1912/4886 5436/1801/5180 5431/1798/5179
f 5589/1935/5332 5583/1930/5325 5584/1929/5324
f 5583/1930/5325 5586/1931/5326 5585/1849/5327
f 5523/1881/5268 5583/1930/5325 5585/1849/5327
f 5581/1928/5322 5588/1933/5329 5590/1936/5331
f 5580/1927/5321 5581/1928/5322 5590/1936/5331
f 5589/1935/5332 5590/1936/5331 5588/1933/5329
f 5588/1933/5329 5586/1931/5326 5583/1930/5325
f 5589/1935/5332 5588/1933/5329 5583/1930/5325
f 5471/1834/5338 5598/1881/5339 5489/1849/5237
f 5449/1815/5193 5523/1881/5268 5471/1834/5215
f 5579/1926/5320 5591/1934/5330 5578/1922/5317
f 5591/1934/5330 5587/1932/5328 5574/1919/5314
f 5459/1823/5205 5600/1944/5340 5599/1943/5341
f 5497/1855/5244 5498/1856/5243 5546/1902/5289
f 5414/1780/5158 5601/1820/5342 5545/1901/5288
f 5511/1869/5256 5510/1865/5252 5508/1866/5254
f 5525/1883/5271 5518/1876/5264 5519/1877/5263
f 5527/1882/5269 5525/1883/5271 5519/1877/5263
f 5531/1887/5274 5525/1883/5271 5526/1884/5270
f 5605/1945/4748 5604/1948/4748 5603/1947/5343
f 5602/1946/5344 5605/1945/4748 5603/1947/5343
f 5461/1822/5203 5599/1943/5341 5606/1949/5345
f 5610/1950/5346 5609/1953/5347 5608/1952/5348
f 5607/1951/5349 5610/1950/5346 5608/1952/5348
f 5607/1951/5349 5608/1952/5348 5611/1954/5350
f 5613/1955/5351 5609/1953/5347 5610/1950/5346
f 5612/1956/5352 5613/1955/5351 5610/1950/5346
f 5612/1956/5352 5615/1958/5303 5614/1957/5353
f 5613/1955/5351 5612/1956/5352 5614/1957/5353
f 5479/1839/5223 5484/1845/5230 5483/1844/5227
f 5568/1845/5311 5569/1913/5310 5616/1844/5354
f 5478/1840/5222 5562/1911/5203 5617/1959/5355
f 5461/1822/5203 5606/1949/5345 5618/1960/5355
f 5465/1828/5209 5462/1826/5208 5473/1837/5219
f 5474/1838/5218 5465/1828/5209 5473/1837/5219
f 5469/1833/5212 5465/1828/5209 5474/1838/5218
f 5468/1832/5213 5469/1833/5212 5474/1838/5218
f 5620/1961/5356 5619/1962/5357 5611/1954/5350
f 5615/1958/5303 5622/1964/5358 5621/1963/5359
f 5614/1957/5353 5615/1958/5303 5621/1963/5359
f 5428/1794/5174 5426/1791/5172 5427/1792/5171
f 5625/1965/5360 5624/1967/5361 5623/1966/5362
f 5451/1818/5197 5542/1899/5285 5453/1817/5195
f 5542/1899/5285 5539/1897/5284 5626/1898/5363
f 5453/1817/5195 5542/1899/5285 5626/1898/5363
f 5627/1968/5364 5457/1821/5201 5576/1924/5319
f 5577/1925/5318 5627/1968/5364 5576/1924/5319
f 5577/1925/5318 5592/1937/5333 5627/1968/5364
f 5592/1937/5333 5572/1920/5316 5627/1968/5364
f 5573/1921/5315 5457/1821/5201 5627/1968/5364
f 5572/1920/5316 5573/1921/5315 5627/1968/5364
f 5573/1921/5315 5601/1820/5342 5457/1821/5201
f 5602/1946/5344 5603/1947/5343 5628/1969/5358
f 5459/1823/5205 5463/1827/5207 5600/1944/5340
f 5631/1970/5365 5630/1972/5366 5629/1971/5367
f 5515/1873/5261 5516/1874/5260 5470/1830/5211
f 5414/1780/5158 5413/1781/5159 5415/1782/5162
f 5635/1776/5368 5634/1777/5369 5633/1974/5370
f 5632/1973/5371 5635/1776/5368 5633/1974/5370
f 5418/1778/5166 5419/1786/5165 5633/1974/5370
f 5634/1777/5369 5418/1778/5166 5633/1974/5370
f 5636/1973/5182 5429/1793/5173 5428/1794/5174
f 5632/1973/5371 5428/1794/5174 5635/1776/5368
f 5597/1942/5337 5404/1770/5150 5438/1804/5184
f 5430/1795/5175 5413/1781/5159 5305/1916/5061
f 5451/1818/5197 5452/1819/5196 5304/1915/5060
f 5498/1856/5243 5493/1851/5241 5546/1902/5289
f 5461/1822/5203 5459/1823/5205 5599/1943/5341
f 5406/1774/5152 5407/1771/5151 5414/1780/5158
f 5488/1788/5231 5406/1774/5152 5414/1780/5158
f 5534/1890/5201 5540/1898/5283 5526/1884/5270
f 5475/1836/5217 5448/1814/5194 5474/1838/5218
f 5479/1839/5223 5475/1836/5217 5473/1837/5219
f 5521/1879/5266 5522/1878/5265 5511/1869/5256
f 5533/1889/5277 5511/1869/5256 5513/1870/5258
f 5478/1840/5222 5617/1959/5355 5485/1846/5229
f 5545/1901/5288 5601/1820/5342 5573/1921/5315
f 5445/1785/5188 5563/1913/5306 5444/1812/5189
f 5639/1977/5372 5638/1976/5373 5637/1975/5374
f 5640/1978/5177 5639/1977/5372 5637/1975/5374
f 5639/1977/5372 5641/1979/5375 5638/1976/5373
f 5378/1898/5130 5379/1817/5129 5642/1817/5376
f 5643/1898/5377 5378/1898/5130 5642/1817/5376
f 5379/1817/5129 5645/1819/5378 5644/1819/5378
f 5642/1817/5376 5379/1817/5129 5644/1819/5378
f 5646/1890/5379 5384/1890/5135 5378/1898/5130
f 5643/1898/5377 5646/1890/5379 5378/1898/5130
f 5648/1784/5380 5386/1784/5139 5387/1783/5138
f 5647/1783/5381 5648/1784/5380 5387/1783/5138
f 5651/1795/5382 5650/1795/5382 5649/1784/5383
f 5386/1784/5139 5648/1784/5380 5652/1795/5384
f 5392/1783/5142 5393/1821/5135 5653/1821/5379
f 5654/1783/5385 5392/1783/5142 5653/1821/5379
f 5657/1982/5386 5656/1981/5387 5655/1980/5343
f 5658/1983/5386 5657/1982/5386 5655/1980/5343
f 5621/1963/5359 5622/1964/5358 5659/1984/5343
f 5611/1954/5350 5608/1952/5348 5660/1985/5388
f 5620/1961/5356 5611/1954/5350 5660/1985/5388
f 5607/1951/5349 5611/1954/5350 5662/1987/5389
f 5661/1986/5390 5607/1951/5349 5662/1987/5389
f 5665/1988/5391 5664/1989/5392 5663/1990/5393
f 5668/1991/5394 5667/1992/5395 5666/1993/5396
f 5665/1988/5391 5670/1994/5397 5669/1995/5398
f 5667/1992/5395 5663/1990/5393 5664/1989/5392
f 5663/1990/5393 5671/1996/5399 5665/1988/5391
f 5671/1996/5399 5663/1990/5393 5668/1991/5394
f 5665/1988/5391 5671/1996/5399 5672/1997/5400
f 5676/1998/5401 5675/1999/5394 5674/2000/5402
f 5673/2001/5403 5676/1998/5401 5674/2000/5402
f 5675/1999/5394 5678/2002/5404 5677/2003/5405
f 5674/2000/5402 5675/1999/5394 5677/2003/5405
f 5680/2004/5406 5676/1998/5401 5673/2001/5403
f 5679/2005/5407 5680/2004/5406 5673/2001/5403
f 5683/2006/5408 5682/2007/5409 5681/2008/5410
f 5687/1994/5411 5686/2009/5412 5685/2010/5413
f 5684/1995/5414 5687/1994/5411 5685/2010/5413
f 5684/1995/5414 5685/2010/5413 5688/2011/5415
f 5689/1989/5416 5684/1995/5414 5688/2011/5415
f 5682/2007/5409 5683/2006/5408 5690/2012/5413
f 5690/2012/5413 5683/2006/5408 5691/2013/5415
f 5670/1994/5397 5665/1988/5391 5692/2014/5417
f 5694/2015/5418 5693/2016/5419 5683/2006/5408
f 5681/2008/5410 5694/2015/5418 5683/2006/5408
f 5665/1988/5391 5672/1997/5400 5692/2014/5417
f 5696/2017/5420 5695/2018/5421 5672/1997/5400
f 5697/2019/5422 5696/2017/5420 5672/1997/5400
f 5672/1997/5400 5695/2018/5421 5692/2014/5417
f 5689/1989/5416 5699/1988/5423 5698/1990/5424
f 5702/1991/5425 5701/1993/5426 5700/1992/5427
f 5699/1988/5423 5704/1995/5428 5703/1994/5429
f 5698/1990/5424 5700/1992/5427 5689/1989/5416
f 5698/1990/5424 5699/1988/5423 5705/1996/5430
f 5700/1992/5427 5698/1990/5424 5702/1991/5425
f 5699/1988/5423 5706/1997/5431 5705/1996/5430
f 5710/1998/5432 5709/2001/5433 5708/2000/5434
f 5707/1999/5425 5710/1998/5432 5708/2000/5434
f 5707/1999/5425 5708/2000/5434 5712/2003/5435
f 5711/2002/5436 5707/1999/5425 5712/2003/5435
f 5714/2004/5437 5713/2005/5438 5709/2001/5433
f 5710/1998/5432 5714/2004/5437 5709/2001/5433
f 5683/2006/5408 5716/2008/5439 5715/2007/5440
f 5720/1994/5441 5719/1995/5442 5718/2010/5443
f 5717/2009/5444 5720/1994/5441 5718/2010/5443
f 5721/2011/5445 5718/2010/5443 5719/1995/5442
f 5664/1989/5446 5721/2011/5445 5719/1995/5442
f 5715/2007/5440 5722/2012/5443 5683/2006/5408
f 5722/2012/5443 5691/2013/5415 5683/2006/5408
f 5703/1994/5429 5723/2014/5447 5699/1988/5423
f 5724/2015/5448 5683/2006/5408 5693/2016/5419
f 5716/2008/5439 5683/2006/5408 5724/2015/5448
f 5699/1988/5423 5723/2014/5447 5706/1997/5431
f 5706/1997/5431 5726/2018/5449 5725/2017/5450
f 5727/2019/5451 5706/1997/5431 5725/2017/5450
f 5706/1997/5431 5723/2014/5447 5726/2018/5449
f 5731/1995/5452 5730/1988/5453 5729/1990/5454
f 5728/1989/5455 5731/1995/5452 5729/1990/5454
f 5734/1991/5456 5733/1993/5457 5732/1992/5458
f 5730/1988/5453 5731/1995/5452 5735/1994/5459
f 5729/1990/5454 5732/1992/5458 5728/1989/5455
f 5729/1990/5454 5730/1988/5453 5736/1996/5460
f 5729/1990/5454 5736/1996/5460 5734/1991/5456
f 5732/1992/5458 5729/1990/5454 5734/1991/5456
f 5730/1988/5453 5737/1997/5461 5736/1996/5460
f 5739/1998/5462 5673/2001/5403 5674/2000/5402
f 5738/1999/5456 5739/1998/5462 5674/2000/5402
f 5738/1999/5456 5674/2000/5402 5677/2003/5405
f 5740/2002/5463 5738/1999/5456 5677/2003/5405
f 5741/2004/5464 5679/2005/5407 5673/2001/5403
f 5739/1998/5462 5741/2004/5464 5673/2001/5403
f 5744/2006/5465 5743/2008/5466 5742/2007/5467
f 5748/1994/5468 5747/1995/5469 5746/2010/5470
f 5745/2009/5471 5748/1994/5468 5746/2010/5470
f 5749/2011/5472 5746/2010/5470 5747/1995/5469
f 5750/1989/5473 5749/2011/5472 5747/1995/5469
f 5742/2007/5467 5751/2012/5470 5744/2006/5465
f 5751/2012/5470 5752/2013/5472 5744/2006/5465
f 5735/1994/5459 5753/2014/5474 5730/1988/5453
f 5755/2015/5475 5744/2006/5465 5754/2016/5476
f 5743/2008/5466 5744/2006/5465 5755/2015/5475
f 5730/1988/5453 5753/2014/5474 5737/1997/5461
f 5737/1997/5461 5756/2018/5477 5696/2017/5420
f 5697/2019/5422 5737/1997/5461 5696/2017/5420
f 5737/1997/5461 5753/2014/5474 5756/2018/5477
f 5759/1995/5478 5750/1989/5479 5758/1990/5480
f 5757/1988/5481 5759/1995/5478 5758/1990/5480
f 5762/1991/5482 5761/1992/5483 5760/1993/5484
f 5757/1988/5481 5763/1994/5485 5759/1995/5478
f 5750/1989/5479 5761/1992/5483 5758/1990/5480
f 5758/1990/5480 5764/1996/5486 5757/1988/5481
f 5758/1990/5480 5761/1992/5483 5762/1991/5482
f 5764/1996/5486 5758/1990/5480 5762/1991/5482
f 5757/1988/5481 5764/1996/5486 5765/1997/5487
f 5767/1998/5488 5766/1999/5482 5708/2000/5434
f 5709/2001/5433 5767/1998/5488 5708/2000/5434
f 5766/1999/5482 5768/2002/5489 5712/2003/5435
f 5708/2000/5434 5766/1999/5482 5712/2003/5435
f 5769/2004/5490 5767/1998/5488 5709/2001/5433
f 5713/2005/5438 5769/2004/5490 5709/2001/5433
f 5744/2006/5465 5771/2007/5491 5770/2008/5492
f 5775/1994/5493 5774/2009/5494 5773/2010/5495
f 5772/1995/5496 5775/1994/5493 5773/2010/5495
f 5772/1995/5496 5773/2010/5495 5776/2011/5497
f 5728/1989/5455 5772/1995/5496 5776/2011/5497
f 5771/2007/5491 5744/2006/5465 5777/2012/5495
f 5777/2012/5495 5744/2006/5465 5752/2013/5472
f 5763/1994/5485 5757/1988/5481 5778/2014/5498
f 5779/2015/5499 5754/2016/5476 5744/2006/5465
f 5770/2008/5492 5779/2015/5499 5744/2006/5465
f 5757/1988/5481 5765/1997/5487 5778/2014/5498
f 5725/2017/5450 5780/2018/5500 5765/1997/5487
f 5727/2019/5451 5725/2017/5450 5765/1997/5487
f 5765/1997/5487 5780/2018/5500 5778/2014/5498
f 5783/2020/5501 5782/2021/5502 5781/2022/5503
f 5787/2023/5504 5786/2024/5505 5785/2025/5506
f 5784/2026/5507 5787/2023/5504 5785/2025/5506
f 5788/2027/5508 5787/2023/5504 5782/2021/5502
f 5782/2021/5502 5783/2020/5501 5789/2028/5509
f 5786/2024/5505 5787/2023/5504 5788/2027/5508
f 5790/2029/5510 5786/2024/5505 5788/2027/5508
f 5785/2025/5506 5791/2030/5511 5784/2026/5507
f 5781/2022/5503 5792/2031/5512 5783/2020/5501
f 5792/2031/5512 5793/2032/5513 5789/2028/5509
f 5783/2020/5501 5792/2031/5512 5789/2028/5509
f 5787/2023/5504 5794/2033/5514 5781/2022/5503
f 5781/2022/5503 5782/2021/5502 5787/2023/5504
f 5787/2023/5504 5784/2026/5507 5794/2033/5514
f 5797/2034/5515 5796/2035/5516 5795/2036/5517
f 5800/2037/5518 5799/2038/5519 5798/2039/5520
f 5802/2040/5521 5801/2035/5522 5800/2037/5518
f 5798/2039/5520 5802/2040/5521 5800/2037/5518
f 5806/2041/5523 5805/2042/5524 5804/2043/5525
f 5803/2044/5526 5806/2041/5523 5804/2043/5525
f 5797/2034/5515 5795/2036/5517 5804/2043/5525
f 5805/2042/5524 5797/2034/5515 5804/2043/5525
f 5810/2045/5527 5809/2046/5528 5808/2047/5397
f 5807/2048/5529 5810/2045/5527 5808/2047/5397
f 5813/2049/5530 5812/2050/5531 5811/2048/5532
f 5817/2051/5410 5816/2052/5533 5815/2053/5534
f 5814/2054/5535 5817/2051/5410 5815/2053/5534
f 5814/2054/5535 5818/2055/5536 5817/2051/5410
f 5818/2055/5536 5814/2054/5535 5820/2056/5537
f 5819/2057/5538 5818/2055/5536 5820/2056/5537
f 5822/2058/5539 5810/2045/5527 5807/2048/5529
f 5821/2059/5540 5822/2058/5539 5807/2048/5529
f 5826/2060/5541 5825/2061/5542 5824/2062/5543
f 5823/2063/5544 5826/2060/5541 5824/2062/5543
f 5828/2064/5545 5827/2065/5546 5809/2046/5528
f 5829/2066/5547 5828/2064/5545 5809/2046/5528
f 5829/2066/5547 5809/2046/5528 5810/2045/5527
f 5822/2058/5539 5829/2066/5547 5810/2045/5527
f 5831/2056/5548 5830/2054/5549 5827/2065/5546
f 5823/2063/5544 5831/2056/5548 5827/2065/5546
f 5828/2064/5545 5826/2060/5541 5823/2063/5544
f 5827/2065/5546 5828/2064/5545 5823/2063/5544
f 5809/2046/5528 5830/2054/5549 5832/2053/5550
f 5823/2063/5544 5824/2062/5543 5831/2056/5548
f 5809/2046/5528 5827/2065/5546 5830/2054/5549
f 5835/2067/5540 5834/2068/5551 5833/2069/5552
f 5836/2070/5553 5835/2067/5540 5833/2069/5552
f 5839/2071/5554 5838/2072/5555 5837/2073/5556
f 5843/2053/5557 5842/2052/5557 5841/2074/5558
f 5840/2047/5559 5843/2053/5557 5841/2074/5558
f 5809/2046/5528 5832/2053/5550 5808/2047/5397
f 5846/2075/5560 5845/2076/5560 5844/2077/5560
f 5781/2022/5503 5847/2078/5515 5792/2031/5512
f 5781/2022/5503 5794/2033/5514 5847/2078/5515
f 5850/2059/5561 5849/2059/5562 5848/2059/5563
f 5841/2074/5558 5813/2049/5530 5811/2048/5532
f 5840/2047/5559 5841/2074/5558 5811/2048/5532
f 5800/2037/5518 5851/2079/5511 5799/2038/5519
f 5851/2079/5511 5852/2080/5564 5799/2038/5519
f 5855/2020/5565 5854/2022/5566 5853/2021/5567
f 5859/2023/5568 5858/2026/5569 5857/2025/5570
f 5856/2024/5571 5859/2023/5568 5857/2025/5570
f 5861/2027/5572 5860/2028/5573 5853/2021/5567
f 5853/2021/5567 5860/2028/5573 5855/2020/5565
f 5856/2024/5571 5862/2029/5574 5861/2027/5572
f 5859/2023/5568 5856/2024/5571 5861/2027/5572
f 5857/2025/5570 5858/2026/5569 5791/2030/5511
f 5854/2022/5566 5855/2020/5565 5863/2031/5575
f 5863/2031/5575 5855/2020/5565 5860/2028/5573
f 5864/2032/5576 5863/2031/5575 5860/2028/5573
f 5859/2023/5568 5854/2022/5566 5865/2033/5577
f 5854/2022/5566 5859/2023/5568 5853/2021/5567
f 5859/2023/5568 5865/2033/5577 5858/2026/5569
f 5868/2035/5578 5867/2036/5579 5866/2040/5580
f 5871/2037/5581 5870/2039/5582 5869/2038/5583
f 5866/2040/5580 5870/2039/5582 5871/2037/5581
f 5868/2035/5578 5866/2040/5580 5871/2037/5581
f 5875/2041/5584 5874/2044/5585 5873/2043/5586
f 5872/2042/5587 5875/2041/5584 5873/2043/5586
f 5873/2043/5586 5877/2036/5588 5876/2034/5589
f 5872/2042/5587 5873/2043/5586 5876/2034/5589
f 5881/2045/5590 5880/2048/5591 5879/2047/5429
f 5878/2046/5592 5881/2045/5590 5879/2047/5429
f 5884/2049/5593 5883/2048/5594 5882/2050/5595
f 5888/2051/5439 5887/2054/5596 5886/2053/5597
f 5885/2052/5598 5888/2051/5439 5886/2053/5597
f 5887/2054/5596 5888/2051/5439 5889/2055/5599
f 5889/2055/5599 5891/2057/5600 5890/2056/5601
f 5887/2054/5596 5889/2055/5599 5890/2056/5601
f 5893/2058/5602 5892/2059/5603 5880/2048/5591
f 5881/2045/5590 5893/2058/5602 5880/2048/5591
f 5897/2060/5604 5896/2063/5605 5895/2062/5606
f 5894/2061/5607 5897/2060/5604 5895/2062/5606
f 5878/2046/5592 5899/2065/5608 5898/2064/5609
f 5900/2066/5610 5878/2046/5592 5898/2064/5609
f 5900/2066/5610 5893/2058/5602 5881/2045/5590
f 5878/2046/5592 5900/2066/5610 5881/2045/5590
f 5831/2056/5548 5896/2063/5605 5899/2065/5608
f 5901/2054/5611 5831/2056/5548 5899/2065/5608
f 5898/2064/5609 5899/2065/5608 5896/2063/5605
f 5897/2060/5604 5898/2064/5609 5896/2063/5605
f 5878/2046/5592 5902/2053/5612 5901/2054/5611
f 5896/2063/5605 5831/2056/5548 5824/2062/5543
f 5878/2046/5592 5901/2054/5611 5899/2065/5608
f 5905/2069/5613 5904/2068/5614 5903/2067/5603
f 5906/2070/5615 5905/2069/5613 5903/2067/5603
f 5909/2071/5616 5908/2073/5617 5907/2072/5618
f 5913/2053/5619 5912/2047/5620 5911/2074/5621
f 5910/2052/5619 5913/2053/5619 5911/2074/5621
f 5878/2046/5592 5879/2047/5429 5902/2053/5612
f 5916/2075/5622 5915/2077/5622 5914/2076/5622
f 5854/2022/5566 5863/2031/5575 5917/2078/5589
f 5854/2022/5566 5917/2078/5589 5865/2033/5577
f 5920/2059/5623 5919/2059/5624 5918/2059/5595
f 5911/2074/5621 5912/2047/5620 5883/2048/5594
f 5884/2049/5593 5911/2074/5621 5883/2048/5594
f 5871/2037/5581 5869/2038/5583 5921/2079/5625
f 5851/2079/5626 5869/2038/5627 5922/2080/5542
f 5925/2020/5628 5924/2022/5629 5923/2021/5630
f 5929/2023/5631 5928/2026/5632 5927/2025/5633
f 5926/2024/5634 5929/2023/5631 5927/2025/5633
f 5788/2027/5508 5923/2021/5630 5929/2023/5631
f 5923/2021/5630 5789/2028/5509 5925/2020/5628
f 5926/2024/5634 5790/2029/5510 5788/2027/5508
f 5929/2023/5631 5926/2024/5634 5788/2027/5508
f 5927/2025/5633 5928/2026/5632 5930/2030/5635
f 5924/2022/5629 5925/2020/5628 5931/2031/5636
f 5931/2031/5636 5925/2020/5628 5789/2028/5509
f 5932/2032/5637 5931/2031/5636 5789/2028/5509
f 5929/2023/5631 5924/2022/5629 5933/2033/5638
f 5924/2022/5629 5929/2023/5631 5923/2021/5630
f 5929/2023/5631 5933/2033/5638 5928/2026/5632
f 5936/2035/5639 5935/2036/5640 5934/2040/5641
f 5939/2037/5642 5938/2039/5643 5937/2038/5644
f 5934/2040/5641 5938/2039/5643 5939/2037/5642
f 5936/2035/5639 5934/2040/5641 5939/2037/5642
f 5943/2041/5645 5942/2044/5646 5941/2043/5647
f 5940/2042/5636 5943/2041/5645 5941/2043/5647
f 5941/2043/5647 5945/2036/5648 5944/2034/5649
f 5940/2042/5636 5941/2043/5647 5944/2034/5649
f 5949/2045/5650 5948/2048/5651 5947/2047/5459
f 5946/2046/5652 5949/2045/5650 5947/2047/5459
f 5952/2049/5653 5951/2048/5654 5950/2050/5655
f 5956/2051/5656 5955/2054/5657 5954/2053/5658
f 5953/2052/5658 5956/2051/5656 5954/2053/5658
f 5955/2054/5657 5956/2051/5656 5957/2081/5659
f 5957/2081/5659 5959/2057/5660 5958/2056/5661
f 5955/2054/5657 5957/2081/5659 5958/2056/5661
f 5961/2058/5662 5960/2059/5663 5948/2048/5651
f 5949/2045/5650 5961/2058/5662 5948/2048/5651
f 5965/2060/5664 5964/2063/5665 5963/2062/5666
f 5962/2061/5667 5965/2060/5664 5963/2062/5666
f 5946/2046/5652 5967/2065/5668 5966/2064/5669
f 5968/2066/5670 5946/2046/5652 5966/2064/5669
f 5968/2066/5670 5961/2058/5662 5949/2045/5650
f 5946/2046/5652 5968/2066/5670 5949/2045/5650
f 5969/2056/5671 5964/2063/5665 5967/2065/5668
f 5970/2054/5672 5969/2056/5671 5967/2065/5668
f 5966/2064/5669 5967/2065/5668 5964/2063/5665
f 5965/2060/5664 5966/2064/5669 5964/2063/5665
f 5946/2046/5652 5971/2053/5673 5970/2054/5672
f 5964/2063/5665 5969/2056/5671 5963/2062/5666
f 5946/2046/5652 5970/2054/5672 5967/2065/5668
f 5833/2069/5552 5834/2068/5551 5972/2067/5663
f 5973/2070/5674 5833/2069/5552 5972/2067/5663
f 5976/2071/5675 5975/2073/5676 5974/2072/5677
f 5980/2053/5678 5979/2047/5679 5978/2074/5680
f 5977/2052/5681 5980/2053/5678 5978/2074/5680
f 5946/2046/5652 5947/2047/5459 5971/2053/5673
f 5983/2075/5682 5982/2077/5682 5981/2076/5682
f 5924/2022/5629 5931/2031/5636 5984/2078/5649
f 5924/2022/5629 5984/2078/5649 5933/2033/5638
f 5850/2059/5683 5986/2059/5684 5985/2059/5655
f 5978/2074/5680 5979/2047/5679 5951/2048/5654
f 5952/2049/5653 5978/2074/5680 5951/2048/5654
f 5939/2037/5642 5937/2038/5644 5987/2079/5685
f 5987/2079/5685 5937/2038/5644 5988/2080/5686
f 5991/2020/5687 5990/2021/5688 5989/2022/5689
f 5995/2023/5690 5994/2024/5691 5993/2025/5692
f 5992/2026/5693 5995/2023/5690 5993/2025/5692
f 5861/2027/5572 5990/2021/5688 5860/2028/5573
f 5990/2021/5688 5991/2020/5687 5860/2028/5573
f 5994/2024/5691 5995/2023/5690 5861/2027/5572
f 5862/2029/5574 5994/2024/5691 5861/2027/5572
f 5993/2025/5692 5930/2030/5694 5992/2026/5693
f 5989/2022/5689 5996/2031/5695 5991/2020/5687
f 5996/2031/5695 5997/2032/5696 5860/2028/5573
f 5991/2020/5687 5996/2031/5695 5860/2028/5573
f 5995/2023/5690 5998/2033/5697 5989/2022/5689
f 5989/2022/5689 5990/2021/5688 5995/2023/5690
f 5995/2023/5690 5992/2026/5693 5998/2033/5697
f 6001/2034/5698 6000/2035/5699 5999/2036/5700
f 6004/2037/5701 6003/2038/5702 6002/2039/5703
f 6006/2040/5704 6005/2035/5705 6004/2037/5701
f 6002/2039/5703 6006/2040/5704 6004/2037/5701
f 6010/2041/5706 6009/2042/5707 6008/2043/5708
f 6007/2044/5709 6010/2041/5706 6008/2043/5708
f 6001/2034/5698 5999/2036/5700 6008/2043/5708
f 6009/2042/5707 6001/2034/5698 6008/2043/5708
f 6014/2045/5710 6013/2046/5711 6012/2047/5485
f 6011/2048/5712 6014/2045/5710 6012/2047/5485
f 6017/2049/5713 6016/2050/5714 6015/2048/5715
f 6021/2051/5492 6020/2052/5716 6019/2053/5716
f 6018/2054/5717 6021/2051/5492 6019/2053/5716
f 6018/2054/5717 6022/2081/5718 6021/2051/5492
f 6022/2081/5718 6018/2054/5717 6024/2056/5719
f 6023/2057/5719 6022/2081/5718 6024/2056/5719
f 6026/2058/5720 6014/2045/5710 6011/2048/5712
f 6025/2059/5721 6026/2058/5720 6011/2048/5712
f 6030/2060/5722 6029/2061/5723 6028/2062/5724
f 6027/2063/5725 6030/2060/5722 6028/2062/5724
f 6032/2064/5726 6031/2065/5727 6013/2046/5711
f 6033/2066/5728 6032/2064/5726 6013/2046/5711
f 6033/2066/5728 6013/2046/5711 6014/2045/5710
f 6026/2058/5720 6033/2066/5728 6014/2045/5710
f 5969/2056/5671 6034/2054/5729 6031/2065/5727
f 6027/2063/5725 5969/2056/5671 6031/2065/5727
f 6032/2064/5726 6030/2060/5722 6027/2063/5725
f 6031/2065/5727 6032/2064/5726 6027/2063/5725
f 6013/2046/5711 6034/2054/5729 6035/2053/5730
f 6027/2063/5725 5963/2062/5666 5969/2056/5671
f 6013/2046/5711 6031/2065/5727 6034/2054/5729
f 6036/2067/5721 5904/2068/5614 5905/2069/5613
f 6037/2070/5731 6036/2067/5721 5905/2069/5613
f 6040/2071/5732 6039/2072/5733 6038/2073/5734
f 6044/2053/5735 6043/2052/5735 6042/2074/5736
f 6041/2047/5737 6044/2053/5735 6042/2074/5736
f 6013/2046/5711 6035/2053/5730 6012/2047/5485
f 6047/2075/5738 6046/2076/5738 6045/2077/5738
f 5989/2022/5689 6048/2078/5698 5996/2031/5695
f 5989/2022/5689 5998/2033/5697 6048/2078/5698
f 5920/2059/5739 6050/2059/5714 6049/2059/5740
f 6042/2074/5736 6017/2049/5713 6015/2048/5715
f 6041/2047/5737 6042/2074/5736 6015/2048/5715
f 6004/2037/5701 6051/2079/5741 6003/2038/5702
f 5987/2079/5742 6052/2080/5743 6003/2038/5744
f 6055/2082/5745 6054/2083/5746 6053/2084/5747
f 6058/2085/5748 6057/2086/5749 6056/2087/5750
f 6059/2088/5751 6058/2085/5748 6056/2087/5750
f 6062/2089/5752 6061/2090/5753 6060/2091/5754
f 6065/2092/5755 6064/2093/5756 6063/2094/5757
f 6063/2094/5757 6067/2095/5758 6066/2096/5759
f 6068/2097/5760 6058/2085/5748 6059/2088/5751
f 6053/2084/5747 6068/2097/5760 6059/2088/5751
f 6054/2083/5746 6069/2098/5761 6068/2097/5760
f 6053/2084/5747 6054/2083/5746 6068/2097/5760
f 6071/2099/5762 6070/2100/5763 6061/2090/5753
f 6073/2100/5764 6072/2101/5765 6065/2092/5755
f 6063/2094/5757 6073/2100/5764 6065/2092/5755
f 6059/2088/5751 6056/2087/5750 6074/2102/5766
f 6076/2091/5767 6075/2090/5768 6054/2083/5746
f 6078/2103/5769 6056/2087/5750 6057/2086/5749
f 6077/2104/5770 6078/2103/5769 6057/2086/5749
f 6073/2100/5764 6063/2094/5757 6066/2096/5759
f 6075/2090/5768 6073/2100/5764 6066/2096/5759
f 6080/2105/5771 6079/2101/5772 6070/2100/5763
f 6082/2106/5773 6065/2092/5755 6072/2101/5765
f 6081/2107/5774 6082/2106/5773 6072/2101/5765
f 6064/2093/5756 6065/2092/5755 6082/2106/5773
f 6079/2101/5772 6080/2105/5771 6083/2108/5775
f 6071/2099/5762 6080/2105/5771 6070/2100/5763
f 6075/2090/5768 6066/2096/5759 6054/2083/5746
f 6053/2084/5747 6059/2088/5751 6055/2082/5745
f 6069/2098/5761 6054/2083/5746 6067/2095/5758
f 6056/2087/5750 6078/2103/5769 6084/2109/5776
f 6087/2110/5777 6086/2111/5778 6085/2112/5779
f 6088/2113/5780 6086/2111/5778 6087/2110/5777
f 6087/2110/5777 6085/2112/5779 6089/2114/5781
f 6088/2113/5780 6087/2110/5777 6090/2115/5782
f 6093/2116/5783 6092/2117/5784 6091/2118/5785
f 6095/2119/5786 6092/2117/5784 6089/2114/5781
f 6094/2120/5787 6095/2119/5786 6089/2114/5781
f 6096/2121/5788 6087/2110/5777 6089/2114/5781
f 6092/2117/5784 6095/2119/5786 6091/2118/5785
f 6055/2082/5745 6076/2091/5767 6054/2083/5746
f 6059/2088/5751 6074/2102/5766 6055/2082/5745
f 6056/2087/5750 6084/2109/5776 6074/2102/5766
f 6062/2089/5752 6071/2099/5762 6061/2090/5753
f 6063/2094/5757 6064/2093/5756 6067/2095/5758
f 6054/2083/5746 6066/2096/5759 6067/2095/5758
f 6099/2082/5789 6098/2084/5790 6097/2083/5791
f 6102/2087/5792 6101/2086/5793 6100/2085/5794
f 6103/2088/5795 6102/2087/5792 6100/2085/5794
f 6105/2089/5796 6076/2091/5797 6104/2090/5798
f 6108/2092/5799 6107/2094/5800 6106/2093/5801
f 6107/2094/5800 6110/2096/5802 6109/2095/5803
f 6111/2097/5804 6098/2084/5790 6103/2088/5795
f 6100/2085/5794 6111/2097/5804 6103/2088/5795
f 6097/2083/5791 6098/2084/5790 6111/2097/5804
f 6112/2098/5805 6097/2083/5791 6111/2097/5804
f 6114/2099/5806 6104/2090/5798 6113/2100/5807
f 6116/2100/5808 6107/2094/5800 6108/2092/5799
f 6115/2101/5809 6116/2100/5808 6108/2092/5799
f 6103/2088/5795 6117/2102/5810 6102/2087/5792
f 6060/2091/5811 6097/2083/5791 6118/2090/5812
f 6120/2103/5813 6119/2104/5813 6101/2086/5793
f 6102/2087/5792 6120/2103/5813 6101/2086/5793
f 6116/2100/5808 6118/2090/5812 6110/2096/5802
f 6107/2094/5800 6116/2100/5808 6110/2096/5802
f 6122/2105/5814 6113/2100/5807 6121/2101/5815
f 6124/2106/5816 6123/2107/5817 6115/2101/5809
f 6108/2092/5799 6124/2106/5816 6115/2101/5809
f 6106/2093/5801 6124/2106/5816 6108/2092/5799
f 6121/2101/5815 6125/2108/5818 6122/2105/5814
f 6114/2099/5806 6113/2100/5807 6122/2105/5814
f 6118/2090/5812 6097/2083/5791 6110/2096/5802
f 6098/2084/5790 6099/2082/5789 6103/2088/5795
f 6112/2098/5805 6109/2095/5803 6097/2083/5791
f 6102/2087/5792 6084/2109/5776 6078/2103/5769
f 6087/2110/5777 6127/2112/5819 6126/2111/5820
f 6128/2113/5821 6087/2110/5777 6126/2111/5820
f 6131/2122/5822 6127/2112/5819 6130/2114/5823
f 6129/2120/5824 6131/2122/5822 6130/2114/5823
f 6128/2113/5821 6090/2115/5782 6087/2110/5777
f 6134/2116/5825 6133/2118/5826 6132/2117/5827
f 6135/2119/5828 6129/2120/5824 6130/2114/5823
f 6132/2117/5827 6135/2119/5828 6130/2114/5823
f 6096/2121/5788 6130/2114/5823 6087/2110/5777
f 6132/2117/5827 6133/2118/5826 6135/2119/5828
f 6099/2082/5789 6097/2083/5791 6060/2091/5811
f 6103/2088/5795 6099/2082/5789 6117/2102/5810
f 6102/2087/5792 6117/2102/5810 6084/2109/5776
f 6105/2089/5796 6104/2090/5798 6114/2099/5806
f 6107/2094/5800 6109/2095/5803 6106/2093/5801
f 6097/2083/5791 6109/2095/5803 6110/2096/5802
f 6138/1768/5829 6137/1770/5830 6136/1769/5831
f 6142/1773/5832 6141/1772/5833 6140/1780/5834
f 6139/1788/5835 6142/1773/5832 6140/1780/5834
f 6145/2123/5836 6144/1777/5837 6143/1776/5838
f 6147/1778/5839 6144/1777/5837 6145/2123/5836
f 6146/1779/5840 6147/1778/5839 6145/2123/5836
f 6151/1785/5841 6150/1787/5842 6149/1786/5843
f 6148/1778/5844 6151/1785/5841 6149/1786/5843
f 6139/1788/5835 6153/1790/5845 6152/1796/5846
f 6142/1773/5832 6139/1788/5835 6152/1796/5846
f 6153/1790/5845 6139/1788/5835 6155/1792/5847
f 6154/1791/5848 6153/1790/5845 6155/1792/5847
f 6157/1793/5849 6154/1791/5848 6156/1794/5850
f 6161/1797/5851 6160/1800/5852 6159/1799/5853
f 6158/1798/5854 6161/1797/5851 6159/1799/5853
f 6164/1801/5855 6163/1802/5856 6162/1797/5857
f 6158/1798/5854 6164/1801/5855 6162/1797/5857
f 6164/1801/5855 6137/1770/5830 6165/1803/5858
f 6163/1802/5856 6164/1801/5855 6165/1803/5858
f 6167/1805/5859 6166/1804/5848 6137/1770/5830
f 6138/1768/5829 6167/1805/5859 6137/1770/5830
f 6169/1808/5860 6167/1805/5859 6138/1768/5829
f 6168/1807/5861 6169/1808/5860 6138/1768/5829
f 6172/1809/5862 6159/1799/5853 6171/1800/5863
f 6170/1810/5864 6172/1809/5862 6171/1800/5863
f 6175/1785/5865 6174/2124/5866 6173/1811/5867
f 6177/1811/5868 6176/1813/5868 6150/1787/5842
f 6151/1785/5841 6177/1811/5868 6150/1787/5842
f 6139/1788/5835 6140/1780/5834 6178/1847/5869
f 6155/1792/5847 6139/1788/5835 6178/1847/5869
f 6155/1792/5847 6178/1847/5869 6180/1816/5870
f 6179/1794/5871 6155/1792/5847 6180/1816/5870
f 6146/1779/5840 6174/2124/5866 6175/1785/5865
f 6147/1778/5839 6146/1779/5840 6175/1785/5865
f 6159/1799/5853 6172/1809/5862 6181/1912/5831
f 6158/1798/5854 6159/1799/5853 6181/1912/5831
f 6173/1811/5867 6174/2124/5866 6182/1914/5872
f 6143/1776/5838 6179/1794/5871 6180/1816/5870
f 6145/2123/5836 6143/1776/5838 6180/1816/5870
f 6165/1803/5858 6137/1770/5830 6183/1942/5873
f 6138/1768/5829 6136/1769/5831 6168/1807/5861
f 6136/1769/5831 6137/1770/5830 6164/1801/5855
f 6181/1912/5831 6136/1769/5831 6164/1801/5855
f 6181/1912/5831 6164/1801/5855 6158/1798/5854
f 6156/1794/5850 6154/1791/5848 6155/1792/5847
f 6186/1965/5874 6185/1967/5874 6184/1966/5874
f 6189/1777/5875 6188/1974/5876 6187/1973/5858
f 6190/1776/5877 6189/1777/5875 6187/1973/5858
f 6189/1777/5875 6148/1778/5844 6149/1786/5843
f 6188/1974/5876 6189/1777/5875 6149/1786/5843
f 6187/1973/5858 6157/1793/5849 6156/1794/5850
f 6187/1973/5858 6156/1794/5850 6190/1776/5877
f 6183/1942/5873 6137/1770/5830 6166/1804/5848
f 6194/2125/5878 6193/2126/5878 6192/2127/5879
f 6191/2128/5879 6194/2125/5878 6192/2127/5879
f 6196/1768/5880 6136/1769/5831 6195/1770/5881
f 6198/1780/5882 6141/1772/5833 6142/1773/5832
f 6197/1788/5883 6198/1780/5882 6142/1773/5832
f 6201/2123/5884 6200/1776/5885 6199/1777/5886
f 6203/1778/5887 6202/1779/5888 6201/2123/5884
f 6199/1777/5886 6203/1778/5887 6201/2123/5884
f 6207/1785/5889 6206/1778/5890 6205/1786/5891
f 6204/1787/5892 6207/1785/5889 6205/1786/5891
f 6197/1788/5883 6142/1773/5832 6152/1796/5846
f 6208/1790/5893 6197/1788/5883 6152/1796/5846
f 6208/1790/5893 6210/1791/5894 6209/1792/5895
f 6197/1788/5883 6208/1790/5893 6209/1792/5895
f 6212/1793/5896 6211/1794/5897 6210/1791/5894
f 6216/1797/5898 6215/1798/5899 6214/1799/5900
f 6213/1800/5898 6216/1797/5898 6214/1799/5900
f 6219/1801/5901 6215/1798/5899 6218/1797/5902
f 6217/1802/5903 6219/1801/5901 6218/1797/5902
f 6219/1801/5901 6217/1802/5903 6220/1803/5904
f 6195/1770/5881 6219/1801/5901 6220/1803/5904
f 6195/1770/5881 6222/1804/5905 6221/1805/5906
f 6196/1768/5880 6195/1770/5881 6221/1805/5906
f 6196/1768/5880 6221/1805/5906 6169/1808/5860
f 6168/1807/5861 6196/1768/5880 6169/1808/5860
f 6172/1809/5862 6170/1810/5864 6223/1800/5907
f 6214/1799/5900 6172/1809/5862 6223/1800/5907
f 6226/1785/5908 6225/1811/5909 6224/2124/5910
f 6228/1811/5911 6207/1785/5889 6204/1787/5892
f 6227/1813/5911 6228/1811/5911 6204/1787/5892
f 6197/1788/5883 6209/1792/5895 6229/1847/5912
f 6198/1780/5882 6197/1788/5883 6229/1847/5912
f 6209/1792/5895 6231/1794/5913 6230/1816/5914
f 6229/1847/5912 6209/1792/5895 6230/1816/5914
f 6202/1779/5888 6203/1778/5887 6226/1785/5908
f 6224/2124/5910 6202/1779/5888 6226/1785/5908
f 6214/1799/5900 6215/1798/5899 6181/1912/5831
f 6172/1809/5862 6214/1799/5900 6181/1912/5831
f 6225/1811/5909 6232/1914/5915 6224/2124/5910
f 6200/1776/5885 6201/2123/5884 6230/1816/5914
f 6231/1794/5913 6200/1776/5885 6230/1816/5914
f 6220/1803/5904 6233/1942/5916 6195/1770/5881
f 6196/1768/5880 6168/1807/5861 6136/1769/5831
f 6136/1769/5831 6181/1912/5831 6219/1801/5901
f 6195/1770/5881 6136/1769/5831 6219/1801/5901
f 6181/1912/5831 6215/1798/5899 6219/1801/5901
f 6211/1794/5897 6209/1792/5895 6210/1791/5894
f 6236/1965/5917 6235/1966/5917 6234/1967/5917
f 6239/1973/5918 6238/1974/5919 6237/1777/5920
f 6240/1776/5921 6239/1973/5918 6237/1777/5920
f 6237/1777/5920 6238/1974/5919 6205/1786/5891
f 6206/1778/5890 6237/1777/5920 6205/1786/5891
f 6239/1973/5918 6211/1794/5897 6212/1793/5896
f 6239/1973/5918 6240/1776/5921 6211/1794/5897
f 6233/1942/5916 6222/1804/5905 6195/1770/5881
f 6244/2125/5922 6243/2128/5923 6242/2127/5923
f 6241/2126/5922 6244/2125/5922 6242/2127/5923
f 6247/2129/4825 6246/2130/4825 6245/2131/4825
f 6248/2132/4825 6247/2129/4825 6245/2131/4825
f 6251/2133/5924 6250/2134/5924 6249/2135/5924
f 6252/2136/5924 6251/2133/5924 6249/2135/5924
f 6255/2136/5925 6254/2135/5925 6253/2134/5925
f 6256/2133/5925 6255/2136/5925 6253/2134/5925
f 6260/2137/5926 6259/2138/5926 6258/2139/5926
f 6257/2140/5926 6260/2137/5926 6258/2139/5926
f 6263/2141/5927 6262/2142/5927 6261/2143/5927
f 6264/2144/5927 6263/2141/5927 6261/2143/5927
f 6267/2145/5928 6266/2146/5929 6265/2147/5930
f 6270/2148/5931 6269/2149/5932 6268/2150/5933
f 6274/2151/5934 6273/2152/5935 6272/2153/5936
f 6271/2154/5937 6274/2151/5934 6272/2153/5936
f 6277/2155/5938 6276/2156/5939 6275/2145/5940
f 6279/2157/5941 6265/2147/5930 6278/2158/5942
f 6276/2156/5939 6281/2159/5943 6280/2160/5944
f 6285/2161/5945 6284/2162/5946 6283/2163/5947
f 6282/2164/5948 6285/2161/5945 6283/2163/5947
f 6288/2165/5949 6287/2166/5950 6286/2167/5951
f 6273/2152/5935 6289/2168/5952 6272/2153/5936
f 6273/2152/5935 6291/2169/5953 6290/2170/5954
f 6267/2145/5928 6273/2152/5935 6290/2170/5954
f 6292/2171/5955 6267/2145/5928 6290/2170/5954
f 6266/2146/5929 6267/2145/5928 6292/2171/5955
f 6271/2154/5937 6293/2165/5956 6274/2151/5934
f 6291/2169/5953 6273/2152/5935 6274/2151/5934
f 6294/2172/5957 6291/2169/5953 6274/2151/5934
f 6296/2173/5958 6294/2172/5957 6274/2151/5934
f 6295/2165/5959 6296/2173/5958 6274/2151/5934
f 6287/2166/5950 6285/2161/5945 6282/2164/5948
f 6286/2167/5951 6287/2166/5950 6282/2164/5948
f 6298/2174/5960 6288/2165/5949 6286/2167/5951
f 6297/2175/5961 6298/2174/5960 6286/2167/5951
f 6280/2160/5944 6301/2176/5962 6300/2177/5963
f 6299/2178/5964 6280/2160/5944 6300/2177/5963
f 6301/2176/5962 6302/2179/5965 6300/2177/5963
f 6300/2177/5963 6302/2179/5965 6303/2180/5966
f 6289/2168/5952 6276/2156/5939 6280/2160/5944
f 6304/2181/5967 6289/2168/5952 6280/2160/5944
f 6299/2178/5964 6304/2181/5967 6280/2160/5944
f 6308/2182/5968 6307/2183/5969 6306/2184/5970
f 6305/2185/5971 6308/2182/5968 6306/2184/5970
f 6311/2186/5972 6310/2187/5973 6309/2188/5974
f 6313/2189/5975 6312/2190/5976 6268/2150/5933
f 6281/2159/5943 6315/2157/5977 6314/2186/5978
f 6315/2157/5977 6281/2159/5943 6277/2155/5938
f 6318/2191/5979 6317/2188/5980 6316/2192/5981
f 6320/2193/5982 6319/2194/5983 6307/2183/5969
f 6315/2157/5977 6277/2155/5938 6321/2147/5984
f 6321/2147/5984 6277/2155/5938 6275/2145/5940
f 6301/2176/5962 6306/2184/5970 6302/2179/5965
f 6319/2194/5983 6302/2179/5965 6307/2183/5969
f 6302/2179/5965 6319/2194/5983 6322/2195/5985
f 6302/2179/5965 6322/2195/5985 6303/2180/5966
f 6269/2149/5932 6313/2189/5975 6268/2150/5933
f 6305/2185/5971 6318/2191/5979 6308/2182/5968
f 6308/2182/5968 6318/2191/5979 6316/2192/5981
f 6320/2193/5982 6308/2182/5968 6316/2192/5981
f 6270/2148/5931 6268/2150/5933 6301/2176/5962
f 6280/2160/5944 6270/2148/5931 6301/2176/5962
f 6270/2148/5931 6280/2160/5944 6281/2159/5943
f 6269/2149/5932 6270/2148/5931 6281/2159/5943
f 6281/2159/5943 6314/2186/5978 6313/2189/5975
f 6269/2149/5932 6281/2159/5943 6313/2189/5975
f 6323/2196/5986 6313/2189/5975 6314/2186/5978
f 6317/2188/5980 6323/2196/5986 6314/2186/5978
f 6318/2191/5979 6323/2196/5986 6317/2188/5980
f 6312/2190/5976 6325/2185/5987 6324/2184/5988
f 6268/2150/5933 6312/2190/5976 6324/2184/5988
f 6324/2184/5988 6301/2176/5962 6268/2150/5933
f 6273/2152/5935 6275/2145/5940 6276/2156/5939
f 6273/2152/5935 6276/2156/5939 6289/2168/5952
f 6329/2197/5989 6328/2198/5990 6327/2199/5991
f 6326/2200/5992 6329/2197/5989 6327/2199/5991
f 6331/2201/5993 6330/2202/5994 6327/2199/5991
f 6328/2198/5990 6331/2201/5993 6327/2199/5991
f 6334/2203/5995 6333/2204/5996 6332/2205/5997
f 6337/2206/5998 6336/2207/5999 6335/2208/6000
f 6335/2208/6000 6329/2197/5989 6326/2200/5992
f 6337/2206/5998 6335/2208/6000 6326/2200/5992
f 6338/2209/6001 6297/2175/5961 6286/2167/5951
f 6282/2164/5948 6338/2209/6001 6286/2167/5951
f 6342/2210/6002 6341/2163/6003 6340/2211/6004
f 6339/2212/6005 6342/2210/6002 6340/2211/6004
f 6340/2211/6004 6343/2180/6006 6339/2212/6005
f 6342/2210/6007 6338/2209/6001 6282/2164/5948
f 6283/2163/5947 6342/2210/6007 6282/2164/5948
f 6278/2158/5942 6310/2187/5973 6311/2186/5972
f 6279/2157/5941 6278/2158/5942 6311/2186/5972
f 6284/2162/5946 6345/2213/6008 6344/2211/6009
f 6283/2163/5947 6284/2162/5946 6344/2211/6009
f 6303/2180/5966 6344/2211/6009 6345/2213/6008
f 6277/2155/5938 6281/2159/5943 6276/2156/5939
f 6300/2177/5963 6345/2213/6008 6299/2178/5964
f 6345/2213/6008 6284/2162/5946 6304/2181/5967
f 6299/2178/5964 6345/2213/6008 6304/2181/5967
f 6272/2153/5936 6284/2162/5946 6285/2161/5945
f 6271/2154/5937 6272/2153/5936 6285/2161/5945
f 6287/2166/5950 6271/2154/5937 6285/2161/5945
f 6293/2165/5956 6271/2154/5937 6287/2166/5950
f 6304/2181/5967 6284/2162/5946 6289/2168/5952
f 6303/2180/5966 6345/2213/6008 6300/2177/5963
f 6306/2184/5970 6307/2183/5969 6302/2179/5965
f 6272/2153/5936 6289/2168/5952 6284/2162/5946
f 6348/2214/4825 6347/2215/4825 6346/2216/4825
f 6349/2217/4825 6348/2214/4825 6346/2216/4825
f 6353/2136/6010 6352/2133/6010 6351/2134/6010
f 6350/2135/6010 6353/2136/6010 6351/2134/6010
f 6357/2134/6011 6356/2133/6012 6355/2136/6013
f 6354/2135/6014 6357/2134/6011 6355/2136/6013
f 6361/2216/4825 6360/2217/4825 6359/2214/4825
f 6358/2215/4825 6361/2216/4825 6359/2214/4825
f 6365/2136/6010 6364/2133/6010 6363/2134/6010
f 6362/2135/6010 6365/2136/6010 6363/2134/6010
f 6369/2134/6015 6368/2133/6016 6367/2136/6017
f 6366/2135/6018 6369/2134/6015 6367/2136/6017
f 6373/2143/6019 6372/2142/6011 6371/2218/6020
f 6370/2144/6020 6373/2143/6019 6371/2218/6020
f 6377/2137/6021 6376/2140/6022 6375/2139/6022
f 6374/2138/6014 6377/2137/6021 6375/2139/6022
f 6381/2143/6023 6380/2142/6024 6379/2218/6025
f 6378/2144/6025 6381/2143/6023 6379/2218/6025
f 6385/2137/6017 6384/2140/6026 6383/2139/6027
f 6382/2138/6018 6385/2137/6017 6383/2139/6027
f 6388/2219/6028 6387/2220/6029 6386/2221/6030
f 6392/2222/6031 6391/2223/6032 6390/2224/6033
f 6389/2225/6034 6392/2222/6031 6390/2224/6033
f 6388/2219/6028 6393/2226/6035 6387/2220/6029
f 6388/2219/6028 6395/2227/6036 6394/2228/6037
f 6398/2229/6038 6397/2230/6039 6396/2231/6040
f 6400/2232/6041 6399/2233/6042 6394/2228/6037
f 6403/2234/6043 6402/2235/6044 6401/2236/6045
f 6406/2237/6046 6405/2238/6047 6404/2239/6048
f 6388/2219/6028 6386/2221/6030 6395/2227/6036
f 6410/2240/6049 6409/2241/6050 6408/2242/6051
f 6407/2243/6052 6410/2240/6049 6408/2242/6051
f 6402/2235/6044 6396/2231/6040 6397/2230/6039
f 6413/2244/6053 6412/2245/6054 6411/2246/6055
f 6413/2244/6053 6415/2247/6056 6414/2248/6057
f 6419/2249/6058 6418/2250/6059 6417/2251/6060
f 6416/2252/6061 6419/2249/6058 6417/2251/6060
f 6422/2235/6062 6421/2253/6063 6420/2236/6064
f 6426/2254/6065 6425/2255/6066 6424/2256/6067
f 6423/2257/6068 6426/2254/6065 6424/2256/6067
f 6428/2258/6069 6427/2259/6070 6412/2245/6054
f 6431/2260/6071 6430/2261/6072 6429/2262/6073
f 6428/2258/6069 6431/2260/6071 6429/2262/6073
f 6431/2260/6071 6432/2263/6074 6430/2261/6072
f 6431/2260/6071 6412/2245/6054 6414/2248/6057
f 6432/2263/6074 6434/2264/6075 6433/2265/6076
f 6434/2264/6075 6431/2260/6071 6414/2248/6057
f 6437/2266/6077 6436/2267/6078 6435/2268/6075
f 6416/2252/6061 6417/2251/6060 6438/2269/6079
f 6442/2270/6080 6441/2271/6048 6440/2272/6081
f 6439/2273/6082 6442/2270/6080 6440/2272/6081
f 6445/2274/6083 6444/2275/6084 6443/2276/6085
f 6448/2277/6086 6444/2275/6084 6447/2278/6087
f 6446/2279/6088 6448/2277/6086 6447/2278/6087
f 6448/2277/6086 6446/2279/6088 6450/2280/6089
f 6449/2281/6090 6448/2277/6086 6450/2280/6089
f 6453/2282/6091 6452/2283/6092 6451/2284/6093
f 6451/2284/6093 6452/2283/6092 6454/2285/6094
f 6455/2286/6095 6451/2284/6093 6454/2285/6094
f 6445/2274/6083 6443/2276/6085 6457/2287/6096
f 6456/2288/6097 6445/2274/6083 6457/2287/6096
f 6445/2274/6083 6456/2288/6097 6447/2278/6087
f 6444/2275/6084 6445/2274/6083 6447/2278/6087
f 6459/2289/6098 6458/2290/6099 6448/2277/6086
f 6449/2281/6090 6459/2289/6098 6448/2277/6086
f 6463/2291/6100 6462/2292/6101 6461/2293/6102
f 6460/2294/6103 6463/2291/6100 6461/2293/6102
f 6467/2291/6104 6466/2295/6105 6465/2296/6106
f 6464/2297/6107 6467/2291/6104 6465/2296/6106
f 6471/2298/6108 6470/2299/6109 6469/2300/6110
f 6468/2301/6111 6471/2298/6108 6469/2300/6110
f 6473/2302/6112 6472/2303/6113 6470/2299/6109
f 6471/2298/6108 6473/2302/6112 6470/2299/6109
f 6475/2304/6114 6474/2305/6115 6461/2293/6102
f 6462/2292/6101 6475/2304/6114 6461/2293/6102
f 6475/2304/6114 6462/2292/6101 6476/2306/6116
f 6466/2295/6105 6478/2307/6117 6477/2308/6118
f 6477/2308/6118 6479/2309/6119 6465/2296/6106
f 6466/2295/6105 6477/2308/6118 6465/2296/6106
f 6483/2310/6120 6482/2311/6121 6481/2312/6122
f 6480/2313/6123 6483/2310/6120 6481/2312/6122
f 6486/2314/6048 6485/2315/6124 6484/2316/6081
f 6489/2317/6125 6488/2318/6126 6487/2319/6048
f 6491/2320/6127 6412/2245/6054 6490/2321/6128
f 6493/2322/6129 6492/2323/6130 6464/2297/6107
f 6465/2296/6106 6493/2322/6129 6464/2297/6107
f 6494/2324/6131 6493/2322/6129 6465/2296/6106
f 6479/2309/6119 6494/2324/6131 6465/2296/6106
f 6496/2325/6132 6406/2237/6046 6495/2326/6133
f 6500/2327/6134 6499/2328/6135 6498/2329/6136
f 6497/2330/6137 6500/2327/6134 6498/2329/6136
f 6503/2331/6138 6502/2332/6139 6501/2333/6140
f 6505/2334/6141 6501/2333/6140 6504/2335/6040
f 6506/2336/6142 6505/2334/6141 6500/2327/6134
f 6497/2330/6137 6506/2336/6142 6500/2327/6134
f 6505/2334/6141 6506/2336/6142 6501/2333/6140
f 6508/2337/6133 6502/2332/6139 6503/2331/6138
f 6507/2338/6143 6508/2337/6133 6503/2331/6138
f 6511/2328/6144 6510/2339/6145 6509/2329/6146
f 6501/2333/6140 6513/2340/6147 6512/2335/6147
f 6516/2341/6148 6515/2342/6149 6514/2343/6150
f 6517/2344/6059 6516/2341/6148 6514/2343/6150
f 6518/2345/6151 6516/2341/6148 6517/2344/6059
f 6514/2343/6150 6515/2342/6149 6519/2346/6152
f 6497/2330/6137 6498/2329/6136 6507/2338/6143
f 6503/2331/6138 6501/2333/6140 6506/2336/6142
f 6506/2336/6142 6497/2330/6137 6507/2338/6143
f 6503/2331/6138 6506/2336/6142 6507/2338/6143
f 6404/2239/6048 6397/2230/6039 6398/2229/6038
f 6406/2237/6046 6404/2239/6048 6398/2229/6038
f 6403/2234/6043 6520/2231/6153 6402/2235/6044
f 6495/2326/6133 6389/2225/6034 6390/2224/6033
f 6496/2325/6132 6495/2326/6133 6390/2224/6033
f 6509/2329/6146 6510/2339/6145 6508/2337/6133
f 6507/2338/6143 6509/2329/6146 6508/2337/6133
f 6399/2233/6042 6393/2226/6035 6394/2228/6037
f 6395/2227/6036 6400/2232/6041 6394/2228/6037
f 6522/2234/6041 6401/2236/6045 6521/2347/6042
f 6526/2348/6082 6525/2349/6154 6524/2350/6155
f 6523/2351/6080 6526/2348/6082 6524/2350/6155
f 6528/2352/6156 6527/2321/6157 6427/2259/6070
f 6532/2353/6158 6531/2354/6159 6530/2355/6160
f 6529/2356/6161 6532/2353/6158 6530/2355/6160
f 6534/2357/6161 6530/2355/6162 6533/2358/6154
f 6535/2359/6163 6397/2230/6039 6404/2239/6048
f 6538/2360/6164 6537/2361/6116 6536/2362/6165
f 6541/2363/6065 6540/2364/6165 6539/2365/6166
f 6545/2366/6167 6544/2367/6167 6543/2362/6168
f 6542/2361/6168 6545/2366/6167 6543/2362/6168
f 6548/2368/6169 6547/2255/6170 6546/2369/6171
f 6547/2255/6170 6548/2368/6169 6550/2370/6158
f 6549/2256/6172 6547/2255/6170 6550/2370/6158
f 6554/2371/6173 6553/2372/6174 6552/2373/6174
f 6551/2374/6175 6554/2371/6173 6552/2373/6174
f 6551/2374/6175 6556/2375/6176 6555/2376/6176
f 6554/2371/6173 6551/2374/6175 6555/2376/6176
f 6541/2363/6065 6539/2365/6166 6558/2377/6177
f 6557/2378/6171 6541/2363/6065 6558/2377/6177
f 6412/2245/6054 6559/2379/6178 6411/2246/6055
f 6423/2257/6068 6538/2360/6164 6536/2362/6165
f 6426/2254/6065 6423/2257/6068 6536/2362/6165
f 6476/2306/6116 6492/2323/6130 6560/2380/6179
f 6476/2306/6116 6462/2292/6101 6463/2291/6100
f 6464/2297/6107 6476/2306/6116 6463/2291/6100
f 6476/2306/6116 6464/2297/6107 6492/2323/6130
f 6564/2381/6180 6563/2382/6181 6562/2383/4754
f 6561/2384/4754 6564/2381/6180 6562/2383/4754
f 6567/2385/6182 6566/2386/6183 6565/2387/6184
f 6458/2290/6099 6443/2276/6085 6444/2275/6084
f 6448/2277/6086 6458/2290/6099 6444/2275/6084
f 6570/2388/4754 6569/2389/4754 6568/2390/4754
f 6573/2232/6185 6572/2227/6150 6571/2391/6186
f 6547/2255/6170 6426/2254/6187 6546/2369/6171
f 6530/2355/6160 6531/2354/6159 6575/2392/6188
f 6574/2393/6189 6530/2355/6160 6575/2392/6188
f 6530/2355/6160 6577/2394/6190 6576/2395/6191
f 6489/2317/6125 6579/2396/6192 6578/2397/6193
f 6460/2294/6103 6466/2295/6105 6463/2291/6100
f 6580/2398/6194 6424/2256/6067 6427/2259/6070
f 6580/2398/6194 6582/2399/4825 6581/2400/6195
f 6423/2257/6068 6424/2256/6067 6580/2398/6194
f 6581/2400/6195 6423/2257/6068 6580/2398/6194
f 6460/2294/6103 6478/2307/6117 6466/2295/6105
f 6437/2266/6077 6583/2401/6196 6436/2267/6078
f 6501/2333/6140 6502/2332/6139 6584/2340/6197
f 6414/2248/6057 6415/2247/6056 6434/2264/6075
f 6413/2244/6053 6414/2248/6057 6412/2245/6054
f 6432/2263/6074 6431/2260/6071 6434/2264/6075
f 6431/2260/6071 6428/2258/6069 6412/2245/6054
f 6527/2321/6157 6412/2245/6054 6427/2259/6070
f 6491/2320/6127 6559/2379/6178 6412/2245/6054
f 6496/2325/6132 6405/2238/6047 6406/2237/6046
f 6489/2317/6125 6578/2397/6193 6585/2402/6198
f 6488/2318/6126 6489/2317/6125 6585/2402/6198
f 6394/2228/6037 6393/2226/6035 6388/2219/6028
f 6588/2403/6199 6587/2226/6199 6586/2233/6199
f 6592/2404/6200 6591/2405/6201 6590/2406/6202
f 6589/2407/6203 6592/2404/6200 6590/2406/6202
f 6591/2405/6201 6594/2408/6204 6593/2409/6205
f 6590/2406/6202 6591/2405/6201 6593/2409/6205
f 6596/2410/6206 6593/2409/6205 6594/2408/6204
f 6595/2411/6207 6596/2410/6206 6594/2408/6204
f 6600/2412/6208 6599/2413/6209 6598/2408/6210
f 6597/2405/6211 6600/2412/6208 6598/2408/6210
f 6601/2414/6212 6600/2412/6213 6591/2405/6201
f 6592/2404/6200 6601/2414/6212 6591/2405/6201
f 6601/2414/6214 6603/2404/6215 6602/2415/6216
f 6605/2416/6217 6602/2415/6216 6603/2404/6215
f 6604/2407/6218 6605/2416/6217 6603/2404/6215
f 6608/2417/6219 6607/2418/6220 6601/2414/6221
f 6606/2415/6222 6608/2417/6219 6601/2414/6221
f 6608/2417/6219 6606/2415/6222 6610/2416/6223
f 6609/2419/6223 6608/2417/6219 6610/2416/6223
f 6613/2420/6224 6612/2421/6225 6611/2422/6226
f 6616/2423/6227 6615/2424/6228 6614/2425/6229
f 6613/2420/6224 6616/2423/6227 6614/2425/6229
f 6611/2422/6226 6612/2421/6225 6617/2426/6230
f 6620/2412/6231 6619/2421/6232 6614/2425/6229
f 6618/2413/6233 6620/2412/6231 6614/2425/6229
f 6618/2413/6233 6614/2425/6229 6615/2424/6228
f 6595/2411/6207 6618/2413/6233 6615/2424/6228
f 6620/2412/6231 6622/2414/6234 6621/2426/6234
f 6619/2421/6232 6620/2412/6231 6621/2426/6234
f 6613/2420/6224 6611/2422/6226 6623/2427/6235
f 6626/2428/6236 6625/2429/6237 6616/2423/6227
f 6624/2430/6238 6626/2428/6236 6616/2423/6227
f 6611/2422/6226 6617/2426/6230 6627/2431/6239
f 6596/2410/6206 6595/2411/6207 6629/2432/6240
f 6628/2433/6241 6596/2410/6206 6629/2432/6240
f 6630/2411/6242 6598/2408/6210 6599/2413/6209
f 6615/2424/6228 6616/2423/6227 6625/2429/6237
f 6631/2434/6243 6615/2424/6228 6625/2429/6237
f 6595/2411/6207 6615/2424/6228 6631/2434/6243
f 6629/2432/6240 6595/2411/6207 6631/2434/6243
f 6624/2430/6238 6616/2423/6227 6613/2420/6224
f 6623/2427/6235 6624/2430/6238 6613/2420/6224
f 6634/2435/6244 6633/2418/6245 6632/2436/6246
f 6636/2426/6247 6635/2414/6247 6633/2418/6248
f 6617/2426/6230 6634/2435/6244 6627/2431/6239
f 6613/2420/6224 6614/2425/6229 6612/2421/6225
f 6611/2422/6226 6627/2431/6239 6623/2427/6235
f 6634/2435/6244 6617/2426/6230 6633/2418/6245
f 6640/2406/6249 6639/2437/6250 6638/2438/6251
f 6637/2407/6252 6640/2406/6249 6638/2438/6251
f 6642/2409/6253 6641/2439/6254 6639/2437/6250
f 6640/2406/6249 6642/2409/6253 6639/2437/6250
f 6644/2410/6255 6643/2440/6256 6641/2439/6254
f 6642/2409/6253 6644/2410/6255 6641/2439/6254
f 6646/2441/6257 6639/2437/6250 6641/2439/6254
f 6645/2442/6258 6646/2441/6257 6641/2439/6254
f 6647/2443/6259 6638/2438/6251 6639/2437/6250
f 6646/2441/6257 6647/2443/6259 6639/2437/6250
f 6643/2440/6256 6650/2444/6260 6649/2445/6261
f 6648/2446/6262 6643/2440/6256 6649/2445/6261
f 6653/2443/6263 6652/2447/6264 6651/2438/6263
f 6652/2447/6265 6655/2448/6266 6654/2407/6267
f 6638/2438/6268 6652/2447/6265 6654/2407/6267
f 6657/2449/6269 6652/2447/6265 6647/2443/6259
f 6656/2450/6270 6657/2449/6269 6647/2443/6259
f 6655/2448/6266 6652/2447/6265 6657/2449/6269
f 6658/2451/6271 6655/2448/6266 6657/2449/6269
f 6645/2442/6258 6660/2452/6272 6659/2453/6273
f 6646/2441/6257 6645/2442/6258 6659/2453/6273
f 6648/2446/6262 6645/2442/6258 6641/2439/6254
f 6643/2440/6256 6648/2446/6262 6641/2439/6254
f 6646/2441/6257 6659/2453/6273 6661/2454/6274
f 6647/2443/6259 6646/2441/6257 6661/2454/6274
f 6663/2455/6275 6662/2456/6276 6648/2446/6262
f 6649/2445/6261 6663/2455/6275 6648/2446/6262
f 6596/2410/6206 6628/2433/6241 6650/2444/6260
f 6643/2440/6256 6596/2410/6206 6650/2444/6260
f 6662/2456/6276 6660/2452/6272 6645/2442/6258
f 6648/2446/6262 6662/2456/6276 6645/2442/6258
f 6666/2454/6277 6665/2457/6278 6664/2450/6279
f 6666/2454/6277 6664/2450/6279 6667/2443/6280
f 6437/2266/6077 6668/2458/6281 6583/2401/6196
f 6410/2240/6049 6670/2459/6045 6669/2460/6123
f 6410/2240/6049 6669/2460/6123 6409/2241/6050
f 6409/2241/6050 6671/2461/6282 6408/2242/6051
f 6585/2402/6198 6578/2397/6193 6672/2462/6283
f 6481/2312/6122 6585/2402/6198 6672/2462/6283
f 6669/2460/6123 6673/2463/6284 6409/2241/6050
f 6673/2463/6284 6671/2461/6282 6409/2241/6050
f 6674/2191/6285 6325/2185/5987 6312/2190/5976
f 6318/2191/5979 6312/2190/5976 6323/2196/5986
f 6265/2147/5930 6266/2146/5929 6278/2158/5942
f 6482/2311/6121 6488/2318/6126 6585/2402/6198
f 6481/2312/6122 6482/2311/6121 6585/2402/6198
f 6675/2464/6284 6480/2313/6123 6481/2312/6122
f 6672/2462/6283 6675/2464/6284 6481/2312/6122
f 6397/2230/6039 6535/2359/6163 6421/2253/6063
f 6422/2235/6062 6397/2230/6039 6421/2253/6063
f 6678/2145/6286 6677/2147/6287 6676/2146/6288
f 6681/2149/6289 6680/2148/6290 6679/2150/6291
f 6685/2151/6292 6684/2154/6293 6683/2153/6294
f 6682/2152/6295 6685/2151/6292 6683/2153/6294
f 6688/2155/6296 6687/2145/6297 6686/2156/6298
f 6690/2157/6299 6689/2158/6300 6677/2147/6287
f 6686/2156/6298 6692/2160/6301 6691/2159/6302
f 6696/2161/6303 6695/2164/6304 6694/2163/6305
f 6693/2162/6306 6696/2161/6303 6694/2163/6305
f 6699/2165/6307 6698/2167/6308 6697/2166/6309
f 6682/2152/6295 6683/2153/6294 6700/2168/6310
f 6682/2152/6295 6702/2170/6311 6701/2169/6312
f 6702/2170/6311 6682/2152/6295 6678/2145/6286
f 6703/2171/6313 6702/2170/6311 6678/2145/6286
f 6676/2146/6288 6703/2171/6313 6678/2145/6286
f 6684/2154/6293 6685/2151/6292 6704/2165/6314
f 6685/2151/6292 6682/2152/6295 6701/2169/6312
f 6705/2172/6315 6685/2151/6292 6701/2169/6312
f 6707/2173/6316 6706/2165/6317 6685/2151/6292
f 6705/2172/6315 6707/2173/6316 6685/2151/6292
f 6697/2166/6309 6698/2167/6308 6695/2164/6304
f 6696/2161/6303 6697/2166/6309 6695/2164/6304
f 6709/2174/6318 6708/2175/6319 6698/2167/6308
f 6699/2165/6307 6709/2174/6318 6698/2167/6308
f 6692/2160/6301 6712/2178/6320 6711/2177/6321
f 6710/2176/6322 6692/2160/6301 6711/2177/6321
f 6710/2176/6322 6711/2177/6321 6713/2179/6323
f 6711/2177/6321 6714/2180/6324 6713/2179/6323
f 6700/2168/6310 6692/2160/6301 6686/2156/6298
f 6715/2181/6325 6692/2160/6301 6700/2168/6310
f 6712/2178/6320 6692/2160/6301 6715/2181/6325
f 6719/2182/6326 6718/2185/6327 6717/2184/6328
f 6716/2183/6329 6719/2182/6326 6717/2184/6328
f 6722/2187/6330 6721/2186/6331 6720/2188/6332
f 6724/2190/6333 6723/2189/6334 6679/2150/6291
f 6726/2186/6335 6725/2157/6336 6691/2159/6302
f 6725/2157/6336 6688/2155/6296 6691/2159/6302
f 6729/2191/6337 6728/2192/6338 6727/2188/6339
f 6730/2193/6340 6719/2182/6326 6716/2183/6329
f 6725/2157/6336 6731/2147/6341 6688/2155/6296
f 6731/2147/6341 6687/2145/6297 6688/2155/6296
f 6710/2176/6322 6713/2179/6323 6717/2184/6328
f 6732/2194/6342 6716/2183/6329 6713/2179/6323
f 6713/2179/6323 6733/2195/6343 6732/2194/6342
f 6713/2179/6323 6714/2180/6324 6733/2195/6343
f 6681/2149/6289 6679/2150/6291 6723/2189/6334
f 6718/2185/6327 6719/2182/6326 6729/2191/6337
f 6719/2182/6326 6730/2193/6340 6728/2192/6338
f 6729/2191/6337 6719/2182/6326 6728/2192/6338
f 6710/2176/6322 6679/2150/6291 6680/2148/6290
f 6692/2160/6301 6710/2176/6322 6680/2148/6290
f 6680/2148/6290 6681/2149/6289 6691/2159/6302
f 6692/2160/6301 6680/2148/6290 6691/2159/6302
f 6691/2159/6302 6681/2149/6289 6723/2189/6334
f 6726/2186/6335 6691/2159/6302 6723/2189/6334
f 6726/2186/6335 6723/2189/6334 6734/2196/6344
f 6727/2188/6339 6726/2186/6335 6734/2196/6344
f 6729/2191/6337 6727/2188/6339 6734/2196/6344
f 6724/2190/6333 6679/2150/6291 6736/2184/6345
f 6735/2185/6346 6724/2190/6333 6736/2184/6345
f 6736/2184/6345 6679/2150/6291 6710/2176/6322
f 6682/2152/6295 6686/2156/6298 6687/2145/6297
f 6682/2152/6295 6700/2168/6310 6686/2156/6298
f 6740/2197/6347 6739/2200/6348 6738/2199/6349
f 6737/2198/6350 6740/2197/6347 6738/2199/6349
f 6742/2201/6351 6737/2198/6350 6738/2199/6349
f 6741/2202/6352 6742/2201/6351 6738/2199/6349
f 6745/2203/6353 6744/2205/6354 6743/2204/6355
f 6748/2206/6356 6747/2208/6357 6746/2207/6358
f 6747/2208/6357 6748/2206/6356 6739/2200/6348
f 6740/2197/6347 6747/2208/6357 6739/2200/6348
f 6749/2209/6359 6695/2164/6304 6698/2167/6308
f 6708/2175/6319 6749/2209/6359 6698/2167/6308
f 6753/2210/6360 6752/2212/6361 6751/2211/6362
f 6750/2163/6363 6753/2210/6360 6751/2211/6362
f 6751/2211/6362 6752/2212/6361 6754/2180/6364
f 6753/2210/6365 6694/2163/6305 6695/2164/6304
f 6749/2209/6359 6753/2210/6365 6695/2164/6304
f 6721/2186/6331 6722/2187/6330 6689/2158/6300
f 6690/2157/6299 6721/2186/6331 6689/2158/6300
f 6693/2162/6306 6694/2163/6305 6756/2211/6366
f 6755/2213/6367 6693/2162/6306 6756/2211/6366
f 6714/2180/6324 6755/2213/6367 6756/2211/6366
f 6688/2155/6296 6686/2156/6298 6691/2159/6302
f 6711/2177/6321 6712/2178/6320 6755/2213/6367
f 6755/2213/6367 6712/2178/6320 6715/2181/6325
f 6693/2162/6306 6755/2213/6367 6715/2181/6325
f 6683/2153/6294 6696/2161/6303 6693/2162/6306
f 6696/2161/6303 6683/2153/6294 6684/2154/6293
f 6697/2166/6309 6696/2161/6303 6684/2154/6293
f 6704/2165/6314 6697/2166/6309 6684/2154/6293
f 6715/2181/6325 6700/2168/6310 6693/2162/6306
f 6714/2180/6324 6711/2177/6321 6755/2213/6367
f 6717/2184/6328 6713/2179/6323 6716/2183/6329
f 6683/2153/6294 6693/2162/6306 6700/2168/6310
f 6759/2216/4825 6758/2215/4825 6757/2214/4825
f 6760/2217/4825 6759/2216/4825 6757/2214/4825
f 6764/2136/6368 6763/2135/6368 6762/2134/6368
f 6761/2133/6368 6764/2136/6368 6762/2134/6368
f 6768/2134/6369 6767/2135/6370 6766/2136/6371
f 6765/2133/6372 6768/2134/6369 6766/2136/6371
f 6772/2216/4825 6771/2215/4825 6770/2214/4825
f 6769/2217/4825 6772/2216/4825 6770/2214/4825
f 6776/2136/6368 6775/2135/6368 6774/2134/6368
f 6773/2133/6368 6776/2136/6368 6774/2134/6368
f 6780/2134/6373 6779/2135/6374 6778/2136/6375
f 6777/2133/6376 6780/2134/6373 6778/2136/6375
f 6784/2143/6377 6783/2144/6378 6782/2218/6378
f 6781/2142/6369 6784/2143/6377 6782/2218/6378
f 6788/2137/6379 6787/2138/6370 6786/2139/6380
f 6785/2140/6380 6788/2137/6379 6786/2139/6380
f 6792/2143/6381 6791/2144/6382 6790/2218/6383
f 6789/2142/6384 6792/2143/6381 6790/2218/6383
f 6796/2137/6375 6795/2138/6374 6794/2139/6385
f 6793/2140/6386 6796/2137/6375 6794/2139/6385
f 6798/2219/6387 6797/2221/6388 6387/2220/6029
f 6802/2222/6389 6801/2225/6390 6800/2224/6391
f 6799/2223/6392 6802/2222/6389 6800/2224/6391
f 6798/2219/6387 6387/2220/6029 6393/2226/6035
f 6798/2219/6387 6804/2228/6393 6803/2227/6394
f 6807/2229/6395 6806/2231/6396 6805/2230/6397
f 6809/2232/6398 6804/2228/6393 6808/2233/6399
f 6812/2234/6400 6811/2236/6401 6810/2235/6402
f 6815/2237/6403 6814/2239/6404 6813/2238/6405
f 6798/2219/6387 6803/2227/6394 6797/2221/6388
f 6817/2240/6406 6407/2243/6052 6408/2242/6051
f 6816/2241/6407 6817/2240/6406 6408/2242/6051
f 6810/2235/6408 6805/2230/6397 6806/2231/6396
f 6820/2244/6409 6819/2246/6410 6818/2245/6411
f 6820/2244/6409 6822/2248/6412 6821/2247/6413
f 6826/2249/6414 6825/2252/6415 6824/2251/6416
f 6823/2250/6417 6826/2249/6414 6824/2251/6416
f 6829/2235/6418 6828/2236/6419 6827/2253/6420
f 6833/2254/6421 6832/2257/6422 6831/2256/6423
f 6830/2255/6424 6833/2254/6421 6831/2256/6423
f 6835/2259/6425 6834/2258/6426 6818/2245/6411
f 6836/2260/6427 6834/2258/6426 6429/2262/6073
f 6430/2261/6072 6836/2260/6427 6429/2262/6073
f 6836/2260/6427 6430/2261/6072 6432/2263/6074
f 6836/2260/6427 6822/2248/6412 6818/2245/6411
f 6432/2263/6074 6433/2265/6076 6837/2264/6428
f 6837/2264/6428 6822/2248/6412 6836/2260/6427
f 6839/2266/6429 6838/2268/6428 6436/2267/6078
f 6825/2252/6415 6840/2269/6430 6824/2251/6416
f 6844/2270/6431 6843/2273/6432 6842/2272/6433
f 6841/2271/6404 6844/2270/6431 6842/2272/6433
f 6847/2274/6434 6846/2276/6435 6845/2275/6436
f 6850/2277/6437 6849/2279/6438 6848/2278/6439
f 6845/2275/6436 6850/2277/6437 6848/2278/6439
f 6850/2277/6437 6449/2281/6090 6450/2280/6089
f 6849/2279/6438 6850/2277/6437 6450/2280/6089
f 6453/2282/6091 6852/2284/6440 6851/2283/6441
f 6853/2285/6442 6851/2283/6441 6852/2284/6440
f 6854/2286/6443 6853/2285/6442 6852/2284/6440
f 6847/2274/6434 6856/2288/6444 6855/2287/6445
f 6846/2276/6435 6847/2274/6434 6855/2287/6445
f 6847/2274/6434 6845/2275/6436 6848/2278/6439
f 6856/2288/6444 6847/2274/6434 6848/2278/6439
f 6459/2289/6098 6449/2281/6090 6850/2277/6437
f 6857/2290/6446 6459/2289/6098 6850/2277/6437
f 6861/2291/6447 6860/2294/6448 6859/2293/6449
f 6858/2292/6450 6861/2291/6447 6859/2293/6449
f 6865/2291/6451 6864/2297/6452 6863/2296/6453
f 6862/2295/6454 6865/2291/6451 6863/2296/6453
f 6867/2298/6455 6468/2301/6111 6469/2300/6110
f 6866/2299/6456 6867/2298/6455 6469/2300/6110
f 6869/2302/6457 6867/2298/6455 6866/2299/6456
f 6868/2303/6458 6869/2302/6457 6866/2299/6456
f 6871/2304/6459 6858/2292/6450 6859/2293/6449
f 6870/2305/6422 6871/2304/6459 6859/2293/6449
f 6871/2304/6459 6872/2306/6460 6858/2292/6450
f 6862/2295/6454 6477/2308/6118 6478/2307/6117
f 6477/2308/6118 6862/2295/6454 6863/2296/6453
f 6873/2309/6461 6477/2308/6118 6863/2296/6453
f 6877/2310/6462 6876/2313/6463 6875/2312/6464
f 6874/2311/6465 6877/2310/6462 6875/2312/6464
f 6880/2314/6404 6879/2316/6433 6878/2315/6466
f 6883/2317/6467 6882/2319/6468 6881/2318/6469
f 6885/2320/6470 6884/2321/6471 6818/2245/6411
f 6887/2322/6472 6863/2296/6453 6864/2297/6452
f 6886/2323/6473 6887/2322/6472 6864/2297/6452
f 6888/2324/6474 6873/2309/6461 6863/2296/6453
f 6887/2322/6472 6888/2324/6474 6863/2296/6453
f 6890/2325/6475 6889/2326/6476 6815/2237/6403
f 6894/2327/6477 6893/2330/6478 6892/2329/6479
f 6891/2328/6480 6894/2327/6477 6892/2329/6479
f 6897/2331/6481 6896/2333/6482 6895/2332/6483
f 6899/2334/6484 6898/2335/6396 6896/2333/6482
f 6894/2327/6477 6899/2334/6484 6900/2336/6485
f 6893/2330/6478 6894/2327/6477 6900/2336/6485
f 6896/2333/6482 6900/2336/6485 6899/2334/6484
f 6902/2337/6486 6901/2338/6487 6897/2331/6481
f 6895/2332/6483 6902/2337/6486 6897/2331/6481
f 6905/2328/6488 6904/2329/6489 6903/2339/6490
f 6896/2333/6482 6907/2335/6491 6906/2340/6491
f 6910/2343/6492 6909/2342/6493 6908/2341/6494
f 6911/2344/6495 6910/2343/6492 6908/2341/6494
f 6912/2345/6496 6911/2344/6495 6908/2341/6494
f 6910/2343/6492 6913/2346/6497 6909/2342/6493
f 6893/2330/6478 6901/2338/6487 6892/2329/6479
f 6897/2331/6481 6900/2336/6485 6896/2333/6482
f 6900/2336/6485 6897/2331/6481 6901/2338/6487
f 6893/2330/6478 6900/2336/6485 6901/2338/6487
f 6814/2239/6404 6815/2237/6403 6807/2229/6395
f 6805/2230/6397 6814/2239/6404 6807/2229/6395
f 6812/2234/6400 6810/2235/6402 6914/2231/6498
f 6889/2326/6476 6890/2325/6475 6800/2224/6391
f 6801/2225/6390 6889/2326/6476 6800/2224/6391
f 6904/2329/6489 6901/2338/6487 6902/2337/6486
f 6903/2339/6490 6904/2329/6489 6902/2337/6486
f 6808/2233/6399 6804/2228/6393 6393/2226/6035
f 6803/2227/6394 6804/2228/6393 6809/2232/6398
f 6916/2234/6398 6915/2347/6399 6811/2236/6499
f 6920/2350/6500 6919/2349/6501 6918/2348/6432
f 6917/2351/6431 6920/2350/6500 6918/2348/6432
f 6922/2352/6502 6835/2259/6425 6921/2321/6503
f 6925/2356/6504 6924/2353/6505 6923/2465/6506
f 6928/2357/6504 6927/2358/6507 6926/2355/6508
f 6929/2359/6509 6814/2239/6404 6805/2230/6397
f 6932/2360/6510 6931/2362/6511 6930/2361/6512
f 6935/2363/6513 6934/2365/6514 6933/2364/6511
f 6939/2366/6515 6938/2361/6516 6937/2362/6516
f 6936/2367/6517 6939/2366/6515 6937/2362/6516
f 6942/2368/6518 6941/2369/6519 6940/2255/6520
f 6940/2255/6520 6944/2256/6506 6943/2370/6505
f 6942/2368/6518 6940/2255/6520 6943/2370/6505
f 6948/2371/6521 6947/2374/6522 6946/2373/6523
f 6945/2372/6523 6948/2371/6521 6946/2373/6523
f 6950/2376/6524 6949/2375/6524 6947/2374/6522
f 6948/2371/6521 6950/2376/6524 6947/2374/6522
f 6935/2363/6513 6952/2378/6519 6951/2377/6525
f 6934/2365/6514 6935/2363/6513 6951/2377/6525
f 6818/2245/6411 6819/2246/6410 6953/2379/6405
f 6832/2257/6422 6833/2254/6421 6931/2362/6511
f 6932/2360/6510 6832/2257/6422 6931/2362/6511
f 6872/2306/6460 6954/2380/6526 6886/2323/6473
f 6861/2291/6447 6858/2292/6450 6872/2306/6460
f 6864/2297/6452 6861/2291/6447 6872/2306/6460
f 6872/2306/6460 6886/2323/6473 6864/2297/6452
f 6958/2381/6527 6957/2384/4754 6956/2383/4754
f 6955/2382/6528 6958/2381/6527 6956/2383/4754
f 6567/2385/6091 6960/2387/6529 6959/2386/6530
f 6857/2290/6446 6850/2277/6437 6845/2275/6436
f 6846/2276/6435 6857/2290/6446 6845/2275/6436
f 6963/2388/4754 6962/2390/4754 6961/2389/4754
f 6966/2232/6531 6965/2391/6497 6964/2227/6492
f 6940/2255/6520 6941/2369/6519 6833/2254/6513
f 6926/2355/6532 6969/2393/6533 6968/2392/6534
f 6967/2354/6535 6926/2355/6532 6968/2392/6534
f 6926/2355/6508 6971/2395/6536 6970/2394/6537
f 6883/2317/6467 6973/2397/6538 6972/2396/6539
f 6860/2294/6448 6861/2291/6447 6862/2295/6454
f 6580/2398/6194 6835/2259/6425 6831/2256/6423
f 6580/2398/6194 6974/2400/6540 6582/2399/4825
f 6832/2257/6422 6974/2400/6540 6580/2398/6194
f 6831/2256/6423 6832/2257/6422 6580/2398/6194
f 6860/2294/6448 6862/2295/6454 6478/2307/6117
f 6839/2266/6429 6436/2267/6078 6975/2401/6541
f 6896/2333/6482 6976/2340/6542 6895/2332/6483
f 6822/2248/6412 6837/2264/6428 6821/2247/6413
f 6820/2244/6409 6818/2245/6411 6822/2248/6412
f 6432/2263/6074 6837/2264/6428 6836/2260/6427
f 6836/2260/6427 6818/2245/6411 6834/2258/6426
f 6921/2321/6503 6835/2259/6425 6818/2245/6411
f 6885/2320/6470 6818/2245/6411 6953/2379/6405
f 6890/2325/6475 6815/2237/6403 6813/2238/6405
f 6883/2317/6467 6881/2318/6469 6977/2402/6543
f 6973/2397/6538 6883/2317/6467 6977/2402/6543
f 6804/2228/6393 6798/2219/6387 6393/2226/6035
f 6980/2403/6544 6979/2233/6544 6978/2226/6544
f 6984/2404/6545 6983/2407/6546 6982/2406/6547
f 6981/2405/6548 6984/2404/6545 6982/2406/6547
f 6981/2405/6548 6982/2406/6547 6986/2409/6549
f 6985/2408/6550 6981/2405/6548 6986/2409/6549
f 6988/2410/6551 6987/2411/6552 6985/2408/6550
f 6986/2409/6549 6988/2410/6551 6985/2408/6550
f 6992/2412/6553 6991/2405/6554 6990/2408/6555
f 6989/2413/6556 6992/2412/6553 6990/2408/6555
f 6993/2414/6557 6984/2404/6545 6981/2405/6548
f 6992/2412/6558 6993/2414/6557 6981/2405/6548
f 6993/2414/6559 6995/2415/6560 6994/2404/6561
f 6997/2416/6562 6996/2407/6563 6994/2404/6561
f 6995/2415/6560 6997/2416/6562 6994/2404/6561
f 7000/2417/6564 6999/2415/6565 6993/2414/6566
f 6998/2418/6567 7000/2417/6564 6993/2414/6566
f 7000/2417/6564 7002/2419/6568 7001/2416/6568
f 6999/2415/6565 7000/2417/6564 7001/2416/6568
f 7005/2420/6569 7004/2422/6570 7003/2421/6571
f 7008/2423/6572 7005/2420/6569 7007/2425/6573
f 7006/2424/6574 7008/2423/6572 7007/2425/6573
f 7004/2422/6570 7009/2426/6575 7003/2421/6571
f 7012/2412/6576 7011/2413/6577 7007/2425/6573
f 7010/2421/6578 7012/2412/6576 7007/2425/6573
f 7011/2413/6577 6987/2411/6552 7006/2424/6574
f 7007/2425/6573 7011/2413/6577 7006/2424/6574
f 7012/2412/6576 7010/2421/6578 7014/2426/6579
f 7013/2414/6579 7012/2412/6576 7014/2426/6579
f 7005/2420/6569 7015/2427/6580 7004/2422/6570
f 7018/2428/6581 7017/2430/6582 7008/2423/6572
f 7016/2429/6583 7018/2428/6581 7008/2423/6572
f 7004/2422/6570 7019/2431/6584 7009/2426/6575
f 6988/2410/6551 7021/2433/6585 7020/2432/6586
f 6987/2411/6552 6988/2410/6551 7020/2432/6586
f 7022/2411/6587 6989/2413/6556 6990/2408/6555
f 7006/2424/6574 7023/2434/6588 7016/2429/6583
f 7008/2423/6572 7006/2424/6574 7016/2429/6583
f 6987/2411/6552 7020/2432/6586 7023/2434/6588
f 7006/2424/6574 6987/2411/6552 7023/2434/6588
f 7017/2430/6582 7015/2427/6580 7005/2420/6569
f 7008/2423/6572 7017/2430/6582 7005/2420/6569
f 7026/2435/6589 7025/2436/6590 7024/2418/6591
f 7028/2426/6592 7024/2418/6591 7027/2414/6592
f 7009/2426/6575 7019/2431/6584 7026/2435/6589
f 7005/2420/6569 7003/2421/6571 7007/2425/6573
f 7004/2422/6570 7015/2427/6580 7019/2431/6584
f 7026/2435/6589 7024/2418/6591 7009/2426/6575
f 7032/2406/6593 7031/2407/6594 7030/2438/6595
f 7029/2437/6596 7032/2406/6593 7030/2438/6595
f 7034/2409/6597 7032/2406/6593 7029/2437/6596
f 7033/2439/6598 7034/2409/6597 7029/2437/6596
f 7036/2410/6599 7034/2409/6597 7033/2439/6598
f 7035/2440/6600 7036/2410/6599 7033/2439/6598
f 7033/2439/6598 7029/2437/6596 7038/2441/6601
f 7037/2442/6602 7033/2439/6598 7038/2441/6601
f 7039/2443/6603 7038/2441/6601 7029/2437/6596
f 7030/2438/6595 7039/2443/6603 7029/2437/6596
f 7042/2443/6604 7041/2438/6604 7040/2447/6605
f 7044/2407/6606 7043/2448/6607 7040/2447/6605
f 7030/2438/6608 7044/2407/6606 7040/2447/6605
f 7046/2449/6609 7045/2450/6610 7039/2443/6611
f 7040/2447/6605 7046/2449/6609 7039/2443/6611
f 7043/2448/6607 7047/2451/6612 7046/2449/6609
f 7040/2447/6605 7043/2448/6607 7046/2449/6609
f 7037/2442/6602 7038/2441/6601 7048/2453/6613
f 7049/2452/6614 7037/2442/6602 7048/2453/6613
f 7033/2439/6598 7037/2442/6602 7050/2446/6615
f 7035/2440/6600 7033/2439/6598 7050/2446/6615
f 7038/2441/6601 7039/2443/6603 7051/2454/6616
f 7048/2453/6613 7038/2441/6601 7051/2454/6616
f 7054/2455/6617 7053/2445/6618 7050/2446/6615
f 7052/2456/6619 7054/2455/6617 7050/2446/6615
f 6988/2410/6551 7035/2440/6600 7055/2444/6620
f 7021/2433/6585 6988/2410/6551 7055/2444/6620
f 7035/2440/6600 7050/2446/6615 7053/2445/6618
f 7055/2444/6620 7035/2440/6600 7053/2445/6618
f 7052/2456/6619 7050/2446/6615 7037/2442/6602
f 7049/2452/6614 7052/2456/6619 7037/2442/6602
f 7058/2454/6621 7057/2450/6622 7056/2457/6623
f 7058/2454/6621 7059/2443/6624 7057/2450/6622
f 6839/2266/6429 6975/2401/6541 7060/2458/6625
f 6817/2240/6406 7062/2460/6463 7061/2459/6499
f 6817/2240/6406 6816/2241/6407 7062/2460/6463
f 6816/2241/6407 6408/2242/6051 6671/2461/6282
f 6977/2402/6543 6875/2312/6464 7063/2462/6626
f 6973/2397/6538 6977/2402/6543 7063/2462/6626
f 7062/2460/6463 6816/2241/6407 7064/2463/6627
f 7064/2463/6627 6816/2241/6407 6671/2461/6282
f 7065/2191/6628 6724/2190/6333 6735/2185/6346
f 6729/2191/6337 6734/2196/6344 6724/2190/6333
f 6677/2147/6287 6689/2158/6300 6676/2146/6288
f 6874/2311/6465 6875/2312/6464 6977/2402/6543
f 6881/2318/6469 6874/2311/6465 6977/2402/6543
f 7066/2464/6627 7063/2462/6626 6875/2312/6464
f 6876/2313/6463 7066/2464/6627 6875/2312/6464
f 6805/2230/6397 6827/2253/6420 6929/2359/6509
f 6829/2235/6418 6827/2253/6420 6805/2230/6397
f 6668/2458/6281 6437/2266/6077 6386/2221/6030
f 6387/2220/6029 6668/2458/6281 6386/2221/6030
f 6797/2221/6388 6839/2266/6629 6668/2458/6281
f 6387/2220/6029 6797/2221/6388 6668/2458/6281
f 7069/2466/6630 7068/2467/6631 7067/2468/6632
f 7069/2466/6630 7070/2469/6633 7068/2467/6631
f 7073/2470/6634 7072/2471/6635 7071/2472/6636
f 7077/2473/6637 7076/2474/6638 7075/2475/6639
f 7074/2476/6640 7077/2473/6637 7075/2475/6639
f 7067/2468/6632 7079/2477/6641 7078/2478/6642
f 7076/2474/6638 7080/2479/6643 7075/2475/6639
f 7074/2476/6644 7083/2480/6645 7082/2481/6646
f 7081/2482/6647 7074/2476/6644 7082/2481/6646
f 7081/2482/6647 7082/2481/6646 7085/2483/6648
f 7084/2484/6649 7081/2482/6647 7085/2483/6648
f 7084/2484/6649 7085/2483/6648 7087/2485/6650
f 7086/2473/6651 7084/2484/6649 7087/2485/6650
f 7090/2486/6652 7089/2487/6653 7088/2488/6654
f 7086/2473/6651 7087/2485/6650 7091/2489/6655
f 7086/2473/6651 7091/2489/6655 7092/2474/6656
f 7095/2490/6657 7094/2486/6658 7093/2491/6659
f 7098/2488/6660 7097/2487/6661 7096/2492/6662
f 7074/2476/6640 7099/2482/6663 7077/2473/6637
f 7098/2488/6660 7096/2492/6662 7100/2493/6664
f 7073/2470/6634 7071/2472/6636 7070/2469/6633
f 7072/2471/6635 7101/2494/6665 7071/2472/6636
f 7073/2470/6634 7100/2493/6664 7072/2471/6635
f 7089/2487/6653 7090/2486/6652 7103/2490/6666
f 7102/2495/6667 7089/2487/6653 7103/2490/6666
f 7105/2496/6668 7104/2497/6669 7102/2495/6667
f 7095/2490/6657 7105/2496/6668 7102/2495/6667
f 7070/2469/6633 7106/2498/6670 7068/2467/6631
f 7109/2499/6671 7108/2500/6672 7107/2501/6673
f 7109/2499/6671 7107/2501/6673 7110/2502/6674
f 7113/2503/6675 7112/2504/6676 7111/2505/6677
f 7111/2505/6677 7112/2504/6676 7107/2501/6673
f 7108/2500/6672 7111/2505/6677 7107/2501/6673
f 7115/2488/6678 7114/2493/6679 7093/2491/6659
f 7094/2486/6658 7115/2488/6678 7093/2491/6659
f 7093/2491/6659 7117/2506/6680 7116/2507/6681
f 7116/2507/6681 7105/2496/6668 7095/2490/6657
f 7093/2491/6659 7116/2507/6681 7095/2490/6657
f 7096/2492/6662 7072/2471/6635 7100/2493/6664
f 7081/2482/6647 7118/2484/6682 7077/2473/6637
f 7120/2491/6683 7119/2493/6683 7073/2470/6634
f 7068/2467/6631 7079/2477/6641 7067/2468/6632
f 7069/2466/6630 7073/2470/6634 7070/2469/6633
f 7123/2466/6684 7122/2468/6685 7121/2467/6686
f 7123/2466/6684 7121/2467/6686 7124/2469/6687
f 7127/2470/6688 7126/2472/6689 7125/2471/6690
f 7129/2508/6691 7074/2476/6640 7075/2475/6639
f 7128/2509/6692 7129/2508/6691 7075/2475/6639
f 7122/2468/6685 7131/2478/6693 7130/2477/6694
f 7133/2479/6695 7128/2509/6692 7132/2475/6696
f 7135/2481/6697 7083/2480/6645 7074/2476/6644
f 7134/2482/6698 7135/2481/6697 7074/2476/6644
f 7137/2483/6699 7135/2481/6697 7134/2482/6698
f 7136/2484/6700 7137/2483/6699 7134/2482/6698
f 7139/2485/6701 7137/2483/6699 7136/2484/6700
f 7138/2508/6702 7139/2485/6701 7136/2484/6700
f 7141/2486/6703 7140/2488/6704 7089/2487/6653
f 7138/2508/6702 7142/2489/6705 7139/2485/6701
f 7138/2508/6702 7143/2509/6706 7142/2489/6705
f 7146/2490/6707 7145/2491/6708 7144/2486/6709
f 7149/2488/6710 7148/2492/6711 7147/2487/6712
f 7074/2476/6640 7129/2508/6691 7150/2482/6713
f 7149/2488/6710 7151/2493/6714 7148/2492/6711
f 7127/2470/6688 7124/2469/6687 7126/2472/6689
f 7125/2471/6690 7126/2472/6689 7152/2494/6715
f 7127/2470/6688 7125/2471/6690 7151/2493/6716
f 7089/2487/6653 7154/2495/6717 7153/2490/6718
f 7141/2486/6703 7089/2487/6653 7153/2490/6718
f 7156/2496/6719 7146/2490/6707 7154/2495/6720
f 7155/2497/6721 7156/2496/6719 7154/2495/6720
f 7124/2469/6687 7121/2467/6686 7157/2498/6722
f 7159/2499/6723 7107/2501/6673 7158/2500/6724
f 7107/2501/6673 7159/2499/6723 7110/2502/6674
f 7161/2503/6725 7160/2505/6726 7112/2504/6676
f 7160/2505/6726 7158/2500/6724 7107/2501/6673
f 7112/2504/6676 7160/2505/6726 7107/2501/6673
f 7163/2488/6727 7144/2486/6709 7145/2491/6708
f 7162/2493/6727 7163/2488/6727 7145/2491/6708
f 7145/2491/6708 7165/2507/6728 7164/2506/6729
f 7165/2507/6728 7145/2491/6708 7146/2490/6707
f 7156/2496/6719 7165/2507/6728 7146/2490/6707
f 7166/2492/6730 7151/2493/6716 7125/2471/6690
f 7134/2482/6698 7129/2508/6691 7167/2484/6731
f 7169/2491/6732 7127/2470/6688 7168/2493/6732
f 7121/2467/6686 7122/2468/6685 7130/2477/6694
f 7123/2466/6684 7124/2469/6687 7127/2470/6688
f 7091/2489/6655 7080/2479/6643 7092/2474/6656
f 7142/2489/6705 7143/2509/6706 7133/2479/6695
f 7170/2510/6733 7111/2505/6677 7108/2500/6672
f 7117/2506/6680 7093/2491/6659 7171/2470/6734
f 7172/2510/6735 7158/2500/6724 7160/2505/6726
f 7164/2506/6729 7173/2470/6736 7145/2491/6708
f 7176/2511/6737 7175/2512/6738 7174/2506/6739
f 7175/2512/6738 7176/2511/6737 7177/2478/6740
f 7180/2506/6735 7179/2512/6741 7178/2513/6742
f 7178/2513/6742 7179/2512/6741 7181/2478/6743
f 7182/2511/6744 7117/2506/6680 7171/2470/6734
f 7182/2511/6744 7184/2468/6745 7183/2478/6746
f 7187/2514/6747 7186/2515/6748 7185/2516/6749
f 7182/2511/6744 7188/2466/6750 7184/2468/6745
f 7185/2516/6749 7189/2517/6751 7187/2514/6747
f 7187/2514/6747 7189/2517/6751 7111/2505/6677
f 7170/2510/6733 7187/2514/6747 7111/2505/6677
f 7171/2470/6734 7188/2466/6750 7182/2511/6744
f 7164/2506/6729 7190/2513/6752 7173/2470/6736
f 7190/2513/6752 7192/2478/6753 7191/2468/6754
f 7195/2515/6755 7194/2514/6756 7193/2516/6757
f 7190/2513/6752 7191/2468/6754 7196/2466/6758
f 7193/2516/6757 7194/2514/6756 7197/2517/6759
f 7160/2505/6726 7197/2517/6759 7194/2514/6756
f 7172/2510/6735 7160/2505/6726 7194/2514/6756
f 7173/2470/6736 7190/2513/6752 7196/2466/6758
f 7200/2518/6760 7199/2519/6761 7198/2520/6762
f 7204/2521/6763 7203/2522/6764 7202/2523/6764
f 7201/2518/6765 7204/2521/6763 7202/2523/6764
f 7208/2524/6766 7207/2520/6767 7206/2519/6768
f 7205/2525/6769 7208/2524/6766 7206/2519/6768
f 7204/2521/6763 7201/2518/6765 7207/2520/6767
f 7208/2524/6766 7204/2521/6763 7207/2520/6767
f 7210/2526/6770 7199/2519/6761 7209/2523/6771
f 7214/2521/6772 7213/2518/6773 7212/2523/6774
f 7211/2522/6775 7214/2521/6772 7212/2523/6774
f 7218/2519/6776 7217/2520/6777 7216/2524/6778
f 7215/2525/6776 7218/2519/6776 7216/2524/6778
f 7217/2520/6777 7213/2518/6773 7214/2521/6772
f 7216/2524/6778 7217/2520/6777 7214/2521/6772
f 7200/2518/6760 7209/2523/6771 7199/2519/6761
f 7210/2526/6770 7219/2527/6779 7199/2519/6761
f 7223/2525/6780 7225/2521/6780 7224/2524/6780
f 7223/2525/6780 7220/2522/6780 7225/2521/6780
f 7223/2525/6780 7221/2521/6780 7220/2522/6780
f 7223/2525/6780 7222/2524/6780 7221/2521/6780
f 7229/2528/6781 7228/2529/6781 7227/2530/6781
f 7226/2531/6781 7229/2528/6781 7227/2530/6781
f 7233/2532/6782 7232/2533/6783 7231/2531/6783
f 7230/2530/6784 7233/2532/6782 7231/2531/6783
f 7237/2534/6785 7236/2529/6786 7235/2528/6787
f 7234/2535/6787 7237/2534/6785 7235/2528/6787
f 7233/2532/6782 7230/2530/6784 7236/2529/6786
f 7237/2534/6785 7233/2532/6782 7236/2529/6786
f 7241/2532/6788 7240/2534/6789 7239/2529/6789
f 7238/2530/6789 7241/2532/6788 7239/2529/6789
f 7245/2536/6790 7244/2537/6791 7243/2538/6791
f 7242/2539/6791 7245/2536/6790 7243/2538/6791
f 7249/2528/6792 7248/2531/6792 7247/2530/6792
f 7246/2529/6793 7249/2528/6792 7247/2530/6792
f 7253/2532/6794 7252/2530/6795 7251/2531/6796
f 7250/2533/6796 7253/2532/6794 7251/2531/6796
f 7257/2528/6797 7256/2529/6798 7255/2534/6799
f 7254/2535/6800 7257/2528/6797 7255/2534/6799
f 7256/2529/6798 7252/2530/6795 7253/2532/6794
f 7255/2534/6799 7256/2529/6798 7253/2532/6794
f 7261/2532/6801 7260/2530/6802 7259/2529/6801
f 7258/2534/6803 7261/2532/6801 7259/2529/6801
f 7265/2536/6804 7264/2539/6805 7263/2538/6805
f 7262/2537/6805 7265/2536/6804 7263/2538/6805
f 7269/2386/6806 7268/2387/6807 7267/2540/6528
f 7266/2541/4499 7269/2386/6806 7267/2540/6528
f 7269/2386/6806 7266/2541/4499 7270/2540/6181
f 7271/2387/6808 7269/2386/6806 7270/2540/6181
f 7272/2036/6809 5796/2035/6810 5802/2040/5555
f 5876/2034/5589 5877/2036/5588 7273/2035/6811
f 5944/2034/5649 5945/2036/5648 7274/2035/6812
f 7275/2036/6813 6000/2035/6814 6006/2040/5733
f 5788/2027/5508 5782/2021/5502 5789/2028/5509
f 5788/2027/5508 5789/2028/5509 5923/2021/5630
f 5861/2027/5572 5853/2021/5567 5859/2023/5568
f 5861/2027/5572 5995/2023/5690 5990/2021/5688
f 7276/2542/6815 7278/2543/6816 7277/2544/6815
f 7276/2542/6815 7279/2545/6817 7278/2543/6816
f 7276/2542/6815 7280/2546/6815 7279/2545/6817
f 7279/2545/6817 7282/2547/6818 7281/2548/6819
f 7278/2543/6816 7279/2545/6817 7281/2548/6819
f 7285/2549/6820 7284/2550/6821 7283/2551/6822
f 7286/2552/6823 7285/2549/6820 7283/2551/6822
f 7288/2553/6824 7282/2547/6818 7287/2554/6825
f 7286/2552/6823 7283/2551/6822 7289/2555/6826
f 7288/2553/6824 7286/2552/6823 7289/2555/6826
f 7293/2556/6827 7292/2557/6828 7291/2558/6829
f 7290/2559/6830 7293/2556/6827 7291/2558/6829
f 7293/2556/6827 7294/2560/6831 7288/2553/6824
f 7292/2557/6828 7293/2556/6827 7288/2553/6824
f 7292/2557/6828 7288/2553/6824 7289/2555/6826
f 7295/2561/6832 7294/2560/6831 7293/2556/6827
f 7290/2559/6830 7295/2561/6832 7293/2556/6827
f 7278/2543/6816 7281/2548/6819 7296/2562/6833
f 7281/2548/6819 7282/2547/6818 7298/2560/6834
f 7297/2561/6835 7281/2548/6819 7298/2560/6834
f 7291/2558/6829 7299/2563/6836 7290/2559/6830
f 7299/2563/6836 7300/2564/6837 7296/2562/6833
f 7290/2559/6830 7299/2563/6836 7296/2562/6833
f 7304/2565/6838 7303/2566/6838 7302/2567/6839
f 7301/2568/6839 7304/2565/6838 7302/2567/6839
f 7307/2547/6840 7279/2545/6817 7306/2569/6841
f 7305/2554/6842 7307/2547/6840 7306/2569/6841
f 7309/2570/6843 7306/2569/6844 7308/2545/6845
f 7310/2546/6843 7309/2570/6843 7308/2545/6845
f 7313/2570/6846 7312/2571/6846 7311/2572/6847
f 7306/2569/6848 7313/2570/6846 7311/2572/6847
f 7316/2573/6848 7315/2574/6849 7314/2575/6850
f 7317/2576/6851 7316/2573/6848 7314/2575/6850
f 7321/2577/6852 7320/2578/6853 7319/2579/6854
f 7318/2580/6855 7321/2577/6852 7319/2579/6854
f 7320/2578/6853 7322/2576/6856 7314/2575/6850
f 7319/2579/6854 7320/2578/6853 7314/2575/6850
f 7321/2577/6852 7318/2580/6855 7323/2581/6857
f 7324/2582/6857 7321/2577/6852 7323/2581/6857
f 7326/2548/6858 7295/2561/6832 7290/2559/6830
f 7325/2562/6859 7326/2548/6858 7290/2559/6830
f 7296/2562/6833 7300/2564/6837 7327/2583/6860
f 7296/2562/6833 7327/2583/6860 7278/2543/6816
f 7282/2547/6818 7288/2553/6824 7298/2560/6834
f 7288/2553/6824 7287/2554/6825 7286/2552/6823
f 7332/2543/6861 7329/2542/6862 7328/2544/6862
f 7331/2545/6863 7329/2542/6862 7332/2543/6861
f 7331/2545/6863 7330/2546/6862 7329/2542/6862
f 7331/2545/6863 7332/2543/6861 7334/2548/6864
f 7333/2547/6865 7331/2545/6863 7334/2548/6864
f 7335/2549/6866 7283/2551/6822 7284/2550/6821
f 7336/2552/6867 7283/2551/6822 7335/2549/6866
f 7338/2553/6868 7337/2554/6869 7333/2547/6865
f 7336/2552/6867 7338/2553/6868 7289/2555/6826
f 7283/2551/6822 7336/2552/6867 7289/2555/6826
f 7340/2556/6870 7339/2559/6871 7291/2558/6829
f 7292/2557/6828 7340/2556/6870 7291/2558/6829
f 7340/2556/6870 7292/2557/6828 7338/2553/6868
f 7341/2560/6872 7340/2556/6870 7338/2553/6868
f 7292/2557/6828 7289/2555/6826 7338/2553/6868
f 7340/2556/6870 7341/2560/6872 7342/2561/6873
f 7339/2559/6871 7340/2556/6870 7342/2561/6873
f 7332/2543/6861 7343/2562/6874 7334/2548/6864
f 7334/2548/6864 7345/2561/6875 7344/2560/6876
f 7333/2547/6865 7334/2548/6864 7344/2560/6876
f 7291/2558/6829 7339/2559/6871 7346/2563/6877
f 7346/2563/6877 7339/2559/6871 7343/2562/6874
f 7347/2564/6878 7346/2563/6877 7343/2562/6874
f 7351/2584/6879 7350/2585/6839 7349/2586/6839
f 7348/2587/6879 7351/2584/6879 7349/2586/6839
f 7354/2547/6880 7353/2554/6881 7352/2569/6882
f 7331/2545/6863 7354/2547/6880 7352/2569/6882
f 7356/2545/6883 7352/2569/6884 7355/2570/6885
f 7357/2546/6885 7356/2545/6883 7355/2570/6885
f 7360/2572/6886 7359/2571/6887 7358/2570/6887
f 7352/2569/6888 7360/2572/6886 7358/2570/6887
f 7363/2575/6889 7362/2574/6890 7361/2573/6888
f 7364/2576/6869 7363/2575/6889 7361/2573/6888
f 7368/2577/6891 7367/2580/6892 7366/2579/6893
f 7365/2578/6894 7368/2577/6891 7366/2579/6893
f 7365/2578/6894 7366/2579/6893 7363/2575/6889
f 7369/2576/6895 7365/2578/6894 7363/2575/6889
f 7323/2581/6857 7367/2580/6892 7368/2577/6891
f 7324/2582/6857 7323/2581/6857 7368/2577/6891
f 7371/2548/6896 7370/2562/6897 7339/2559/6871
f 7342/2561/6873 7371/2548/6896 7339/2559/6871
f 7343/2562/6874 7372/2583/6898 7347/2564/6878
f 7343/2562/6874 7332/2543/6861 7372/2583/6898
f 7333/2547/6865 7344/2560/6876 7338/2553/6868
f 7338/2553/6868 7336/2552/6867 7337/2554/6869
f 5010/1751/4767 5001/1741/4757 5002/1740/4756
f 5004/1744/4760 5010/1751/4767 5002/1740/4756
f 5043/1740/4796 5041/1741/4798 5049/1751/4804
f 5044/1744/4801 5043/1740/4796 5049/1751/4804
f 5074/1740/4827 5073/1741/4828 5083/1751/4837
f 5075/1744/4831 5074/1740/4827 5083/1751/4837
f 5115/1751/4867 5114/1753/4868 5107/1741/4861
f 6089/2114/5781 6085/2112/5779 7373/2122/6899
f 6094/2120/5787 6089/2114/5781 7373/2122/6899
f 6130/2114/5823 6127/2112/5819 6087/2110/5777
f 6323/2196/5986 6312/2190/5976 6313/2189/5975
f 6724/2190/6333 6734/2196/6344 6723/2189/6334
f 6524/2350/6155 6525/2349/6154 6530/2355/6160
f 6926/2355/6532 6919/2349/6501 6920/2350/6500
f 4266/1539/4020 4264/1538/4019 4323/1528/4082
f 4331/1518/4089 4347/1539/4105 4348/1538/4104
f 4397/1537/4159 4331/1518/4089 4348/1538/4104
f 4398/1518/4162 4420/1539/4182 4421/1538/4181
f 4481/1537/4247 4398/1518/4162 4421/1538/4181
f 4503/1539/4269 4501/1538/4268 4548/1528/4318
f 6320/2193/5982 6307/2183/5969 6308/2182/5968
f 6730/2193/6340 6716/2183/6329 6732/2194/6342
f 4103/1463/3856 4124/1481/3874 4122/1479/3872
f 4117/1475/3868 4103/1463/3856 4122/1479/3872
f 4606/1481/4374 4610/1462/4378 4586/1463/4355
f 5669/1995/5398 5664/1989/5392 5665/1988/5391
f 5704/1995/5428 5699/1988/5423 5689/1989/5416
f 5668/1991/5394 5663/1990/5393 5667/1992/5395
f 5702/1991/5425 5698/1990/5424 5705/1996/5430
f 6532/2353/6158 6529/2356/6161 7374/2465/6172
f 6926/2355/6532 6967/2354/6535 6924/2353/6505
f 6925/2356/6504 6926/2355/6532 6924/2353/6505
f 6429/2262/6073 6580/2398/6194 6427/2259/6070
f 6428/2258/6069 6429/2262/6073 6427/2259/6070
f 6429/2262/6073 6834/2258/6426 6835/2259/6425
f 6580/2398/6194 6429/2262/6073 6835/2259/6425
g item_damaged
v 0.000000 70.710701 -0.000015
v 70.710701 0.000000 0.000000
v -70.710701 0.000000 0.000000
v 0.000000 -70.710602 0.000015
v 0.000000 55.656200 3.999988
v 55.656200 0.000000 4.000000
v -55.656101 0.000000 4.000000
v 0.000000 -55.656101 4.000012
v 0.000000 70.710701 -0.000015
v 70.710701 0.000000 0.000000
v -70.710701 0.000000 0.000000
v 0.000000 -70.710602 0.000015
v 0.000000 55.656200 -4.000012
v 55.656200 -0.000000 -4.000000
v -55.656101 -0.000000 -4.000000
v 0.000000 -55.656101 -3.999988
vn 0.2559 0.0853 0.9629
vn -0.0853 0.2559 0.9629
vn 0.0639 0.1919 0.9793
vn 0.1532 -0.0510 0.9869
vn 0.0853 -0.2559 0.9629
vn -0.0639 -0.1919 0.9793
vn -0.2558 -0.0853 0.9630
vn -0.1532 0.0510 0.9869
vn 0.0639 0.1919 -0.9793
vn -0.0853 0.2558 -0.9630
vn 0.2558 0.0853 -0.9630
vn 0.1532 -0.0510 -0.9869
vn 0.0853 -0.2558 -0.9630
vn -0.0639 -0.1919 -0.9793
vn -0.2558 -0.0853 -0.9630
vn -0.1532 0.0510 -0.9869
vt 0.291780 0.675050
vt 0.283050 0.675050
vt 0.285960 0.673600
vt 0.288870 0.673600
vt 0.291780 0.670690
vt 0.288870 0.672140
vt 0.283050 0.670690
vt 0.285960 0.672140
vt 0.125920 0.709470
vt 0.264800 0.569660
vt 0.403700 0.709470
vt 0.264800 0.849250
vt 0.285630 0.666000
vt 0.282440 0.667600
vt 0.292010 0.667600
vt 0.288820 0.666000
vt 0.292010 0.662810
vt 0.288820 0.664410
vt 0.282440 0.662810
vt 0.285630 0.664410
vt 0.125110 0.711360
vt 0.263090 0.572480
vt 0.401060 0.711360
vt 0.263090 0.850220
s 1
usemtl 握把
f 7376/2588/6900 7375/2589/6901 7379/2590/6902
f 7380/2591/6903 7376/2588/6900 7379/2590/6902
f 7378/2592/6904 7376/2588/6900 7380/2591/6903
f 7382/2593/6905 7378/2592/6904 7380/2591/6903
f 7377/2594/6906 7378/2592/6904 7382/2593/6905
f 7381/2595/6907 7377/2594/6906 7382/2593/6905
f 7375/2589/6901 7377/2594/6906 7381/2595/6907
f 7379/2590/6902 7375/2589/6901 7381/2595/6907
f 7381/2596/6907 7382/2597/6905 7380/2598/6903
f 7379/2599/6902 7381/2596/6907 7380/2598/6903
f 7387/2600/6908 7383/2601/6909 7384/2602/6910
f 7388/2603/6911 7387/2600/6908 7384/2602/6910
f 7388/2603/6911 7384/2602/6910 7386/2604/6912
f 7390/2605/6913 7388/2603/6911 7386/2604/6912
f 7390/2605/6913 7386/2604/6912 7385/2606/6914
f 7389/2607/6915 7390/2605/6913 7385/2606/6914
f 7389/2607/6915 7385/2606/6914 7383/2601/6909
f 7387/2600/6908 7389/2607/6915 7383/2601/6909
f 7388/2608/6911 7390/2609/6913 7389/2610/6915
f 7387/2611/6908 7388/2608/6911 7389/2610/6915
g item_bladens
v 0.000000 70.710701 -0.000015
v 70.710701 0.000000 0.000000
v -70.710701 0.000000 0.000000
v 0.000000 -70.710602 0.000015
v 0.000000 55.656200 3.999988
v 55.656200 0.000000 4.000000
v -55.656101 0.000000 4.000000
v 0.000000 -55.656101 4.000012
v 0.000000 70.710701 -0.000015
v 70.710701 0.000000 0.000000
v -70.710701 0.000000 0.000000
v 0.000000 -70.710602 0.000015
v 0.000000 55.656200 -4.000012
v 55.656200 -0.000000 -4.000000
v -55.656101 -0.000000 -4.000000
v 0.000000 -55.656101 -3.999988
vn 0.2559 0.0853 0.9629
vn -0.0853 0.2559 0.9629
vn 0.0639 0.1919 0.9793
vn 0.1532 -0.0510 0.9869
vn 0.0853 -0.2559 0.9629
vn -0.0639 -0.1919 0.9793
vn -0.2558 -0.0853 0.9630
vn -0.1532 0.0510 0.9869
vn 0.0639 0.1919 -0.9793
vn -0.0853 0.2558 -0.9630
vn 0.2558 0.0853 -0.9630
vn 0.1532 -0.0510 -0.9869
vn 0.0853 -0.2558 -0.9630
vn -0.0639 -0.1919 -0.9793
vn -0.2558 -0.0853 -0.9630
vn -0.1532 0.0510 -0.9869
vt 0.291780 0.675050
vt 0.283050 0.675050
vt 0.285960 0.673600
vt 0.288870 0.673600
vt 0.291780 0.670690
vt 0.288870 0.672140
vt 0.283050 0.670690
vt 0.285960 0.672140
vt 0.125920 0.709470
vt 0.264800 0.569660
vt 0.403700 0.709470
vt 0.264800 0.849250
vt 0.285630 0.666000
vt 0.282440 0.667600
vt 0.292010 0.667600
vt 0.288820 0.666000
vt 0.292010 0.662810
vt 0.288820 0.664410
vt 0.282440 0.662810
vt 0.285630 0.664410
vt 0.125110 0.711360
vt 0.263090 0.572480
vt 0.401060 0.711360
vt 0.263090 0.850220
s 1
usemtl 握把
f 7392/2612/6916 7391/2613/6917 7395/2614/6918
f 7396/2615/6919 7392/2612/6916 7395/2614/6918
f 7394/2616/6920 7392/2612/6916 7396/2615/6919
f 7398/2617/6921 7394/2616/6920 7396/2615/6919
f 7393/2618/6922 7394/2616/6920 7398/2617/6921
f 7397/2619/6923 7393/2618/6922 7398/2617/6921
f 7391/2613/6917 7393/2618/6922 7397/2619/6923
f 7395/2614/6918 7391/2613/6917 7397/2619/6923
f 7397/2620/6923 7398/2621/6921 7396/2622/6919
f 7395/2623/6918 7397/2620/6923 7396/2622/6919
f 7403/2624/6924 7399/2625/6925 7400/2626/6926
f 7404/2627/6927 7403/2624/6924 7400/2626/6926
f 7404/2627/6927 7400/2626/6926 7402/2628/6928
f 7406/2629/6929 7404/2627/6927 7402/2628/6928
f 7406/2629/6929 7402/2628/6928 7401/2630/6930
f 7405/2631/6931 7406/2629/6929 7401/2630/6930
f 7405/2631/6931 7401/2630/6930 7399/2625/6925
f 7403/2624/6924 7405/2631/6931 7399/2625/6925
f 7404/2632/6927 7406/2633/6929 7405/2634/6931
f 7403/2635/6924 7404/2632/6927 7405/2634/6931
g item_back
v 0.000000 70.710701 -0.000015
v 70.710701 0.000000 0.000000
v -70.710701 0.000000 0.000000
v 0.000000 -70.710602 0.000015
v 0.000000 55.656200 3.999988
v 55.656200 0.000000 4.000000
v -55.656101 0.000000 4.000000
v 0.000000 -55.656101 4.000012
v 0.000000 70.710701 -0.000015
v 70.710701 0.000000 0.000000
v -70.710701 0.000000 0.000000
v 0.000000 -70.710602 0.000015
v 0.000000 55.656200 -4.000012
v 55.656200 -0.000000 -4.000000
v -55.656101 -0.000000 -4.000000
v 0.000000 -55.656101 -3.999988
vn 0.2559 0.0853 0.9629
vn -0.0853 0.2559 0.9629
vn 0.0639 0.1919 0.9793
vn 0.1532 -0.0510 0.9869
vn 0.0853 -0.2559 0.9629
vn -0.0639 -0.1919 0.9793
vn -0.2558 -0.0853 0.9630
vn -0.1532 0.0510 0.9869
vn 0.0639 0.1919 -0.9793
vn -0.0853 0.2558 -0.9630
vn 0.2558 0.0853 -0.9630
vn 0.1532 -0.0510 -0.9869
vn 0.0853 -0.2558 -0.9630
vn -0.0639 -0.1919 -0.9793
vn -0.2558 -0.0853 -0.9630
vn -0.1532 0.0510 -0.9869
vt 0.291780 0.675050
vt 0.283050 0.675050
vt 0.285960 0.673600
vt 0.288870 0.673600
vt 0.291780 0.670690
vt 0.288870 0.672140
vt 0.283050 0.670690
vt 0.285960 0.672140
vt 0.125920 0.709470
vt 0.264800 0.569660
vt 0.403700 0.709470
vt 0.264800 0.849250
vt 0.285630 0.666000
vt 0.282440 0.667600
vt 0.292010 0.667600
vt 0.288820 0.666000
vt 0.292010 0.662810
vt 0.288820 0.664410
vt 0.282440 0.662810
vt 0.285630 0.664410
vt 0.125110 0.711360
vt 0.263090 0.572480
vt 0.401060 0.711360
vt 0.263090 0.850220
s 1
usemtl 握把
f 7408/2636/6932 7407/2637/6933 7411/2638/6934
f 7412/2639/6935 7408/2636/6932 7411/2638/6934
f 7410/2640/6936 7408/2636/6932 7412/2639/6935
f 7414/2641/6937 7410/2640/6936 7412/2639/6935
f 7409/2642/6938 7410/2640/6936 7414/2641/6937
f 7413/2643/6939 7409/2642/6938 7414/2641/6937
f 7407/2637/6933 7409/2642/6938 7413/2643/6939
f 7411/2638/6934 7407/2637/6933 7413/2643/6939
f 7413/2644/6939 7414/2645/6937 7412/2646/6935
f 7411/2647/6934 7413/2644/6939 7412/2646/6935
f 7419/2648/6940 7415/2649/6941 7416/2650/6942
f 7420/2651/6943 7419/2648/6940 7416/2650/6942
f 7420/2651/6943 7416/2650/6942 7418/2652/6944
f 7422/2653/6945 7420/2651/6943 7418/2652/6944
f 7422/2653/6945 7418/2652/6944 7417/2654/6946
f 7421/2655/6947 7422/2653/6945 7417/2654/6946
f 7421/2655/6947 7417/2654/6946 7415/2649/6941
f 7419/2648/6940 7421/2655/6947 7415/2649/6941
f 7420/2656/6943 7422/2657/6945 7421/2658/6947
f 7419/2659/6940 7420/2656/6943 7421/2658/6947
