# Blender 4.3.0
# www.blender.org
mtllib zhen.mtl
o Circle
v 0.000000 -0.220328 -88.132851
v -15.304109 -0.220328 -86.793907
v -30.143211 -0.220328 -82.817787
v -56.650703 -0.220329 -67.513680
v -67.513680 -0.220330 -56.650703
v -76.325279 -0.220330 -44.066425
v -82.817787 -0.220331 -30.143211
v -86.793907 -0.220331 -15.304109
v -86.793907 -0.220333 15.304109
v -82.817787 -0.220333 30.143211
v -76.325279 -0.220334 44.066425
v -67.513680 -0.220335 56.650703
v -56.650703 -0.220335 67.513680
v -30.143211 -0.220336 82.817787
v -15.304109 -0.220336 86.793907
v 0.000000 -0.220336 88.132851
v 15.304109 -0.220336 86.793907
v 30.143211 -0.220336 82.817787
v 56.650703 -0.220335 67.513680
v 67.513680 -0.220335 56.650703
v 76.325279 -0.220334 44.066425
v 82.817787 -0.220333 30.143211
v 86.793907 -0.220333 15.304109
v 86.793907 -0.220331 -15.304109
v 82.817787 -0.220331 -30.143211
v 76.325279 -0.220330 -44.066425
v 67.513680 -0.220330 -56.650703
v 56.650703 -0.220329 -67.513680
v 30.143211 -0.220328 -82.817787
v 15.304109 -0.220328 -86.793907
v 0.000000 -0.213911 -89.844162
v -15.601274 -0.213911 -88.479225
v -30.728516 -0.213911 -84.425888
v -57.750713 -0.213912 -68.824623
v -68.824623 -0.213912 -57.750713
v -77.807327 -0.213913 -44.922081
v -84.425888 -0.213913 -30.728516
v -88.479225 -0.213914 -15.601274
v -88.479225 -0.213915 15.601274
v -84.425888 -0.213916 30.728516
v -77.807327 -0.213917 44.922081
v -68.824623 -0.213917 57.750713
v -57.750713 -0.213918 68.824623
v -30.728516 -0.213918 84.425888
v -15.601274 -0.213919 88.479225
v 0.000000 -0.213919 89.844162
v 15.601274 -0.213919 88.479225
v 30.728516 -0.213918 84.425888
v 57.750713 -0.213918 68.824623
v 68.824623 -0.213917 57.750713
v 77.807327 -0.213917 44.922081
v 84.425888 -0.213916 30.728516
v 88.479225 -0.213915 15.601274
v 88.479225 -0.213914 -15.601274
v 84.425888 -0.213913 -30.728516
v 77.807327 -0.213913 -44.922081
v 68.824623 -0.213912 -57.750713
v 57.750713 -0.213912 -68.824623
v 30.728516 -0.213911 -84.425888
v 15.601274 -0.213911 -88.479225
v 0.000000 0.220336 -88.132851
v -15.304109 0.220336 -86.793907
v -30.143211 0.220336 -82.817787
v -56.650703 0.220335 -67.513680
v -67.513680 0.220335 -56.650703
v -76.325279 0.220334 -44.066425
v -82.817787 0.220333 -30.143211
v -86.793907 0.220333 -15.304109
v -86.793907 0.220331 15.304109
v -82.817787 0.220331 30.143211
v -76.325279 0.220330 44.066425
v -67.513680 0.220330 56.650703
v -56.650703 0.220329 67.513680
v -30.143211 0.220328 82.817787
v -15.304109 0.220328 86.793907
v 0.000000 0.220328 88.132851
v 15.304109 0.220328 86.793907
v 30.143211 0.220328 82.817787
v 56.650703 0.220329 67.513680
v 67.513680 0.220330 56.650703
v 76.325279 0.220330 44.066425
v 82.817787 0.220331 30.143211
v 86.793907 0.220331 15.304109
v 86.793907 0.220333 -15.304109
v 82.817787 0.220333 -30.143211
v 76.325279 0.220334 -44.066425
v 67.513680 0.220335 -56.650703
v 56.650703 0.220335 -67.513680
v 30.143211 0.220336 -82.817787
v 15.304109 0.220336 -86.793907
v 0.000000 0.213919 -89.844162
v -15.601274 0.213919 -88.479225
v -30.728516 0.213918 -84.425888
v -57.750713 0.213918 -68.824623
v -68.824623 0.213917 -57.750713
v -77.807327 0.213917 -44.922081
v -84.425888 0.213916 -30.728516
v -88.479225 0.213915 -15.601274
v -88.479225 0.213914 15.601274
v -84.425888 0.213913 30.728516
v -77.807327 0.213913 44.922081
v -68.824623 0.213912 57.750713
v -57.750713 0.213912 68.824623
v -30.728516 0.213911 84.425888
v -15.601274 0.213911 88.479225
v 0.000000 0.213911 89.844162
v 15.601274 0.213911 88.479225
v 30.728516 0.213911 84.425888
v 57.750713 0.213912 68.824623
v 68.824623 0.213912 57.750713
v 77.807327 0.213913 44.922081
v 84.425888 0.213913 30.728516
v 88.479225 0.213914 15.601274
v 88.479225 0.213915 -15.601274
v 84.425888 0.213916 -30.728516
v 77.807327 0.213917 -44.922081
v 68.824623 0.213917 -57.750713
v 57.750713 0.213918 -68.824623
v 30.728516 0.213918 -84.425888
v 15.601274 0.213919 -88.479225
v -1.069573 -0.427830 20.219137
v -1.069573 0.427828 20.219137
v 1.069573 -0.427830 21.391470
v 1.069573 0.427828 21.391470
v 1.069573 0.427829 1.852556
v 1.069573 -0.427829 1.852556
v -1.069573 0.427829 1.852556
v -1.069573 -0.427829 1.852556
v 0.000000 0.427829 0.000000
v 0.000000 -0.427829 -0.000000
v -19.359106 -0.427831 33.530952
v -19.359106 0.427828 33.530952
v -21.550699 -0.427831 37.326908
v -21.550699 0.427828 37.326908
v -19.060345 -0.427830 9.769457
v -19.060345 0.427829 9.769457
v -16.975496 -0.427830 11.035845
v -16.975496 0.427829 11.035845
v -1.069573 0.427829 1.852556
v -1.069573 -0.427829 1.852556
v -2.139147 0.427829 0.000000
v -2.139147 -0.427829 -0.000000
v 0.000000 0.427829 0.000000
v 0.000000 -0.427829 -0.000000
v 18.045071 -0.427829 -9.183292
v 18.045071 0.427830 -9.183292
v 17.990770 -0.427829 -11.622013
v 17.990770 0.427830 -11.622013
v 1.069573 0.427829 -1.852556
v 1.069573 -0.427829 -1.852556
v 2.139147 0.427829 0.000000
v 2.139147 -0.427829 -0.000000
v 0.000000 0.427829 0.000000
v 0.000000 -0.427829 -0.000000
v 38.718212 -0.427829 -0.000004
v 38.718212 0.427829 -0.000004
v 43.101402 -0.427829 -0.000004
v 43.101402 0.427829 -0.000004
v 17.990770 -0.427830 11.622009
v 17.990770 0.427829 11.622009
v 18.045071 -0.427830 9.183288
v 18.045071 0.427829 9.183288
v 2.139147 0.427829 0.000000
v 2.139147 -0.427829 -0.000000
v 1.069573 0.427829 1.852556
v 1.069573 -0.427829 1.852556
v 0.000000 0.427829 0.000000
v 0.000000 -0.427829 -0.000000
v 1.069565 -0.427828 -20.219137
v 1.069565 0.427830 -20.219137
v -1.069582 -0.427828 -21.391470
v -1.069582 0.427830 -21.391470
v 19.359093 -0.427828 -33.530956
v 19.359093 0.427831 -33.530956
v 21.550688 -0.427828 -37.326920
v 21.550688 0.427831 -37.326920
v 19.060339 -0.427829 -9.769461
v 19.060339 0.427830 -9.769461
v 16.975492 -0.427829 -11.035849
v 16.975492 0.427830 -11.035849
v -16.975496 -0.427829 -11.035849
v -16.975496 0.427830 -11.035849
v -19.060345 -0.427829 -9.769457
v -19.060345 0.427830 -9.769457
v -2.139147 0.427829 0.000000
v -2.139147 -0.427829 -0.000000
v -1.069573 0.427829 -1.852556
v -1.069573 -0.427829 -1.852556
v 0.000000 0.427829 0.000000
v 0.000000 -0.427829 -0.000000
v -19.359106 -0.427828 -33.530952
v -19.359106 0.427831 -33.530952
v -21.550695 -0.427828 -37.326908
v -21.550695 0.427831 -37.326908
v 1.069573 -0.427828 -21.391466
v 1.069573 0.427830 -21.391466
v -1.069573 -0.427828 -20.219137
v -1.069573 0.427830 -20.219137
v -1.069573 0.427829 -1.852556
v -1.069573 -0.427829 -1.852556
v 1.069573 0.427829 -1.852556
v 1.069573 -0.427829 -1.852556
v 0.000000 0.427829 0.000000
v 0.000000 -0.427829 -0.000000
v -18.045067 -0.427830 9.183305
v -18.045067 0.427829 9.183305
v -17.990761 -0.427830 11.622030
v -17.990761 0.427829 11.622030
v -38.718208 -0.427829 0.000034
v -38.718208 0.427829 0.000034
v -43.101402 -0.427829 0.000038
v -43.101402 0.427829 0.000039
v -17.990784 -0.427829 -11.621996
v -17.990784 0.427830 -11.621996
v -18.045078 -0.427829 -9.183275
v -18.045078 0.427830 -9.183275
v 16.975506 -0.427830 11.035840
v 16.975506 0.427829 11.035840
v 19.060349 -0.427830 9.769448
v 19.060349 0.427829 9.769448
v 19.359118 -0.427831 33.530945
v 19.359118 0.427828 33.530945
v 21.550716 -0.427831 37.326897
v 21.550716 0.427828 37.326897
v -1.069565 -0.427830 21.391470
v -1.069565 0.427828 21.391470
v 1.069582 -0.427830 20.219133
v 1.069582 0.427828 20.219133
v -46.128368 -0.680762 6.876487
v -46.128368 0.680762 6.876487
v -43.734631 -0.667414 10.878244
v -43.734631 0.667413 10.878244
v -66.440445 -0.734155 0.000056
v -66.440445 0.734155 0.000056
v -81.358208 -0.807571 0.000068
v -81.358208 0.807571 0.000068
v -43.734650 -0.667413 -10.878168
v -43.734650 0.667414 -10.878168
v -46.128376 -0.680762 -6.876410
v -46.128376 0.680762 -6.876410
v -41.521217 -0.493711 4.987065
v -41.521217 0.493711 4.987065
v -39.785198 -0.484029 7.889271
v -39.785198 0.484029 7.889271
v -39.785210 -0.484029 -7.889194
v -39.785210 0.484029 -7.889194
v -41.521225 -0.493711 -4.986989
v -41.521225 0.493711 -4.986989
v 46.128365 -0.680762 -6.876501
v 46.128365 0.680762 -6.876501
v 43.734623 -0.667413 -10.878258
v 43.734623 0.667414 -10.878258
v 66.440445 -0.734155 -0.000073
v 66.440445 0.734155 -0.000073
v 81.358208 -0.807571 -0.000090
v 81.358208 0.807571 -0.000090
v 43.734653 -0.667414 10.878155
v 43.734653 0.667413 10.878155
v 46.128376 -0.680762 6.876398
v 46.128376 0.680762 6.876398
v 41.521214 -0.493711 -4.987078
v 41.521214 0.493711 -4.987078
v 39.785191 -0.484029 -7.889284
v 39.785191 0.484029 -7.889284
v 39.785217 -0.484029 7.889181
v 39.785217 0.484029 7.889181
v 41.521225 -0.493711 4.986975
v 41.521225 0.493711 4.986975
v -29.019402 -0.680760 -36.510086
v -29.019402 0.680764 -36.510086
v -31.288158 -0.667412 -32.436176
v -31.288158 0.667415 -32.436176
v -33.220284 -0.734153 -57.539082
v -33.220284 0.734158 -57.539082
v -40.679180 -0.807567 -70.458229
v -40.679180 0.807574 -70.458229
v -12.446565 -0.667412 -43.314396
v -12.446565 0.667416 -43.314396
v -17.109053 -0.680760 -43.386543
v -17.109053 0.680764 -43.386543
v -25.079542 -0.493709 -33.464890
v -25.079542 0.493712 -33.464890
v -26.724918 -0.484028 -30.510353
v -26.724918 0.484030 -30.510353
v -13.060371 -0.484027 -38.399601
v -13.060371 0.484031 -38.399601
v -16.441763 -0.493709 -38.451923
v -16.441763 0.493712 -38.451923
v 29.019417 -0.680764 36.510075
v 29.019417 0.680760 36.510075
v 31.288168 -0.667415 32.436161
v 31.288168 0.667412 32.436161
v 33.220303 -0.734158 57.539070
v 33.220303 0.734153 57.539070
v 40.679207 -0.807574 70.458221
v 40.679207 0.807567 70.458221
v 12.446577 -0.667416 43.314396
v 12.446577 0.667412 43.314396
v 17.109064 -0.680764 43.386543
v 17.109064 0.680760 43.386543
v 25.079550 -0.493712 33.464882
v 25.079550 0.493709 33.464882
v 26.724928 -0.484030 30.510345
v 26.724928 0.484028 30.510345
v 13.060385 -0.484031 38.399597
v 13.060385 0.484027 38.399597
v 16.441776 -0.493712 38.451923
v 16.441776 0.493709 38.451923
v -17.108959 -0.680764 43.386585
v -17.108959 0.680760 43.386585
v -12.446470 -0.667416 43.314426
v -12.446470 0.667412 43.314426
v -33.220165 -0.734158 57.539146
v -33.220165 0.734153 57.539146
v -40.679020 -0.807574 70.458321
v -40.679020 0.807567 70.458321
v -31.288086 -0.667415 32.436241
v -31.288086 0.667412 32.436241
v -29.019323 -0.680764 36.510155
v -29.019323 0.680760 36.510155
v -16.441673 -0.493712 38.451965
v -16.441673 0.493709 38.451965
v -13.060282 -0.484031 38.399632
v -13.060282 0.484027 38.399632
v -26.724842 -0.484030 30.510416
v -26.724842 0.484028 30.510416
v -25.079460 -0.493712 33.464947
v -25.079460 0.493709 33.464947
v 17.108925 -0.680760 -43.386597
v 17.108925 0.680764 -43.386597
v 12.446431 -0.667412 -43.314438
v 12.446431 0.667416 -43.314438
v 33.220116 -0.734153 -57.539177
v 33.220116 0.734158 -57.539177
v 40.678963 -0.807567 -70.458359
v 40.678963 0.807574 -70.458359
v 31.288055 -0.667412 -32.436268
v 31.288055 0.667415 -32.436268
v 29.019295 -0.680760 -36.510174
v 29.019295 0.680764 -36.510174
v 16.441643 -0.493709 -38.451981
v 16.441643 0.493712 -38.451981
v 13.060252 -0.484027 -38.399639
v 13.060252 0.484031 -38.399639
v 26.724815 -0.484028 -30.510439
v 26.724815 0.484030 -30.510439
v 25.079435 -0.493709 -33.464970
v 25.079435 0.493712 -33.464970
v -8.128757 -0.812877 34.226349
v -8.128757 0.812874 34.226349
v 0.000000 -0.812877 26.097591
v 0.000000 0.812875 26.097591
v 8.128757 -0.812877 34.226349
v 8.128757 0.812874 34.226349
v 0.000000 -0.894166 55.532249
v 0.000000 0.894161 55.532249
v 8.128761 -0.812874 -34.226337
v 8.128761 0.812877 -34.226337
v 0.000004 -0.812875 -26.097580
v 0.000004 0.812877 -26.097580
v -8.128753 -0.812874 -34.226337
v -8.128753 0.812877 -34.226337
v 0.000009 -0.894161 -55.532238
v 0.000009 0.894166 -55.532238
v -25.576504 -0.812875 -24.152872
v -25.576504 0.812877 -24.152872
v -22.601173 -0.812875 -13.048786
v -22.601173 0.812876 -13.048786
v -33.705261 -0.812875 -10.073455
v -33.705261 0.812876 -10.073455
v -48.092339 -0.894162 -27.766109
v -48.092339 0.894165 -27.766109
v 25.576504 -0.812877 24.152885
v 25.576504 0.812875 24.152885
v 22.601173 -0.812876 13.048794
v 22.601173 0.812875 13.048794
v 33.705261 -0.812876 10.073463
v 33.705261 0.812875 10.073463
v 48.092331 -0.894165 27.766121
v 48.092331 0.894162 27.766121
v -33.705261 -0.812876 10.073460
v -33.705261 0.812875 10.073460
v -22.601173 -0.812876 13.048794
v -22.601173 0.812875 13.048794
v -25.576504 -0.812877 24.152885
v -25.576504 0.812875 24.152885
v -48.092339 -0.894165 27.766121
v -48.092339 0.894162 27.766121
v 33.705261 -0.812875 -10.073460
v 33.705261 0.812876 -10.073460
v 22.601170 -0.812875 -13.048790
v 22.601170 0.812876 -13.048790
v 25.576500 -0.812875 -24.152876
v 25.576500 0.812877 -24.152876
v 48.092331 -0.894162 -27.766121
v 48.092331 0.894165 -27.766121
v 31.991522 -0.213917 63.137032
v 30.030216 -0.213918 66.534103
v 29.349087 -0.213918 70.397110
v 30.030230 -0.213918 74.260124
v 31.991537 -0.213918 77.657204
v 34.996418 -0.213918 80.178596
v 38.682453 -0.213918 81.520218
v 42.605068 -0.213918 81.520226
v 46.291119 -0.213918 80.178612
v 49.296013 -0.213918 77.657204
v 51.257317 -0.213918 74.260124
v 51.938446 -0.213918 70.397118
v 51.257305 -0.213918 66.534119
v 49.295998 -0.213917 63.137032
v 46.291115 -0.213917 60.615635
v 42.605080 -0.213917 59.274002
v 38.682476 -0.213917 59.274010
v 30.261078 -0.213917 61.685028
v 27.907503 -0.213918 65.761497
v 27.090147 -0.213918 70.397110
v 27.907524 -0.213918 75.032722
v 30.261091 -0.213918 79.109215
v 33.866955 -0.213918 82.134903
v 38.290195 -0.213918 83.744850
v 42.997314 -0.213918 83.744843
v 47.420582 -0.213918 82.134918
v 51.026455 -0.213918 79.109215
v 53.380028 -0.213918 75.032730
v 54.197392 -0.213918 70.397125
v 53.380009 -0.213918 65.761505
v 51.026443 -0.213917 61.685009
v 47.420578 -0.213917 58.659336
v 42.997341 -0.213917 57.049381
v 38.290226 -0.213917 57.049397
v -70.674034 -0.213914 -3.863029
v -72.635330 -0.213914 -7.260109
v -75.640221 -0.213914 -9.781492
v -79.326256 -0.213914 -11.123109
v -83.248878 -0.213914 -11.123105
v -86.934906 -0.213914 -9.781492
v -89.939812 -0.213914 -7.260105
v -91.901115 -0.213914 -3.863034
v -92.582283 -0.213915 -0.000009
v -91.901115 -0.213915 3.863012
v -89.939812 -0.213915 7.260092
v -86.934914 -0.213915 9.781475
v -83.248871 -0.213915 11.123083
v -79.326256 -0.213915 11.123088
v -75.640221 -0.213915 9.781475
v -72.635330 -0.213915 7.260088
v -70.674034 -0.213915 3.863012
v -68.551331 -0.213914 -4.635633
v -70.904884 -0.213914 -8.712128
v -74.510765 -0.213914 -11.737788
v -78.934006 -0.213914 -13.347722
v -83.641136 -0.213914 -13.347728
v -88.064392 -0.213914 -11.737788
v -91.670258 -0.213914 -8.712128
v -94.023819 -0.213914 -4.635642
v -94.841217 -0.213915 -0.000009
v -94.023827 -0.213915 4.635621
v -91.670258 -0.213915 8.712111
v -88.064384 -0.213915 11.737770
v -83.641136 -0.213915 13.347706
v -78.934006 -0.213915 13.347710
v -74.510765 -0.213915 11.737766
v -70.904884 -0.213915 8.712111
v -68.551331 -0.213915 4.635621
v 70.674034 -0.213915 3.863038
v 72.635330 -0.213915 7.260118
v 75.640221 -0.213915 9.781505
v 79.326263 -0.213915 11.123117
v 83.248871 -0.213915 11.123113
v 86.934906 -0.213915 9.781500
v 89.939812 -0.213915 7.260122
v 91.901115 -0.213915 3.863046
v 92.582283 -0.213915 0.000021
v 91.901115 -0.213914 -3.862999
v 89.939812 -0.213914 -7.260079
v 86.934914 -0.213914 -9.781462
v 83.248871 -0.213914 -11.123075
v 79.326263 -0.213914 -11.123078
v 75.640221 -0.213914 -9.781466
v 72.635330 -0.213914 -7.260079
v 70.674034 -0.213914 -3.863008
v 68.551331 -0.213915 4.635646
v 70.904877 -0.213915 8.712132
v 74.510757 -0.213915 11.737802
v 78.934006 -0.213915 13.347732
v 83.641136 -0.213915 13.347728
v 88.064384 -0.213915 11.737802
v 91.670258 -0.213915 8.712137
v 94.023819 -0.213915 4.635646
v 94.841225 -0.213915 0.000021
v 94.023827 -0.213914 -4.635608
v 91.670258 -0.213914 -8.712098
v 88.064384 -0.213914 -11.737759
v 83.641136 -0.213914 -13.347696
v 78.934006 -0.213914 -13.347701
v 74.510765 -0.213914 -11.737759
v 70.904884 -0.213914 -8.712102
v 68.551331 -0.213914 -4.635608
v 38.682495 -0.213912 -59.273994
v 42.605091 -0.213912 -59.273987
v 46.291126 -0.213912 -60.615612
v 49.296024 -0.213912 -63.137012
v 51.257328 -0.213912 -66.534088
v 51.938473 -0.213912 -70.397102
v 51.257336 -0.213911 -74.260109
v 49.296032 -0.213911 -77.657181
v 46.291138 -0.213911 -80.178589
v 42.605083 -0.213911 -81.520210
v 38.682476 -0.213911 -81.520210
v 34.996445 -0.213911 -80.178581
v 31.991556 -0.213911 -77.657188
v 30.030256 -0.213911 -74.260109
v 29.349104 -0.213912 -70.397102
v 30.030233 -0.213912 -66.534088
v 31.991545 -0.213912 -63.137012
v 38.290237 -0.213912 -57.049370
v 42.997360 -0.213912 -57.049366
v 47.420597 -0.213912 -58.659325
v 51.026463 -0.213912 -61.684998
v 53.380028 -0.213912 -65.761490
v 54.197411 -0.213912 -70.397102
v 53.380047 -0.213911 -75.032715
v 51.026485 -0.213911 -79.109200
v 47.420609 -0.213911 -82.134895
v 42.997341 -0.213911 -83.744827
v 38.290218 -0.213911 -83.744843
v 33.866978 -0.213911 -82.134880
v 30.261112 -0.213911 -79.109200
v 27.907545 -0.213911 -75.032715
v 27.090170 -0.213912 -70.397102
v 27.907530 -0.213912 -65.761482
v 30.261095 -0.213912 -61.685005
v -38.682495 -0.213917 59.273994
v -42.605095 -0.213917 59.273987
v -46.291130 -0.213917 60.615616
v -49.296024 -0.213917 63.137012
v -51.257328 -0.213918 66.534088
v -51.938477 -0.213918 70.397102
v -51.257339 -0.213918 74.260117
v -49.296036 -0.213918 77.657181
v -46.291142 -0.213918 80.178596
v -42.605087 -0.213918 81.520210
v -38.682480 -0.213918 81.520210
v -34.996445 -0.213918 80.178581
v -31.991562 -0.213918 77.657196
v -30.030256 -0.213918 74.260109
v -29.349112 -0.213918 70.397102
v -30.030237 -0.213918 66.534088
v -31.991549 -0.213917 63.137024
v -38.290245 -0.213917 57.049377
v -42.997364 -0.213917 57.049366
v -47.420609 -0.213917 58.659325
v -51.026466 -0.213917 61.684998
v -53.380032 -0.213918 65.761497
v -54.197414 -0.213918 70.397102
v -53.380047 -0.213918 75.032715
v -51.026485 -0.213918 79.109200
v -47.420616 -0.213918 82.134903
v -42.997341 -0.213918 83.744827
v -38.290218 -0.213918 83.744843
v -33.866982 -0.213918 82.134895
v -30.261112 -0.213918 79.109200
v -27.907545 -0.213918 75.032715
v -27.090170 -0.213918 70.397102
v -27.907534 -0.213918 65.761482
v -30.261099 -0.213917 61.685005
v -31.991533 -0.213912 -63.137028
v -30.030222 -0.213912 -66.534096
v -29.349091 -0.213912 -70.397102
v -30.030237 -0.213911 -74.260117
v -31.991545 -0.213911 -77.657196
v -34.996426 -0.213911 -80.178581
v -38.682457 -0.213911 -81.520210
v -42.605068 -0.213911 -81.520210
v -46.291122 -0.213911 -80.178596
v -49.296017 -0.213911 -77.657188
v -51.257320 -0.213911 -74.260117
v -51.938450 -0.213912 -70.397102
v -51.257313 -0.213912 -66.534103
v -49.296001 -0.213912 -63.137024
v -46.291119 -0.213912 -60.615620
v -42.605083 -0.213912 -59.273998
v -38.682480 -0.213912 -59.274002
v -30.261082 -0.213912 -61.685009
v -27.907507 -0.213912 -65.761490
v -27.090151 -0.213912 -70.397102
v -27.907530 -0.213911 -75.032715
v -30.261095 -0.213911 -79.109207
v -33.866959 -0.213911 -82.134880
v -38.290195 -0.213911 -83.744843
v -42.997318 -0.213911 -83.744827
v -47.420593 -0.213911 -82.134903
v -51.026463 -0.213911 -79.109200
v -53.380032 -0.213911 -75.032722
v -54.197392 -0.213912 -70.397110
v -53.380016 -0.213912 -65.761497
v -51.026451 -0.213912 -61.685005
v -47.420582 -0.213912 -58.659328
v -42.997345 -0.213912 -57.049370
v -38.290226 -0.213912 -57.049385
v 31.991522 0.213912 63.137032
v 30.030216 0.213912 66.534103
v 29.349087 0.213912 70.397110
v 30.030230 0.213911 74.260124
v 31.991537 0.213911 77.657204
v 34.996418 0.213911 80.178596
v 38.682453 0.213911 81.520218
v 42.605068 0.213911 81.520226
v 46.291119 0.213911 80.178612
v 49.296013 0.213911 77.657204
v 51.257317 0.213911 74.260124
v 51.938446 0.213912 70.397118
v 51.257305 0.213912 66.534119
v 49.295998 0.213912 63.137032
v 46.291115 0.213912 60.615635
v 42.605080 0.213912 59.274002
v 38.682476 0.213912 59.274010
v 30.261078 0.213912 61.685028
v 27.907503 0.213912 65.761497
v 27.090147 0.213912 70.397110
v 27.907524 0.213911 75.032722
v 30.261091 0.213911 79.109215
v 33.866955 0.213911 82.134903
v 38.290195 0.213911 83.744850
v 42.997314 0.213911 83.744843
v 47.420582 0.213911 82.134918
v 51.026455 0.213911 79.109215
v 53.380028 0.213911 75.032730
v 54.197392 0.213912 70.397125
v 53.380009 0.213912 65.761505
v 51.026443 0.213912 61.685009
v 47.420578 0.213912 58.659336
v 42.997341 0.213912 57.049381
v 38.290226 0.213912 57.049397
v -70.674034 0.213915 -3.863029
v -72.635330 0.213915 -7.260109
v -75.640221 0.213915 -9.781492
v -79.326256 0.213915 -11.123109
v -83.248878 0.213915 -11.123105
v -86.934906 0.213915 -9.781492
v -89.939812 0.213915 -7.260105
v -91.901115 0.213915 -3.863034
v -92.582283 0.213915 -0.000009
v -91.901115 0.213914 3.863012
v -89.939812 0.213914 7.260092
v -86.934914 0.213914 9.781475
v -83.248871 0.213914 11.123083
v -79.326256 0.213914 11.123088
v -75.640221 0.213914 9.781475
v -72.635330 0.213914 7.260088
v -70.674034 0.213914 3.863012
v -68.551331 0.213915 -4.635633
v -70.904884 0.213915 -8.712128
v -74.510765 0.213915 -11.737788
v -78.934006 0.213915 -13.347722
v -83.641136 0.213915 -13.347728
v -88.064392 0.213915 -11.737788
v -91.670258 0.213915 -8.712128
v -94.023819 0.213915 -4.635642
v -94.841217 0.213915 -0.000009
v -94.023827 0.213914 4.635621
v -91.670258 0.213914 8.712111
v -88.064384 0.213914 11.737770
v -83.641136 0.213914 13.347706
v -78.934006 0.213914 13.347710
v -74.510765 0.213914 11.737766
v -70.904884 0.213914 8.712111
v -68.551331 0.213914 4.635621
v 70.674034 0.213914 3.863038
v 72.635330 0.213914 7.260118
v 75.640221 0.213914 9.781505
v 79.326263 0.213914 11.123117
v 83.248871 0.213914 11.123113
v 86.934906 0.213914 9.781500
v 89.939812 0.213914 7.260122
v 91.901115 0.213914 3.863046
v 92.582283 0.213915 0.000021
v 91.901115 0.213915 -3.862999
v 89.939812 0.213915 -7.260079
v 86.934914 0.213915 -9.781462
v 83.248871 0.213915 -11.123075
v 79.326263 0.213915 -11.123078
v 75.640221 0.213915 -9.781466
v 72.635330 0.213915 -7.260079
v 70.674034 0.213915 -3.863008
v 68.551331 0.213914 4.635646
v 70.904877 0.213914 8.712132
v 74.510757 0.213914 11.737802
v 78.934006 0.213914 13.347732
v 83.641136 0.213914 13.347728
v 88.064384 0.213914 11.737802
v 91.670258 0.213914 8.712137
v 94.023819 0.213914 4.635646
v 94.841225 0.213915 0.000021
v 94.023827 0.213915 -4.635608
v 91.670258 0.213915 -8.712098
v 88.064384 0.213915 -11.737759
v 83.641136 0.213915 -13.347696
v 78.934006 0.213915 -13.347701
v 74.510765 0.213915 -11.737759
v 70.904884 0.213915 -8.712102
v 68.551331 0.213915 -4.635608
v 38.682495 0.213917 -59.273994
v 42.605091 0.213917 -59.273987
v 46.291126 0.213917 -60.615612
v 49.296024 0.213917 -63.137012
v 51.257328 0.213918 -66.534088
v 51.938473 0.213918 -70.397102
v 51.257336 0.213918 -74.260109
v 49.296032 0.213918 -77.657181
v 46.291138 0.213918 -80.178589
v 42.605083 0.213918 -81.520210
v 38.682476 0.213918 -81.520210
v 34.996445 0.213918 -80.178581
v 31.991556 0.213918 -77.657188
v 30.030256 0.213918 -74.260109
v 29.349104 0.213918 -70.397102
v 30.030233 0.213918 -66.534088
v 31.991545 0.213917 -63.137012
v 38.290237 0.213917 -57.049370
v 42.997360 0.213917 -57.049366
v 47.420597 0.213917 -58.659325
v 51.026463 0.213917 -61.684998
v 53.380028 0.213918 -65.761490
v 54.197411 0.213918 -70.397102
v 53.380047 0.213918 -75.032715
v 51.026485 0.213918 -79.109200
v 47.420609 0.213918 -82.134895
v 42.997341 0.213918 -83.744827
v 38.290218 0.213918 -83.744843
v 33.866978 0.213918 -82.134880
v 30.261112 0.213918 -79.109200
v 27.907545 0.213918 -75.032715
v 27.090170 0.213918 -70.397102
v 27.907530 0.213918 -65.761482
v 30.261095 0.213917 -61.685005
v -38.682495 0.213912 59.273994
v -42.605095 0.213912 59.273987
v -46.291130 0.213912 60.615616
v -49.296024 0.213912 63.137012
v -51.257328 0.213912 66.534088
v -51.938477 0.213912 70.397102
v -51.257339 0.213911 74.260117
v -49.296036 0.213911 77.657181
v -46.291142 0.213911 80.178596
v -42.605087 0.213911 81.520210
v -38.682480 0.213911 81.520210
v -34.996445 0.213911 80.178581
v -31.991562 0.213911 77.657196
v -30.030256 0.213911 74.260109
v -29.349112 0.213912 70.397102
v -30.030237 0.213912 66.534088
v -31.991549 0.213912 63.137024
v -38.290245 0.213912 57.049377
v -42.997364 0.213912 57.049366
v -47.420609 0.213912 58.659325
v -51.026466 0.213912 61.684998
v -53.380032 0.213912 65.761497
v -54.197414 0.213912 70.397102
v -53.380047 0.213911 75.032715
v -51.026485 0.213911 79.109200
v -47.420616 0.213911 82.134903
v -42.997341 0.213911 83.744827
v -38.290218 0.213911 83.744843
v -33.866982 0.213911 82.134895
v -30.261112 0.213911 79.109200
v -27.907545 0.213911 75.032715
v -27.090170 0.213912 70.397102
v -27.907534 0.213912 65.761482
v -30.261099 0.213912 61.685005
v -31.991533 0.213917 -63.137028
v -30.030222 0.213918 -66.534096
v -29.349091 0.213918 -70.397102
v -30.030237 0.213918 -74.260117
v -31.991545 0.213918 -77.657196
v -34.996426 0.213918 -80.178581
v -38.682457 0.213918 -81.520210
v -42.605068 0.213918 -81.520210
v -46.291122 0.213918 -80.178596
v -49.296017 0.213918 -77.657188
v -51.257320 0.213918 -74.260117
v -51.938450 0.213918 -70.397102
v -51.257313 0.213918 -66.534103
v -49.296001 0.213917 -63.137024
v -46.291119 0.213917 -60.615620
v -42.605083 0.213917 -59.273998
v -38.682480 0.213917 -59.274002
v -30.261082 0.213917 -61.685009
v -27.907507 0.213918 -65.761490
v -27.090151 0.213918 -70.397102
v -27.907530 0.213918 -75.032715
v -30.261095 0.213918 -79.109207
v -33.866959 0.213918 -82.134880
v -38.290195 0.213918 -83.744843
v -42.997318 0.213918 -83.744827
v -47.420593 0.213918 -82.134903
v -51.026463 0.213918 -79.109200
v -53.380032 0.213918 -75.032722
v -54.197392 0.213918 -70.397110
v -53.380016 0.213918 -65.761497
v -51.026451 0.213917 -61.685005
v -47.420582 0.213917 -58.659328
v -42.997345 0.213917 -57.049370
v -38.290226 0.213917 -57.049385
v 0.000000 -0.213912 -71.875328
v -12.481022 -0.213912 -70.783379
v -23.412197 -0.213912 -64.324486
v -44.000546 -0.213912 -52.437805
v -55.059700 -0.213913 -46.200577
v -62.245861 -0.213913 -35.937664
v -67.540718 -0.213914 -24.582811
v -67.412735 -0.213914 -11.886686
v -67.412735 -0.213915 11.886686
v -67.540718 -0.213916 24.582811
v -62.245861 -0.213916 35.937664
v -55.059700 -0.213917 46.200577
v -44.000546 -0.213917 52.437805
v -23.412197 -0.213917 64.324486
v -12.481022 -0.213918 70.783379
v 0.000000 -0.213918 71.875328
v 12.481022 -0.213918 70.783379
v 23.412197 -0.213917 64.324486
v 44.000546 -0.213917 52.437805
v 55.059700 -0.213917 46.200577
v 62.245861 -0.213916 35.937664
v 67.540718 -0.213916 24.582811
v 67.412735 -0.213915 11.886686
v 67.412735 -0.213914 -11.886686
v 67.540718 -0.213914 -24.582811
v 62.245861 -0.213913 -35.937664
v 55.059700 -0.213913 -46.200577
v 44.000546 -0.213912 -52.437805
v 23.412197 -0.213912 -64.324486
v 12.481022 -0.213912 -70.783379
v 0.000000 -0.213911 -75.469101
v -13.105071 -0.213911 -74.322556
v -24.582811 -0.213912 -67.540718
v -46.200577 -0.213912 -55.059700
v -57.812687 -0.213913 -48.510609
v -65.358154 -0.213913 -37.734550
v -70.917755 -0.213914 -25.811956
v -70.783379 -0.213914 -12.481022
v -70.783379 -0.213915 12.481022
v -70.917755 -0.213916 25.811956
v -65.358154 -0.213916 37.734550
v -57.812687 -0.213917 48.510609
v -46.200577 -0.213917 55.059700
v -24.582811 -0.213918 67.540718
v -13.105071 -0.213918 74.322556
v 0.000000 -0.213918 75.469101
v 13.105071 -0.213918 74.322556
v 24.582811 -0.213918 67.540718
v 46.200577 -0.213917 55.059700
v 57.812687 -0.213917 48.510609
v 65.358154 -0.213916 37.734550
v 70.917755 -0.213916 25.811956
v 70.783379 -0.213915 12.481022
v 70.783379 -0.213914 -12.481022
v 70.917755 -0.213914 -25.811956
v 65.358154 -0.213913 -37.734550
v 57.812687 -0.213913 -48.510609
v 46.200577 -0.213912 -55.059700
v 24.582811 -0.213912 -67.540718
v 13.105071 -0.213911 -74.322556
v 0.000000 0.213918 -71.875328
v -12.481022 0.213918 -70.783379
v -23.412197 0.213917 -64.324486
v -44.000546 0.213917 -52.437805
v -55.059700 0.213917 -46.200577
v -62.245861 0.213916 -35.937664
v -67.540718 0.213916 -24.582811
v -67.412735 0.213915 -11.886686
v -67.412735 0.213914 11.886686
v -67.540718 0.213914 24.582811
v -62.245861 0.213913 35.937664
v -55.059700 0.213913 46.200577
v -44.000546 0.213912 52.437805
v -23.412197 0.213912 64.324486
v -12.481022 0.213912 70.783379
v 0.000000 0.213912 71.875328
v 12.481022 0.213912 70.783379
v 23.412197 0.213912 64.324486
v 44.000546 0.213912 52.437805
v 55.059700 0.213913 46.200577
v 62.245861 0.213913 35.937664
v 67.540718 0.213914 24.582811
v 67.412735 0.213914 11.886686
v 67.412735 0.213915 -11.886686
v 67.540718 0.213916 -24.582811
v 62.245861 0.213916 -35.937664
v 55.059700 0.213917 -46.200577
v 44.000546 0.213917 -52.437805
v 23.412197 0.213917 -64.324486
v 12.481022 0.213918 -70.783379
v 0.000000 0.213918 -75.469101
v -13.105071 0.213918 -74.322556
v -24.582811 0.213918 -67.540718
v -46.200577 0.213917 -55.059700
v -57.812687 0.213917 -48.510609
v -65.358154 0.213916 -37.734550
v -70.917755 0.213916 -25.811956
v -70.783379 0.213915 -12.481022
v -70.783379 0.213914 12.481022
v -70.917755 0.213914 25.811956
v -65.358154 0.213913 37.734550
v -57.812687 0.213913 48.510609
v -46.200577 0.213912 55.059700
v -24.582811 0.213912 67.540718
v -13.105071 0.213911 74.322556
v 0.000000 0.213911 75.469101
v 13.105071 0.213911 74.322556
v 24.582811 0.213912 67.540718
v 46.200577 0.213912 55.059700
v 57.812687 0.213913 48.510609
v 65.358154 0.213913 37.734550
v 70.917755 0.213914 25.811956
v 70.783379 0.213914 12.481022
v 70.783379 0.213915 -12.481022
v 70.917755 0.213916 -25.811956
v 65.358154 0.213916 -37.734550
v 57.812687 0.213917 -48.510609
v 46.200577 0.213917 -55.059700
v 24.582811 0.213918 -67.540718
v 13.105071 0.213918 -74.322556
v -98.725014 -0.734155 -6.421513
v -98.725014 0.734155 -6.421513
v -108.464828 -0.807571 -1.319327
v -108.464828 0.807571 -1.319327
v -89.665703 -0.667413 -24.409536
v -89.665703 0.667415 -24.409536
v -90.546387 -0.680761 -19.830420
v -90.546387 0.680763 -19.830420
v -90.546371 -0.680763 19.830496
v -90.546371 0.680761 19.830496
v -89.665672 -0.667415 24.409618
v -89.665672 0.667413 24.409618
v -98.725014 -0.734155 6.421624
v -98.725014 0.734155 6.421624
v -108.464836 -0.807571 1.319464
v -108.464836 0.807571 1.319464
v -62.446915 -0.680759 -68.500206
v -62.446915 0.680765 -68.500206
v -65.972206 -0.667411 -65.447937
v -65.972206 0.667417 -65.447937
v -54.923809 -0.734152 -82.287552
v -54.923809 0.734159 -82.287552
v -55.375126 -0.807567 -93.273560
v -55.375126 0.807575 -93.273560
v -43.801331 -0.734151 -88.709122
v -43.801331 0.734159 -88.709122
v -53.089863 -0.807566 -94.592934
v -53.089863 0.807575 -94.592934
v -23.693590 -0.667410 -89.857536
v -23.693590 0.667418 -89.857536
v -28.099573 -0.680758 -88.330666
v -28.099573 0.680766 -88.330666
v -28.099453 -0.680766 88.330711
v -28.099453 0.680758 88.330711
v -23.693466 -0.667418 89.857574
v -23.693466 0.667410 89.857574
v -43.801197 -0.734159 88.709190
v -43.801197 0.734151 88.709190
v -53.089703 -0.807575 94.593048
v -53.089703 0.807566 94.593048
v -54.923679 -0.734159 82.287628
v -54.923679 0.734152 82.287628
v -55.374954 -0.807575 93.273643
v -55.374954 0.807567 93.273643
v -65.972122 -0.667417 65.448021
v -65.972122 0.667411 65.448021
v -62.446819 -0.680765 68.500282
v -62.446819 0.680759 68.500282
v 62.446941 -0.680765 68.500183
v 62.446941 0.680759 68.500183
v 65.972221 -0.667417 65.447914
v 65.972221 0.667411 65.447914
v 54.923836 -0.734159 82.287537
v 54.923836 0.734152 82.287537
v 55.375156 -0.807575 93.273537
v 55.375156 0.807567 93.273537
v 43.801361 -0.734159 88.709106
v 43.801361 0.734151 88.709106
v 53.089893 -0.807575 94.592926
v 53.089893 0.807566 94.592926
v 23.693621 -0.667418 89.857536
v 23.693621 0.667410 89.857536
v 28.099598 -0.680766 88.330666
v 28.099598 0.680758 88.330666
v 90.546364 -0.680761 -19.830523
v 90.546364 0.680763 -19.830523
v 89.665665 -0.667413 -24.409639
v 89.665665 0.667415 -24.409639
v 98.725006 -0.734155 -6.421645
v 98.725006 0.734155 -6.421645
v 108.464828 -0.807571 -1.319490
v 108.464828 0.807571 -1.319490
v 98.725014 -0.734155 6.421491
v 98.725014 0.734155 6.421491
v 108.464828 -0.807571 1.319297
v 108.464828 0.807571 1.319297
v 89.665710 -0.667415 24.409513
v 89.665710 0.667413 24.409513
v 90.546387 -0.680763 19.830389
v 90.546387 0.680761 19.830389
v 28.099461 -0.680758 -88.330711
v 28.099461 0.680766 -88.330711
v 23.693474 -0.667410 -89.857559
v 23.693474 0.667418 -89.857559
v 43.801205 -0.734151 -88.709175
v 43.801205 0.734159 -88.709175
v 53.089714 -0.807566 -94.593040
v 53.089714 0.807575 -94.593040
v 54.923687 -0.734152 -82.287621
v 54.923687 0.734159 -82.287621
v 55.374966 -0.807567 -93.273643
v 55.374966 0.807575 -93.273643
v 65.972122 -0.667411 -65.448013
v 65.972122 0.667417 -65.448013
v 62.446823 -0.680759 -68.500275
v 62.446823 0.680765 -68.500275
v -189.750885 -0.213915 0.000009
v 94.875458 -0.213922 164.329086
v 94.875427 -0.213907 -164.329086
v -208.725998 -0.213915 0.000009
v 104.363007 -0.213923 180.762024
v 104.362991 -0.213907 -180.762024
v -189.750885 0.213915 0.000009
v 94.875458 0.213907 164.329086
v 94.875427 0.213922 -164.329086
v -208.725998 0.213915 0.000009
v 104.363007 0.213907 180.762024
v 104.362991 0.213923 -180.762024
v -94.875443 -0.213907 -164.329071
v -94.875443 -0.213922 164.329071
v 189.750854 -0.213915 -0.000017
v -104.363007 -0.213907 -180.761993
v -104.362999 -0.213923 180.762024
v 208.725998 -0.213915 -0.000009
v -94.875443 0.213922 -164.329071
v -94.875443 0.213907 164.329071
v 189.750854 0.213915 -0.000017
v -104.363007 0.213923 -180.761993
v -104.362999 0.213907 180.762024
v 208.725998 0.213915 -0.000009
v -122.514000 0.855665 -146.006485
v -146.006500 0.855664 -122.514000
v -165.062668 0.855663 -95.298950
v -179.103455 0.855662 -65.188324
v -187.702332 0.855660 -33.096989
v -187.702332 0.855657 33.097000
v -179.103455 0.855656 65.188339
v -165.062637 0.855654 95.298973
v -146.006485 0.855653 122.514000
v -122.514000 0.855652 146.006500
v -65.188324 0.855651 179.103455
v -33.096989 0.855650 187.702332
v 0.000004 0.855650 190.597946
v 33.097000 0.855650 187.702332
v 65.188339 0.855651 179.103455
v 122.514000 0.855652 146.006485
v 146.006500 0.855653 122.514000
v 165.062668 0.855654 95.298950
v 179.103455 0.855656 65.188324
v 187.702332 0.855657 33.096989
v 187.702332 0.855660 -33.097000
v 179.103455 0.855662 -65.188339
v 165.062637 0.855663 -95.298981
v 146.006485 0.855664 -122.514000
v 122.514000 0.855665 -146.006500
v 65.188324 0.855666 -179.103455
v 33.096989 0.855667 -187.702332
v -0.000004 0.855667 -190.597946
v -33.097000 0.855667 -187.702332
v -65.188339 0.855666 -179.103455
v -125.331795 0.855665 -149.364594
v -149.364639 0.855664 -125.331802
v -168.859085 0.855663 -97.490837
v -183.222855 0.855662 -66.687653
v -192.019455 0.855660 -33.858215
v -192.019455 0.855657 33.858223
v -183.222839 0.855656 66.687653
v -168.859055 0.855654 97.490829
v -149.364594 0.855653 125.331802
v -125.331802 0.855652 149.364639
v -66.687653 0.855651 183.222855
v -33.858215 0.855650 192.019455
v 0.000009 0.855650 194.981659
v 33.858223 0.855650 192.019455
v 66.687653 0.855651 183.222839
v 125.331802 0.855652 149.364594
v 149.364639 0.855653 125.331802
v 168.859085 0.855654 97.490837
v 183.222855 0.855656 66.687653
v 192.019455 0.855657 33.858215
v 192.019455 0.855660 -33.858223
v 183.222839 0.855662 -66.687653
v 168.859055 0.855663 -97.490837
v 149.364594 0.855664 -125.331802
v 125.331802 0.855665 -149.364639
v 66.687653 0.855667 -183.222855
v 33.858215 0.855667 -192.019455
v -0.000009 0.855667 -194.981659
v -33.858223 0.855667 -192.019455
v -66.687653 0.855667 -183.222839
v -122.514000 -0.855652 -146.006485
v -146.006500 -0.855653 -122.514000
v -165.062668 -0.855654 -95.298950
v -179.103455 -0.855656 -65.188324
v -187.702332 -0.855657 -33.096989
v -187.702332 -0.855660 33.097000
v -179.103455 -0.855662 65.188339
v -165.062637 -0.855663 95.298973
v -146.006485 -0.855664 122.514000
v -122.514000 -0.855665 146.006500
v -65.188324 -0.855666 179.103455
v -33.096989 -0.855667 187.702332
v 0.000004 -0.855667 190.597946
v 33.097000 -0.855667 187.702332
v 65.188339 -0.855666 179.103455
v 122.514000 -0.855665 146.006485
v 146.006500 -0.855664 122.514000
v 165.062668 -0.855663 95.298950
v 179.103455 -0.855662 65.188324
v 187.702332 -0.855660 33.096989
v 187.702332 -0.855657 -33.097000
v 179.103455 -0.855656 -65.188339
v 165.062637 -0.855654 -95.298981
v 146.006485 -0.855653 -122.514000
v 122.514000 -0.855652 -146.006500
v 65.188324 -0.855651 -179.103455
v 33.096989 -0.855650 -187.702332
v -0.000004 -0.855650 -190.597946
v -33.097000 -0.855650 -187.702332
v -65.188339 -0.855651 -179.103455
v -125.331795 -0.855652 -149.364594
v -149.364639 -0.855653 -125.331802
v -168.859085 -0.855654 -97.490837
v -183.222855 -0.855656 -66.687653
v -192.019455 -0.855657 -33.858215
v -192.019455 -0.855660 33.858223
v -183.222839 -0.855662 66.687653
v -168.859055 -0.855663 97.490829
v -149.364594 -0.855664 125.331802
v -125.331802 -0.855665 149.364639
v -66.687653 -0.855667 183.222855
v -33.858215 -0.855667 192.019455
v 0.000009 -0.855667 194.981659
v 33.858223 -0.855667 192.019455
v 66.687653 -0.855667 183.222839
v 125.331802 -0.855665 149.364594
v 149.364639 -0.855664 125.331802
v 168.859085 -0.855663 97.490837
v 183.222855 -0.855662 66.687653
v 192.019455 -0.855660 33.858215
v 192.019455 -0.855657 -33.858223
v 183.222839 -0.855656 -66.687653
v 168.859055 -0.855654 -97.490837
v 149.364594 -0.855653 -125.331802
v 125.331802 -0.855652 -149.364639
v 66.687653 -0.855651 -183.222855
v 33.858215 -0.855650 -192.019455
v -0.000009 -0.855650 -194.981659
v -33.858223 -0.855650 -192.019455
v -66.687653 -0.855651 -183.222839
v 108.822357 0.855653 121.360931
v 131.405869 0.855654 110.262619
v 148.556396 0.855655 85.769066
v 161.193161 0.855656 58.669510
v 159.512833 0.855657 33.562485
v 111.013481 0.855653 123.972206
v 134.428177 0.855654 112.798645
v 151.973206 0.855655 87.741776
v 164.900604 0.855656 60.018902
v 162.869858 0.855657 34.154423
v 108.822357 -0.855664 121.360931
v 131.405869 -0.855663 110.262619
v 148.556396 -0.855662 85.769066
v 161.193161 -0.855661 58.669510
v 159.512833 -0.855660 33.562485
v 111.013481 -0.855664 123.972206
v 134.428177 -0.855664 112.798645
v 151.973206 -0.855662 87.741776
v 164.900604 -0.855661 60.018902
v 162.869858 -0.855660 34.154423
v 159.512833 0.855660 -33.562477
v 161.193161 0.855661 -58.669514
v 148.556412 0.855662 -85.769089
v 131.405853 0.855663 -110.262627
v 108.822357 0.855664 -121.360924
v 162.869843 0.855660 -34.154408
v 164.900589 0.855661 -60.018906
v 151.973206 0.855662 -87.741768
v 134.428192 0.855664 -112.798660
v 111.013504 0.855664 -123.972221
v 159.512833 -0.855657 -33.562477
v 161.193161 -0.855656 -58.669514
v 148.556412 -0.855655 -85.769089
v 131.405853 -0.855654 -110.262627
v 108.822357 -0.855653 -121.360924
v 162.869843 -0.855657 -34.154408
v 164.900589 -0.855656 -60.018906
v 151.973206 -0.855655 -87.741768
v 134.428192 -0.855654 -112.798660
v 111.013504 -0.855653 -123.972221
v 50.690479 0.855665 -154.923386
v 29.787312 0.855666 -168.932114
v 0.000017 0.855666 -171.538132
v -29.787287 0.855666 -168.932098
v -50.690441 0.855665 -154.923401
v 51.856350 0.855666 -158.126587
v 30.472412 0.855666 -172.817535
v 0.000017 0.855666 -175.483521
v -30.472387 0.855666 -172.817535
v -51.856327 0.855666 -158.126617
v 50.690479 -0.855652 -154.923386
v 29.787312 -0.855651 -168.932114
v 0.000017 -0.855651 -171.538132
v -29.787287 -0.855651 -168.932098
v -50.690441 -0.855652 -154.923401
v 51.856350 -0.855652 -158.126587
v 30.472412 -0.855651 -172.817535
v 0.000017 -0.855651 -175.483521
v -30.472387 -0.855651 -172.817535
v -51.856327 -0.855652 -158.126617
v -50.690426 0.855652 154.923416
v -29.787252 0.855651 168.932159
v 0.000047 0.855651 171.538177
v 29.787352 0.855651 168.932129
v 50.690506 0.855652 154.923401
v -51.856304 0.855652 158.126648
v -30.472353 0.855651 172.817596
v 0.000047 0.855651 175.483536
v 30.472446 0.855651 172.817551
v 51.856392 0.855652 158.126617
v -50.690426 -0.855665 154.923416
v -29.787252 -0.855666 168.932159
v 0.000047 -0.855666 171.538177
v 29.787352 -0.855666 168.932129
v 50.690506 -0.855665 154.923401
v -51.856304 -0.855666 158.126648
v -30.472353 -0.855666 172.817596
v 0.000047 -0.855666 175.483536
v 30.472446 -0.855666 172.817551
v 51.856392 -0.855666 158.126617
v -159.512833 0.855657 33.562473
v -161.193161 0.855656 58.669510
v -148.556412 0.855655 85.769081
v -131.405853 0.855654 110.262619
v -108.822372 0.855653 121.360924
v -162.869843 0.855657 34.154400
v -164.900589 0.855656 60.018902
v -151.973206 0.855655 87.741760
v -134.428192 0.855654 112.798653
v -111.013512 0.855653 123.972221
v -159.512833 -0.855660 33.562473
v -161.193161 -0.855661 58.669510
v -148.556412 -0.855662 85.769081
v -131.405853 -0.855663 110.262619
v -108.822372 -0.855664 121.360924
v -162.869843 -0.855660 34.154400
v -164.900589 -0.855661 60.018902
v -151.973206 -0.855662 87.741760
v -134.428192 -0.855664 112.798653
v -111.013512 -0.855664 123.972221
v -108.822357 0.855664 -121.360931
v -131.405869 0.855663 -110.262619
v -148.556396 0.855662 -85.769066
v -161.193146 0.855661 -58.669495
v -159.512833 0.855660 -33.562481
v -111.013481 0.855664 -123.972206
v -134.428177 0.855664 -112.798645
v -151.973206 0.855662 -87.741768
v -164.900589 0.855661 -60.018906
v -162.869858 0.855660 -34.154408
v -108.822357 -0.855653 -121.360931
v -131.405869 -0.855654 -110.262619
v -148.556396 -0.855655 -85.769066
v -161.193146 -0.855656 -58.669495
v -159.512833 -0.855657 -33.562481
v -111.013481 -0.855653 -123.972206
v -134.428177 -0.855654 -112.798645
v -151.973206 -0.855655 -87.741768
v -164.900589 -0.855656 -60.018906
v -162.869858 -0.855657 -34.154408
v -225.890762 -0.000001 25.988829
v -197.212128 -0.000002 50.802238
v -174.044754 -0.000004 100.484795
v -142.602081 -0.000006 145.389587
v -135.452362 -0.000008 182.632736
v -231.589401 -0.000001 26.993647
v -204.009033 -0.000002 53.276108
v -180.308853 -0.000005 104.101357
v -148.142990 -0.000007 150.038956
v -139.171860 -0.000008 187.065491
v 225.890762 0.000001 -25.988838
v 197.212128 0.000002 -50.802246
v 174.044754 0.000004 -100.484810
v 142.602081 0.000006 -145.389603
v 135.452362 0.000008 -182.632736
v 231.589401 0.000001 -26.993658
v 204.009033 0.000002 -53.276119
v 180.308853 0.000005 -104.101372
v 148.142960 0.000007 -150.038956
v 139.171860 0.000008 -187.065491
v 90.438393 0.000009 -208.621567
v 54.610027 0.000009 -196.191833
v -0.000013 0.000009 -200.969589
v -54.610050 0.000009 -196.191833
v -90.438431 0.000009 -208.621567
v 92.417496 0.000009 -214.059128
v 55.866051 0.000009 -203.315063
v -0.000013 0.000009 -208.202713
v -55.866077 0.000009 -203.315063
v -92.417542 0.000009 -214.059128
v -90.438400 -0.000009 208.621567
v -54.610031 -0.000009 196.191833
v 0.000004 -0.000009 200.969589
v 54.610043 -0.000009 196.191833
v 90.438416 -0.000009 208.621567
v -92.417503 -0.000009 214.059128
v -55.866055 -0.000009 203.315063
v 0.000004 -0.000009 208.202713
v 55.866074 -0.000009 203.315063
v 92.417534 -0.000009 214.059128
v -135.452393 0.000008 -182.632721
v -142.602081 0.000006 -145.389587
v -174.044769 0.000004 -100.484772
v -197.212128 0.000002 -50.802219
v -225.890793 0.000001 -25.988804
v -139.171890 0.000008 -187.065475
v -148.143005 0.000007 -150.038940
v -180.308853 0.000005 -104.101341
v -204.009064 0.000002 -53.276089
v -231.589401 0.000001 -26.993620
v 135.452362 -0.000008 182.632736
v 142.602066 -0.000006 145.389603
v 174.044754 -0.000004 100.484810
v 197.212128 -0.000002 50.802250
v 225.890762 -0.000001 25.988838
v 139.171860 -0.000008 187.065491
v 148.142960 -0.000007 150.038971
v 180.308853 -0.000005 104.101372
v 204.009033 -0.000002 53.276123
v 231.589401 -0.000001 26.993658
v -204.495972 -1.565753 15.815926
v -204.495972 1.565752 15.815926
v -198.990387 -1.535053 25.019958
v -198.990387 1.535051 25.019958
v -251.213776 -1.688557 0.000124
v -251.213776 1.688557 0.000124
v -285.524597 -1.857412 0.000154
v -285.524597 1.857412 0.000154
v -198.990448 -1.535051 -25.019779
v -198.990448 1.535053 -25.019779
v -204.496002 -1.565752 -15.815746
v -204.496002 1.565753 -15.815746
v -193.899551 -1.135536 11.470258
v -193.899551 1.135535 11.470258
v -189.906693 -1.113273 18.145319
v -189.906693 1.113271 18.145319
v -189.906723 -1.113271 -18.145155
v -189.906723 1.113273 -18.145155
v -193.899551 -1.135535 -11.470078
v -193.899551 1.135536 -11.470078
v -115.945007 -1.565745 -169.190720
v -115.945007 1.565760 -169.190720
v -121.163155 -1.535045 -159.820724
v -121.163155 1.535059 -159.820724
v -125.607033 -1.688547 -217.557404
v -125.607033 1.688566 -217.557404
v -142.762482 -1.857402 -247.271439
v -142.762482 1.857423 -247.271439
v -77.827484 -1.535043 -184.840652
v -77.827484 1.535060 -184.840652
v -88.551208 -1.565745 -185.006592
v -88.551208 1.565761 -185.006592
v -106.883331 -1.135529 -162.186798
v -106.883331 1.135543 -162.186798
v -110.667686 -1.113265 -155.391342
v -110.667686 1.113279 -155.391342
v -79.239235 -1.113264 -173.536621
v -79.239235 1.113279 -173.536621
v -87.016418 -1.135528 -173.656967
v -87.016418 1.135544 -173.656967
v -88.550949 -1.565761 185.006683
v -88.550949 1.565745 185.006683
v -77.827232 -1.535060 184.840714
v -77.827232 1.535043 184.840714
v -125.606720 -1.688566 217.557602
v -125.606720 1.688547 217.557602
v -142.762100 -1.857423 247.271667
v -142.762100 1.857402 247.271667
v -121.162941 -1.535059 159.820908
v -121.162941 1.535045 159.820908
v -115.944794 -1.565760 169.190887
v -115.944794 1.565745 169.190887
v -87.016205 -1.135544 173.657074
v -87.016205 1.135528 173.657074
v -79.238991 -1.113279 173.536697
v -79.238991 1.113264 173.536697
v -110.667480 -1.113279 155.391495
v -110.667480 1.113265 155.391495
v -106.883110 -1.135543 162.186905
v -106.883110 1.135529 162.186905
v 88.550980 -1.565745 -185.006668
v 88.550980 1.565761 -185.006668
v 77.827255 -1.535043 -184.840714
v 77.827255 1.535060 -184.840714
v 125.606758 -1.688547 -217.557571
v 125.606758 1.688566 -217.557571
v 142.762131 -1.857402 -247.271652
v 142.762131 1.857423 -247.271652
v 121.162971 -1.535045 -159.820892
v 121.162971 1.535059 -159.820892
v 115.944824 -1.565745 -169.190872
v 115.944824 1.565760 -169.190872
v 87.016220 -1.135528 -173.657059
v 87.016220 1.135544 -173.657059
v 79.239014 -1.113264 -173.536697
v 79.239014 1.113279 -173.536697
v 110.667511 -1.113265 -155.391495
v 110.667511 1.113279 -155.391495
v 106.883133 -1.135529 -162.186890
v 106.883133 1.135543 -162.186890
v 115.945061 -1.565760 169.190674
v 115.945061 1.565745 169.190674
v 121.163185 -1.535059 159.820679
v 121.163185 1.535045 159.820679
v 125.607101 -1.688566 217.557373
v 125.607101 1.688547 217.557373
v 142.762558 -1.857423 247.271408
v 142.762558 1.857402 247.271408
v 77.827553 -1.535060 184.840622
v 77.827553 1.535043 184.840622
v 88.551262 -1.565761 185.006546
v 88.551262 1.565745 185.006546
v 106.883377 -1.135543 162.186768
v 106.883377 1.135529 162.186768
v 110.667732 -1.113279 155.391296
v 110.667732 1.113265 155.391296
v 79.239288 -1.113279 173.536575
v 79.239288 1.113264 173.536575
v 87.016487 -1.135544 173.656921
v 87.016487 1.135528 173.656921
v 204.495956 -1.565752 -15.815989
v 204.495956 1.565753 -15.815989
v 198.990372 -1.535051 -25.020020
v 198.990372 1.535053 -25.020020
v 251.213760 -1.688557 -0.000205
v 251.213760 1.688557 -0.000205
v 285.524597 -1.857412 -0.000257
v 285.524597 1.857412 -0.000257
v 198.990463 -1.535053 25.019711
v 198.990463 1.535051 25.019711
v 204.496002 -1.565753 15.815673
v 204.496002 1.565752 15.815673
v 193.899551 -1.135535 -11.470318
v 193.899551 1.135536 -11.470318
v 189.906693 -1.113271 -18.145378
v 189.906693 1.113273 -18.145378
v 189.906723 -1.113273 18.145092
v 189.906723 1.113271 18.145092
v 193.899551 -1.135536 11.470015
v 193.899551 1.135535 11.470015
v -12.834879 0.000009 -213.914642
v 0.000000 0.000010 -235.306107
v -12.834879 0.000010 -222.471207
v 0.000000 0.000011 -243.862671
v 12.834879 0.000009 -213.914642
v 12.834879 0.000010 -222.471207
v 12.834871 -0.000009 213.914642
v -0.000009 -0.000010 235.306107
v 12.834871 -0.000010 222.471207
v -0.000009 -0.000011 243.862671
v -12.834884 -0.000009 213.914642
v -12.834888 -0.000010 222.471207
v 191.672974 -0.000004 95.841934
v 203.781097 -0.000005 117.653015
v 199.083176 -0.000004 100.120232
v 211.191299 -0.000005 121.931290
v 178.838120 -0.000005 118.072609
v 186.248306 -0.000005 122.350891
v -191.672974 0.000004 -95.841957
v -203.781097 0.000005 -117.653023
v -199.083176 0.000004 -100.120239
v -211.191299 0.000005 -121.931297
v -178.838120 0.000005 -118.072624
v -186.248306 0.000005 -122.350906
v 178.838074 0.000005 -118.072655
v 203.781067 0.000005 -117.653061
v 186.248260 0.000005 -122.350937
v 211.191269 0.000005 -121.931335
v 191.672958 0.000004 -95.841995
v 199.083160 0.000004 -100.120277
v -178.838058 -0.000005 118.072693
v -203.781036 -0.000005 117.653091
v -186.248245 -0.000005 122.350975
v -211.191238 -0.000005 121.931381
v -191.672928 -0.000004 95.842033
v -199.083145 -0.000004 100.120316
vn -0.0034 -1.0000 -0.0016
vn -0.0032 -1.0000 -0.0019
vn -0.0035 -1.0000 -0.0013
vn -0.0036 -1.0000 -0.0010
vn 0.0011 -1.0000 -0.0035
vn 0.0010 -1.0000 -0.0036
vn 0.0003 -1.0000 -0.0036
vn -0.0000 -1.0000 -0.0038
vn 0.0028 -1.0000 0.0027
vn 0.0027 -1.0000 0.0027
vn 0.0029 -1.0000 0.0024
vn 0.0032 -1.0000 0.0019
vn -0.0035 -1.0000 0.0013
vn -0.0036 -1.0000 0.0010
vn 0.0034 -1.0000 0.0016
vn 0.0035 -1.0000 0.0013
vn -0.0032 -1.0000 0.0019
vn -0.0031 -1.0000 0.0023
vn 0.0036 -1.0000 0.0010
vn -0.0029 -1.0000 0.0024
vn -0.0027 -1.0000 0.0027
vn -0.0007 -1.0000 -0.0037
vn -0.0010 -1.0000 -0.0036
vn 0.0035 -1.0000 -0.0013
vn 0.0036 -1.0000 -0.0010
vn 0.0032 -1.0000 -0.0019
vn 0.0031 -1.0000 -0.0023
vn -0.0011 -1.0000 0.0035
vn -0.0010 -1.0000 0.0036
vn -0.0003 -1.0000 0.0036
vn 0.0029 -1.0000 -0.0024
vn -0.0000 -1.0000 0.0037
vn -0.0028 -1.0000 -0.0027
vn -0.0027 -1.0000 -0.0027
vn -0.0029 -1.0000 -0.0024
vn 0.0027 -1.0000 -0.0027
vn 0.0007 -1.0000 0.0037
vn 0.0010 -1.0000 0.0036
vn -0.0032 1.0000 -0.0019
vn -0.0035 1.0000 -0.0013
vn -0.0036 1.0000 -0.0010
vn 0.0007 1.0000 -0.0037
vn 0.0010 1.0000 -0.0036
vn -0.0000 1.0000 -0.0037
vn 0.0027 1.0000 0.0027
vn 0.0029 1.0000 0.0024
vn 0.0032 1.0000 0.0019
vn -0.0036 1.0000 0.0010
vn -0.0035 1.0000 0.0013
vn 0.0035 1.0000 0.0013
vn -0.0032 1.0000 0.0019
vn -0.0031 1.0000 0.0022
vn 0.0036 1.0000 0.0010
vn -0.0029 1.0000 0.0024
vn -0.0027 1.0000 0.0027
vn -0.0007 1.0000 -0.0037
vn -0.0010 1.0000 -0.0036
vn 0.0036 1.0000 -0.0010
vn 0.0035 1.0000 -0.0013
vn 0.0032 1.0000 -0.0019
vn 0.0031 1.0000 -0.0022
vn -0.0007 1.0000 0.0037
vn -0.0010 1.0000 0.0036
vn 0.0029 1.0000 -0.0024
vn -0.0000 1.0000 0.0038
vn -0.0027 1.0000 -0.0027
vn -0.0029 1.0000 -0.0024
vn 0.0027 1.0000 -0.0027
vn 0.0007 1.0000 0.0037
vn 0.0010 1.0000 0.0036
vn 0.9659 -0.0000 -0.2588
vn -0.9063 -0.0000 -0.4226
vn -0.9397 -0.0000 -0.3420
vn 0.9063 -0.0000 -0.4226
vn -0.9659 -0.0000 -0.2588
vn 0.8192 -0.0000 -0.5736
vn -0.9659 -0.0000 0.2588
vn 0.7071 -0.0000 -0.7071
vn -0.9063 -0.0000 0.4226
vn 0.7660 -0.0000 -0.6428
vn 0.2588 -0.0000 -0.9659
vn -0.8192 -0.0000 0.5736
vn 0.0872 -0.0000 -0.9962
vn -0.7071 -0.0000 0.7071
vn -0.2588 -0.0000 0.9659
vn -0.0872 -0.0000 0.9962
vn -0.7660 -0.0000 -0.6428
vn 0.9397 -0.0000 0.3420
vn -0.0872 -0.0000 -0.9962
vn 0.9397 -0.0000 -0.3420
vn -0.2588 -0.0000 -0.9659
vn -0.1736 -0.0000 0.9848
vn -0.7071 -0.0000 -0.7071
vn 0.0872 -0.0000 0.9962
vn -0.8192 -0.0000 -0.5736
vn 0.2588 -0.0000 0.9659
vn -0.7660 -0.0000 0.6428
vn 0.7071 -0.0000 0.7071
vn 0.8192 -0.0000 0.5736
vn 0.9063 -0.0000 0.4226
vn -0.1736 -0.0000 -0.9848
vn 0.9659 -0.0000 0.2588
vn 0.1736 -0.0000 -0.9848
vn 0.7660 -0.0000 0.6428
vn 0.1736 -0.0000 0.9848
vn -0.9397 -0.0000 0.3420
vn -1.0000 -0.0000 -0.0000
vn 1.0000 -0.0000 -0.0000
vn -0.0000 -1.0000 -0.0000
vn -0.0000 1.0000 -0.0000
vn 0.8660 -0.0000 -0.5000
vn -0.8660 -0.0000 -0.5000
vn 0.5759 -0.0000 0.8175
vn -0.5885 -0.0000 -0.8085
vn -0.9959 -0.0000 -0.0900
vn -0.5000 -0.0000 -0.8660
vn 0.5000 -0.0000 0.8660
vn 0.9944 -0.0000 0.1054
vn 0.8660 -0.0000 0.5000
vn -0.0000 -0.0000 -1.0000
vn -0.0000 -0.0000 1.0000
vn 0.4200 -0.0000 -0.9075
vn -0.4060 -0.0000 0.9139
vn 0.4200 -0.0000 0.9075
vn -0.5000 -0.0000 0.8660
vn 0.5000 -0.0000 -0.8660
vn -0.4060 -0.0000 -0.9139
vn -0.8660 -0.0000 0.5000
vn -0.5759 -0.0000 -0.8175
vn 0.5885 -0.0000 0.8085
vn 0.9959 -0.0000 0.0900
vn -0.9944 -0.0000 -0.1054
vn -0.9959 -0.0000 0.0900
vn 0.9944 -0.0000 -0.1054
vn 0.5759 -0.0000 -0.8175
vn -0.5885 -0.0000 0.8085
vn -0.4200 -0.0000 0.9075
vn 0.4060 -0.0000 -0.9139
vn -0.4200 -0.0000 -0.9075
vn 0.4060 -0.0000 0.9139
vn 0.9959 -0.0000 -0.0900
vn -0.9944 -0.0000 0.1054
vn -0.5759 -0.0000 0.8175
vn 0.5885 -0.0000 -0.8085
vn -0.2778 -0.0000 0.9607
vn 0.3207 -0.0000 -0.9472
vn 0.0043 1.0000 -0.0028
vn 0.0027 1.0000 0.0004
vn 0.0049 1.0000 -0.0041
vn 0.0019 -1.0000 0.0022
vn -0.2778 -0.0000 -0.9607
vn 0.3207 -0.0000 0.9472
vn 0.0019 1.0000 -0.0022
vn 0.0043 -1.0000 0.0028
vn 0.0027 -1.0000 -0.0004
vn 0.0049 -1.0000 0.0041
vn 0.0337 -0.9993 0.0168
vn 0.0337 0.9993 0.0168
vn 0.8582 -0.0000 -0.5133
vn 0.8582 -0.0000 0.5133
vn 0.6035 -0.0000 0.7974
vn -0.3794 -0.0000 -0.9252
vn -0.3794 -0.0000 0.9252
vn 0.0337 0.9993 -0.0168
vn 0.6035 -0.0000 -0.7974
vn 0.0337 -0.9993 -0.0168
vn 0.0019 1.0000 0.0022
vn 0.0049 -1.0000 -0.0041
vn 0.0049 1.0000 0.0041
vn 0.0019 -1.0000 -0.0022
vn 0.2778 -0.0000 -0.9607
vn -0.3207 -0.0000 0.9472
vn -0.0043 1.0000 0.0028
vn -0.0027 1.0000 -0.0004
vn -0.0049 1.0000 0.0041
vn -0.0019 -1.0000 -0.0022
vn 0.2778 -0.0000 0.9607
vn -0.3207 -0.0000 -0.9472
vn -0.0019 1.0000 0.0022
vn -0.0043 -1.0000 -0.0028
vn -0.0027 -1.0000 0.0004
vn -0.0049 -1.0000 -0.0041
vn -0.0337 -0.9993 -0.0168
vn -0.0337 0.9993 -0.0168
vn -0.8582 -0.0000 0.5133
vn -0.8582 -0.0000 -0.5133
vn -0.6035 -0.0000 -0.7974
vn 0.3794 -0.0000 0.9252
vn 0.3794 -0.0000 -0.9252
vn -0.0337 0.9993 0.0168
vn -0.6035 -0.0000 0.7974
vn -0.0337 -0.9993 0.0168
vn -0.0019 1.0000 -0.0022
vn -0.0049 -1.0000 0.0041
vn -0.0049 1.0000 -0.0041
vn -0.0019 -1.0000 0.0022
vn -0.9708 -0.0000 0.2398
vn 0.9806 -0.0000 -0.1959
vn 0.0046 1.0000 0.0023
vn 0.0010 1.0000 0.0026
vn 0.0060 1.0000 0.0022
vn -0.0010 -1.0000 0.0027
vn 0.6931 -0.0000 -0.7209
vn -0.6600 -0.0000 0.7513
vn 0.0029 1.0000 0.0005
vn -0.0002 -1.0000 0.0051
vn 0.0018 -1.0000 0.0021
vn -0.0011 -1.0000 0.0063
vn 0.0023 -0.9993 0.0376
vn 0.0023 0.9993 0.0376
vn 0.8737 -0.0000 0.4865
vn -0.0155 -0.0000 0.9999
vn -0.3888 -0.0000 0.9213
vn 0.6115 -0.0000 -0.7912
vn -0.9910 -0.0000 0.1340
vn 0.0314 0.9993 0.0208
vn 0.9923 -0.0000 0.1239
vn 0.0314 -0.9993 0.0208
vn -0.0010 1.0000 0.0027
vn 0.0060 -1.0000 0.0022
vn -0.0011 1.0000 0.0063
vn 0.0029 -1.0000 0.0005
vn 0.9708 -0.0000 -0.2398
vn -0.9806 -0.0000 0.1959
vn -0.0046 1.0000 -0.0023
vn -0.0010 1.0000 -0.0026
vn -0.0060 1.0000 -0.0022
vn 0.0010 -1.0000 -0.0027
vn -0.6931 -0.0000 0.7209
vn 0.6600 -0.0000 -0.7513
vn -0.0029 1.0000 -0.0005
vn 0.0002 -1.0000 -0.0051
vn -0.0018 -1.0000 -0.0021
vn 0.0011 -1.0000 -0.0063
vn -0.0023 -0.9993 -0.0376
vn -0.0023 0.9993 -0.0376
vn -0.8737 -0.0000 -0.4865
vn 0.0155 -0.0000 -0.9999
vn 0.3888 -0.0000 -0.9213
vn -0.6115 -0.0000 0.7912
vn 0.9910 -0.0000 -0.1340
vn -0.0314 0.9993 -0.0208
vn -0.9923 -0.0000 -0.1239
vn -0.0314 -0.9993 -0.0208
vn 0.0010 1.0000 -0.0027
vn -0.0060 -1.0000 -0.0022
vn 0.0011 1.0000 -0.0063
vn -0.0029 -1.0000 -0.0005
vn 0.6931 -0.0000 0.7209
vn -0.6600 -0.0000 -0.7513
vn -0.0002 1.0000 -0.0051
vn 0.0018 1.0000 -0.0021
vn -0.0011 1.0000 -0.0063
vn 0.0029 -1.0000 -0.0005
vn -0.9708 -0.0000 -0.2398
vn 0.9806 -0.0000 0.1959
vn -0.0010 1.0000 -0.0027
vn 0.0046 -1.0000 -0.0023
vn 0.0010 -1.0000 -0.0026
vn 0.0060 -1.0000 -0.0022
vn 0.0314 -0.9993 -0.0208
vn 0.0314 0.9993 -0.0208
vn -0.0155 -0.0000 -0.9999
vn 0.8737 -0.0000 -0.4865
vn 0.9923 -0.0000 -0.1239
vn -0.9910 -0.0000 -0.1340
vn 0.6115 -0.0000 0.7912
vn 0.0023 0.9993 -0.0376
vn -0.3888 -0.0000 -0.9213
vn 0.0023 -0.9993 -0.0376
vn 0.0029 1.0000 -0.0005
vn -0.0011 -1.0000 -0.0063
vn 0.0060 1.0000 -0.0022
vn -0.0010 -1.0000 -0.0027
vn -0.6931 -0.0000 -0.7209
vn 0.6600 -0.0000 0.7513
vn 0.0002 1.0000 0.0051
vn -0.0018 1.0000 0.0021
vn 0.0011 1.0000 0.0063
vn -0.0029 -1.0000 0.0005
vn 0.9708 -0.0000 0.2398
vn -0.9806 -0.0000 -0.1959
vn 0.0010 1.0000 0.0027
vn -0.0046 -1.0000 0.0023
vn -0.0010 -1.0000 0.0026
vn -0.0060 -1.0000 0.0022
vn -0.0314 -0.9993 0.0208
vn -0.0314 0.9993 0.0208
vn 0.0155 -0.0000 0.9999
vn -0.8737 -0.0000 0.4865
vn -0.9923 -0.0000 0.1239
vn 0.9910 -0.0000 0.1340
vn -0.6115 -0.0000 -0.7912
vn -0.0023 0.9993 0.0376
vn 0.3888 -0.0000 0.9213
vn -0.0023 -0.9993 0.0376
vn -0.0029 1.0000 0.0005
vn 0.0011 -1.0000 0.0063
vn -0.0060 1.0000 0.0022
vn 0.0010 -1.0000 0.0027
vn -0.0000 1.0000 -0.0004
vn -0.0000 1.0000 -0.0038
vn -0.0000 -1.0000 -0.0004
vn 0.9343 -0.0000 0.3565
vn -0.9343 -0.0000 0.3565
vn -0.0000 1.0000 0.0004
vn -0.0000 -1.0000 0.0004
vn -0.9343 -0.0000 -0.3565
vn 0.9343 -0.0000 -0.3565
vn -0.0000 -1.0000 0.0038
vn 0.0003 1.0000 0.0002
vn 0.0033 1.0000 0.0019
vn 0.0003 -1.0000 0.0002
vn -0.7759 -0.0000 0.6309
vn 0.1584 -0.0000 -0.9874
vn 0.0033 -1.0000 0.0019
vn -0.0003 1.0000 -0.0002
vn -0.0033 1.0000 -0.0019
vn -0.0003 -1.0000 -0.0002
vn 0.7759 -0.0000 -0.6309
vn -0.1584 -0.0000 0.9874
vn -0.0033 -1.0000 -0.0019
vn 0.0003 1.0000 -0.0002
vn 0.0033 1.0000 -0.0019
vn 0.0003 -1.0000 -0.0002
vn 0.1584 -0.0000 0.9874
vn -0.7759 -0.0000 -0.6309
vn 0.0033 -1.0000 -0.0019
vn -0.0003 1.0000 0.0002
vn -0.0033 1.0000 0.0019
vn -0.0003 -1.0000 0.0002
vn -0.1584 -0.0000 -0.9874
vn 0.7759 -0.0000 0.6309
vn -0.0033 -1.0000 0.0019
vn 0.3420 -0.0000 -0.9397
vn 0.9848 -0.0000 0.1736
vn 0.9848 -0.0000 -0.1736
vn 0.6428 -0.0000 -0.7660
vn -0.3420 -0.0000 -0.9397
vn -0.6428 -0.0000 -0.7660
vn -0.9848 -0.0000 -0.1736
vn -0.9848 -0.0000 -0.1737
vn -0.9848 -0.0000 0.1736
vn -0.9848 -0.0000 0.1737
vn -0.6428 -0.0000 0.7660
vn -0.3420 -0.0000 0.9397
vn 0.3420 -0.0000 0.9397
vn 0.6428 -0.0000 0.7660
vn 0.9848 -0.0000 0.1737
vn 0.9848 -0.0000 -0.1737
vn 0.4912 -0.0000 0.8710
vn -0.9999 -0.0000 0.0101
vn -0.9999 -0.0000 -0.0101
vn 0.9999 -0.0000 -0.0101
vn 0.9999 -0.0000 0.0101
vn -0.4912 -0.0000 0.8710
vn -0.5087 -0.0000 0.8609
vn 0.4912 -0.0000 -0.8710
vn 0.5087 -0.0000 -0.8609
vn 0.5087 -0.0000 0.8609
vn -0.5087 -0.0000 -0.8609
vn -0.4912 -0.0000 -0.8710
vn -0.7755 -0.0000 -0.6314
vn 0.8537 -0.0000 0.5207
vn 0.4640 -0.0000 0.8858
vn 0.0072 1.0000 0.0002
vn 0.0057 1.0000 -0.0013
vn 0.0080 1.0000 0.0009
vn 0.0072 -1.0000 0.0002
vn 0.0057 -1.0000 -0.0013
vn 0.0051 -1.0000 -0.0019
vn 0.9820 -0.0000 0.1889
vn 0.0051 1.0000 -0.0019
vn 0.0080 -1.0000 0.0009
vn -0.7755 -0.0000 0.6314
vn 0.8537 -0.0000 -0.5207
vn 0.0072 1.0000 -0.0002
vn 0.0057 1.0000 0.0013
vn 0.0051 1.0000 0.0019
vn 0.0072 -1.0000 -0.0002
vn 0.0057 -1.0000 0.0013
vn 0.0080 -1.0000 -0.0009
vn 0.4640 -0.0000 -0.8858
vn 0.9820 -0.0000 -0.1889
vn 0.0080 1.0000 -0.0009
vn 0.0051 -1.0000 0.0019
vn -0.9345 -0.0000 -0.3559
vn 0.8778 -0.0000 0.4790
vn 0.0037 1.0000 0.0062
vn 0.0017 1.0000 0.0056
vn 0.0009 1.0000 0.0054
vn 0.0037 -1.0000 0.0062
vn 0.0017 -1.0000 0.0056
vn 0.0048 -1.0000 0.0065
vn 0.9992 -0.0000 -0.0410
vn 0.6546 -0.0000 0.7560
vn 0.0048 1.0000 0.0065
vn 0.0009 -1.0000 0.0054
vn 0.1590 -0.0000 -0.9873
vn -0.0241 -0.0000 0.9997
vn -0.5351 -0.0000 0.8448
vn 0.0035 1.0000 0.0063
vn 0.0040 1.0000 0.0043
vn 0.0032 1.0000 0.0074
vn 0.0035 -1.0000 0.0063
vn 0.0040 -1.0000 0.0043
vn 0.0042 -1.0000 0.0034
vn 0.3274 -0.0000 0.9449
vn 0.0042 1.0000 0.0034
vn 0.0032 -1.0000 0.0074
vn 0.1590 -0.0000 0.9873
vn -0.0241 -0.0000 -0.9997
vn 0.0035 1.0000 -0.0063
vn 0.0040 1.0000 -0.0043
vn 0.0042 1.0000 -0.0034
vn 0.0035 -1.0000 -0.0063
vn 0.0040 -1.0000 -0.0043
vn 0.0032 -1.0000 -0.0074
vn -0.5351 -0.0000 -0.8448
vn 0.3274 -0.0000 -0.9449
vn 0.0032 1.0000 -0.0074
vn 0.0042 -1.0000 -0.0034
vn -0.9345 -0.0000 0.3559
vn 0.8778 -0.0000 -0.4790
vn 0.9992 -0.0000 0.0410
vn 0.0037 1.0000 -0.0062
vn 0.0017 1.0000 -0.0056
vn 0.0048 1.0000 -0.0065
vn 0.0037 -1.0000 -0.0062
vn 0.0017 -1.0000 -0.0056
vn 0.0009 -1.0000 -0.0054
vn 0.6546 -0.0000 -0.7560
vn 0.0009 1.0000 -0.0054
vn 0.0048 -1.0000 -0.0065
vn 0.9345 -0.0000 0.3559
vn -0.8778 -0.0000 -0.4790
vn -0.0038 1.0000 -0.0062
vn -0.0017 1.0000 -0.0056
vn -0.0009 1.0000 -0.0054
vn -0.0038 -1.0000 -0.0062
vn -0.0017 -1.0000 -0.0056
vn -0.0048 -1.0000 -0.0065
vn -0.9992 -0.0000 0.0410
vn -0.6546 -0.0000 -0.7560
vn -0.0048 1.0000 -0.0065
vn -0.0009 -1.0000 -0.0054
vn -0.1590 -0.0000 0.9873
vn 0.0241 -0.0000 -0.9997
vn 0.5351 -0.0000 -0.8448
vn -0.0035 1.0000 -0.0063
vn -0.0040 1.0000 -0.0043
vn -0.0032 1.0000 -0.0074
vn -0.0035 -1.0000 -0.0063
vn -0.0040 -1.0000 -0.0043
vn -0.0042 -1.0000 -0.0034
vn -0.3274 -0.0000 -0.9449
vn -0.0042 1.0000 -0.0034
vn -0.0032 -1.0000 -0.0074
vn 0.7755 -0.0000 -0.6314
vn -0.8537 -0.0000 0.5207
vn -0.0072 1.0000 0.0002
vn -0.0057 1.0000 -0.0013
vn -0.0051 1.0000 -0.0019
vn -0.0072 -1.0000 0.0002
vn -0.0057 -1.0000 -0.0013
vn -0.0080 -1.0000 0.0009
vn -0.4640 -0.0000 0.8858
vn -0.9820 -0.0000 0.1889
vn -0.0080 1.0000 0.0009
vn -0.0051 -1.0000 -0.0019
vn 0.7755 -0.0000 0.6314
vn -0.8537 -0.0000 -0.5207
vn -0.4640 -0.0000 -0.8858
vn -0.0072 1.0000 -0.0002
vn -0.0057 1.0000 0.0013
vn -0.0080 1.0000 -0.0009
vn -0.0072 -1.0000 -0.0002
vn -0.0057 -1.0000 0.0013
vn -0.0051 -1.0000 0.0019
vn -0.9820 -0.0000 -0.1889
vn -0.0051 1.0000 0.0019
vn -0.0080 -1.0000 -0.0009
vn -0.1590 -0.0000 -0.9873
vn 0.0241 -0.0000 0.9997
vn -0.0035 1.0000 0.0063
vn -0.0040 1.0000 0.0043
vn -0.0042 1.0000 0.0034
vn -0.0035 -1.0000 0.0063
vn -0.0040 -1.0000 0.0043
vn -0.0032 -1.0000 0.0074
vn 0.5351 -0.0000 0.8448
vn -0.3274 -0.0000 0.9449
vn -0.0032 1.0000 0.0074
vn -0.0042 -1.0000 0.0034
vn 0.9345 -0.0000 -0.3559
vn -0.8778 -0.0000 0.4790
vn -0.9992 -0.0000 -0.0410
vn -0.0037 1.0000 0.0062
vn -0.0017 1.0000 0.0056
vn -0.0048 1.0000 0.0065
vn -0.0037 -1.0000 0.0062
vn -0.0017 -1.0000 0.0056
vn -0.0009 -1.0000 0.0054
vn -0.6546 -0.0000 0.7560
vn -0.0009 1.0000 0.0054
vn -0.0048 -1.0000 0.0065
vn 0.9978 -0.0000 -0.0668
vn 0.4411 -0.0000 0.8975
vn -0.9969 -0.0000 0.0783
vn -0.4307 -0.0000 -0.9025
vn 0.4411 -0.0000 -0.8975
vn 0.9978 -0.0000 0.0668
vn -0.4307 -0.0000 0.9025
vn -0.9969 -0.0000 -0.0783
vn -0.5567 -0.0000 -0.8307
vn 0.5567 -0.0000 -0.8307
vn 0.5663 -0.0000 0.8242
vn -0.5663 -0.0000 0.8242
vn 0.5663 -0.0000 -0.8242
vn 0.5567 -0.0000 0.8307
vn -0.5567 -0.0000 0.8307
vn -0.5663 -0.0000 -0.8242
vn -0.4411 -0.0000 0.8975
vn -0.9978 -0.0000 -0.0668
vn 0.4307 -0.0000 -0.9025
vn 0.9969 -0.0000 0.0783
vn -0.9978 -0.0000 0.0668
vn -0.4411 -0.0000 -0.8975
vn 0.9969 -0.0000 -0.0783
vn 0.4307 -0.0000 0.9025
vt 0.000000 0.000000
vt 0.625000 0.006850
vt 0.375000 0.114175
vt 0.375000 0.006850
vt 0.625000 0.750000
vt 0.375000 0.635825
vt 0.625000 0.635825
vt 0.125000 0.743150
vt 0.125000 0.635825
vt 0.250000 0.625000
vt 0.750000 0.625000
vt 0.375000 0.112500
vt 0.625000 0.125000
vt 0.375000 0.125000
vt 0.625000 0.112500
vt 0.375000 0.750000
vt 0.625000 0.000000
vt 0.875000 0.750000
vt 0.125000 0.750000
vt 0.375000 0.000000
vt 0.625000 0.743150
vt 0.375000 0.743150
vt 0.875000 0.635825
vt 0.375000 1.000000
vt 0.625000 0.114175
vt 0.875000 0.743150
vt 0.625000 1.000000
vt 0.625000 0.003288
vt 0.125000 0.746712
vt 0.625000 0.746712
vt 0.375000 0.746712
vt 0.875000 0.746712
vt 0.375000 0.003288
vt 0.375000 0.250000
vt 0.625000 0.500000
vt 0.375000 0.500000
vt 0.875000 0.500000
vt 0.625000 0.250000
vt 1.000000 0.000000
vt 0.000000 1.000000
vt 1.000000 1.000000
s 1
f 37/1/1 6/1/2 7/1/3
f 38/1/4 7/1/3 8/1/4
f 60/1/5 29/1/6 30/1/7
f 31/1/8 30/1/7 1/1/8
f 50/1/9 19/1/10 20/1/11
f 51/1/12 20/1/11 21/1/12
f 40/1/13 9/1/14 10/1/13
f 52/1/15 21/1/12 22/1/16
f 41/1/17 10/1/13 11/1/18
f 53/1/19 22/1/16 23/1/19
f 42/1/20 11/1/18 12/1/20
f 43/1/21 12/1/20 13/1/21
f 2/1/22 31/1/8 1/1/8
f 33/1/23 2/1/22 3/1/23
f 55/1/24 24/1/25 25/1/24
f 56/1/26 25/1/24 26/1/27
f 45/1/28 14/1/29 15/1/30
f 57/1/31 26/1/27 27/1/31
f 46/1/32 15/1/30 16/1/32
f 35/1/33 4/1/34 5/1/35
f 58/1/36 27/1/31 28/1/36
f 17/1/37 46/1/32 16/1/32
f 36/1/2 5/1/35 6/1/2
f 48/1/38 17/1/37 18/1/38
f 66/1/39 97/1/40 67/1/40
f 68/1/41 97/1/40 98/1/41
f 90/1/42 119/1/43 120/1/42
f 90/1/42 91/1/44 61/1/44
f 79/1/45 110/1/46 80/1/46
f 81/1/47 110/1/46 111/1/47
f 69/1/48 100/1/49 70/1/49
f 81/1/47 112/1/50 82/1/50
f 70/1/49 101/1/51 71/1/52
f 83/1/53 112/1/50 113/1/53
f 71/1/52 102/1/54 72/1/54
f 72/1/54 103/1/55 73/1/55
f 62/1/56 91/1/44 92/1/56
f 62/1/56 93/1/57 63/1/57
f 84/1/58 115/1/59 85/1/59
f 85/1/59 116/1/60 86/1/61
f 75/1/62 104/1/63 105/1/62
f 86/1/61 117/1/64 87/1/64
f 75/1/62 106/1/65 76/1/65
f 64/1/66 95/1/67 65/1/67
f 87/1/64 118/1/68 88/1/68
f 77/1/69 106/1/65 107/1/69
f 66/1/39 95/1/67 96/1/39
f 77/1/69 108/1/70 78/1/70
f 55/1/71 114/1/71 54/1/71
f 21/1/72 82/1/72 22/1/72
f 44/1/73 74/1/73 14/1/73
f 56/1/74 115/1/74 55/1/74
f 22/1/75 83/1/75 23/1/75
f 57/1/76 116/1/76 56/1/76
f 24/1/77 85/1/77 25/1/77
f 58/1/78 117/1/78 57/1/78
f 25/1/79 86/1/79 26/1/79
f 34/1/80 64/1/80 4/1/80
f 60/1/81 119/1/81 59/1/81
f 26/1/82 87/1/82 27/1/82
f 31/1/83 120/1/83 60/1/83
f 27/1/84 88/1/84 28/1/84
f 29/1/85 90/1/85 30/1/85
f 30/1/86 61/1/86 1/1/86
f 58/1/87 88/1/87 118/1/87
f 59/1/88 89/1/88 29/1/88
f 32/1/89 91/1/89 31/1/89
f 48/1/90 78/1/90 108/1/90
f 33/1/91 92/1/91 32/1/91
f 38/1/92 68/1/92 98/1/92
f 35/1/93 94/1/93 34/1/93
f 1/1/94 62/1/94 2/1/94
f 36/1/95 95/1/95 35/1/95
f 2/1/96 63/1/96 3/1/96
f 49/1/97 79/1/97 19/1/97
f 37/1/72 96/1/72 36/1/72
f 4/1/98 65/1/98 5/1/98
f 38/1/75 97/1/75 37/1/75
f 5/1/99 66/1/99 6/1/99
f 40/1/77 99/1/77 39/1/77
f 6/1/100 67/1/100 7/1/100
f 39/1/101 69/1/101 9/1/101
f 41/1/79 100/1/79 40/1/79
f 7/1/102 68/1/102 8/1/102
f 42/1/82 101/1/82 41/1/82
f 9/1/71 70/1/71 10/1/71
f 43/1/84 102/1/84 42/1/84
f 10/1/74 71/1/74 11/1/74
f 45/1/85 104/1/85 44/1/85
f 11/1/76 72/1/76 12/1/76
f 46/1/86 105/1/86 45/1/86
f 12/1/78 73/1/78 13/1/78
f 53/1/103 83/1/103 113/1/103
f 47/1/94 106/1/94 46/1/94
f 14/1/81 75/1/81 15/1/81
f 48/1/96 107/1/96 47/1/96
f 15/1/83 76/1/83 16/1/83
f 43/1/104 73/1/104 103/1/104
f 50/1/98 109/1/98 49/1/98
f 16/1/89 77/1/89 17/1/89
f 51/1/99 110/1/99 50/1/99
f 17/1/91 78/1/91 18/1/91
f 54/1/105 84/1/105 24/1/105
f 52/1/100 111/1/100 51/1/100
f 19/1/93 80/1/93 20/1/93
f 33/1/106 63/1/106 93/1/106
f 53/1/102 112/1/102 52/1/102
f 20/1/95 81/1/95 21/1/95
f 37/1/1 36/1/2 6/1/2
f 38/1/4 37/1/1 7/1/3
f 60/1/5 59/1/6 29/1/6
f 31/1/8 60/1/5 30/1/7
f 50/1/9 49/1/10 19/1/10
f 51/1/12 50/1/9 20/1/11
f 40/1/13 39/1/14 9/1/14
f 52/1/15 51/1/12 21/1/12
f 41/1/17 40/1/13 10/1/13
f 53/1/19 52/1/15 22/1/16
f 42/1/20 41/1/17 11/1/18
f 43/1/21 42/1/20 12/1/20
f 2/1/22 32/1/22 31/1/8
f 33/1/23 32/1/22 2/1/22
f 55/1/24 54/1/25 24/1/25
f 56/1/26 55/1/24 25/1/24
f 45/1/28 44/1/29 14/1/29
f 57/1/31 56/1/26 26/1/27
f 46/1/32 45/1/28 15/1/30
f 35/1/33 34/1/34 4/1/34
f 58/1/36 57/1/31 27/1/31
f 17/1/37 47/1/37 46/1/32
f 36/1/2 35/1/33 5/1/35
f 48/1/38 47/1/37 17/1/37
f 66/1/39 96/1/39 97/1/40
f 68/1/41 67/1/40 97/1/40
f 90/1/42 89/1/43 119/1/43
f 90/1/42 120/1/42 91/1/44
f 79/1/45 109/1/45 110/1/46
f 81/1/47 80/1/46 110/1/46
f 69/1/48 99/1/48 100/1/49
f 81/1/47 111/1/47 112/1/50
f 70/1/49 100/1/49 101/1/51
f 83/1/53 82/1/50 112/1/50
f 71/1/52 101/1/51 102/1/54
f 72/1/54 102/1/54 103/1/55
f 62/1/56 61/1/44 91/1/44
f 62/1/56 92/1/56 93/1/57
f 84/1/58 114/1/58 115/1/59
f 85/1/59 115/1/59 116/1/60
f 75/1/62 74/1/63 104/1/63
f 86/1/61 116/1/60 117/1/64
f 75/1/62 105/1/62 106/1/65
f 64/1/66 94/1/66 95/1/67
f 87/1/64 117/1/64 118/1/68
f 77/1/69 76/1/65 106/1/65
f 66/1/39 65/1/67 95/1/67
f 77/1/69 107/1/69 108/1/70
f 55/1/71 115/1/71 114/1/71
f 21/1/72 81/1/72 82/1/72
f 44/1/73 104/1/73 74/1/73
f 56/1/74 116/1/74 115/1/74
f 22/1/75 82/1/75 83/1/75
f 57/1/76 117/1/76 116/1/76
f 24/1/77 84/1/77 85/1/77
f 58/1/78 118/1/78 117/1/78
f 25/1/79 85/1/79 86/1/79
f 34/1/80 94/1/80 64/1/80
f 60/1/81 120/1/81 119/1/81
f 26/1/82 86/1/82 87/1/82
f 31/1/83 91/1/83 120/1/83
f 27/1/84 87/1/84 88/1/84
f 29/1/85 89/1/85 90/1/85
f 30/1/86 90/1/86 61/1/86
f 58/1/87 28/1/87 88/1/87
f 59/1/88 119/1/88 89/1/88
f 32/1/89 92/1/89 91/1/89
f 48/1/90 18/1/90 78/1/90
f 33/1/91 93/1/91 92/1/91
f 38/1/92 8/1/92 68/1/92
f 35/1/93 95/1/93 94/1/93
f 1/1/94 61/1/94 62/1/94
f 36/1/95 96/1/95 95/1/95
f 2/1/96 62/1/96 63/1/96
f 49/1/97 109/1/97 79/1/97
f 37/1/72 97/1/72 96/1/72
f 4/1/98 64/1/98 65/1/98
f 38/1/75 98/1/75 97/1/75
f 5/1/99 65/1/99 66/1/99
f 40/1/77 100/1/77 99/1/77
f 6/1/100 66/1/100 67/1/100
f 39/1/101 99/1/101 69/1/101
f 41/1/79 101/1/79 100/1/79
f 7/1/102 67/1/102 68/1/102
f 42/1/82 102/1/82 101/1/82
f 9/1/71 69/1/71 70/1/71
f 43/1/84 103/1/84 102/1/84
f 10/1/74 70/1/74 71/1/74
f 45/1/85 105/1/85 104/1/85
f 11/1/76 71/1/76 72/1/76
f 46/1/86 106/1/86 105/1/86
f 12/1/78 72/1/78 73/1/78
f 53/1/103 23/1/103 83/1/103
f 47/1/94 107/1/94 106/1/94
f 14/1/81 74/1/81 75/1/81
f 48/1/96 108/1/96 107/1/96
f 15/1/83 75/1/83 76/1/83
f 43/1/104 13/1/104 73/1/104
f 50/1/98 110/1/98 109/1/98
f 16/1/89 76/1/89 77/1/89
f 51/1/99 111/1/99 110/1/99
f 17/1/91 77/1/91 78/1/91
f 54/1/105 114/1/105 84/1/105
f 52/1/100 112/1/100 111/1/100
f 19/1/93 79/1/93 80/1/93
f 33/1/106 3/1/106 63/1/106
f 53/1/102 113/1/102 112/1/102
f 20/1/95 80/1/95 81/1/95
f 122/2/107 128/3/107 121/4/107
f 124/5/108 126/6/108 125/7/108
f 121/8/109 128/9/109 130/10/109
f 124/5/110 125/7/110 129/11/110
f 125/12/111 130/13/111 129/14/111
f 129/13/112 128/12/112 127/15/112
f 124/5/113 133/16/113 123/16/113
f 121/4/114 132/17/114 122/2/114
f 124/5/110 132/18/110 134/5/110
f 123/16/109 131/19/109 121/8/109
f 135/20/115 134/17/115 136/17/115
f 136/17/116 142/3/116 135/20/116
f 138/21/117 140/6/117 139/7/117
f 138/21/118 131/16/118 137/22/118
f 142/9/109 144/10/109 140/6/109
f 139/7/110 141/23/110 138/21/110
f 139/12/119 144/13/119 143/14/119
f 143/13/120 142/12/120 141/15/120
f 134/5/112 131/24/112 133/16/112
f 136/18/110 132/5/110 138/21/110
f 135/19/109 131/16/109 133/19/109
f 122/2/107 127/25/107 128/3/107
f 124/5/108 123/16/108 126/6/108
f 126/6/109 123/16/109 130/10/109
f 123/16/109 121/8/109 130/10/109
f 129/11/110 127/23/110 122/26/110
f 122/26/110 124/5/110 129/11/110
f 125/12/111 126/15/111 130/13/111
f 129/13/112 130/14/112 128/12/112
f 124/5/113 134/5/113 133/16/113
f 121/4/114 131/20/114 132/17/114
f 124/5/110 122/26/110 132/18/110
f 123/16/109 133/16/109 131/19/109
f 135/20/115 133/20/115 134/17/115
f 136/17/116 141/25/116 142/3/116
f 138/21/117 137/22/117 140/6/117
f 138/21/118 132/5/118 131/16/118
f 140/6/109 137/22/109 142/9/109
f 137/22/109 135/19/109 142/9/109
f 143/11/110 141/23/110 139/7/110
f 141/23/110 136/18/110 138/21/110
f 139/12/119 140/15/119 144/13/119
f 143/13/120 144/14/120 142/12/120
f 134/5/112 132/27/112 131/24/112
f 136/18/110 134/18/110 132/5/110
f 135/19/109 137/22/109 131/16/109
f 146/2/117 152/3/117 145/4/117
f 148/5/116 150/6/116 149/7/116
f 145/8/109 152/9/109 154/10/109
f 148/5/110 149/7/110 153/11/110
f 149/12/112 154/13/112 153/14/112
f 153/13/121 152/12/121 151/15/121
f 148/5/122 157/16/122 147/16/122
f 145/4/123 156/17/123 146/2/123
f 148/5/110 156/18/110 158/5/110
f 147/16/109 155/19/109 145/8/109
f 159/20/124 158/17/124 160/17/124
f 160/17/125 166/3/125 159/20/125
f 162/21/126 164/6/126 163/7/126
f 162/21/127 155/16/127 161/22/127
f 166/9/109 168/10/109 164/6/109
f 163/7/110 165/23/110 162/21/110
f 163/12/120 168/13/120 167/14/120
f 167/13/128 166/12/128 165/15/128
f 158/5/121 155/24/121 157/16/121
f 160/18/110 156/5/110 162/21/110
f 159/19/109 155/16/109 157/19/109
f 146/2/117 151/25/117 152/3/117
f 148/5/116 147/16/116 150/6/116
f 150/6/109 147/16/109 154/10/109
f 147/16/109 145/8/109 154/10/109
f 153/11/110 151/23/110 146/26/110
f 146/26/110 148/5/110 153/11/110
f 149/12/112 150/15/112 154/13/112
f 153/13/121 154/14/121 152/12/121
f 148/5/122 158/5/122 157/16/122
f 145/4/123 155/20/123 156/17/123
f 148/5/110 146/26/110 156/18/110
f 147/16/109 157/16/109 155/19/109
f 159/20/124 157/20/124 158/17/124
f 160/17/125 165/25/125 166/3/125
f 162/21/126 161/22/126 164/6/126
f 162/21/127 156/5/127 155/16/127
f 164/6/109 161/22/109 166/9/109
f 161/22/109 159/19/109 166/9/109
f 167/11/110 165/23/110 163/7/110
f 165/23/110 160/18/110 162/21/110
f 163/12/120 164/15/120 168/13/120
f 167/13/128 168/14/128 166/12/128
f 158/5/121 156/27/121 155/24/121
f 160/18/110 158/18/110 156/5/110
f 159/19/109 161/22/109 155/16/109
f 172/5/129 175/16/129 171/16/129
f 169/4/130 174/17/130 170/2/130
f 172/5/110 174/18/110 176/5/110
f 171/16/109 173/19/109 169/8/109
f 177/20/131 176/17/131 178/17/131
f 180/21/132 173/16/132 179/22/132
f 176/5/119 173/24/119 175/16/119
f 178/18/110 174/5/110 180/21/110
f 177/19/109 173/16/109 175/19/109
f 172/5/129 176/5/129 175/16/129
f 169/4/130 173/20/130 174/17/130
f 172/5/110 170/26/110 174/18/110
f 171/16/109 175/16/109 173/19/109
f 177/20/131 175/20/131 176/17/131
f 180/21/132 174/5/132 173/16/132
f 176/5/119 174/27/119 173/24/119
f 178/18/110 176/18/110 174/5/110
f 177/19/109 179/22/109 173/16/109
f 182/2/126 188/3/126 181/4/126
f 184/5/125 186/6/125 185/7/125
f 181/8/109 188/9/109 190/10/109
f 184/5/110 185/7/110 189/11/110
f 185/12/121 190/13/121 189/14/121
f 189/13/111 188/12/111 187/15/111
f 184/5/133 193/16/133 183/16/133
f 181/4/134 192/17/134 182/2/134
f 184/5/110 192/18/110 194/5/110
f 183/16/109 191/19/109 181/8/109
f 195/20/135 194/17/135 196/17/135
f 196/17/108 202/3/108 195/20/108
f 198/21/107 200/6/107 199/7/107
f 198/21/136 191/16/136 197/22/136
f 202/9/109 204/10/109 200/6/109
f 199/7/110 201/23/110 198/21/110
f 199/12/128 204/13/128 203/14/128
f 203/13/119 202/12/119 201/15/119
f 194/5/111 191/24/111 193/16/111
f 196/18/110 192/5/110 198/21/110
f 195/19/109 191/16/109 193/19/109
f 182/2/126 187/25/126 188/3/126
f 184/5/125 183/16/125 186/6/125
f 186/6/109 183/16/109 190/10/109
f 183/16/109 181/8/109 190/10/109
f 189/11/110 187/23/110 182/26/110
f 182/26/110 184/5/110 189/11/110
f 185/12/121 186/15/121 190/13/121
f 189/13/111 190/14/111 188/12/111
f 184/5/133 194/5/133 193/16/133
f 181/4/134 191/20/134 192/17/134
f 184/5/110 182/26/110 192/18/110
f 183/16/109 193/16/109 191/19/109
f 195/20/135 193/20/135 194/17/135
f 196/17/108 201/25/108 202/3/108
f 198/21/107 197/22/107 200/6/107
f 198/21/136 192/5/136 191/16/136
f 200/6/109 197/22/109 202/9/109
f 197/22/109 195/19/109 202/9/109
f 203/11/110 201/23/110 199/7/110
f 201/23/110 196/18/110 198/21/110
f 199/12/128 200/15/128 204/13/128
f 203/13/119 204/14/119 202/12/119
f 194/5/111 192/27/111 191/24/111
f 196/18/110 194/18/110 192/5/110
f 195/19/109 197/22/109 191/16/109
f 208/5/137 211/16/137 207/16/137
f 205/4/138 210/17/138 206/2/138
f 208/5/110 210/18/110 212/5/110
f 207/16/109 209/19/109 205/8/109
f 213/20/139 212/17/139 214/17/139
f 216/21/140 209/16/140 215/22/140
f 212/5/120 209/24/120 211/16/120
f 214/18/110 210/5/110 216/21/110
f 213/19/109 209/16/109 211/19/109
f 208/5/137 212/5/137 211/16/137
f 205/4/138 209/20/138 210/17/138
f 208/5/110 206/26/110 210/18/110
f 207/16/109 211/16/109 209/19/109
f 213/20/139 211/20/139 212/17/139
f 216/21/140 210/5/140 209/16/140
f 212/5/120 210/27/120 209/24/120
f 214/18/110 212/18/110 210/5/110
f 213/19/109 215/22/109 209/16/109
f 220/5/141 223/16/141 219/16/141
f 217/4/142 222/17/142 218/2/142
f 220/5/110 222/18/110 224/5/110
f 219/16/109 221/19/109 217/8/109
f 225/20/143 224/17/143 226/17/143
f 228/21/144 221/16/144 227/22/144
f 224/5/128 221/24/128 223/16/128
f 226/18/110 222/5/110 228/21/110
f 225/19/109 221/16/109 223/19/109
f 220/5/141 224/5/141 223/16/141
f 217/4/142 221/20/142 222/17/142
f 220/5/110 218/26/110 222/18/110
f 219/16/109 223/16/109 221/19/109
f 225/20/143 223/20/143 224/17/143
f 228/21/144 222/5/144 221/16/144
f 224/5/128 222/27/128 221/24/128
f 226/18/110 224/18/110 222/5/110
f 225/19/109 227/22/109 221/16/109
f 232/5/145 235/16/145 231/16/145
f 230/28/146 233/20/146 234/17/146
f 232/5/147 234/18/148 236/5/149
f 231/16/150 233/19/150 229/29/150
f 237/20/151 236/17/151 238/17/151
f 240/30/152 233/16/152 239/31/152
f 236/5/120 233/24/120 235/16/120
f 238/18/153 234/5/153 240/30/153
f 237/19/154 233/16/155 235/19/156
f 239/31/157 245/19/157 247/31/157
f 240/30/158 246/18/158 238/18/158
f 244/5/159 241/29/159 242/32/159
f 248/30/160 245/19/160 246/18/160
f 231/16/161 244/5/161 232/5/161
f 230/28/162 241/33/162 229/33/162
f 239/31/163 248/30/163 240/30/163
f 232/5/164 242/32/164 230/32/164
f 238/17/165 245/20/165 237/20/165
f 231/16/166 241/29/166 243/16/166
f 232/5/145 236/5/145 235/16/145
f 230/28/146 229/33/146 233/20/146
f 232/5/147 230/32/167 234/18/148
f 231/16/168 235/16/168 233/19/168
f 237/20/151 235/20/151 236/17/151
f 240/30/152 234/5/152 233/16/152
f 236/5/120 234/27/120 233/24/120
f 238/18/169 236/18/169 234/5/169
f 237/19/154 239/31/170 233/16/155
f 239/31/157 237/19/157 245/19/157
f 240/30/158 248/30/158 246/18/158
f 244/5/159 243/16/159 241/29/159
f 248/30/160 247/31/160 245/19/160
f 231/16/161 243/16/161 244/5/161
f 230/28/162 242/28/162 241/33/162
f 239/31/163 247/31/163 248/30/163
f 232/5/164 244/5/164 242/32/164
f 238/17/165 246/17/165 245/20/165
f 231/16/166 229/29/166 241/29/166
f 252/5/171 255/16/171 251/16/171
f 250/28/172 253/20/172 254/17/172
f 252/5/173 254/18/174 256/5/175
f 251/16/176 253/19/176 249/29/176
f 258/17/177 255/20/177 256/17/177
f 260/30/178 253/16/178 259/31/178
f 256/5/121 253/24/121 255/16/121
f 258/18/179 254/5/179 260/30/179
f 257/19/180 253/16/181 255/19/182
f 259/31/183 265/19/183 267/31/183
f 260/30/184 266/18/184 258/18/184
f 264/5/185 261/29/185 262/32/185
f 268/30/186 265/19/186 266/18/186
f 251/16/187 264/5/187 252/5/187
f 250/28/188 261/33/188 249/33/188
f 259/31/189 268/30/189 260/30/189
f 252/5/190 262/32/190 250/32/190
f 258/17/191 265/20/191 257/20/191
f 251/16/192 261/29/192 263/16/192
f 252/5/171 256/5/171 255/16/171
f 250/28/172 249/33/172 253/20/172
f 252/5/173 250/32/193 254/18/174
f 251/16/194 255/16/194 253/19/194
f 258/17/177 257/20/177 255/20/177
f 260/30/178 254/5/178 253/16/178
f 256/5/121 254/27/121 253/24/121
f 258/18/195 256/18/195 254/5/195
f 257/19/180 259/31/196 253/16/181
f 259/31/183 257/19/183 265/19/183
f 260/30/184 268/30/184 266/18/184
f 264/5/185 263/16/185 261/29/185
f 268/30/186 267/31/186 265/19/186
f 251/16/187 263/16/187 264/5/187
f 250/28/188 262/28/188 261/33/188
f 259/31/189 267/31/189 268/30/189
f 252/5/190 264/5/190 262/32/190
f 258/17/191 266/17/191 265/20/191
f 251/16/192 249/29/192 261/29/192
f 272/5/197 275/16/197 271/16/197
f 270/28/198 273/20/198 274/17/198
f 272/5/199 274/18/200 276/5/201
f 271/16/202 273/19/202 269/29/202
f 277/20/203 276/17/203 278/17/203
f 280/30/204 273/16/204 279/31/204
f 276/5/111 273/24/111 275/16/111
f 278/18/205 274/5/205 280/30/205
f 277/19/206 273/16/207 275/19/208
f 279/31/209 285/19/209 287/31/209
f 280/30/210 286/18/210 278/18/210
f 284/5/211 281/29/211 282/32/211
f 288/30/212 285/19/212 286/18/212
f 271/16/213 284/5/213 272/5/213
f 270/28/214 281/33/214 269/33/214
f 279/31/215 288/30/215 280/30/215
f 272/5/216 282/32/216 270/32/216
f 278/17/217 285/20/217 277/20/217
f 271/16/218 281/29/218 283/16/218
f 272/5/197 276/5/197 275/16/197
f 270/28/198 269/33/198 273/20/198
f 272/5/199 270/32/219 274/18/200
f 271/16/220 275/16/220 273/19/220
f 277/20/203 275/20/203 276/17/203
f 280/30/204 274/5/204 273/16/204
f 276/5/111 274/27/111 273/24/111
f 278/18/221 276/18/221 274/5/221
f 277/19/206 279/31/222 273/16/207
f 279/31/209 277/19/209 285/19/209
f 280/30/210 288/30/210 286/18/210
f 284/5/211 283/16/211 281/29/211
f 288/30/212 287/31/212 285/19/212
f 271/16/213 283/16/213 284/5/213
f 270/28/214 282/28/214 281/33/214
f 279/31/215 287/31/215 288/30/215
f 272/5/216 284/5/216 282/32/216
f 278/17/217 286/17/217 285/20/217
f 271/16/218 269/29/218 281/29/218
f 292/5/223 295/16/223 291/16/223
f 290/28/224 293/20/224 294/17/224
f 292/5/225 294/18/226 296/5/227
f 291/16/228 293/19/228 289/29/228
f 298/17/229 295/20/229 296/17/229
f 300/30/230 293/16/230 299/31/230
f 296/5/128 293/24/128 295/16/128
f 298/18/231 294/5/231 300/30/231
f 297/19/232 293/16/233 295/19/234
f 299/31/235 305/19/235 307/31/235
f 300/30/236 306/18/236 298/18/236
f 304/5/237 301/29/237 302/32/237
f 308/30/238 305/19/238 306/18/238
f 291/16/239 304/5/239 292/5/239
f 290/28/240 301/33/240 289/33/240
f 299/31/241 308/30/241 300/30/241
f 292/5/242 302/32/242 290/32/242
f 298/17/243 305/20/243 297/20/243
f 291/16/244 301/29/244 303/16/244
f 292/5/223 296/5/223 295/16/223
f 290/28/224 289/33/224 293/20/224
f 292/5/225 290/32/245 294/18/226
f 291/16/246 295/16/246 293/19/246
f 298/17/229 297/20/229 295/20/229
f 300/30/230 294/5/230 293/16/230
f 296/5/128 294/27/128 293/24/128
f 298/18/247 296/18/247 294/5/247
f 297/19/232 299/31/248 293/16/233
f 299/31/235 297/19/235 305/19/235
f 300/30/236 308/30/236 306/18/236
f 304/5/237 303/16/237 301/29/237
f 308/30/238 307/31/238 305/19/238
f 291/16/239 303/16/239 304/5/239
f 290/28/240 302/28/240 301/33/240
f 299/31/241 307/31/241 308/30/241
f 292/5/242 304/5/242 302/32/242
f 298/17/243 306/17/243 305/20/243
f 291/16/244 289/29/244 301/29/244
f 312/5/249 315/16/249 311/16/249
f 310/28/250 313/20/250 314/17/250
f 312/5/251 314/18/252 316/5/253
f 311/16/254 313/19/254 309/29/254
f 318/17/255 315/20/255 316/17/255
f 320/30/256 313/16/256 319/31/256
f 316/5/112 313/24/112 315/16/112
f 318/18/257 314/5/257 320/30/257
f 317/19/258 313/16/259 315/19/260
f 319/31/261 325/19/261 327/31/261
f 320/30/262 326/18/262 318/18/262
f 324/5/263 321/29/263 322/32/263
f 328/30/264 325/19/264 326/18/264
f 311/16/265 324/5/265 312/5/265
f 310/28/266 321/33/266 309/33/266
f 319/31/267 328/30/267 320/30/267
f 312/5/268 322/32/268 310/32/268
f 318/17/269 325/20/269 317/20/269
f 311/16/270 321/29/270 323/16/270
f 312/5/249 316/5/249 315/16/249
f 310/28/250 309/33/250 313/20/250
f 312/5/251 310/32/271 314/18/252
f 311/16/272 315/16/272 313/19/272
f 318/17/255 317/20/255 315/20/255
f 320/30/256 314/5/256 313/16/256
f 316/5/112 314/27/112 313/24/112
f 318/18/273 316/18/273 314/5/273
f 317/19/258 319/31/274 313/16/259
f 319/31/261 317/19/261 325/19/261
f 320/30/262 328/30/262 326/18/262
f 324/5/263 323/16/263 321/29/263
f 328/30/264 327/31/264 325/19/264
f 311/16/265 323/16/265 324/5/265
f 310/28/266 322/28/266 321/33/266
f 319/31/267 327/31/267 328/30/267
f 312/5/268 324/5/268 322/32/268
f 318/17/269 326/17/269 325/20/269
f 311/16/270 309/29/270 321/29/270
f 332/5/275 335/16/275 331/16/275
f 330/28/276 333/20/276 334/17/276
f 332/5/277 334/18/278 336/5/279
f 331/16/280 333/19/280 329/29/280
f 338/17/281 335/20/281 336/17/281
f 340/30/282 333/16/282 339/31/282
f 336/5/119 333/24/119 335/16/119
f 338/18/283 334/5/283 340/30/283
f 337/19/284 333/16/285 335/19/286
f 339/31/287 345/19/287 347/31/287
f 340/30/288 346/18/288 338/18/288
f 344/5/289 341/29/289 342/32/289
f 348/30/290 345/19/290 346/18/290
f 331/16/291 344/5/291 332/5/291
f 330/28/292 341/33/292 329/33/292
f 339/31/293 348/30/293 340/30/293
f 332/5/294 342/32/294 330/32/294
f 338/17/295 345/20/295 337/20/295
f 331/16/296 341/29/296 343/16/296
f 332/5/275 336/5/275 335/16/275
f 330/28/276 329/33/276 333/20/276
f 332/5/277 330/32/297 334/18/278
f 331/16/298 335/16/298 333/19/298
f 338/17/281 337/20/281 335/20/281
f 340/30/282 334/5/282 333/16/282
f 336/5/119 334/27/119 333/24/119
f 338/18/299 336/18/299 334/5/299
f 337/19/284 339/31/300 333/16/285
f 339/31/287 337/19/287 345/19/287
f 340/30/288 348/30/288 346/18/288
f 344/5/289 343/16/289 341/29/289
f 348/30/290 347/31/290 345/19/290
f 331/16/291 343/16/291 344/5/291
f 330/28/292 342/28/292 341/33/292
f 339/31/293 347/31/293 348/30/293
f 332/5/294 344/5/294 342/32/294
f 338/17/295 346/17/295 345/20/295
f 331/16/296 329/29/296 341/29/296
f 350/17/93 351/34/93 349/20/93
f 352/35/78 353/16/78 351/36/78
f 354/5/301 350/18/301 356/5/302
f 351/36/109 353/16/303 349/19/303
f 352/37/110 350/18/301 354/5/301
f 354/5/304 355/16/304 353/16/304
f 349/20/305 356/17/305 350/17/305
f 349/19/303 353/16/303 355/19/8
f 350/17/93 352/38/93 351/34/93
f 352/35/78 354/5/78 353/16/78
f 354/5/304 356/5/304 355/16/304
f 349/20/305 355/20/305 356/17/305
f 358/17/98 359/34/98 357/20/98
f 360/35/84 361/16/84 359/36/84
f 362/5/306 358/18/306 364/5/65
f 359/36/109 361/16/307 357/19/307
f 360/37/110 358/18/306 362/5/306
f 362/5/308 363/16/308 361/16/308
f 357/20/309 364/17/309 358/17/309
f 357/19/307 361/16/307 363/19/310
f 358/17/98 360/38/98 359/34/98
f 360/35/84 362/5/84 361/16/84
f 362/5/308 364/5/308 363/16/308
f 357/20/309 363/20/309 364/17/309
f 366/17/71 367/34/71 365/20/71
f 368/35/96 369/16/96 367/36/96
f 370/5/311 366/18/311 372/5/312
f 367/36/109 369/16/313 365/19/313
f 368/37/110 366/18/311 370/5/311
f 370/5/314 371/16/314 369/16/314
f 365/20/315 372/17/315 366/17/315
f 365/19/313 369/16/313 371/19/316
f 366/17/71 368/38/71 367/34/71
f 368/35/96 370/5/96 369/16/96
f 370/5/314 372/5/314 371/16/314
f 365/20/315 371/20/315 372/17/315
f 374/17/77 375/34/77 373/20/77
f 376/35/91 377/16/91 375/36/91
f 378/5/317 374/18/317 380/5/318
f 375/36/109 377/16/319 373/19/319
f 376/37/110 374/18/317 378/5/317
f 378/5/320 379/16/320 377/16/320
f 373/20/321 380/17/321 374/17/321
f 373/19/319 377/16/319 379/19/322
f 374/17/77 376/38/77 375/34/77
f 376/35/91 378/5/91 377/16/91
f 378/5/320 380/5/320 379/16/320
f 373/20/321 379/20/321 380/17/321
f 382/17/81 383/34/81 381/20/81
f 384/35/102 385/16/102 383/36/102
f 386/5/323 382/18/323 388/5/324
f 383/36/109 385/16/325 381/19/325
f 384/37/110 382/18/323 386/5/323
f 386/5/326 387/16/326 385/16/326
f 381/20/327 388/17/327 382/17/327
f 381/19/325 385/16/325 387/19/328
f 382/17/81 384/38/81 383/34/81
f 384/35/102 386/5/102 385/16/102
f 386/5/326 388/5/326 387/16/326
f 381/20/327 387/20/327 388/17/327
f 390/17/85 391/34/85 389/20/85
f 392/35/75 393/16/75 391/36/75
f 394/5/329 390/18/329 396/5/330
f 391/36/109 393/16/331 389/19/331
f 392/37/110 390/18/329 394/5/329
f 394/5/332 395/16/332 393/16/332
f 389/20/333 396/17/333 390/17/333
f 389/19/331 393/16/331 395/19/334
f 390/17/85 392/38/85 391/34/85
f 392/35/75 394/5/75 393/16/75
f 394/5/332 396/5/332 395/16/332
f 389/20/333 395/20/333 396/17/333
f 425/1/109 407/1/109 408/1/109
f 418/1/109 400/1/109 401/1/109
f 409/1/109 425/1/109 408/1/109
f 419/1/109 401/1/109 402/1/109
f 410/1/109 426/1/109 409/1/109
f 403/1/109 419/1/109 402/1/109
f 428/1/109 410/1/109 411/1/109
f 421/1/109 403/1/109 404/1/109
f 412/1/109 428/1/109 411/1/109
f 405/1/109 421/1/109 404/1/109
f 398/1/109 414/1/109 397/1/109
f 430/1/109 412/1/109 413/1/109
f 423/1/109 405/1/109 406/1/109
f 416/1/109 398/1/109 399/1/109
f 407/1/109 423/1/109 406/1/109
f 400/1/109 416/1/109 399/1/109
f 459/1/109 441/1/109 442/1/109
f 452/1/109 434/1/109 435/1/109
f 443/1/109 459/1/109 442/1/109
f 453/1/109 435/1/109 436/1/109
f 461/1/109 443/1/109 444/1/109
f 437/1/109 453/1/109 436/1/109
f 462/1/109 444/1/109 445/1/109
f 455/1/109 437/1/109 438/1/109
f 446/1/109 462/1/109 445/1/109
f 439/1/109 455/1/109 438/1/109
f 432/1/109 448/1/109 431/1/109
f 464/1/109 446/1/109 447/1/109
f 457/1/109 439/1/109 440/1/109
f 450/1/109 432/1/109 433/1/109
f 441/1/109 457/1/109 440/1/109
f 434/1/109 450/1/109 433/1/109
f 493/1/109 475/1/109 476/1/109
f 486/1/109 468/1/109 469/1/109
f 477/1/109 493/1/109 476/1/109
f 487/1/109 469/1/109 470/1/109
f 478/1/109 494/1/109 477/1/109
f 471/1/109 487/1/109 470/1/109
f 496/1/109 478/1/109 479/1/109
f 489/1/109 471/1/109 472/1/109
f 480/1/109 496/1/109 479/1/109
f 473/1/109 489/1/109 472/1/109
f 466/1/109 482/1/109 465/1/109
f 498/1/109 480/1/109 481/1/109
f 491/1/109 473/1/109 474/1/109
f 484/1/109 466/1/109 467/1/109
f 475/1/109 491/1/109 474/1/109
f 468/1/109 484/1/109 467/1/109
f 527/1/109 509/1/109 510/1/109
f 520/1/109 502/1/109 503/1/109
f 511/1/109 527/1/109 510/1/109
f 521/1/109 503/1/109 504/1/109
f 512/1/109 528/1/109 511/1/109
f 505/1/109 521/1/109 504/1/109
f 530/1/109 512/1/109 513/1/109
f 523/1/109 505/1/109 506/1/109
f 514/1/109 530/1/109 513/1/109
f 524/1/109 506/1/109 507/1/109
f 500/1/109 516/1/109 499/1/109
f 532/1/109 514/1/109 515/1/109
f 508/1/109 524/1/109 507/1/109
f 518/1/109 500/1/109 501/1/109
f 509/1/109 525/1/109 508/1/109
f 502/1/109 518/1/109 501/1/109
f 561/1/109 543/1/109 544/1/109
f 537/1/109 553/1/109 536/1/109
f 545/1/109 561/1/109 544/1/109
f 555/1/109 537/1/109 538/1/109
f 546/1/109 562/1/109 545/1/109
f 539/1/109 555/1/109 538/1/109
f 564/1/109 546/1/109 547/1/109
f 557/1/109 539/1/109 540/1/109
f 548/1/109 564/1/109 547/1/109
f 558/1/109 540/1/109 541/1/109
f 534/1/109 550/1/109 533/1/109
f 566/1/109 548/1/109 549/1/109
f 559/1/109 541/1/109 542/1/109
f 552/1/109 534/1/109 535/1/109
f 543/1/109 559/1/109 542/1/109
f 536/1/109 552/1/109 535/1/109
f 595/1/109 577/1/109 578/1/109
f 588/1/109 570/1/109 571/1/109
f 579/1/109 595/1/109 578/1/109
f 589/1/109 571/1/109 572/1/109
f 580/1/109 596/1/109 579/1/109
f 573/1/109 589/1/109 572/1/109
f 598/1/109 580/1/109 581/1/109
f 591/1/109 573/1/109 574/1/109
f 582/1/109 598/1/109 581/1/109
f 575/1/109 591/1/109 574/1/109
f 568/1/109 584/1/109 567/1/109
f 600/1/109 582/1/109 583/1/109
f 593/1/109 575/1/109 576/1/109
f 586/1/109 568/1/109 569/1/109
f 577/1/109 593/1/109 576/1/109
f 570/1/109 586/1/109 569/1/109
f 611/1/110 629/1/110 612/1/110
f 604/1/110 622/1/110 605/1/110
f 613/1/110 629/1/110 630/1/110
f 605/1/110 623/1/110 606/1/110
f 614/1/110 630/1/110 631/1/110
f 607/1/110 623/1/110 624/1/110
f 614/1/110 632/1/110 615/1/110
f 607/1/110 625/1/110 608/1/110
f 616/1/110 632/1/110 633/1/110
f 609/1/110 625/1/110 626/1/110
f 602/1/110 618/1/110 619/1/110
f 616/1/110 634/1/110 617/1/110
f 609/1/110 627/1/110 610/1/110
f 602/1/110 620/1/110 603/1/110
f 611/1/110 627/1/110 628/1/110
f 604/1/110 620/1/110 621/1/110
f 645/1/110 663/1/110 646/1/110
f 638/1/110 656/1/110 639/1/110
f 647/1/110 663/1/110 664/1/110
f 639/1/110 657/1/110 640/1/110
f 647/1/110 665/1/110 648/1/110
f 641/1/110 657/1/110 658/1/110
f 648/1/110 666/1/110 649/1/110
f 641/1/110 659/1/110 642/1/110
f 650/1/110 666/1/110 667/1/110
f 643/1/110 659/1/110 660/1/110
f 636/1/110 652/1/110 653/1/110
f 650/1/110 668/1/110 651/1/110
f 643/1/110 661/1/110 644/1/110
f 636/1/110 654/1/110 637/1/110
f 645/1/110 661/1/110 662/1/110
f 638/1/110 654/1/110 655/1/110
f 679/1/110 697/1/110 680/1/110
f 672/1/110 690/1/110 673/1/110
f 681/1/110 697/1/110 698/1/110
f 673/1/110 691/1/110 674/1/110
f 682/1/110 698/1/110 699/1/110
f 675/1/110 691/1/110 692/1/110
f 682/1/110 700/1/110 683/1/110
f 675/1/110 693/1/110 676/1/110
f 684/1/110 700/1/110 701/1/110
f 677/1/110 693/1/110 694/1/110
f 670/1/110 686/1/110 687/1/110
f 684/1/110 702/1/110 685/1/110
f 677/1/110 695/1/110 678/1/110
f 670/1/110 688/1/110 671/1/110
f 679/1/110 695/1/110 696/1/110
f 672/1/110 688/1/110 689/1/110
f 713/1/110 731/1/110 714/1/110
f 706/1/110 724/1/110 707/1/110
f 715/1/110 731/1/110 732/1/110
f 707/1/110 725/1/110 708/1/110
f 716/1/110 732/1/110 733/1/110
f 709/1/110 725/1/110 726/1/110
f 716/1/110 734/1/110 717/1/110
f 709/1/110 727/1/110 710/1/110
f 718/1/110 734/1/110 735/1/110
f 710/1/110 728/1/110 711/1/110
f 704/1/110 720/1/110 721/1/110
f 718/1/110 736/1/110 719/1/110
f 712/1/110 728/1/110 729/1/110
f 704/1/110 722/1/110 705/1/110
f 713/1/110 729/1/110 730/1/110
f 706/1/110 722/1/110 723/1/110
f 747/1/110 765/1/110 748/1/110
f 741/1/110 757/1/110 758/1/110
f 749/1/110 765/1/110 766/1/110
f 741/1/110 759/1/110 742/1/110
f 750/1/110 766/1/110 767/1/110
f 743/1/110 759/1/110 760/1/110
f 750/1/110 768/1/110 751/1/110
f 743/1/110 761/1/110 744/1/110
f 752/1/110 768/1/110 769/1/110
f 744/1/110 762/1/110 745/1/110
f 738/1/110 754/1/110 755/1/110
f 752/1/110 770/1/110 753/1/110
f 745/1/110 763/1/110 746/1/110
f 738/1/110 756/1/110 739/1/110
f 747/1/110 763/1/110 764/1/110
f 740/1/110 756/1/110 757/1/110
f 781/1/110 799/1/110 782/1/110
f 774/1/110 792/1/110 775/1/110
f 783/1/110 799/1/110 800/1/110
f 775/1/110 793/1/110 776/1/110
f 784/1/110 800/1/110 801/1/110
f 777/1/110 793/1/110 794/1/110
f 784/1/110 802/1/110 785/1/110
f 777/1/110 795/1/110 778/1/110
f 786/1/110 802/1/110 803/1/110
f 779/1/110 795/1/110 796/1/110
f 772/1/110 788/1/110 789/1/110
f 786/1/110 804/1/110 787/1/110
f 779/1/110 797/1/110 780/1/110
f 772/1/110 790/1/110 773/1/110
f 781/1/110 797/1/110 798/1/110
f 774/1/110 790/1/110 791/1/110
f 536/1/119 741/1/119 537/1/119
f 447/1/335 668/1/335 464/1/335
f 537/1/336 742/1/336 538/1/336
f 538/1/337 743/1/337 539/1/337
f 539/1/111 744/1/111 540/1/111
f 465/1/111 670/1/111 466/1/111
f 540/1/338 745/1/338 541/1/338
f 466/1/338 671/1/338 467/1/338
f 541/1/335 746/1/335 542/1/335
f 467/1/335 672/1/335 468/1/335
f 542/1/120 747/1/120 543/1/120
f 468/1/120 673/1/120 469/1/120
f 543/1/339 748/1/339 544/1/339
f 469/1/339 674/1/339 470/1/339
f 544/1/340 749/1/340 545/1/340
f 470/1/340 675/1/340 471/1/340
f 545/1/112 750/1/112 546/1/112
f 471/1/112 676/1/112 472/1/112
f 397/1/119 602/1/119 398/1/119
f 546/1/341 751/1/341 547/1/341
f 472/1/342 677/1/342 473/1/342
f 398/1/336 603/1/336 399/1/336
f 547/1/343 752/1/343 548/1/343
f 473/1/344 678/1/344 474/1/344
f 399/1/337 604/1/337 400/1/337
f 548/1/128 753/1/128 549/1/128
f 474/1/128 679/1/128 475/1/128
f 400/1/111 605/1/111 401/1/111
f 551/1/120 754/1/120 550/1/120
f 475/1/345 680/1/345 476/1/345
f 401/1/338 606/1/338 402/1/338
f 552/1/339 755/1/339 551/1/339
f 476/1/346 681/1/346 477/1/346
f 402/1/335 607/1/335 403/1/335
f 553/1/340 756/1/340 552/1/340
f 477/1/121 682/1/121 478/1/121
f 403/1/120 608/1/120 404/1/120
f 554/1/112 757/1/112 553/1/112
f 478/1/347 683/1/347 479/1/347
f 404/1/339 609/1/339 405/1/339
f 555/1/341 758/1/341 554/1/341
f 479/1/348 684/1/348 480/1/348
f 405/1/340 610/1/340 406/1/340
f 556/1/343 759/1/343 555/1/343
f 480/1/119 685/1/119 481/1/119
f 406/1/112 611/1/112 407/1/112
f 557/1/128 760/1/128 556/1/128
f 483/1/128 686/1/128 482/1/128
f 407/1/341 612/1/341 408/1/341
f 558/1/345 761/1/345 557/1/345
f 484/1/345 687/1/345 483/1/345
f 408/1/343 613/1/343 409/1/343
f 559/1/346 762/1/346 558/1/346
f 485/1/346 688/1/346 484/1/346
f 409/1/128 614/1/128 410/1/128
f 560/1/121 763/1/121 559/1/121
f 486/1/121 689/1/121 485/1/121
f 410/1/345 615/1/345 411/1/345
f 561/1/347 764/1/347 560/1/347
f 487/1/347 690/1/347 486/1/347
f 411/1/346 616/1/346 412/1/346
f 562/1/348 765/1/348 561/1/348
f 488/1/348 691/1/348 487/1/348
f 412/1/121 617/1/121 413/1/121
f 563/1/119 766/1/119 562/1/119
f 489/1/119 692/1/119 488/1/119
f 415/1/112 618/1/112 414/1/112
f 564/1/336 767/1/336 563/1/336
f 490/1/349 693/1/349 489/1/349
f 416/1/341 619/1/341 415/1/341
f 565/1/337 768/1/337 564/1/337
f 491/1/350 694/1/350 490/1/350
f 417/1/343 620/1/343 416/1/343
f 566/1/111 769/1/111 565/1/111
f 492/1/111 695/1/111 491/1/111
f 418/1/128 621/1/128 417/1/128
f 493/1/338 696/1/338 492/1/338
f 419/1/345 622/1/345 418/1/345
f 494/1/335 697/1/335 493/1/335
f 420/1/346 623/1/346 419/1/346
f 495/1/120 698/1/120 494/1/120
f 421/1/121 624/1/121 420/1/121
f 496/1/339 699/1/339 495/1/339
f 422/1/347 625/1/347 421/1/347
f 497/1/340 700/1/340 496/1/340
f 423/1/348 626/1/348 422/1/348
f 498/1/112 701/1/112 497/1/112
f 424/1/119 627/1/119 423/1/119
f 425/1/336 628/1/336 424/1/336
f 426/1/337 629/1/337 425/1/337
f 427/1/111 630/1/111 426/1/111
f 428/1/338 631/1/338 427/1/338
f 550/1/336 737/1/336 533/1/336
f 429/1/335 632/1/335 428/1/335
f 430/1/120 633/1/120 429/1/120
f 549/1/340 770/1/340 566/1/340
f 482/1/339 669/1/339 465/1/339
f 567/1/112 772/1/112 568/1/112
f 568/1/341 773/1/341 569/1/341
f 569/1/343 774/1/343 570/1/343
f 570/1/128 775/1/128 571/1/128
f 481/1/346 702/1/346 498/1/346
f 571/1/345 776/1/345 572/1/345
f 572/1/346 777/1/346 573/1/346
f 414/1/338 601/1/338 397/1/338
f 573/1/121 778/1/121 574/1/121
f 499/1/120 704/1/120 500/1/120
f 574/1/347 779/1/347 575/1/347
f 500/1/339 705/1/339 501/1/339
f 575/1/348 780/1/348 576/1/348
f 501/1/340 706/1/340 502/1/340
f 576/1/119 781/1/119 577/1/119
f 502/1/112 707/1/112 503/1/112
f 413/1/343 634/1/343 430/1/343
f 577/1/336 782/1/336 578/1/336
f 503/1/341 708/1/341 504/1/341
f 578/1/337 783/1/337 579/1/337
f 504/1/343 709/1/343 505/1/343
f 579/1/111 784/1/111 580/1/111
f 505/1/128 710/1/128 506/1/128
f 431/1/128 636/1/128 432/1/128
f 580/1/338 785/1/338 581/1/338
f 506/1/345 711/1/345 507/1/345
f 432/1/345 637/1/345 433/1/345
f 581/1/335 786/1/335 582/1/335
f 507/1/346 712/1/346 508/1/346
f 433/1/346 638/1/346 434/1/346
f 582/1/120 787/1/120 583/1/120
f 508/1/121 713/1/121 509/1/121
f 434/1/121 639/1/121 435/1/121
f 585/1/119 788/1/119 584/1/119
f 509/1/347 714/1/347 510/1/347
f 435/1/347 640/1/347 436/1/347
f 586/1/336 789/1/336 585/1/336
f 510/1/348 715/1/348 511/1/348
f 436/1/348 641/1/348 437/1/348
f 587/1/337 790/1/337 586/1/337
f 511/1/119 716/1/119 512/1/119
f 437/1/119 642/1/119 438/1/119
f 588/1/111 791/1/111 587/1/111
f 512/1/336 717/1/336 513/1/336
f 438/1/349 643/1/349 439/1/349
f 589/1/338 792/1/338 588/1/338
f 513/1/337 718/1/337 514/1/337
f 439/1/350 644/1/350 440/1/350
f 590/1/335 793/1/335 589/1/335
f 514/1/111 719/1/111 515/1/111
f 440/1/111 645/1/111 441/1/111
f 591/1/120 794/1/120 590/1/120
f 517/1/121 720/1/121 516/1/121
f 441/1/338 646/1/338 442/1/338
f 592/1/339 795/1/339 591/1/339
f 518/1/347 721/1/347 517/1/347
f 442/1/335 647/1/335 443/1/335
f 593/1/340 796/1/340 592/1/340
f 519/1/348 722/1/348 518/1/348
f 443/1/120 648/1/120 444/1/120
f 594/1/112 797/1/112 593/1/112
f 520/1/119 723/1/119 519/1/119
f 444/1/339 649/1/339 445/1/339
f 595/1/341 798/1/341 594/1/341
f 521/1/336 724/1/336 520/1/336
f 445/1/340 650/1/340 446/1/340
f 596/1/343 799/1/343 595/1/343
f 522/1/337 725/1/337 521/1/337
f 446/1/112 651/1/112 447/1/112
f 597/1/128 800/1/128 596/1/128
f 523/1/111 726/1/111 522/1/111
f 449/1/111 652/1/111 448/1/111
f 598/1/345 801/1/345 597/1/345
f 524/1/338 727/1/338 523/1/338
f 450/1/338 653/1/338 449/1/338
f 599/1/346 802/1/346 598/1/346
f 525/1/335 728/1/335 524/1/335
f 451/1/335 654/1/335 450/1/335
f 600/1/121 803/1/121 599/1/121
f 526/1/120 729/1/120 525/1/120
f 452/1/120 655/1/120 451/1/120
f 527/1/339 730/1/339 526/1/339
f 453/1/339 656/1/339 452/1/339
f 528/1/340 731/1/340 527/1/340
f 454/1/340 657/1/340 453/1/340
f 529/1/112 732/1/112 528/1/112
f 455/1/112 658/1/112 454/1/112
f 530/1/341 733/1/341 529/1/341
f 456/1/342 659/1/342 455/1/342
f 531/1/343 734/1/343 530/1/343
f 457/1/343 660/1/343 456/1/343
f 532/1/128 735/1/128 531/1/128
f 458/1/128 661/1/128 457/1/128
f 459/1/345 662/1/345 458/1/345
f 460/1/346 663/1/346 459/1/346
f 461/1/121 664/1/121 460/1/121
f 462/1/347 665/1/347 461/1/347
f 584/1/345 771/1/345 567/1/345
f 463/1/348 666/1/348 462/1/348
f 464/1/119 667/1/119 463/1/119
f 583/1/337 804/1/337 600/1/337
f 516/1/341 703/1/341 499/1/341
f 515/1/348 736/1/348 532/1/348
f 448/1/347 635/1/347 431/1/347
f 533/1/121 738/1/121 534/1/121
f 534/1/347 739/1/347 535/1/347
f 535/1/348 740/1/348 536/1/348
f 425/1/109 424/1/109 407/1/109
f 418/1/109 417/1/109 400/1/109
f 409/1/109 426/1/109 425/1/109
f 419/1/109 418/1/109 401/1/109
f 410/1/109 427/1/109 426/1/109
f 403/1/109 420/1/109 419/1/109
f 428/1/109 427/1/109 410/1/109
f 421/1/109 420/1/109 403/1/109
f 412/1/109 429/1/109 428/1/109
f 405/1/109 422/1/109 421/1/109
f 398/1/109 415/1/109 414/1/109
f 430/1/109 429/1/109 412/1/109
f 423/1/109 422/1/109 405/1/109
f 416/1/109 415/1/109 398/1/109
f 407/1/109 424/1/109 423/1/109
f 400/1/109 417/1/109 416/1/109
f 459/1/109 458/1/109 441/1/109
f 452/1/109 451/1/109 434/1/109
f 443/1/109 460/1/109 459/1/109
f 453/1/109 452/1/109 435/1/109
f 461/1/109 460/1/109 443/1/109
f 437/1/109 454/1/109 453/1/109
f 462/1/109 461/1/109 444/1/109
f 455/1/109 454/1/109 437/1/109
f 446/1/109 463/1/109 462/1/109
f 439/1/109 456/1/109 455/1/109
f 432/1/109 449/1/109 448/1/109
f 464/1/109 463/1/109 446/1/109
f 457/1/109 456/1/109 439/1/109
f 450/1/109 449/1/109 432/1/109
f 441/1/109 458/1/109 457/1/109
f 434/1/109 451/1/109 450/1/109
f 493/1/109 492/1/109 475/1/109
f 486/1/109 485/1/109 468/1/109
f 477/1/109 494/1/109 493/1/109
f 487/1/109 486/1/109 469/1/109
f 478/1/109 495/1/109 494/1/109
f 471/1/109 488/1/109 487/1/109
f 496/1/109 495/1/109 478/1/109
f 489/1/109 488/1/109 471/1/109
f 480/1/109 497/1/109 496/1/109
f 473/1/109 490/1/109 489/1/109
f 466/1/109 483/1/109 482/1/109
f 498/1/109 497/1/109 480/1/109
f 491/1/109 490/1/109 473/1/109
f 484/1/109 483/1/109 466/1/109
f 475/1/109 492/1/109 491/1/109
f 468/1/109 485/1/109 484/1/109
f 527/1/109 526/1/109 509/1/109
f 520/1/109 519/1/109 502/1/109
f 511/1/109 528/1/109 527/1/109
f 521/1/109 520/1/109 503/1/109
f 512/1/109 529/1/109 528/1/109
f 505/1/109 522/1/109 521/1/109
f 530/1/109 529/1/109 512/1/109
f 523/1/109 522/1/109 505/1/109
f 514/1/109 531/1/109 530/1/109
f 524/1/109 523/1/109 506/1/109
f 500/1/109 517/1/109 516/1/109
f 532/1/109 531/1/109 514/1/109
f 508/1/109 525/1/109 524/1/109
f 518/1/109 517/1/109 500/1/109
f 509/1/109 526/1/109 525/1/109
f 502/1/109 519/1/109 518/1/109
f 561/1/109 560/1/109 543/1/109
f 537/1/109 554/1/109 553/1/109
f 545/1/109 562/1/109 561/1/109
f 555/1/109 554/1/109 537/1/109
f 546/1/109 563/1/109 562/1/109
f 539/1/109 556/1/109 555/1/109
f 564/1/109 563/1/109 546/1/109
f 557/1/109 556/1/109 539/1/109
f 548/1/109 565/1/109 564/1/109
f 558/1/109 557/1/109 540/1/109
f 534/1/109 551/1/109 550/1/109
f 566/1/109 565/1/109 548/1/109
f 559/1/109 558/1/109 541/1/109
f 552/1/109 551/1/109 534/1/109
f 543/1/109 560/1/109 559/1/109
f 536/1/109 553/1/109 552/1/109
f 595/1/109 594/1/109 577/1/109
f 588/1/109 587/1/109 570/1/109
f 579/1/109 596/1/109 595/1/109
f 589/1/109 588/1/109 571/1/109
f 580/1/109 597/1/109 596/1/109
f 573/1/109 590/1/109 589/1/109
f 598/1/109 597/1/109 580/1/109
f 591/1/109 590/1/109 573/1/109
f 582/1/109 599/1/109 598/1/109
f 575/1/109 592/1/109 591/1/109
f 568/1/109 585/1/109 584/1/109
f 600/1/109 599/1/109 582/1/109
f 593/1/109 592/1/109 575/1/109
f 586/1/109 585/1/109 568/1/109
f 577/1/109 594/1/109 593/1/109
f 570/1/109 587/1/109 586/1/109
f 611/1/110 628/1/110 629/1/110
f 604/1/110 621/1/110 622/1/110
f 613/1/110 612/1/110 629/1/110
f 605/1/110 622/1/110 623/1/110
f 614/1/110 613/1/110 630/1/110
f 607/1/110 606/1/110 623/1/110
f 614/1/110 631/1/110 632/1/110
f 607/1/110 624/1/110 625/1/110
f 616/1/110 615/1/110 632/1/110
f 609/1/110 608/1/110 625/1/110
f 602/1/110 601/1/110 618/1/110
f 616/1/110 633/1/110 634/1/110
f 609/1/110 626/1/110 627/1/110
f 602/1/110 619/1/110 620/1/110
f 611/1/110 610/1/110 627/1/110
f 604/1/110 603/1/110 620/1/110
f 645/1/110 662/1/110 663/1/110
f 638/1/110 655/1/110 656/1/110
f 647/1/110 646/1/110 663/1/110
f 639/1/110 656/1/110 657/1/110
f 647/1/110 664/1/110 665/1/110
f 641/1/110 640/1/110 657/1/110
f 648/1/110 665/1/110 666/1/110
f 641/1/110 658/1/110 659/1/110
f 650/1/110 649/1/110 666/1/110
f 643/1/110 642/1/110 659/1/110
f 636/1/110 635/1/110 652/1/110
f 650/1/110 667/1/110 668/1/110
f 643/1/110 660/1/110 661/1/110
f 636/1/110 653/1/110 654/1/110
f 645/1/110 644/1/110 661/1/110
f 638/1/110 637/1/110 654/1/110
f 679/1/110 696/1/110 697/1/110
f 672/1/110 689/1/110 690/1/110
f 681/1/110 680/1/110 697/1/110
f 673/1/110 690/1/110 691/1/110
f 682/1/110 681/1/110 698/1/110
f 675/1/110 674/1/110 691/1/110
f 682/1/110 699/1/110 700/1/110
f 675/1/110 692/1/110 693/1/110
f 684/1/110 683/1/110 700/1/110
f 677/1/110 676/1/110 693/1/110
f 670/1/110 669/1/110 686/1/110
f 684/1/110 701/1/110 702/1/110
f 677/1/110 694/1/110 695/1/110
f 670/1/110 687/1/110 688/1/110
f 679/1/110 678/1/110 695/1/110
f 672/1/110 671/1/110 688/1/110
f 713/1/110 730/1/110 731/1/110
f 706/1/110 723/1/110 724/1/110
f 715/1/110 714/1/110 731/1/110
f 707/1/110 724/1/110 725/1/110
f 716/1/110 715/1/110 732/1/110
f 709/1/110 708/1/110 725/1/110
f 716/1/110 733/1/110 734/1/110
f 709/1/110 726/1/110 727/1/110
f 718/1/110 717/1/110 734/1/110
f 710/1/110 727/1/110 728/1/110
f 704/1/110 703/1/110 720/1/110
f 718/1/110 735/1/110 736/1/110
f 712/1/110 711/1/110 728/1/110
f 704/1/110 721/1/110 722/1/110
f 713/1/110 712/1/110 729/1/110
f 706/1/110 705/1/110 722/1/110
f 747/1/110 764/1/110 765/1/110
f 741/1/110 740/1/110 757/1/110
f 749/1/110 748/1/110 765/1/110
f 741/1/110 758/1/110 759/1/110
f 750/1/110 749/1/110 766/1/110
f 743/1/110 742/1/110 759/1/110
f 750/1/110 767/1/110 768/1/110
f 743/1/110 760/1/110 761/1/110
f 752/1/110 751/1/110 768/1/110
f 744/1/110 761/1/110 762/1/110
f 738/1/110 737/1/110 754/1/110
f 752/1/110 769/1/110 770/1/110
f 745/1/110 762/1/110 763/1/110
f 738/1/110 755/1/110 756/1/110
f 747/1/110 746/1/110 763/1/110
f 740/1/110 739/1/110 756/1/110
f 781/1/110 798/1/110 799/1/110
f 774/1/110 791/1/110 792/1/110
f 783/1/110 782/1/110 799/1/110
f 775/1/110 792/1/110 793/1/110
f 784/1/110 783/1/110 800/1/110
f 777/1/110 776/1/110 793/1/110
f 784/1/110 801/1/110 802/1/110
f 777/1/110 794/1/110 795/1/110
f 786/1/110 785/1/110 802/1/110
f 779/1/110 778/1/110 795/1/110
f 772/1/110 771/1/110 788/1/110
f 786/1/110 803/1/110 804/1/110
f 779/1/110 796/1/110 797/1/110
f 772/1/110 789/1/110 790/1/110
f 781/1/110 780/1/110 797/1/110
f 774/1/110 773/1/110 790/1/110
f 536/1/119 740/1/119 741/1/119
f 447/1/335 651/1/335 668/1/335
f 537/1/336 741/1/336 742/1/336
f 538/1/337 742/1/337 743/1/337
f 539/1/111 743/1/111 744/1/111
f 465/1/111 669/1/111 670/1/111
f 540/1/338 744/1/338 745/1/338
f 466/1/338 670/1/338 671/1/338
f 541/1/335 745/1/335 746/1/335
f 467/1/335 671/1/335 672/1/335
f 542/1/120 746/1/120 747/1/120
f 468/1/120 672/1/120 673/1/120
f 543/1/339 747/1/339 748/1/339
f 469/1/339 673/1/339 674/1/339
f 544/1/340 748/1/340 749/1/340
f 470/1/340 674/1/340 675/1/340
f 545/1/112 749/1/112 750/1/112
f 471/1/112 675/1/112 676/1/112
f 397/1/119 601/1/119 602/1/119
f 546/1/341 750/1/341 751/1/341
f 472/1/342 676/1/342 677/1/342
f 398/1/336 602/1/336 603/1/336
f 547/1/343 751/1/343 752/1/343
f 473/1/344 677/1/344 678/1/344
f 399/1/337 603/1/337 604/1/337
f 548/1/128 752/1/128 753/1/128
f 474/1/128 678/1/128 679/1/128
f 400/1/111 604/1/111 605/1/111
f 551/1/120 755/1/120 754/1/120
f 475/1/345 679/1/345 680/1/345
f 401/1/338 605/1/338 606/1/338
f 552/1/339 756/1/339 755/1/339
f 476/1/346 680/1/346 681/1/346
f 402/1/335 606/1/335 607/1/335
f 553/1/340 757/1/340 756/1/340
f 477/1/121 681/1/121 682/1/121
f 403/1/120 607/1/120 608/1/120
f 554/1/112 758/1/112 757/1/112
f 478/1/347 682/1/347 683/1/347
f 404/1/339 608/1/339 609/1/339
f 555/1/341 759/1/341 758/1/341
f 479/1/348 683/1/348 684/1/348
f 405/1/340 609/1/340 610/1/340
f 556/1/343 760/1/343 759/1/343
f 480/1/119 684/1/119 685/1/119
f 406/1/112 610/1/112 611/1/112
f 557/1/128 761/1/128 760/1/128
f 483/1/128 687/1/128 686/1/128
f 407/1/341 611/1/341 612/1/341
f 558/1/345 762/1/345 761/1/345
f 484/1/345 688/1/345 687/1/345
f 408/1/343 612/1/343 613/1/343
f 559/1/346 763/1/346 762/1/346
f 485/1/346 689/1/346 688/1/346
f 409/1/128 613/1/128 614/1/128
f 560/1/121 764/1/121 763/1/121
f 486/1/121 690/1/121 689/1/121
f 410/1/345 614/1/345 615/1/345
f 561/1/347 765/1/347 764/1/347
f 487/1/347 691/1/347 690/1/347
f 411/1/346 615/1/346 616/1/346
f 562/1/348 766/1/348 765/1/348
f 488/1/348 692/1/348 691/1/348
f 412/1/121 616/1/121 617/1/121
f 563/1/119 767/1/119 766/1/119
f 489/1/119 693/1/119 692/1/119
f 415/1/112 619/1/112 618/1/112
f 564/1/336 768/1/336 767/1/336
f 490/1/349 694/1/349 693/1/349
f 416/1/341 620/1/341 619/1/341
f 565/1/337 769/1/337 768/1/337
f 491/1/350 695/1/350 694/1/350
f 417/1/343 621/1/343 620/1/343
f 566/1/111 770/1/111 769/1/111
f 492/1/111 696/1/111 695/1/111
f 418/1/128 622/1/128 621/1/128
f 493/1/338 697/1/338 696/1/338
f 419/1/345 623/1/345 622/1/345
f 494/1/335 698/1/335 697/1/335
f 420/1/346 624/1/346 623/1/346
f 495/1/120 699/1/120 698/1/120
f 421/1/121 625/1/121 624/1/121
f 496/1/339 700/1/339 699/1/339
f 422/1/347 626/1/347 625/1/347
f 497/1/340 701/1/340 700/1/340
f 423/1/348 627/1/348 626/1/348
f 498/1/112 702/1/112 701/1/112
f 424/1/119 628/1/119 627/1/119
f 425/1/336 629/1/336 628/1/336
f 426/1/337 630/1/337 629/1/337
f 427/1/111 631/1/111 630/1/111
f 428/1/338 632/1/338 631/1/338
f 550/1/336 754/1/336 737/1/336
f 429/1/335 633/1/335 632/1/335
f 430/1/120 634/1/120 633/1/120
f 549/1/340 753/1/340 770/1/340
f 482/1/339 686/1/339 669/1/339
f 567/1/112 771/1/112 772/1/112
f 568/1/341 772/1/341 773/1/341
f 569/1/343 773/1/343 774/1/343
f 570/1/128 774/1/128 775/1/128
f 481/1/346 685/1/346 702/1/346
f 571/1/345 775/1/345 776/1/345
f 572/1/346 776/1/346 777/1/346
f 414/1/338 618/1/338 601/1/338
f 573/1/121 777/1/121 778/1/121
f 499/1/120 703/1/120 704/1/120
f 574/1/347 778/1/347 779/1/347
f 500/1/339 704/1/339 705/1/339
f 575/1/348 779/1/348 780/1/348
f 501/1/340 705/1/340 706/1/340
f 576/1/119 780/1/119 781/1/119
f 502/1/112 706/1/112 707/1/112
f 413/1/343 617/1/343 634/1/343
f 577/1/336 781/1/336 782/1/336
f 503/1/341 707/1/341 708/1/341
f 578/1/337 782/1/337 783/1/337
f 504/1/343 708/1/343 709/1/343
f 579/1/111 783/1/111 784/1/111
f 505/1/128 709/1/128 710/1/128
f 431/1/128 635/1/128 636/1/128
f 580/1/338 784/1/338 785/1/338
f 506/1/345 710/1/345 711/1/345
f 432/1/345 636/1/345 637/1/345
f 581/1/335 785/1/335 786/1/335
f 507/1/346 711/1/346 712/1/346
f 433/1/346 637/1/346 638/1/346
f 582/1/120 786/1/120 787/1/120
f 508/1/121 712/1/121 713/1/121
f 434/1/121 638/1/121 639/1/121
f 585/1/119 789/1/119 788/1/119
f 509/1/347 713/1/347 714/1/347
f 435/1/347 639/1/347 640/1/347
f 586/1/336 790/1/336 789/1/336
f 510/1/348 714/1/348 715/1/348
f 436/1/348 640/1/348 641/1/348
f 587/1/337 791/1/337 790/1/337
f 511/1/119 715/1/119 716/1/119
f 437/1/119 641/1/119 642/1/119
f 588/1/111 792/1/111 791/1/111
f 512/1/336 716/1/336 717/1/336
f 438/1/349 642/1/349 643/1/349
f 589/1/338 793/1/338 792/1/338
f 513/1/337 717/1/337 718/1/337
f 439/1/350 643/1/350 644/1/350
f 590/1/335 794/1/335 793/1/335
f 514/1/111 718/1/111 719/1/111
f 440/1/111 644/1/111 645/1/111
f 591/1/120 795/1/120 794/1/120
f 517/1/121 721/1/121 720/1/121
f 441/1/338 645/1/338 646/1/338
f 592/1/339 796/1/339 795/1/339
f 518/1/347 722/1/347 721/1/347
f 442/1/335 646/1/335 647/1/335
f 593/1/340 797/1/340 796/1/340
f 519/1/348 723/1/348 722/1/348
f 443/1/120 647/1/120 648/1/120
f 594/1/112 798/1/112 797/1/112
f 520/1/119 724/1/119 723/1/119
f 444/1/339 648/1/339 649/1/339
f 595/1/341 799/1/341 798/1/341
f 521/1/336 725/1/336 724/1/336
f 445/1/340 649/1/340 650/1/340
f 596/1/343 800/1/343 799/1/343
f 522/1/337 726/1/337 725/1/337
f 446/1/112 650/1/112 651/1/112
f 597/1/128 801/1/128 800/1/128
f 523/1/111 727/1/111 726/1/111
f 449/1/111 653/1/111 652/1/111
f 598/1/345 802/1/345 801/1/345
f 524/1/338 728/1/338 727/1/338
f 450/1/338 654/1/338 653/1/338
f 599/1/346 803/1/346 802/1/346
f 525/1/335 729/1/335 728/1/335
f 451/1/335 655/1/335 654/1/335
f 600/1/121 804/1/121 803/1/121
f 526/1/120 730/1/120 729/1/120
f 452/1/120 656/1/120 655/1/120
f 527/1/339 731/1/339 730/1/339
f 453/1/339 657/1/339 656/1/339
f 528/1/340 732/1/340 731/1/340
f 454/1/340 658/1/340 657/1/340
f 529/1/112 733/1/112 732/1/112
f 455/1/112 659/1/112 658/1/112
f 530/1/341 734/1/341 733/1/341
f 456/1/342 660/1/342 659/1/342
f 531/1/343 735/1/343 734/1/343
f 457/1/343 661/1/343 660/1/343
f 532/1/128 736/1/128 735/1/128
f 458/1/128 662/1/128 661/1/128
f 459/1/345 663/1/345 662/1/345
f 460/1/346 664/1/346 663/1/346
f 461/1/121 665/1/121 664/1/121
f 462/1/347 666/1/347 665/1/347
f 584/1/345 788/1/345 771/1/345
f 463/1/348 667/1/348 666/1/348
f 464/1/119 668/1/119 667/1/119
f 583/1/337 787/1/337 804/1/337
f 516/1/341 720/1/341 703/1/341
f 515/1/348 719/1/348 736/1/348
f 448/1/347 652/1/347 635/1/347
f 533/1/121 737/1/121 738/1/121
f 534/1/347 738/1/347 739/1/347
f 535/1/348 739/1/348 740/1/348
f 841/1/109 810/1/109 811/1/109
f 842/1/109 811/1/109 812/1/109
f 834/1/109 863/1/109 833/1/109
f 835/1/109 834/1/109 805/1/109
f 824/1/109 853/1/109 823/1/109
f 855/1/109 824/1/109 825/1/109
f 814/1/109 843/1/109 813/1/109
f 856/1/109 825/1/109 826/1/109
f 815/1/109 844/1/109 814/1/109
f 857/1/109 826/1/109 827/1/109
f 816/1/109 845/1/109 815/1/109
f 847/1/109 816/1/109 817/1/109
f 836/1/109 805/1/109 806/1/109
f 837/1/109 806/1/109 807/1/109
f 829/1/109 858/1/109 828/1/109
f 830/1/109 859/1/109 829/1/109
f 819/1/109 848/1/109 818/1/109
f 831/1/109 860/1/109 830/1/109
f 820/1/109 849/1/109 819/1/109
f 809/1/109 838/1/109 808/1/109
f 862/1/109 831/1/109 832/1/109
f 821/1/109 850/1/109 820/1/109
f 840/1/109 809/1/109 810/1/109
f 852/1/109 821/1/109 822/1/109
f 870/1/110 901/1/110 871/1/110
f 871/1/110 902/1/110 872/1/110
f 894/1/110 923/1/110 924/1/110
f 894/1/110 895/1/110 865/1/110
f 884/1/110 913/1/110 914/1/110
f 884/1/110 915/1/110 885/1/110
f 874/1/110 903/1/110 904/1/110
f 885/1/110 916/1/110 886/1/110
f 875/1/110 904/1/110 905/1/110
f 886/1/110 917/1/110 887/1/110
f 876/1/110 905/1/110 906/1/110
f 876/1/110 907/1/110 877/1/110
f 865/1/110 896/1/110 866/1/110
f 866/1/110 897/1/110 867/1/110
f 889/1/110 918/1/110 919/1/110
f 890/1/110 919/1/110 920/1/110
f 879/1/110 908/1/110 909/1/110
f 891/1/110 920/1/110 921/1/110
f 880/1/110 909/1/110 910/1/110
f 869/1/110 898/1/110 899/1/110
f 891/1/110 922/1/110 892/1/110
f 881/1/110 910/1/110 911/1/110
f 869/1/110 900/1/110 870/1/110
f 881/1/110 912/1/110 882/1/110
f 853/1/97 883/1/97 823/1/97
f 841/1/72 900/1/72 840/1/72
f 808/1/351 869/1/351 809/1/351
f 842/1/352 901/1/352 841/1/352
f 809/1/99 870/1/99 810/1/99
f 844/1/353 903/1/353 843/1/353
f 810/1/100 871/1/100 811/1/100
f 843/1/101 873/1/101 813/1/101
f 845/1/79 904/1/79 844/1/79
f 811/1/354 872/1/354 812/1/354
f 846/1/82 905/1/82 845/1/82
f 813/1/355 874/1/355 814/1/355
f 847/1/356 906/1/356 846/1/356
f 814/1/74 875/1/74 815/1/74
f 849/1/357 908/1/357 848/1/357
f 815/1/76 876/1/76 816/1/76
f 850/1/86 909/1/86 849/1/86
f 816/1/358 877/1/358 817/1/358
f 827/1/103 917/1/103 857/1/103
f 851/1/94 910/1/94 850/1/94
f 818/1/359 879/1/359 819/1/359
f 852/1/360 911/1/360 851/1/360
f 819/1/83 880/1/83 820/1/83
f 817/1/104 907/1/104 847/1/104
f 854/1/351 913/1/351 853/1/351
f 820/1/89 881/1/89 821/1/89
f 855/1/99 914/1/99 854/1/99
f 821/1/361 882/1/361 822/1/361
f 858/1/105 888/1/105 828/1/105
f 856/1/100 915/1/100 855/1/100
f 823/1/362 884/1/362 824/1/362
f 807/1/106 897/1/106 837/1/106
f 857/1/354 916/1/354 856/1/354
f 824/1/95 885/1/95 825/1/95
f 859/1/355 918/1/355 858/1/355
f 825/1/72 886/1/72 826/1/72
f 848/1/73 878/1/73 818/1/73
f 860/1/74 919/1/74 859/1/74
f 826/1/352 887/1/352 827/1/352
f 861/1/76 920/1/76 860/1/76
f 828/1/353 889/1/353 829/1/353
f 862/1/358 921/1/358 861/1/358
f 829/1/79 890/1/79 830/1/79
f 838/1/80 868/1/80 808/1/80
f 864/1/359 923/1/359 863/1/359
f 830/1/82 891/1/82 831/1/82
f 835/1/83 924/1/83 864/1/83
f 831/1/356 892/1/356 832/1/356
f 833/1/357 894/1/357 834/1/357
f 834/1/86 865/1/86 805/1/86
f 832/1/87 922/1/87 862/1/87
f 863/1/88 893/1/88 833/1/88
f 836/1/89 895/1/89 835/1/89
f 822/1/90 912/1/90 852/1/90
f 837/1/361 896/1/361 836/1/361
f 812/1/92 902/1/92 842/1/92
f 839/1/362 898/1/362 838/1/362
f 805/1/94 866/1/94 806/1/94
f 840/1/95 899/1/95 839/1/95
f 806/1/360 867/1/360 807/1/360
f 841/1/109 840/1/109 810/1/109
f 842/1/109 841/1/109 811/1/109
f 834/1/109 864/1/109 863/1/109
f 835/1/109 864/1/109 834/1/109
f 824/1/109 854/1/109 853/1/109
f 855/1/109 854/1/109 824/1/109
f 814/1/109 844/1/109 843/1/109
f 856/1/109 855/1/109 825/1/109
f 815/1/109 845/1/109 844/1/109
f 857/1/109 856/1/109 826/1/109
f 816/1/109 846/1/109 845/1/109
f 847/1/109 846/1/109 816/1/109
f 836/1/109 835/1/109 805/1/109
f 837/1/109 836/1/109 806/1/109
f 829/1/109 859/1/109 858/1/109
f 830/1/109 860/1/109 859/1/109
f 819/1/109 849/1/109 848/1/109
f 831/1/109 861/1/109 860/1/109
f 820/1/109 850/1/109 849/1/109
f 809/1/109 839/1/109 838/1/109
f 862/1/109 861/1/109 831/1/109
f 821/1/109 851/1/109 850/1/109
f 840/1/109 839/1/109 809/1/109
f 852/1/109 851/1/109 821/1/109
f 870/1/110 900/1/110 901/1/110
f 871/1/110 901/1/110 902/1/110
f 894/1/110 893/1/110 923/1/110
f 894/1/110 924/1/110 895/1/110
f 884/1/110 883/1/110 913/1/110
f 884/1/110 914/1/110 915/1/110
f 874/1/110 873/1/110 903/1/110
f 885/1/110 915/1/110 916/1/110
f 875/1/110 874/1/110 904/1/110
f 886/1/110 916/1/110 917/1/110
f 876/1/110 875/1/110 905/1/110
f 876/1/110 906/1/110 907/1/110
f 865/1/110 895/1/110 896/1/110
f 866/1/110 896/1/110 897/1/110
f 889/1/110 888/1/110 918/1/110
f 890/1/110 889/1/110 919/1/110
f 879/1/110 878/1/110 908/1/110
f 891/1/110 890/1/110 920/1/110
f 880/1/110 879/1/110 909/1/110
f 869/1/110 868/1/110 898/1/110
f 891/1/110 921/1/110 922/1/110
f 881/1/110 880/1/110 910/1/110
f 869/1/110 899/1/110 900/1/110
f 881/1/110 911/1/110 912/1/110
f 853/1/97 913/1/97 883/1/97
f 841/1/72 901/1/72 900/1/72
f 808/1/351 868/1/351 869/1/351
f 842/1/352 902/1/352 901/1/352
f 809/1/99 869/1/99 870/1/99
f 844/1/353 904/1/353 903/1/353
f 810/1/100 870/1/100 871/1/100
f 843/1/101 903/1/101 873/1/101
f 845/1/79 905/1/79 904/1/79
f 811/1/354 871/1/354 872/1/354
f 846/1/82 906/1/82 905/1/82
f 813/1/355 873/1/355 874/1/355
f 847/1/356 907/1/356 906/1/356
f 814/1/74 874/1/74 875/1/74
f 849/1/357 909/1/357 908/1/357
f 815/1/76 875/1/76 876/1/76
f 850/1/86 910/1/86 909/1/86
f 816/1/358 876/1/358 877/1/358
f 827/1/103 887/1/103 917/1/103
f 851/1/94 911/1/94 910/1/94
f 818/1/359 878/1/359 879/1/359
f 852/1/360 912/1/360 911/1/360
f 819/1/83 879/1/83 880/1/83
f 817/1/104 877/1/104 907/1/104
f 854/1/351 914/1/351 913/1/351
f 820/1/89 880/1/89 881/1/89
f 855/1/99 915/1/99 914/1/99
f 821/1/361 881/1/361 882/1/361
f 858/1/105 918/1/105 888/1/105
f 856/1/100 916/1/100 915/1/100
f 823/1/362 883/1/362 884/1/362
f 807/1/106 867/1/106 897/1/106
f 857/1/354 917/1/354 916/1/354
f 824/1/95 884/1/95 885/1/95
f 859/1/355 919/1/355 918/1/355
f 825/1/72 885/1/72 886/1/72
f 848/1/73 908/1/73 878/1/73
f 860/1/74 920/1/74 919/1/74
f 826/1/352 886/1/352 887/1/352
f 861/1/76 921/1/76 920/1/76
f 828/1/353 888/1/353 889/1/353
f 862/1/358 922/1/358 921/1/358
f 829/1/79 889/1/79 890/1/79
f 838/1/80 898/1/80 868/1/80
f 864/1/359 924/1/359 923/1/359
f 830/1/82 890/1/82 891/1/82
f 835/1/83 895/1/83 924/1/83
f 831/1/356 891/1/356 892/1/356
f 833/1/357 893/1/357 894/1/357
f 834/1/86 894/1/86 865/1/86
f 832/1/87 892/1/87 922/1/87
f 863/1/88 923/1/88 893/1/88
f 836/1/89 896/1/89 895/1/89
f 822/1/90 882/1/90 912/1/90
f 837/1/361 897/1/361 896/1/361
f 812/1/92 872/1/92 902/1/92
f 839/1/362 899/1/362 898/1/362
f 805/1/94 865/1/94 866/1/94
f 840/1/95 900/1/95 899/1/95
f 806/1/360 866/1/360 867/1/360
f 929/20/363 928/17/363 930/17/363
f 932/30/364 925/16/364 931/31/364
f 927/16/365 926/27/365 928/5/365
f 932/30/366 928/18/367 926/5/368
f 931/31/369 927/19/370 929/19/371
f 932/30/372 929/19/372 930/18/372
f 929/20/363 927/20/363 928/17/363
f 932/30/364 926/5/364 925/16/364
f 927/16/365 925/24/365 926/27/365
f 932/30/366 930/18/373 928/18/367
f 931/31/369 925/16/374 927/19/370
f 932/30/372 931/31/372 929/19/372
f 936/5/375 939/16/375 935/16/375
f 933/33/376 938/17/376 934/28/376
f 934/32/377 940/5/378 936/5/379
f 933/29/380 939/16/381 937/19/382
f 937/19/383 940/5/383 938/18/383
f 936/5/384 933/29/384 934/32/384
f 936/5/375 940/5/375 939/16/375
f 933/33/376 937/20/376 938/17/376
f 934/32/377 938/18/385 940/5/378
f 933/29/380 935/16/386 939/16/381
f 937/19/383 939/16/383 940/5/383
f 936/5/384 935/16/384 933/29/384
f 944/5/387 947/16/387 943/16/387
f 941/33/388 946/17/388 942/28/388
f 942/32/389 948/5/390 944/5/391
f 941/29/392 947/16/393 945/19/394
f 945/19/395 948/5/395 946/18/395
f 944/5/396 941/29/396 942/32/396
f 944/5/387 948/5/387 947/16/387
f 941/33/388 945/20/388 946/17/388
f 942/32/389 946/18/397 948/5/390
f 941/29/392 943/16/398 947/16/393
f 945/19/395 947/16/395 948/5/395
f 944/5/396 943/16/396 941/29/396
f 953/20/399 952/17/399 954/17/399
f 956/30/400 949/16/400 955/31/400
f 951/16/401 950/27/401 952/5/401
f 956/30/402 952/18/403 950/5/404
f 955/31/405 951/19/406 953/19/407
f 956/30/408 953/19/408 954/18/408
f 953/20/399 951/20/399 952/17/399
f 956/30/400 950/5/400 949/16/400
f 951/16/401 949/24/401 950/27/401
f 956/30/402 954/18/409 952/18/403
f 955/31/405 949/16/410 951/19/406
f 956/30/408 955/31/408 953/19/408
f 960/5/411 963/16/411 959/16/411
f 957/33/412 962/17/412 958/28/412
f 958/32/413 964/5/414 960/5/415
f 957/29/416 963/16/417 961/19/418
f 961/19/419 964/5/419 962/18/419
f 960/5/420 957/29/420 958/32/420
f 960/5/411 964/5/411 963/16/411
f 957/33/412 961/20/412 962/17/412
f 958/32/413 962/18/421 964/5/414
f 957/29/416 959/16/422 963/16/417
f 961/19/419 963/16/419 964/5/419
f 960/5/420 959/16/420 957/29/420
f 969/20/423 968/17/423 970/17/423
f 972/30/424 965/16/424 971/31/424
f 967/16/425 966/27/425 968/5/425
f 972/30/426 968/18/427 966/5/428
f 971/31/429 967/19/430 969/19/431
f 972/30/432 969/19/432 970/18/432
f 969/20/423 967/20/423 968/17/423
f 972/30/424 966/5/424 965/16/424
f 967/16/425 965/24/425 966/27/425
f 972/30/426 970/18/433 968/18/427
f 971/31/429 965/16/434 967/19/430
f 972/30/432 971/31/432 969/19/432
f 976/5/435 979/16/435 975/16/435
f 973/33/436 978/17/436 974/28/436
f 974/32/437 980/5/438 976/5/439
f 973/29/440 979/16/441 977/19/442
f 977/19/443 980/5/443 978/18/443
f 976/5/444 973/29/444 974/32/444
f 976/5/435 980/5/435 979/16/435
f 973/33/436 977/20/436 978/17/436
f 974/32/437 978/18/445 980/5/438
f 973/29/440 975/16/446 979/16/441
f 977/19/443 979/16/443 980/5/443
f 976/5/444 975/16/444 973/29/444
f 985/20/447 984/17/447 986/17/447
f 988/30/448 981/16/448 987/31/448
f 983/16/449 982/27/449 984/5/449
f 988/30/450 984/18/451 982/5/452
f 987/31/453 983/19/454 985/19/455
f 988/30/456 985/19/456 986/18/456
f 985/20/447 983/20/447 984/17/447
f 988/30/448 982/5/448 981/16/448
f 983/16/449 981/24/449 982/27/449
f 988/30/450 986/18/457 984/18/451
f 987/31/453 981/16/458 983/19/454
f 988/30/456 987/31/456 985/19/456
f 992/5/459 995/16/459 991/16/459
f 989/33/460 994/17/460 990/28/460
f 990/32/461 996/5/462 992/5/463
f 989/29/464 995/16/465 993/19/466
f 993/19/467 996/5/467 994/18/467
f 992/5/468 989/29/468 990/32/468
f 992/5/459 996/5/459 995/16/459
f 989/33/460 993/20/460 994/17/460
f 990/32/461 994/18/469 996/5/462
f 989/29/464 991/16/470 995/16/465
f 993/19/467 995/16/467 996/5/467
f 992/5/468 991/16/468 989/29/468
f 1001/20/471 1000/17/471 1002/17/471
f 1004/30/472 997/16/472 1003/31/472
f 999/16/473 998/27/473 1000/5/473
f 1004/30/474 1000/18/475 998/5/476
f 1003/31/477 999/19/478 1001/19/479
f 1004/30/480 1001/19/480 1002/18/480
f 1001/20/471 999/20/471 1000/17/471
f 1004/30/472 998/5/472 997/16/472
f 999/16/473 997/24/473 998/27/473
f 1004/30/474 1002/18/481 1000/18/475
f 1003/31/477 997/16/482 999/19/478
f 1004/30/480 1003/31/480 1001/19/480
f 1008/5/483 1011/16/483 1007/16/483
f 1005/33/484 1010/17/484 1006/28/484
f 1006/32/485 1012/5/486 1008/5/487
f 1005/29/488 1011/16/489 1009/19/490
f 1009/19/491 1012/5/491 1010/18/491
f 1008/5/492 1005/29/492 1006/32/492
f 1008/5/483 1012/5/483 1011/16/483
f 1005/33/484 1009/20/484 1010/17/484
f 1006/32/485 1010/18/493 1012/5/486
f 1005/29/488 1007/16/494 1011/16/489
f 1009/19/491 1011/16/491 1012/5/491
f 1008/5/492 1007/16/492 1005/29/492
f 1017/20/495 1016/17/495 1018/17/495
f 1020/30/496 1013/16/496 1019/31/496
f 1015/16/497 1014/27/497 1016/5/497
f 1020/30/498 1016/18/499 1014/5/500
f 1019/31/501 1015/19/502 1017/19/503
f 1020/30/504 1017/19/504 1018/18/504
f 1017/20/495 1015/20/495 1016/17/495
f 1020/30/496 1014/5/496 1013/16/496
f 1015/16/497 1013/24/497 1014/27/497
f 1020/30/498 1018/18/505 1016/18/499
f 1019/31/501 1013/16/506 1015/19/502
f 1020/30/504 1019/31/504 1017/19/504
f 1024/1/109 1023/1/109 1021/1/109
f 1026/1/109 1022/1/109 1023/1/109
f 1022/1/109 1024/1/109 1021/1/109
f 1029/1/110 1030/1/110 1027/1/110
f 1028/1/110 1032/1/110 1029/1/110
f 1027/1/110 1031/1/110 1028/1/110
f 1023/1/117 1027/1/117 1021/1/117
f 1021/1/126 1028/1/126 1022/1/126
f 1024/1/116 1032/1/116 1026/1/116
f 1025/1/125 1030/1/125 1024/1/125
f 1022/1/107 1029/1/107 1023/1/107
f 1026/1/108 1031/1/108 1025/1/108
f 1024/1/109 1026/1/109 1023/1/109
f 1026/1/109 1025/1/109 1022/1/109
f 1022/1/109 1025/1/109 1024/1/109
f 1029/1/110 1032/1/110 1030/1/110
f 1028/1/110 1031/1/110 1032/1/110
f 1027/1/110 1030/1/110 1031/1/110
f 1023/1/117 1029/1/117 1027/1/117
f 1021/1/126 1027/1/126 1028/1/126
f 1024/1/116 1030/1/116 1032/1/116
f 1025/1/125 1031/1/125 1030/1/125
f 1022/1/107 1028/1/107 1029/1/107
f 1026/1/108 1032/1/108 1031/1/108
f 1036/1/109 1035/1/109 1033/1/109
f 1038/1/109 1034/1/109 1035/1/109
f 1037/1/109 1033/1/109 1034/1/109
f 1039/1/110 1044/1/110 1042/1/110
f 1040/1/110 1044/1/110 1041/1/110
f 1039/1/110 1043/1/110 1040/1/110
f 1036/1/126 1044/1/126 1038/1/126
f 1037/1/107 1042/1/107 1036/1/107
f 1034/1/116 1041/1/116 1035/1/116
f 1038/1/117 1043/1/117 1037/1/117
f 1035/1/125 1039/1/125 1033/1/125
f 1033/1/108 1040/1/108 1034/1/108
f 1036/1/109 1038/1/109 1035/1/109
f 1038/1/109 1037/1/109 1034/1/109
f 1037/1/109 1036/1/109 1033/1/109
f 1039/1/110 1041/1/110 1044/1/110
f 1040/1/110 1043/1/110 1044/1/110
f 1039/1/110 1042/1/110 1043/1/110
f 1036/1/126 1042/1/126 1044/1/126
f 1037/1/107 1043/1/107 1042/1/107
f 1034/1/116 1040/1/116 1041/1/116
f 1038/1/117 1044/1/117 1043/1/117
f 1035/1/125 1041/1/125 1039/1/125
f 1033/1/108 1039/1/108 1040/1/108
f 1054/1/109 1083/1/109 1053/1/109
f 1096/1/109 1065/1/109 1066/1/109
f 1097/1/109 1066/1/109 1067/1/109
f 1086/1/109 1055/1/109 1056/1/109
f 1068/1/109 1097/1/109 1067/1/109
f 1057/1/109 1086/1/109 1056/1/109
f 1046/1/109 1075/1/109 1045/1/109
f 1069/1/109 1098/1/109 1068/1/109
f 1088/1/109 1057/1/109 1058/1/109
f 1077/1/109 1046/1/109 1047/1/109
f 1089/1/109 1058/1/109 1059/1/109
f 1078/1/109 1047/1/109 1048/1/109
f 1079/1/109 1048/1/109 1049/1/109
f 1101/1/109 1070/1/109 1071/1/109
f 1072/1/109 1101/1/109 1071/1/109
f 1061/1/109 1090/1/109 1060/1/109
f 1103/1/109 1072/1/109 1073/1/109
f 1092/1/109 1061/1/109 1062/1/109
f 1081/1/109 1050/1/109 1051/1/109
f 1104/1/109 1073/1/109 1074/1/109
f 1093/1/109 1062/1/109 1063/1/109
f 1082/1/109 1051/1/109 1052/1/109
f 1094/1/109 1063/1/109 1064/1/109
f 1053/1/109 1082/1/109 1052/1/109
f 1114/1/110 1143/1/110 1144/1/110
f 1125/1/110 1156/1/110 1126/1/110
f 1126/1/110 1157/1/110 1127/1/110
f 1115/1/110 1146/1/110 1116/1/110
f 1128/1/110 1157/1/110 1158/1/110
f 1117/1/110 1146/1/110 1147/1/110
f 1106/1/110 1135/1/110 1136/1/110
f 1129/1/110 1158/1/110 1159/1/110
f 1118/1/110 1147/1/110 1148/1/110
f 1106/1/110 1137/1/110 1107/1/110
f 1118/1/110 1149/1/110 1119/1/110
f 1107/1/110 1138/1/110 1108/1/110
f 1108/1/110 1139/1/110 1109/1/110
f 1130/1/110 1161/1/110 1131/1/110
f 1132/1/110 1161/1/110 1162/1/110
f 1121/1/110 1150/1/110 1151/1/110
f 1133/1/110 1162/1/110 1163/1/110
f 1121/1/110 1152/1/110 1122/1/110
f 1110/1/110 1141/1/110 1111/1/110
f 1133/1/110 1164/1/110 1134/1/110
f 1122/1/110 1153/1/110 1123/1/110
f 1111/1/110 1142/1/110 1112/1/110
f 1123/1/110 1154/1/110 1124/1/110
f 1113/1/110 1142/1/110 1143/1/110
f 1089/1/91 1148/1/91 1088/1/91
f 1056/1/86 1117/1/86 1057/1/86
f 1091/1/93 1150/1/93 1090/1/93
f 1057/1/94 1118/1/94 1058/1/94
f 1059/1/106 1149/1/106 1089/1/106
f 1092/1/95 1151/1/95 1091/1/95
f 1058/1/96 1119/1/96 1059/1/96
f 1093/1/72 1152/1/72 1092/1/72
f 1060/1/98 1121/1/98 1061/1/98
f 1100/1/73 1130/1/73 1070/1/73
f 1094/1/75 1153/1/75 1093/1/75
f 1061/1/99 1122/1/99 1062/1/99
f 1049/1/103 1139/1/103 1079/1/103
f 1096/1/77 1155/1/77 1095/1/77
f 1062/1/100 1123/1/100 1063/1/100
f 1097/1/79 1156/1/79 1096/1/79
f 1063/1/102 1124/1/102 1064/1/102
f 1090/1/80 1120/1/80 1060/1/80
f 1098/1/82 1157/1/82 1097/1/82
f 1065/1/71 1126/1/71 1066/1/71
f 1099/1/84 1158/1/84 1098/1/84
f 1066/1/74 1127/1/74 1067/1/74
f 1101/1/85 1160/1/85 1100/1/85
f 1067/1/76 1128/1/76 1068/1/76
f 1080/1/105 1110/1/105 1050/1/105
f 1102/1/86 1161/1/86 1101/1/86
f 1068/1/78 1129/1/78 1069/1/78
f 1103/1/94 1162/1/94 1102/1/94
f 1070/1/81 1131/1/81 1071/1/81
f 1104/1/96 1163/1/96 1103/1/96
f 1071/1/83 1132/1/83 1072/1/83
f 1064/1/92 1154/1/92 1094/1/92
f 1072/1/89 1133/1/89 1073/1/89
f 1074/1/90 1164/1/90 1104/1/90
f 1073/1/91 1134/1/91 1074/1/91
f 1054/1/87 1144/1/87 1084/1/87
f 1076/1/98 1135/1/98 1075/1/98
f 1095/1/101 1125/1/101 1065/1/101
f 1077/1/99 1136/1/99 1076/1/99
f 1078/1/100 1137/1/100 1077/1/100
f 1045/1/93 1106/1/93 1046/1/93
f 1085/1/88 1115/1/88 1055/1/88
f 1079/1/102 1138/1/102 1078/1/102
f 1046/1/95 1107/1/95 1047/1/95
f 1081/1/71 1140/1/71 1080/1/71
f 1047/1/72 1108/1/72 1048/1/72
f 1082/1/74 1141/1/74 1081/1/74
f 1048/1/75 1109/1/75 1049/1/75
f 1075/1/97 1105/1/97 1045/1/97
f 1083/1/76 1142/1/76 1082/1/76
f 1050/1/77 1111/1/77 1051/1/77
f 1084/1/78 1143/1/78 1083/1/78
f 1051/1/79 1112/1/79 1052/1/79
f 1086/1/81 1145/1/81 1085/1/81
f 1052/1/82 1113/1/82 1053/1/82
f 1087/1/83 1146/1/83 1086/1/83
f 1053/1/84 1114/1/84 1054/1/84
f 1069/1/104 1159/1/104 1099/1/104
f 1088/1/89 1147/1/89 1087/1/89
f 1055/1/85 1116/1/85 1056/1/85
f 1054/1/109 1084/1/109 1083/1/109
f 1096/1/109 1095/1/109 1065/1/109
f 1097/1/109 1096/1/109 1066/1/109
f 1086/1/109 1085/1/109 1055/1/109
f 1068/1/109 1098/1/109 1097/1/109
f 1057/1/109 1087/1/109 1086/1/109
f 1046/1/109 1076/1/109 1075/1/109
f 1069/1/109 1099/1/109 1098/1/109
f 1088/1/109 1087/1/109 1057/1/109
f 1077/1/109 1076/1/109 1046/1/109
f 1089/1/109 1088/1/109 1058/1/109
f 1078/1/109 1077/1/109 1047/1/109
f 1079/1/109 1078/1/109 1048/1/109
f 1101/1/109 1100/1/109 1070/1/109
f 1072/1/109 1102/1/109 1101/1/109
f 1061/1/109 1091/1/109 1090/1/109
f 1103/1/109 1102/1/109 1072/1/109
f 1092/1/109 1091/1/109 1061/1/109
f 1081/1/109 1080/1/109 1050/1/109
f 1104/1/109 1103/1/109 1073/1/109
f 1093/1/109 1092/1/109 1062/1/109
f 1082/1/109 1081/1/109 1051/1/109
f 1094/1/109 1093/1/109 1063/1/109
f 1053/1/109 1083/1/109 1082/1/109
f 1114/1/110 1113/1/110 1143/1/110
f 1125/1/110 1155/1/110 1156/1/110
f 1126/1/110 1156/1/110 1157/1/110
f 1115/1/110 1145/1/110 1146/1/110
f 1128/1/110 1127/1/110 1157/1/110
f 1117/1/110 1116/1/110 1146/1/110
f 1106/1/110 1105/1/110 1135/1/110
f 1129/1/110 1128/1/110 1158/1/110
f 1118/1/110 1117/1/110 1147/1/110
f 1106/1/110 1136/1/110 1137/1/110
f 1118/1/110 1148/1/110 1149/1/110
f 1107/1/110 1137/1/110 1138/1/110
f 1108/1/110 1138/1/110 1139/1/110
f 1130/1/110 1160/1/110 1161/1/110
f 1132/1/110 1131/1/110 1161/1/110
f 1121/1/110 1120/1/110 1150/1/110
f 1133/1/110 1132/1/110 1162/1/110
f 1121/1/110 1151/1/110 1152/1/110
f 1110/1/110 1140/1/110 1141/1/110
f 1133/1/110 1163/1/110 1164/1/110
f 1122/1/110 1152/1/110 1153/1/110
f 1111/1/110 1141/1/110 1142/1/110
f 1123/1/110 1153/1/110 1154/1/110
f 1113/1/110 1112/1/110 1142/1/110
f 1089/1/91 1149/1/91 1148/1/91
f 1056/1/86 1116/1/86 1117/1/86
f 1091/1/93 1151/1/93 1150/1/93
f 1057/1/94 1117/1/94 1118/1/94
f 1059/1/106 1119/1/106 1149/1/106
f 1092/1/95 1152/1/95 1151/1/95
f 1058/1/96 1118/1/96 1119/1/96
f 1093/1/72 1153/1/72 1152/1/72
f 1060/1/98 1120/1/98 1121/1/98
f 1100/1/73 1160/1/73 1130/1/73
f 1094/1/75 1154/1/75 1153/1/75
f 1061/1/99 1121/1/99 1122/1/99
f 1049/1/103 1109/1/103 1139/1/103
f 1096/1/77 1156/1/77 1155/1/77
f 1062/1/100 1122/1/100 1123/1/100
f 1097/1/79 1157/1/79 1156/1/79
f 1063/1/102 1123/1/102 1124/1/102
f 1090/1/80 1150/1/80 1120/1/80
f 1098/1/82 1158/1/82 1157/1/82
f 1065/1/71 1125/1/71 1126/1/71
f 1099/1/84 1159/1/84 1158/1/84
f 1066/1/74 1126/1/74 1127/1/74
f 1101/1/85 1161/1/85 1160/1/85
f 1067/1/76 1127/1/76 1128/1/76
f 1080/1/105 1140/1/105 1110/1/105
f 1102/1/86 1162/1/86 1161/1/86
f 1068/1/78 1128/1/78 1129/1/78
f 1103/1/94 1163/1/94 1162/1/94
f 1070/1/81 1130/1/81 1131/1/81
f 1104/1/96 1164/1/96 1163/1/96
f 1071/1/83 1131/1/83 1132/1/83
f 1064/1/92 1124/1/92 1154/1/92
f 1072/1/89 1132/1/89 1133/1/89
f 1074/1/90 1134/1/90 1164/1/90
f 1073/1/91 1133/1/91 1134/1/91
f 1054/1/87 1114/1/87 1144/1/87
f 1076/1/98 1136/1/98 1135/1/98
f 1095/1/101 1155/1/101 1125/1/101
f 1077/1/99 1137/1/99 1136/1/99
f 1078/1/100 1138/1/100 1137/1/100
f 1045/1/93 1105/1/93 1106/1/93
f 1085/1/88 1145/1/88 1115/1/88
f 1079/1/102 1139/1/102 1138/1/102
f 1046/1/95 1106/1/95 1107/1/95
f 1081/1/71 1141/1/71 1140/1/71
f 1047/1/72 1107/1/72 1108/1/72
f 1082/1/74 1142/1/74 1141/1/74
f 1048/1/75 1108/1/75 1109/1/75
f 1075/1/97 1135/1/97 1105/1/97
f 1083/1/76 1143/1/76 1142/1/76
f 1050/1/77 1110/1/77 1111/1/77
f 1084/1/78 1144/1/78 1143/1/78
f 1051/1/79 1111/1/79 1112/1/79
f 1086/1/81 1146/1/81 1145/1/81
f 1052/1/82 1112/1/82 1113/1/82
f 1087/1/83 1147/1/83 1146/1/83
f 1053/1/84 1113/1/84 1114/1/84
f 1069/1/104 1129/1/104 1159/1/104
f 1088/1/89 1148/1/89 1147/1/89
f 1055/1/85 1115/1/85 1116/1/85
f 1166/1/109 1170/1/109 1165/1/109
f 1172/1/109 1166/1/109 1167/1/109
f 1173/1/109 1167/1/109 1168/1/109
f 1174/1/109 1168/1/109 1169/1/109
f 1176/1/110 1180/1/110 1181/1/110
f 1176/1/110 1182/1/110 1177/1/110
f 1177/1/110 1183/1/110 1178/1/110
f 1178/1/110 1184/1/110 1179/1/110
f 1168/1/507 1179/1/507 1169/1/507
f 1165/1/508 1176/1/508 1166/1/508
f 1174/1/509 1183/1/509 1173/1/509
f 1171/1/510 1180/1/510 1170/1/510
f 1166/1/99 1177/1/99 1167/1/99
f 1169/1/92 1184/1/92 1174/1/92
f 1172/1/95 1181/1/95 1171/1/95
f 1167/1/100 1178/1/100 1168/1/100
f 1170/1/80 1175/1/80 1165/1/80
f 1173/1/72 1182/1/72 1172/1/72
f 1166/1/109 1171/1/109 1170/1/109
f 1172/1/109 1171/1/109 1166/1/109
f 1173/1/109 1172/1/109 1167/1/109
f 1174/1/109 1173/1/109 1168/1/109
f 1176/1/110 1175/1/110 1180/1/110
f 1176/1/110 1181/1/110 1182/1/110
f 1177/1/110 1182/1/110 1183/1/110
f 1178/1/110 1183/1/110 1184/1/110
f 1168/1/507 1178/1/507 1179/1/507
f 1165/1/508 1175/1/508 1176/1/508
f 1174/1/509 1184/1/509 1183/1/509
f 1171/1/510 1181/1/510 1180/1/510
f 1166/1/99 1176/1/99 1177/1/99
f 1169/1/92 1179/1/92 1184/1/92
f 1172/1/95 1182/1/95 1181/1/95
f 1167/1/100 1177/1/100 1178/1/100
f 1170/1/80 1180/1/80 1175/1/80
f 1173/1/72 1183/1/72 1182/1/72
f 1186/1/109 1190/1/109 1185/1/109
f 1192/1/109 1186/1/109 1187/1/109
f 1193/1/109 1187/1/109 1188/1/109
f 1194/1/109 1188/1/109 1189/1/109
f 1196/1/110 1200/1/110 1201/1/110
f 1196/1/110 1202/1/110 1197/1/110
f 1197/1/110 1203/1/110 1198/1/110
f 1198/1/110 1204/1/110 1199/1/110
f 1186/1/74 1197/1/74 1187/1/74
f 1189/1/104 1204/1/104 1194/1/104
f 1192/1/79 1201/1/79 1191/1/79
f 1187/1/76 1198/1/76 1188/1/76
f 1190/1/101 1195/1/101 1185/1/101
f 1193/1/82 1202/1/82 1192/1/82
f 1188/1/511 1199/1/511 1189/1/511
f 1185/1/512 1196/1/512 1186/1/512
f 1194/1/513 1203/1/513 1193/1/513
f 1191/1/514 1200/1/514 1190/1/514
f 1186/1/109 1191/1/109 1190/1/109
f 1192/1/109 1191/1/109 1186/1/109
f 1193/1/109 1192/1/109 1187/1/109
f 1194/1/109 1193/1/109 1188/1/109
f 1196/1/110 1195/1/110 1200/1/110
f 1196/1/110 1201/1/110 1202/1/110
f 1197/1/110 1202/1/110 1203/1/110
f 1198/1/110 1203/1/110 1204/1/110
f 1186/1/74 1196/1/74 1197/1/74
f 1189/1/104 1199/1/104 1204/1/104
f 1192/1/79 1202/1/79 1201/1/79
f 1187/1/76 1197/1/76 1198/1/76
f 1190/1/101 1200/1/101 1195/1/101
f 1193/1/82 1203/1/82 1202/1/82
f 1188/1/511 1198/1/511 1199/1/511
f 1185/1/512 1195/1/512 1196/1/512
f 1194/1/513 1204/1/513 1203/1/513
f 1191/1/514 1201/1/514 1200/1/514
f 1206/1/109 1210/1/109 1205/1/109
f 1212/1/109 1206/1/109 1207/1/109
f 1213/1/109 1207/1/109 1208/1/109
f 1214/1/109 1208/1/109 1209/1/109
f 1216/1/110 1220/1/110 1221/1/110
f 1216/1/110 1222/1/110 1217/1/110
f 1217/1/110 1223/1/110 1218/1/110
f 1218/1/110 1224/1/110 1219/1/110
f 1207/1/89 1218/1/89 1208/1/89
f 1210/1/73 1215/1/73 1205/1/73
f 1213/1/94 1222/1/94 1212/1/94
f 1208/1/515 1219/1/515 1209/1/515
f 1205/1/516 1216/1/516 1206/1/516
f 1214/1/517 1223/1/517 1213/1/517
f 1211/1/518 1220/1/518 1210/1/518
f 1206/1/83 1217/1/83 1207/1/83
f 1209/1/90 1224/1/90 1214/1/90
f 1212/1/86 1221/1/86 1211/1/86
f 1206/1/109 1211/1/109 1210/1/109
f 1212/1/109 1211/1/109 1206/1/109
f 1213/1/109 1212/1/109 1207/1/109
f 1214/1/109 1213/1/109 1208/1/109
f 1216/1/110 1215/1/110 1220/1/110
f 1216/1/110 1221/1/110 1222/1/110
f 1217/1/110 1222/1/110 1223/1/110
f 1218/1/110 1223/1/110 1224/1/110
f 1207/1/89 1217/1/89 1218/1/89
f 1210/1/73 1220/1/73 1215/1/73
f 1213/1/94 1223/1/94 1222/1/94
f 1208/1/515 1218/1/515 1219/1/515
f 1205/1/516 1215/1/516 1216/1/516
f 1214/1/517 1224/1/517 1223/1/517
f 1211/1/518 1221/1/518 1220/1/518
f 1206/1/83 1216/1/83 1217/1/83
f 1209/1/90 1219/1/90 1224/1/90
f 1212/1/86 1222/1/86 1221/1/86
f 1226/1/109 1230/1/109 1225/1/109
f 1232/1/109 1226/1/109 1227/1/109
f 1233/1/109 1227/1/109 1228/1/109
f 1234/1/109 1228/1/109 1229/1/109
f 1236/1/110 1240/1/110 1241/1/110
f 1236/1/110 1242/1/110 1237/1/110
f 1237/1/110 1243/1/110 1238/1/110
f 1238/1/110 1244/1/110 1239/1/110
f 1231/1/519 1240/1/519 1230/1/519
f 1226/1/86 1237/1/86 1227/1/86
f 1229/1/106 1244/1/106 1234/1/106
f 1232/1/83 1241/1/83 1231/1/83
f 1227/1/94 1238/1/94 1228/1/94
f 1230/1/88 1235/1/88 1225/1/88
f 1233/1/89 1242/1/89 1232/1/89
f 1228/1/520 1239/1/520 1229/1/520
f 1225/1/521 1236/1/521 1226/1/521
f 1234/1/522 1243/1/522 1233/1/522
f 1226/1/109 1231/1/109 1230/1/109
f 1232/1/109 1231/1/109 1226/1/109
f 1233/1/109 1232/1/109 1227/1/109
f 1234/1/109 1233/1/109 1228/1/109
f 1236/1/110 1235/1/110 1240/1/110
f 1236/1/110 1241/1/110 1242/1/110
f 1237/1/110 1242/1/110 1243/1/110
f 1238/1/110 1243/1/110 1244/1/110
f 1231/1/519 1241/1/519 1240/1/519
f 1226/1/86 1236/1/86 1237/1/86
f 1229/1/106 1239/1/106 1244/1/106
f 1232/1/83 1242/1/83 1241/1/83
f 1227/1/94 1237/1/94 1238/1/94
f 1230/1/88 1240/1/88 1235/1/88
f 1233/1/89 1243/1/89 1242/1/89
f 1228/1/520 1238/1/520 1239/1/520
f 1225/1/521 1235/1/521 1236/1/521
f 1234/1/522 1244/1/522 1243/1/522
f 1246/1/109 1250/1/109 1245/1/109
f 1252/1/109 1246/1/109 1247/1/109
f 1253/1/109 1247/1/109 1248/1/109
f 1254/1/109 1248/1/109 1249/1/109
f 1256/1/110 1260/1/110 1261/1/110
f 1256/1/110 1262/1/110 1257/1/110
f 1257/1/110 1263/1/110 1258/1/110
f 1258/1/110 1264/1/110 1259/1/110
f 1253/1/76 1262/1/76 1252/1/76
f 1248/1/523 1259/1/523 1249/1/523
f 1245/1/524 1256/1/524 1246/1/524
f 1254/1/525 1263/1/525 1253/1/525
f 1251/1/526 1260/1/526 1250/1/526
f 1246/1/79 1257/1/79 1247/1/79
f 1249/1/87 1264/1/87 1254/1/87
f 1252/1/74 1261/1/74 1251/1/74
f 1247/1/82 1258/1/82 1248/1/82
f 1250/1/105 1255/1/105 1245/1/105
f 1246/1/109 1251/1/109 1250/1/109
f 1252/1/109 1251/1/109 1246/1/109
f 1253/1/109 1252/1/109 1247/1/109
f 1254/1/109 1253/1/109 1248/1/109
f 1256/1/110 1255/1/110 1260/1/110
f 1256/1/110 1261/1/110 1262/1/110
f 1257/1/110 1262/1/110 1263/1/110
f 1258/1/110 1263/1/110 1264/1/110
f 1253/1/76 1263/1/76 1262/1/76
f 1248/1/523 1258/1/523 1259/1/523
f 1245/1/524 1255/1/524 1256/1/524
f 1254/1/525 1264/1/525 1263/1/525
f 1251/1/526 1261/1/526 1260/1/526
f 1246/1/79 1256/1/79 1257/1/79
f 1249/1/87 1259/1/87 1264/1/87
f 1252/1/74 1262/1/74 1261/1/74
f 1247/1/82 1257/1/82 1258/1/82
f 1250/1/105 1260/1/105 1255/1/105
f 1266/1/109 1270/1/109 1265/1/109
f 1272/1/109 1266/1/109 1267/1/109
f 1273/1/109 1267/1/109 1268/1/109
f 1274/1/109 1268/1/109 1269/1/109
f 1276/1/110 1280/1/110 1281/1/110
f 1276/1/110 1282/1/110 1277/1/110
f 1277/1/110 1283/1/110 1278/1/110
f 1278/1/110 1284/1/110 1279/1/110
f 1270/1/97 1275/1/97 1265/1/97
f 1273/1/100 1282/1/100 1272/1/100
f 1268/1/527 1279/1/527 1269/1/527
f 1265/1/528 1276/1/528 1266/1/528
f 1274/1/529 1283/1/529 1273/1/529
f 1271/1/530 1280/1/530 1270/1/530
f 1266/1/95 1277/1/95 1267/1/95
f 1269/1/103 1284/1/103 1274/1/103
f 1272/1/99 1281/1/99 1271/1/99
f 1267/1/72 1278/1/72 1268/1/72
f 1266/1/109 1271/1/109 1270/1/109
f 1272/1/109 1271/1/109 1266/1/109
f 1273/1/109 1272/1/109 1267/1/109
f 1274/1/109 1273/1/109 1268/1/109
f 1276/1/110 1275/1/110 1280/1/110
f 1276/1/110 1281/1/110 1282/1/110
f 1277/1/110 1282/1/110 1283/1/110
f 1278/1/110 1283/1/110 1284/1/110
f 1270/1/97 1280/1/97 1275/1/97
f 1273/1/100 1283/1/100 1282/1/100
f 1268/1/527 1278/1/527 1279/1/527
f 1265/1/528 1275/1/528 1276/1/528
f 1274/1/529 1284/1/529 1283/1/529
f 1271/1/530 1281/1/530 1280/1/530
f 1266/1/95 1276/1/95 1277/1/95
f 1269/1/103 1279/1/103 1284/1/103
f 1272/1/99 1282/1/99 1281/1/99
f 1267/1/72 1277/1/72 1278/1/72
f 1289/1/110 1293/1/110 1294/1/110
f 1285/1/110 1291/1/110 1286/1/110
f 1286/1/110 1292/1/110 1287/1/110
f 1287/1/110 1293/1/110 1288/1/110
f 1289/1/110 1288/1/110 1293/1/110
f 1285/1/110 1290/1/110 1291/1/110
f 1286/1/110 1291/1/110 1292/1/110
f 1287/1/110 1292/1/110 1293/1/110
f 1299/1/110 1303/1/110 1304/1/110
f 1295/1/110 1301/1/110 1296/1/110
f 1296/1/110 1302/1/110 1297/1/110
f 1297/1/110 1303/1/110 1298/1/110
f 1299/1/110 1298/1/110 1303/1/110
f 1295/1/110 1300/1/110 1301/1/110
f 1296/1/110 1301/1/110 1302/1/110
f 1297/1/110 1302/1/110 1303/1/110
f 1309/1/110 1313/1/110 1314/1/110
f 1305/1/110 1311/1/110 1306/1/110
f 1306/1/110 1312/1/110 1307/1/110
f 1307/1/110 1313/1/110 1308/1/110
f 1309/1/110 1308/1/110 1313/1/110
f 1305/1/110 1310/1/110 1311/1/110
f 1306/1/110 1311/1/110 1312/1/110
f 1307/1/110 1312/1/110 1313/1/110
f 1319/1/110 1323/1/110 1324/1/110
f 1315/1/110 1321/1/110 1316/1/110
f 1316/1/110 1322/1/110 1317/1/110
f 1317/1/110 1323/1/110 1318/1/110
f 1319/1/110 1318/1/110 1323/1/110
f 1315/1/110 1320/1/110 1321/1/110
f 1316/1/110 1321/1/110 1322/1/110
f 1317/1/110 1322/1/110 1323/1/110
f 1329/1/110 1333/1/110 1334/1/110
f 1325/1/110 1331/1/110 1326/1/110
f 1326/1/110 1332/1/110 1327/1/110
f 1327/1/110 1333/1/110 1328/1/110
f 1329/1/110 1328/1/110 1333/1/110
f 1325/1/110 1330/1/110 1331/1/110
f 1326/1/110 1331/1/110 1332/1/110
f 1327/1/110 1332/1/110 1333/1/110
f 1339/1/110 1343/1/110 1344/1/110
f 1335/1/110 1341/1/110 1336/1/110
f 1336/1/110 1342/1/110 1337/1/110
f 1337/1/110 1343/1/110 1338/1/110
f 1339/1/110 1338/1/110 1343/1/110
f 1335/1/110 1340/1/110 1341/1/110
f 1336/1/110 1341/1/110 1342/1/110
f 1337/1/110 1342/1/110 1343/1/110
f 1348/5/145 1351/16/145 1347/16/145
f 1345/33/146 1350/17/146 1346/28/146
f 1348/5/147 1350/18/148 1352/5/149
f 1347/16/150 1349/19/150 1345/29/150
f 1353/20/151 1352/17/151 1354/17/151
f 1356/30/152 1349/16/152 1355/31/152
f 1352/5/120 1349/24/120 1351/16/120
f 1354/18/153 1350/5/153 1356/30/153
f 1353/19/154 1349/16/155 1351/19/156
f 1355/31/157 1361/19/157 1363/31/157
f 1356/30/158 1362/18/158 1354/18/158
f 1358/32/159 1359/16/159 1357/29/159
f 1364/30/160 1361/19/160 1362/18/160
f 1347/16/161 1360/5/161 1348/5/161
f 1346/28/162 1357/33/162 1345/33/162
f 1355/31/163 1364/30/163 1356/30/163
f 1348/5/164 1358/32/164 1346/32/164
f 1354/17/165 1361/20/165 1353/20/165
f 1347/16/166 1357/29/166 1359/16/166
f 1348/5/145 1352/5/145 1351/16/145
f 1345/33/146 1349/20/146 1350/17/146
f 1348/5/147 1346/32/167 1350/18/148
f 1347/16/168 1351/16/168 1349/19/168
f 1353/20/151 1351/20/151 1352/17/151
f 1356/30/152 1350/5/152 1349/16/152
f 1352/5/120 1350/27/120 1349/24/120
f 1354/18/169 1352/18/169 1350/5/169
f 1353/19/154 1355/31/170 1349/16/155
f 1355/31/157 1353/19/157 1361/19/157
f 1356/30/158 1364/30/158 1362/18/158
f 1358/32/159 1360/5/159 1359/16/159
f 1364/30/160 1363/31/160 1361/19/160
f 1347/16/161 1359/16/161 1360/5/161
f 1346/28/162 1358/28/162 1357/33/162
f 1355/31/163 1363/31/163 1364/30/163
f 1348/5/164 1360/5/164 1358/32/164
f 1354/17/165 1362/17/165 1361/20/165
f 1347/16/166 1345/29/166 1357/29/166
f 1368/5/197 1371/16/197 1367/16/197
f 1365/33/198 1370/17/198 1366/28/198
f 1368/5/199 1370/18/200 1372/5/201
f 1367/16/202 1369/19/202 1365/29/202
f 1373/20/203 1372/17/203 1374/17/203
f 1376/30/204 1369/16/204 1375/31/204
f 1372/5/111 1369/24/111 1371/16/111
f 1374/18/205 1370/5/205 1376/30/205
f 1373/19/206 1369/16/207 1371/19/208
f 1375/31/209 1381/19/209 1383/31/209
f 1376/30/210 1382/18/210 1374/18/210
f 1378/32/211 1379/16/211 1377/29/211
f 1384/30/212 1381/19/212 1382/18/212
f 1367/16/213 1380/5/213 1368/5/213
f 1366/28/214 1377/33/214 1365/33/214
f 1375/31/215 1384/30/215 1376/30/215
f 1368/5/216 1378/32/216 1366/32/216
f 1374/17/217 1381/20/217 1373/20/217
f 1367/16/218 1377/29/218 1379/16/218
f 1368/5/197 1372/5/197 1371/16/197
f 1365/33/198 1369/20/198 1370/17/198
f 1368/5/199 1366/32/219 1370/18/200
f 1367/16/220 1371/16/220 1369/19/220
f 1373/20/203 1371/20/203 1372/17/203
f 1376/30/204 1370/5/204 1369/16/204
f 1372/5/111 1370/27/111 1369/24/111
f 1374/18/221 1372/18/221 1370/5/221
f 1373/19/206 1375/31/222 1369/16/207
f 1375/31/209 1373/19/209 1381/19/209
f 1376/30/210 1384/30/210 1382/18/210
f 1378/32/211 1380/5/211 1379/16/211
f 1384/30/212 1383/31/212 1381/19/212
f 1367/16/213 1379/16/213 1380/5/213
f 1366/28/214 1378/28/214 1377/33/214
f 1375/31/215 1383/31/215 1384/30/215
f 1368/5/216 1380/5/216 1378/32/216
f 1374/17/217 1382/17/217 1381/20/217
f 1367/16/218 1365/29/218 1377/29/218
f 1388/5/249 1391/16/249 1387/16/249
f 1385/33/250 1390/17/250 1386/28/250
f 1388/5/251 1390/18/252 1392/5/253
f 1387/16/254 1389/19/254 1385/29/254
f 1393/20/255 1392/17/255 1394/17/255
f 1396/30/256 1389/16/256 1395/31/256
f 1392/5/112 1389/24/112 1391/16/112
f 1394/18/257 1390/5/257 1396/30/257
f 1393/19/258 1389/16/259 1391/19/260
f 1395/31/261 1401/19/261 1403/31/261
f 1396/30/262 1402/18/262 1394/18/262
f 1398/32/263 1399/16/263 1397/29/263
f 1404/30/264 1401/19/264 1402/18/264
f 1387/16/265 1400/5/265 1388/5/265
f 1386/28/266 1397/33/266 1385/33/266
f 1395/31/267 1404/30/267 1396/30/267
f 1388/5/268 1398/32/268 1386/32/268
f 1394/17/269 1401/20/269 1393/20/269
f 1387/16/270 1397/29/270 1399/16/270
f 1388/5/249 1392/5/249 1391/16/249
f 1385/33/250 1389/20/250 1390/17/250
f 1388/5/251 1386/32/271 1390/18/252
f 1387/16/272 1391/16/272 1389/19/272
f 1393/20/255 1391/20/255 1392/17/255
f 1396/30/256 1390/5/256 1389/16/256
f 1392/5/112 1390/27/112 1389/24/112
f 1394/18/273 1392/18/273 1390/5/273
f 1393/19/258 1395/31/274 1389/16/259
f 1395/31/261 1393/19/261 1401/19/261
f 1396/30/262 1404/30/262 1402/18/262
f 1398/32/263 1400/5/263 1399/16/263
f 1404/30/264 1403/31/264 1401/19/264
f 1387/16/265 1399/16/265 1400/5/265
f 1386/28/266 1398/28/266 1397/33/266
f 1395/31/267 1403/31/267 1404/30/267
f 1388/5/268 1400/5/268 1398/32/268
f 1394/17/269 1402/17/269 1401/20/269
f 1387/16/270 1385/29/270 1397/29/270
f 1408/5/275 1411/16/275 1407/16/275
f 1405/33/276 1410/17/276 1406/28/276
f 1408/5/277 1410/18/278 1412/5/279
f 1407/16/280 1409/19/280 1405/29/280
f 1413/20/281 1412/17/281 1414/17/281
f 1416/30/282 1409/16/282 1415/31/282
f 1412/5/119 1409/24/119 1411/16/119
f 1414/18/283 1410/5/283 1416/30/283
f 1413/19/284 1409/16/285 1411/19/286
f 1415/31/287 1421/19/287 1423/31/287
f 1416/30/288 1422/18/288 1414/18/288
f 1418/32/289 1419/16/289 1417/29/289
f 1424/30/290 1421/19/290 1422/18/290
f 1407/16/291 1420/5/291 1408/5/291
f 1406/28/292 1417/33/292 1405/33/292
f 1415/31/293 1424/30/293 1416/30/293
f 1408/5/294 1418/32/294 1406/32/294
f 1414/17/295 1421/20/295 1413/20/295
f 1407/16/296 1417/29/296 1419/16/296
f 1408/5/275 1412/5/275 1411/16/275
f 1405/33/276 1409/20/276 1410/17/276
f 1408/5/277 1406/32/297 1410/18/278
f 1407/16/298 1411/16/298 1409/19/298
f 1413/20/281 1411/20/281 1412/17/281
f 1416/30/282 1410/5/282 1409/16/282
f 1412/5/119 1410/27/119 1409/24/119
f 1414/18/299 1412/18/299 1410/5/299
f 1413/19/284 1415/31/300 1409/16/285
f 1415/31/287 1413/19/287 1421/19/287
f 1416/30/288 1424/30/288 1422/18/288
f 1418/32/289 1420/5/289 1419/16/289
f 1424/30/290 1423/31/290 1421/19/290
f 1407/16/291 1419/16/291 1420/5/291
f 1406/28/292 1418/28/292 1417/33/292
f 1415/31/293 1423/31/293 1424/30/293
f 1408/5/294 1420/5/294 1418/32/294
f 1414/17/295 1422/17/295 1421/20/295
f 1407/16/296 1405/29/296 1417/29/296
f 1428/5/223 1431/16/223 1427/16/223
f 1425/33/224 1430/17/224 1426/28/224
f 1428/5/225 1430/18/226 1432/5/227
f 1427/16/228 1429/19/228 1425/29/228
f 1433/20/229 1432/17/229 1434/17/229
f 1436/30/230 1429/16/230 1435/31/230
f 1432/5/128 1429/24/128 1431/16/128
f 1434/18/231 1430/5/231 1436/30/231
f 1433/19/232 1429/16/233 1431/19/234
f 1435/31/235 1441/19/235 1443/31/235
f 1436/30/236 1442/18/236 1434/18/236
f 1438/32/237 1439/16/237 1437/29/237
f 1444/30/238 1441/19/238 1442/18/238
f 1427/16/239 1440/5/239 1428/5/239
f 1426/28/240 1437/33/240 1425/33/240
f 1435/31/241 1444/30/241 1436/30/241
f 1428/5/242 1438/32/242 1426/32/242
f 1434/17/243 1441/20/243 1433/20/243
f 1427/16/244 1437/29/244 1439/16/244
f 1428/5/223 1432/5/223 1431/16/223
f 1425/33/224 1429/20/224 1430/17/224
f 1428/5/225 1426/32/245 1430/18/226
f 1427/16/246 1431/16/246 1429/19/246
f 1433/20/229 1431/20/229 1432/17/229
f 1436/30/230 1430/5/230 1429/16/230
f 1432/5/128 1430/27/128 1429/24/128
f 1434/18/247 1432/18/247 1430/5/247
f 1433/19/232 1435/31/248 1429/16/233
f 1435/31/235 1433/19/235 1441/19/235
f 1436/30/236 1444/30/236 1442/18/236
f 1438/32/237 1440/5/237 1439/16/237
f 1444/30/238 1443/31/238 1441/19/238
f 1427/16/239 1439/16/239 1440/5/239
f 1426/28/240 1438/28/240 1437/33/240
f 1435/31/241 1443/31/241 1444/30/241
f 1428/5/242 1440/5/242 1438/32/242
f 1434/17/243 1442/17/243 1441/20/243
f 1427/16/244 1425/29/244 1437/29/244
f 1448/5/171 1451/16/171 1447/16/171
f 1445/33/172 1450/17/172 1446/28/172
f 1448/5/173 1450/18/174 1452/5/175
f 1447/16/176 1449/19/176 1445/29/176
f 1453/20/177 1452/17/177 1454/17/177
f 1456/30/178 1449/16/178 1455/31/178
f 1452/5/121 1449/24/121 1451/16/121
f 1454/18/179 1450/5/179 1456/30/179
f 1453/19/180 1449/16/181 1451/19/182
f 1455/31/183 1461/19/183 1463/31/183
f 1456/30/184 1462/18/184 1454/18/184
f 1458/32/185 1459/16/185 1457/29/185
f 1464/30/186 1461/19/186 1462/18/186
f 1447/16/187 1460/5/187 1448/5/187
f 1446/28/188 1457/33/188 1445/33/188
f 1455/31/189 1464/30/189 1456/30/189
f 1448/5/190 1458/32/190 1446/32/190
f 1454/17/191 1461/20/191 1453/20/191
f 1447/16/192 1457/29/192 1459/16/192
f 1448/5/171 1452/5/171 1451/16/171
f 1445/33/172 1449/20/172 1450/17/172
f 1448/5/173 1446/32/193 1450/18/174
f 1447/16/194 1451/16/194 1449/19/194
f 1453/20/177 1451/20/177 1452/17/177
f 1456/30/178 1450/5/178 1449/16/178
f 1452/5/121 1450/27/121 1449/24/121
f 1454/18/195 1452/18/195 1450/5/195
f 1453/19/180 1455/31/196 1449/16/181
f 1455/31/183 1453/19/183 1461/19/183
f 1456/30/184 1464/30/184 1462/18/184
f 1458/32/185 1460/5/185 1459/16/185
f 1464/30/186 1463/31/186 1461/19/186
f 1447/16/187 1459/16/187 1460/5/187
f 1446/28/188 1458/28/188 1457/33/188
f 1455/31/189 1463/31/189 1464/30/189
f 1448/5/190 1460/5/190 1458/32/190
f 1454/17/191 1462/17/191 1461/20/191
f 1447/16/192 1445/29/192 1457/29/192
f 1466/39/110 1467/40/110 1465/1/110
f 1466/39/110 1470/41/110 1468/41/110
f 1466/39/110 1468/41/110 1467/40/110
f 1466/39/110 1469/39/110 1470/41/110
f 1472/39/110 1473/40/110 1471/1/110
f 1472/39/110 1476/41/110 1474/41/110
f 1472/39/110 1474/41/110 1473/40/110
f 1472/39/110 1475/39/110 1476/41/110
f 1478/39/110 1479/40/110 1477/1/110
f 1478/39/110 1482/41/110 1480/41/110
f 1478/39/110 1480/41/110 1479/40/110
f 1478/39/110 1481/39/110 1482/41/110
f 1484/39/110 1485/40/110 1483/1/110
f 1484/39/110 1488/41/110 1486/41/110
f 1484/39/110 1486/41/110 1485/40/110
f 1484/39/110 1487/39/110 1488/41/110
f 1490/39/110 1491/40/110 1489/1/110
f 1490/39/110 1494/41/110 1492/41/110
f 1490/39/110 1492/41/110 1491/40/110
f 1490/39/110 1493/39/110 1494/41/110
f 1496/39/110 1497/40/110 1495/1/110
f 1496/39/110 1500/41/110 1498/41/110
f 1496/39/110 1498/41/110 1497/40/110
f 1496/39/110 1499/39/110 1500/41/110
o Circle.019
v -41.600002 0.000000 0.000005
v -40.968002 7.223766 0.000005
v -40.968002 -7.223764 0.000005
v -44.096004 0.000000 0.000005
v -43.426086 7.657192 0.000005
v -43.426086 -7.657190 0.000006
v -41.436691 -15.081722 0.000006
v -38.188259 -22.048002 0.000006
v -39.091213 -14.228038 0.000005
v -36.026657 -20.800001 0.000005
v -31.867453 -26.739969 0.000005
v -26.739967 -31.867449 0.000005
v -33.779499 -28.344368 0.000005
v -28.344368 -33.779499 0.000005
v -22.048002 -38.188259 0.000004
v -15.081722 -41.436691 0.000004
v -20.800001 -36.026657 0.000004
v -14.228040 -39.091213 0.000003
v -7.223765 -40.968002 0.000003
v 0.000000 -41.600002 0.000002
v -7.657192 -43.426086 0.000003
v 0.000000 -44.096004 0.000002
v 7.657191 -43.426086 0.000001
v 15.081722 -41.436691 0.000000
v 7.223765 -40.968002 0.000001
v 14.228038 -39.091213 0.000000
v 20.800001 -36.026657 -0.000001
v 26.739969 -31.867453 -0.000002
v 22.048002 -38.188259 -0.000001
v 28.344368 -33.779499 -0.000002
v 33.779499 -28.344368 -0.000003
v 38.188259 -22.048002 -0.000004
v 31.867449 -26.739967 -0.000003
v 36.026657 -20.800001 -0.000003
v 39.091213 -14.228038 -0.000004
v 40.968002 -7.223764 -0.000005
v 41.436691 -15.081720 -0.000004
v 43.426086 -7.657191 -0.000005
v 44.096004 -0.000000 -0.000005
v 43.426086 7.657192 -0.000006
v 41.600002 -0.000000 -0.000005
v 40.968002 7.223766 -0.000005
v 39.091213 14.228040 -0.000005
v 36.026657 20.800001 -0.000005
v 41.436691 15.081723 -0.000006
v 38.188259 22.048002 -0.000006
v 33.779499 28.344368 -0.000005
v 28.344368 33.779499 -0.000005
v 31.867453 26.739969 -0.000005
v 26.739967 31.867449 -0.000005
v 20.800001 36.026657 -0.000004
v 14.228040 39.091213 -0.000003
v 22.048002 38.188259 -0.000004
v 15.081722 41.436691 -0.000004
v 7.657192 43.426086 -0.000003
v -0.000000 44.096004 -0.000002
v 7.223765 40.968002 -0.000003
v -0.000000 41.600002 -0.000002
v -7.223765 40.968002 -0.000001
v -14.228038 39.091213 -0.000000
v -7.657191 43.426086 -0.000001
v -15.081722 41.436691 -0.000000
v -22.048002 38.188259 0.000001
v -28.344368 33.779499 0.000002
v -20.800001 36.026657 0.000001
v -26.739969 31.867453 0.000002
v -31.867449 26.739967 0.000003
v -36.026657 20.800001 0.000003
v -33.779499 28.344368 0.000003
v -38.188259 22.048002 0.000004
v -41.436691 15.081724 0.000004
v -39.091213 14.228041 0.000004
vn -0.0000 -0.0000 -1.0000
vt 0.000000 0.000000
s 1
f 1502/42/531 1504/42/531 1505/42/531
f 1503/42/531 1504/42/531 1501/42/531
f 1503/42/531 1507/42/531 1506/42/531
f 1510/42/531 1507/42/531 1509/42/531
f 1511/42/531 1508/42/531 1510/42/531
f 1511/42/531 1514/42/531 1513/42/531
f 1512/42/531 1515/42/531 1514/42/531
f 1518/42/531 1515/42/531 1517/42/531
f 1519/42/531 1516/42/531 1518/42/531
f 1519/42/531 1522/42/531 1521/42/531
f 1525/42/531 1522/42/531 1520/42/531
f 1526/42/531 1523/42/531 1525/42/531
f 1527/42/531 1524/42/531 1526/42/531
f 1528/42/531 1529/42/531 1527/42/531
f 1528/42/531 1531/42/531 1530/42/531
f 1533/42/531 1532/42/531 1531/42/531
f 1535/42/531 1532/42/531 1534/42/531
f 1535/42/531 1538/42/531 1537/42/531
f 1536/42/531 1539/42/531 1538/42/531
f 1542/42/531 1539/42/531 1541/42/531
f 1543/42/531 1540/42/531 1542/42/531
f 1544/42/531 1545/42/531 1543/42/531
f 1549/42/531 1546/42/531 1544/42/531
f 1549/42/531 1548/42/531 1547/42/531
f 1550/42/531 1553/42/531 1548/42/531
f 1552/42/531 1553/42/531 1551/42/531
f 1557/42/531 1554/42/531 1552/42/531
f 1557/42/531 1556/42/531 1555/42/531
f 1559/42/531 1556/42/531 1558/42/531
f 1560/42/531 1561/42/531 1559/42/531
f 1565/42/531 1562/42/531 1560/42/531
f 1566/42/531 1563/42/531 1565/42/531
f 1566/42/531 1569/42/531 1564/42/531
f 1567/42/531 1570/42/531 1569/42/531
f 1572/42/531 1570/42/531 1568/42/531
f 1502/42/531 1571/42/531 1572/42/531
f 1502/42/531 1501/42/531 1504/42/531
f 1503/42/531 1506/42/531 1504/42/531
f 1503/42/531 1509/42/531 1507/42/531
f 1510/42/531 1508/42/531 1507/42/531
f 1511/42/531 1513/42/531 1508/42/531
f 1511/42/531 1512/42/531 1514/42/531
f 1512/42/531 1517/42/531 1515/42/531
f 1518/42/531 1516/42/531 1515/42/531
f 1519/42/531 1521/42/531 1516/42/531
f 1519/42/531 1520/42/531 1522/42/531
f 1525/42/531 1523/42/531 1522/42/531
f 1526/42/531 1524/42/531 1523/42/531
f 1527/42/531 1529/42/531 1524/42/531
f 1528/42/531 1530/42/531 1529/42/531
f 1528/42/531 1533/42/531 1531/42/531
f 1533/42/531 1534/42/531 1532/42/531
f 1535/42/531 1537/42/531 1532/42/531
f 1535/42/531 1536/42/531 1538/42/531
f 1536/42/531 1541/42/531 1539/42/531
f 1542/42/531 1540/42/531 1539/42/531
f 1543/42/531 1545/42/531 1540/42/531
f 1544/42/531 1546/42/531 1545/42/531
f 1549/42/531 1547/42/531 1546/42/531
f 1549/42/531 1550/42/531 1548/42/531
f 1550/42/531 1551/42/531 1553/42/531
f 1552/42/531 1554/42/531 1553/42/531
f 1557/42/531 1555/42/531 1554/42/531
f 1557/42/531 1558/42/531 1556/42/531
f 1559/42/531 1561/42/531 1556/42/531
f 1560/42/531 1562/42/531 1561/42/531
f 1565/42/531 1563/42/531 1562/42/531
f 1566/42/531 1564/42/531 1563/42/531
f 1566/42/531 1567/42/531 1569/42/531
f 1567/42/531 1568/42/531 1570/42/531
f 1572/42/531 1571/42/531 1570/42/531
f 1502/42/531 1505/42/531 1571/42/531
o Circle.020
v 0.000000 -0.000001 -18.304003
v -3.178457 -0.000001 -18.025925
v 3.178457 -0.000001 -18.025925
v 0.000000 -0.000002 -20.372358
v -3.537624 -0.000002 -20.062855
v 3.537622 -0.000002 -20.062855
v 6.967757 -0.000001 -19.143755
v 10.186179 -0.000001 -17.642981
v 6.260338 -0.000001 -17.200136
v 9.152001 -0.000001 -15.851732
v 11.765588 -0.000001 -14.021681
v 14.021679 -0.000001 -11.765587
v 13.095101 -0.000001 -15.606133
v 15.606131 -0.000001 -13.095100
v 17.642981 -0.000001 -10.186179
v 19.143755 -0.000001 -6.967757
v 15.851732 -0.000001 -9.152001
v 17.200136 -0.000000 -6.260338
v 18.025925 -0.000000 -3.178457
v 18.304003 0.000000 0.000000
v 20.062855 -0.000000 -3.537623
v 20.372358 0.000000 0.000000
v 20.062855 0.000000 3.537623
v 19.143755 0.000001 6.967757
v 18.025925 0.000000 3.178457
v 17.200136 0.000000 6.260338
v 15.851732 0.000001 9.152001
v 14.021681 0.000001 11.765588
v 17.642981 0.000001 10.186179
v 15.606133 0.000001 13.095101
v 13.095100 0.000001 15.606131
v 10.186179 0.000001 17.642981
v 11.765587 0.000001 14.021679
v 9.152001 0.000001 15.851732
v 6.260338 0.000001 17.200136
v 3.178457 0.000001 18.025925
v 6.967756 0.000001 19.143755
v 3.537623 0.000002 20.062855
v 0.000000 0.000002 20.372358
v -3.537623 0.000002 20.062855
v 0.000000 0.000001 18.304003
v -3.178457 0.000001 18.025925
v -6.260338 0.000001 17.200136
v -9.152001 0.000001 15.851732
v -6.967757 0.000001 19.143755
v -10.186179 0.000001 17.642981
v -13.095101 0.000001 15.606133
v -15.606131 0.000001 13.095100
v -11.765588 0.000001 14.021681
v -14.021679 0.000001 11.765587
v -15.851732 0.000001 9.152001
v -17.200136 0.000000 6.260338
v -17.642981 0.000001 10.186179
v -19.143755 0.000001 6.967757
v -20.062855 0.000000 3.537623
v -20.372358 0.000000 0.000000
v -18.025925 0.000000 3.178457
v -18.304003 0.000000 0.000000
v -18.025925 -0.000000 -3.178457
v -17.200136 -0.000000 -6.260338
v -20.062855 -0.000000 -3.537623
v -19.143755 -0.000001 -6.967757
v -17.642981 -0.000001 -10.186179
v -15.606133 -0.000001 -13.095101
v -15.851732 -0.000001 -9.152001
v -14.021681 -0.000001 -11.765588
v -11.765587 -0.000001 -14.021679
v -9.152001 -0.000001 -15.851732
v -13.095100 -0.000001 -15.606131
v -10.186179 -0.000001 -17.642981
v -6.967758 -0.000001 -19.143755
v -6.260339 -0.000001 -17.200136
vn -0.0000 1.0000 -0.0000
vt 0.000000 0.000000
s 1
f 1573/43/532 1577/43/532 1574/43/532
f 1575/43/532 1576/43/532 1573/43/532
f 1581/43/532 1578/43/532 1575/43/532
f 1582/43/532 1579/43/532 1581/43/532
f 1583/43/532 1580/43/532 1582/43/532
f 1583/43/532 1586/43/532 1585/43/532
f 1584/43/532 1587/43/532 1586/43/532
f 1590/43/532 1587/43/532 1589/43/532
f 1591/43/532 1588/43/532 1590/43/532
f 1592/43/532 1593/43/532 1591/43/532
f 1597/43/532 1594/43/532 1592/43/532
f 1598/43/532 1595/43/532 1597/43/532
f 1599/43/532 1596/43/532 1598/43/532
f 1600/43/532 1601/43/532 1599/43/532
f 1600/43/532 1603/43/532 1602/43/532
f 1605/43/532 1604/43/532 1603/43/532
f 1607/43/532 1604/43/532 1606/43/532
f 1607/43/532 1610/43/532 1609/43/532
f 1613/43/532 1610/43/532 1608/43/532
f 1613/43/532 1612/43/532 1611/43/532
f 1615/43/532 1612/43/532 1614/43/532
f 1616/43/532 1617/43/532 1615/43/532
f 1621/43/532 1618/43/532 1616/43/532
f 1621/43/532 1620/43/532 1619/43/532
f 1622/43/532 1625/43/532 1620/43/532
f 1624/43/532 1625/43/532 1623/43/532
f 1629/43/532 1626/43/532 1624/43/532
f 1630/43/532 1627/43/532 1629/43/532
f 1631/43/532 1628/43/532 1630/43/532
f 1632/43/532 1633/43/532 1631/43/532
f 1637/43/532 1634/43/532 1632/43/532
f 1638/43/532 1635/43/532 1637/43/532
f 1638/43/532 1641/43/532 1636/43/532
f 1639/43/532 1642/43/532 1641/43/532
f 1644/43/532 1642/43/532 1640/43/532
f 1574/43/532 1643/43/532 1644/43/532
f 1573/43/532 1576/43/532 1577/43/532
f 1575/43/532 1578/43/532 1576/43/532
f 1581/43/532 1579/43/532 1578/43/532
f 1582/43/532 1580/43/532 1579/43/532
f 1583/43/532 1585/43/532 1580/43/532
f 1583/43/532 1584/43/532 1586/43/532
f 1584/43/532 1589/43/532 1587/43/532
f 1590/43/532 1588/43/532 1587/43/532
f 1591/43/532 1593/43/532 1588/43/532
f 1592/43/532 1594/43/532 1593/43/532
f 1597/43/532 1595/43/532 1594/43/532
f 1598/43/532 1596/43/532 1595/43/532
f 1599/43/532 1601/43/532 1596/43/532
f 1600/43/532 1602/43/532 1601/43/532
f 1600/43/532 1605/43/532 1603/43/532
f 1605/43/532 1606/43/532 1604/43/532
f 1607/43/532 1609/43/532 1604/43/532
f 1607/43/532 1608/43/532 1610/43/532
f 1613/43/532 1611/43/532 1610/43/532
f 1613/43/532 1614/43/532 1612/43/532
f 1615/43/532 1617/43/532 1612/43/532
f 1616/43/532 1618/43/532 1617/43/532
f 1621/43/532 1619/43/532 1618/43/532
f 1621/43/532 1622/43/532 1620/43/532
f 1622/43/532 1623/43/532 1625/43/532
f 1624/43/532 1626/43/532 1625/43/532
f 1629/43/532 1627/43/532 1626/43/532
f 1630/43/532 1628/43/532 1627/43/532
f 1631/43/532 1633/43/532 1628/43/532
f 1632/43/532 1634/43/532 1633/43/532
f 1637/43/532 1635/43/532 1634/43/532
f 1638/43/532 1636/43/532 1635/43/532
f 1638/43/532 1639/43/532 1641/43/532
f 1639/43/532 1640/43/532 1642/43/532
f 1644/43/532 1643/43/532 1642/43/532
f 1574/43/532 1577/43/532 1643/43/532
