# Blender 4.3.0
# www.blender.org
mtllib zhenv.mtl
o Circle
v 0.000000 -88.132851 0.220328
v -15.304109 -86.793907 0.220328
v -30.143211 -82.817787 0.220328
v -56.650703 -67.513680 0.220329
v -67.513680 -56.650703 0.220330
v -76.325279 -44.066425 0.220330
v -82.817787 -30.143211 0.220331
v -86.793907 -15.304109 0.220331
v -86.793907 15.304109 0.220333
v -82.817787 30.143211 0.220333
v -76.325279 44.066425 0.220334
v -67.513680 56.650703 0.220335
v -56.650703 67.513680 0.220335
v -30.143211 82.817787 0.220336
v -15.304109 86.793907 0.220336
v 0.000000 88.132851 0.220336
v 15.304109 86.793907 0.220336
v 30.143211 82.817787 0.220336
v 56.650703 67.513680 0.220335
v 67.513680 56.650703 0.220335
v 76.325279 44.066425 0.220334
v 82.817787 30.143211 0.220333
v 86.793907 15.304109 0.220333
v 86.793907 -15.304109 0.220331
v 82.817787 -30.143211 0.220331
v 76.325279 -44.066425 0.220330
v 67.513680 -56.650703 0.220330
v 56.650703 -67.513680 0.220329
v 30.143211 -82.817787 0.220328
v 15.304109 -86.793907 0.220328
v 0.000000 -89.844162 0.213911
v -15.601274 -88.479225 0.213911
v -30.728516 -84.425888 0.213911
v -57.750713 -68.824623 0.213912
v -68.824623 -57.750713 0.213912
v -77.807327 -44.922081 0.213913
v -84.425888 -30.728516 0.213913
v -88.479225 -15.601274 0.213914
v -88.479225 15.601274 0.213915
v -84.425888 30.728516 0.213916
v -77.807327 44.922081 0.213917
v -68.824623 57.750713 0.213917
v -57.750713 68.824623 0.213918
v -30.728516 84.425888 0.213918
v -15.601274 88.479225 0.213919
v 0.000000 89.844162 0.213919
v 15.601274 88.479225 0.213919
v 30.728516 84.425888 0.213918
v 57.750713 68.824623 0.213918
v 68.824623 57.750713 0.213917
v 77.807327 44.922081 0.213917
v 84.425888 30.728516 0.213916
v 88.479225 15.601274 0.213915
v 88.479225 -15.601274 0.213914
v 84.425888 -30.728516 0.213913
v 77.807327 -44.922081 0.213913
v 68.824623 -57.750713 0.213912
v 57.750713 -68.824623 0.213912
v 30.728516 -84.425888 0.213911
v 15.601274 -88.479225 0.213911
v 0.000000 -88.132851 -0.220336
v -15.304109 -86.793907 -0.220336
v -30.143211 -82.817787 -0.220336
v -56.650703 -67.513680 -0.220335
v -67.513680 -56.650703 -0.220335
v -76.325279 -44.066425 -0.220334
v -82.817787 -30.143211 -0.220333
v -86.793907 -15.304109 -0.220333
v -86.793907 15.304109 -0.220331
v -82.817787 30.143211 -0.220331
v -76.325279 44.066425 -0.220330
v -67.513680 56.650703 -0.220330
v -56.650703 67.513680 -0.220329
v -30.143211 82.817787 -0.220328
v -15.304109 86.793907 -0.220328
v 0.000000 88.132851 -0.220328
v 15.304109 86.793907 -0.220328
v 30.143211 82.817787 -0.220328
v 56.650703 67.513680 -0.220329
v 67.513680 56.650703 -0.220330
v 76.325279 44.066425 -0.220330
v 82.817787 30.143211 -0.220331
v 86.793907 15.304109 -0.220331
v 86.793907 -15.304109 -0.220333
v 82.817787 -30.143211 -0.220333
v 76.325279 -44.066425 -0.220334
v 67.513680 -56.650703 -0.220335
v 56.650703 -67.513680 -0.220335
v 30.143211 -82.817787 -0.220336
v 15.304109 -86.793907 -0.220336
v 0.000000 -89.844162 -0.213919
v -15.601274 -88.479225 -0.213919
v -30.728516 -84.425888 -0.213918
v -57.750713 -68.824623 -0.213918
v -68.824623 -57.750713 -0.213917
v -77.807327 -44.922081 -0.213917
v -84.425888 -30.728516 -0.213916
v -88.479225 -15.601274 -0.213915
v -88.479225 15.601274 -0.213914
v -84.425888 30.728516 -0.213913
v -77.807327 44.922081 -0.213913
v -68.824623 57.750713 -0.213912
v -57.750713 68.824623 -0.213912
v -30.728516 84.425888 -0.213911
v -15.601274 88.479225 -0.213911
v 0.000000 89.844162 -0.213911
v 15.601274 88.479225 -0.213911
v 30.728516 84.425888 -0.213911
v 57.750713 68.824623 -0.213912
v 68.824623 57.750713 -0.213912
v 77.807327 44.922081 -0.213913
v 84.425888 30.728516 -0.213913
v 88.479225 15.601274 -0.213914
v 88.479225 -15.601274 -0.213915
v 84.425888 -30.728516 -0.213916
v 77.807327 -44.922081 -0.213917
v 68.824623 -57.750713 -0.213917
v 57.750713 -68.824623 -0.213918
v 30.728516 -84.425888 -0.213918
v 15.601274 -88.479225 -0.213919
v -1.069573 20.219137 0.427830
v -1.069573 20.219137 -0.427828
v 1.069573 21.391470 0.427830
v 1.069573 21.391470 -0.427828
v 1.069573 1.852556 -0.427829
v 1.069573 1.852556 0.427829
v -1.069573 1.852556 -0.427829
v -1.069573 1.852556 0.427829
v 0.000000 0.000000 -0.427829
v 0.000000 0.000000 0.427829
v -19.359106 33.530952 0.427831
v -19.359106 33.530952 -0.427828
v -21.550699 37.326908 0.427831
v -21.550699 37.326908 -0.427828
v -19.060345 9.769457 0.427830
v -19.060345 9.769457 -0.427829
v -16.975496 11.035845 0.427830
v -16.975496 11.035845 -0.427829
v -1.069573 1.852556 -0.427829
v -1.069573 1.852556 0.427829
v -2.139147 0.000000 -0.427829
v -2.139147 0.000000 0.427829
v 0.000000 0.000000 -0.427829
v 0.000000 0.000000 0.427829
v 18.045071 -9.183292 0.427829
v 18.045071 -9.183292 -0.427830
v 17.990770 -11.622013 0.427829
v 17.990770 -11.622013 -0.427830
v 1.069573 -1.852556 -0.427829
v 1.069573 -1.852556 0.427829
v 2.139147 0.000000 -0.427829
v 2.139147 0.000000 0.427829
v 0.000000 0.000000 -0.427829
v 0.000000 0.000000 0.427829
v 38.718212 -0.000004 0.427829
v 38.718212 -0.000004 -0.427829
v 43.101402 -0.000004 0.427829
v 43.101402 -0.000004 -0.427829
v 17.990770 11.622009 0.427830
v 17.990770 11.622009 -0.427829
v 18.045071 9.183288 0.427830
v 18.045071 9.183288 -0.427829
v 2.139147 0.000000 -0.427829
v 2.139147 0.000000 0.427829
v 1.069573 1.852556 -0.427829
v 1.069573 1.852556 0.427829
v 0.000000 0.000000 -0.427829
v 0.000000 0.000000 0.427829
v 1.069565 -20.219137 0.427828
v 1.069565 -20.219137 -0.427830
v -1.069582 -21.391470 0.427828
v -1.069582 -21.391470 -0.427830
v 19.359093 -33.530956 0.427828
v 19.359093 -33.530956 -0.427831
v 21.550688 -37.326920 0.427828
v 21.550688 -37.326920 -0.427831
v 19.060339 -9.769461 0.427829
v 19.060339 -9.769461 -0.427830
v 16.975492 -11.035849 0.427829
v 16.975492 -11.035849 -0.427830
v -16.975496 -11.035849 0.427829
v -16.975496 -11.035849 -0.427830
v -19.060345 -9.769457 0.427829
v -19.060345 -9.769457 -0.427830
v -2.139147 0.000000 -0.427829
v -2.139147 0.000000 0.427829
v -1.069573 -1.852556 -0.427829
v -1.069573 -1.852556 0.427829
v 0.000000 0.000000 -0.427829
v 0.000000 0.000000 0.427829
v -19.359106 -33.530952 0.427828
v -19.359106 -33.530952 -0.427831
v -21.550695 -37.326908 0.427828
v -21.550695 -37.326908 -0.427831
v 1.069573 -21.391466 0.427828
v 1.069573 -21.391466 -0.427830
v -1.069573 -20.219137 0.427828
v -1.069573 -20.219137 -0.427830
v -1.069573 -1.852556 -0.427829
v -1.069573 -1.852556 0.427829
v 1.069573 -1.852556 -0.427829
v 1.069573 -1.852556 0.427829
v 0.000000 0.000000 -0.427829
v 0.000000 0.000000 0.427829
v -18.045067 9.183305 0.427830
v -18.045067 9.183305 -0.427829
v -17.990761 11.622030 0.427830
v -17.990761 11.622030 -0.427829
v -38.718208 0.000034 0.427829
v -38.718208 0.000034 -0.427829
v -43.101402 0.000038 0.427829
v -43.101402 0.000039 -0.427829
v -17.990784 -11.621996 0.427829
v -17.990784 -11.621996 -0.427830
v -18.045078 -9.183275 0.427829
v -18.045078 -9.183275 -0.427830
v 16.975506 11.035840 0.427830
v 16.975506 11.035840 -0.427829
v 19.060349 9.769448 0.427830
v 19.060349 9.769448 -0.427829
v 19.359118 33.530945 0.427831
v 19.359118 33.530945 -0.427828
v 21.550716 37.326897 0.427831
v 21.550716 37.326897 -0.427828
v -1.069565 21.391470 0.427830
v -1.069565 21.391470 -0.427828
v 1.069582 20.219133 0.427830
v 1.069582 20.219133 -0.427828
v -46.128368 6.876487 0.680762
v -46.128368 6.876487 -0.680762
v -43.734631 10.878244 0.667414
v -43.734631 10.878244 -0.667413
v -66.440445 0.000056 0.734155
v -66.440445 0.000056 -0.734155
v -81.358208 0.000068 0.807571
v -81.358208 0.000068 -0.807571
v -43.734650 -10.878168 0.667413
v -43.734650 -10.878168 -0.667414
v -46.128376 -6.876410 0.680762
v -46.128376 -6.876410 -0.680762
v -41.521217 4.987065 0.493711
v -41.521217 4.987065 -0.493711
v -39.785198 7.889271 0.484029
v -39.785198 7.889271 -0.484029
v -39.785210 -7.889194 0.484029
v -39.785210 -7.889194 -0.484029
v -41.521225 -4.986989 0.493711
v -41.521225 -4.986989 -0.493711
v 46.128365 -6.876501 0.680762
v 46.128365 -6.876501 -0.680762
v 43.734623 -10.878258 0.667413
v 43.734623 -10.878258 -0.667414
v 66.440445 -0.000073 0.734155
v 66.440445 -0.000073 -0.734155
v 81.358208 -0.000090 0.807571
v 81.358208 -0.000090 -0.807571
v 43.734653 10.878155 0.667414
v 43.734653 10.878155 -0.667413
v 46.128376 6.876398 0.680762
v 46.128376 6.876398 -0.680762
v 41.521214 -4.987078 0.493711
v 41.521214 -4.987078 -0.493711
v 39.785191 -7.889284 0.484029
v 39.785191 -7.889284 -0.484029
v 39.785217 7.889181 0.484029
v 39.785217 7.889181 -0.484029
v 41.521225 4.986975 0.493711
v 41.521225 4.986975 -0.493711
v -29.019402 -36.510086 0.680760
v -29.019402 -36.510086 -0.680764
v -31.288158 -32.436176 0.667412
v -31.288158 -32.436176 -0.667415
v -33.220284 -57.539082 0.734153
v -33.220284 -57.539082 -0.734158
v -40.679180 -70.458229 0.807567
v -40.679180 -70.458229 -0.807574
v -12.446565 -43.314396 0.667412
v -12.446565 -43.314396 -0.667416
v -17.109053 -43.386543 0.680760
v -17.109053 -43.386543 -0.680764
v -25.079542 -33.464890 0.493709
v -25.079542 -33.464890 -0.493712
v -26.724918 -30.510353 0.484028
v -26.724918 -30.510353 -0.484030
v -13.060371 -38.399601 0.484027
v -13.060371 -38.399601 -0.484031
v -16.441763 -38.451923 0.493709
v -16.441763 -38.451923 -0.493712
v 29.019417 36.510075 0.680764
v 29.019417 36.510075 -0.680760
v 31.288168 32.436161 0.667415
v 31.288168 32.436161 -0.667412
v 33.220303 57.539070 0.734158
v 33.220303 57.539070 -0.734153
v 40.679207 70.458221 0.807574
v 40.679207 70.458221 -0.807567
v 12.446577 43.314396 0.667416
v 12.446577 43.314396 -0.667412
v 17.109064 43.386543 0.680764
v 17.109064 43.386543 -0.680760
v 25.079550 33.464882 0.493712
v 25.079550 33.464882 -0.493709
v 26.724928 30.510345 0.484030
v 26.724928 30.510345 -0.484028
v 13.060385 38.399597 0.484031
v 13.060385 38.399597 -0.484027
v 16.441776 38.451923 0.493712
v 16.441776 38.451923 -0.493709
v -17.108959 43.386585 0.680764
v -17.108959 43.386585 -0.680760
v -12.446470 43.314426 0.667416
v -12.446470 43.314426 -0.667412
v -33.220165 57.539146 0.734158
v -33.220165 57.539146 -0.734153
v -40.679020 70.458321 0.807574
v -40.679020 70.458321 -0.807567
v -31.288086 32.436241 0.667415
v -31.288086 32.436241 -0.667412
v -29.019323 36.510155 0.680764
v -29.019323 36.510155 -0.680760
v -16.441673 38.451965 0.493712
v -16.441673 38.451965 -0.493709
v -13.060282 38.399632 0.484031
v -13.060282 38.399632 -0.484027
v -26.724842 30.510416 0.484030
v -26.724842 30.510416 -0.484028
v -25.079460 33.464947 0.493712
v -25.079460 33.464947 -0.493709
v 17.108925 -43.386597 0.680760
v 17.108925 -43.386597 -0.680764
v 12.446431 -43.314438 0.667412
v 12.446431 -43.314438 -0.667416
v 33.220116 -57.539177 0.734153
v 33.220116 -57.539177 -0.734158
v 40.678963 -70.458359 0.807567
v 40.678963 -70.458359 -0.807574
v 31.288055 -32.436268 0.667412
v 31.288055 -32.436268 -0.667415
v 29.019295 -36.510174 0.680760
v 29.019295 -36.510174 -0.680764
v 16.441643 -38.451981 0.493709
v 16.441643 -38.451981 -0.493712
v 13.060252 -38.399639 0.484027
v 13.060252 -38.399639 -0.484031
v 26.724815 -30.510439 0.484028
v 26.724815 -30.510439 -0.484030
v 25.079435 -33.464970 0.493709
v 25.079435 -33.464970 -0.493712
v -8.128757 34.226349 0.812877
v -8.128757 34.226349 -0.812874
v 0.000000 26.097591 0.812877
v 0.000000 26.097591 -0.812875
v 8.128757 34.226349 0.812877
v 8.128757 34.226349 -0.812874
v 0.000000 55.532249 0.894166
v 0.000000 55.532249 -0.894161
v 8.128761 -34.226337 0.812874
v 8.128761 -34.226337 -0.812877
v 0.000004 -26.097580 0.812875
v 0.000004 -26.097580 -0.812877
v -8.128753 -34.226337 0.812874
v -8.128753 -34.226337 -0.812877
v 0.000009 -55.532238 0.894161
v 0.000009 -55.532238 -0.894166
v -25.576504 -24.152872 0.812875
v -25.576504 -24.152872 -0.812877
v -22.601173 -13.048786 0.812875
v -22.601173 -13.048786 -0.812876
v -33.705261 -10.073455 0.812875
v -33.705261 -10.073455 -0.812876
v -48.092339 -27.766109 0.894162
v -48.092339 -27.766109 -0.894165
v 25.576504 24.152885 0.812877
v 25.576504 24.152885 -0.812875
v 22.601173 13.048794 0.812876
v 22.601173 13.048794 -0.812875
v 33.705261 10.073463 0.812876
v 33.705261 10.073463 -0.812875
v 48.092331 27.766121 0.894165
v 48.092331 27.766121 -0.894162
v -33.705261 10.073460 0.812876
v -33.705261 10.073460 -0.812875
v -22.601173 13.048794 0.812876
v -22.601173 13.048794 -0.812875
v -25.576504 24.152885 0.812877
v -25.576504 24.152885 -0.812875
v -48.092339 27.766121 0.894165
v -48.092339 27.766121 -0.894162
v 33.705261 -10.073460 0.812875
v 33.705261 -10.073460 -0.812876
v 22.601170 -13.048790 0.812875
v 22.601170 -13.048790 -0.812876
v 25.576500 -24.152876 0.812875
v 25.576500 -24.152876 -0.812877
v 48.092331 -27.766121 0.894162
v 48.092331 -27.766121 -0.894165
v 31.991522 63.137032 0.213917
v 30.030216 66.534103 0.213918
v 29.349087 70.397110 0.213918
v 30.030230 74.260124 0.213918
v 31.991537 77.657204 0.213918
v 34.996418 80.178596 0.213918
v 38.682453 81.520218 0.213918
v 42.605068 81.520226 0.213918
v 46.291119 80.178612 0.213918
v 49.296013 77.657204 0.213918
v 51.257317 74.260124 0.213918
v 51.938446 70.397118 0.213918
v 51.257305 66.534119 0.213918
v 49.295998 63.137032 0.213917
v 46.291115 60.615635 0.213917
v 42.605080 59.274002 0.213917
v 38.682476 59.274010 0.213917
v 30.261078 61.685028 0.213917
v 27.907503 65.761497 0.213918
v 27.090147 70.397110 0.213918
v 27.907524 75.032722 0.213918
v 30.261091 79.109215 0.213918
v 33.866955 82.134903 0.213918
v 38.290195 83.744850 0.213918
v 42.997314 83.744843 0.213918
v 47.420582 82.134918 0.213918
v 51.026455 79.109215 0.213918
v 53.380028 75.032730 0.213918
v 54.197392 70.397125 0.213918
v 53.380009 65.761505 0.213918
v 51.026443 61.685009 0.213917
v 47.420578 58.659336 0.213917
v 42.997341 57.049381 0.213917
v 38.290226 57.049397 0.213917
v -70.674034 -3.863029 0.213914
v -72.635330 -7.260109 0.213914
v -75.640221 -9.781492 0.213914
v -79.326256 -11.123109 0.213914
v -83.248878 -11.123105 0.213914
v -86.934906 -9.781492 0.213914
v -89.939812 -7.260105 0.213914
v -91.901115 -3.863034 0.213914
v -92.582283 -0.000009 0.213915
v -91.901115 3.863012 0.213915
v -89.939812 7.260092 0.213915
v -86.934914 9.781475 0.213915
v -83.248871 11.123083 0.213915
v -79.326256 11.123088 0.213915
v -75.640221 9.781475 0.213915
v -72.635330 7.260088 0.213915
v -70.674034 3.863012 0.213915
v -68.551331 -4.635633 0.213914
v -70.904884 -8.712128 0.213914
v -74.510765 -11.737788 0.213914
v -78.934006 -13.347722 0.213914
v -83.641136 -13.347728 0.213914
v -88.064392 -11.737788 0.213914
v -91.670258 -8.712128 0.213914
v -94.023819 -4.635642 0.213914
v -94.841217 -0.000009 0.213915
v -94.023827 4.635621 0.213915
v -91.670258 8.712111 0.213915
v -88.064384 11.737770 0.213915
v -83.641136 13.347706 0.213915
v -78.934006 13.347710 0.213915
v -74.510765 11.737766 0.213915
v -70.904884 8.712111 0.213915
v -68.551331 4.635621 0.213915
v 70.674034 3.863038 0.213915
v 72.635330 7.260118 0.213915
v 75.640221 9.781505 0.213915
v 79.326263 11.123117 0.213915
v 83.248871 11.123113 0.213915
v 86.934906 9.781500 0.213915
v 89.939812 7.260122 0.213915
v 91.901115 3.863046 0.213915
v 92.582283 0.000021 0.213915
v 91.901115 -3.862999 0.213914
v 89.939812 -7.260079 0.213914
v 86.934914 -9.781462 0.213914
v 83.248871 -11.123075 0.213914
v 79.326263 -11.123078 0.213914
v 75.640221 -9.781466 0.213914
v 72.635330 -7.260079 0.213914
v 70.674034 -3.863008 0.213914
v 68.551331 4.635646 0.213915
v 70.904877 8.712132 0.213915
v 74.510757 11.737802 0.213915
v 78.934006 13.347732 0.213915
v 83.641136 13.347728 0.213915
v 88.064384 11.737802 0.213915
v 91.670258 8.712137 0.213915
v 94.023819 4.635646 0.213915
v 94.841225 0.000021 0.213915
v 94.023827 -4.635608 0.213914
v 91.670258 -8.712098 0.213914
v 88.064384 -11.737759 0.213914
v 83.641136 -13.347696 0.213914
v 78.934006 -13.347701 0.213914
v 74.510765 -11.737759 0.213914
v 70.904884 -8.712102 0.213914
v 68.551331 -4.635608 0.213914
v 38.682495 -59.273994 0.213912
v 42.605091 -59.273987 0.213912
v 46.291126 -60.615612 0.213912
v 49.296024 -63.137012 0.213912
v 51.257328 -66.534088 0.213912
v 51.938473 -70.397102 0.213912
v 51.257336 -74.260109 0.213911
v 49.296032 -77.657181 0.213911
v 46.291138 -80.178589 0.213911
v 42.605083 -81.520210 0.213911
v 38.682476 -81.520210 0.213911
v 34.996445 -80.178581 0.213911
v 31.991556 -77.657188 0.213911
v 30.030256 -74.260109 0.213911
v 29.349104 -70.397102 0.213912
v 30.030233 -66.534088 0.213912
v 31.991545 -63.137012 0.213912
v 38.290237 -57.049370 0.213912
v 42.997360 -57.049366 0.213912
v 47.420597 -58.659325 0.213912
v 51.026463 -61.684998 0.213912
v 53.380028 -65.761490 0.213912
v 54.197411 -70.397102 0.213912
v 53.380047 -75.032715 0.213911
v 51.026485 -79.109200 0.213911
v 47.420609 -82.134895 0.213911
v 42.997341 -83.744827 0.213911
v 38.290218 -83.744843 0.213911
v 33.866978 -82.134880 0.213911
v 30.261112 -79.109200 0.213911
v 27.907545 -75.032715 0.213911
v 27.090170 -70.397102 0.213912
v 27.907530 -65.761482 0.213912
v 30.261095 -61.685005 0.213912
v -38.682495 59.273994 0.213917
v -42.605095 59.273987 0.213917
v -46.291130 60.615616 0.213917
v -49.296024 63.137012 0.213917
v -51.257328 66.534088 0.213918
v -51.938477 70.397102 0.213918
v -51.257339 74.260117 0.213918
v -49.296036 77.657181 0.213918
v -46.291142 80.178596 0.213918
v -42.605087 81.520210 0.213918
v -38.682480 81.520210 0.213918
v -34.996445 80.178581 0.213918
v -31.991562 77.657196 0.213918
v -30.030256 74.260109 0.213918
v -29.349112 70.397102 0.213918
v -30.030237 66.534088 0.213918
v -31.991549 63.137024 0.213917
v -38.290245 57.049377 0.213917
v -42.997364 57.049366 0.213917
v -47.420609 58.659325 0.213917
v -51.026466 61.684998 0.213917
v -53.380032 65.761497 0.213918
v -54.197414 70.397102 0.213918
v -53.380047 75.032715 0.213918
v -51.026485 79.109200 0.213918
v -47.420616 82.134903 0.213918
v -42.997341 83.744827 0.213918
v -38.290218 83.744843 0.213918
v -33.866982 82.134895 0.213918
v -30.261112 79.109200 0.213918
v -27.907545 75.032715 0.213918
v -27.090170 70.397102 0.213918
v -27.907534 65.761482 0.213918
v -30.261099 61.685005 0.213917
v -31.991533 -63.137028 0.213912
v -30.030222 -66.534096 0.213912
v -29.349091 -70.397102 0.213912
v -30.030237 -74.260117 0.213911
v -31.991545 -77.657196 0.213911
v -34.996426 -80.178581 0.213911
v -38.682457 -81.520210 0.213911
v -42.605068 -81.520210 0.213911
v -46.291122 -80.178596 0.213911
v -49.296017 -77.657188 0.213911
v -51.257320 -74.260117 0.213911
v -51.938450 -70.397102 0.213912
v -51.257313 -66.534103 0.213912
v -49.296001 -63.137024 0.213912
v -46.291119 -60.615620 0.213912
v -42.605083 -59.273998 0.213912
v -38.682480 -59.274002 0.213912
v -30.261082 -61.685009 0.213912
v -27.907507 -65.761490 0.213912
v -27.090151 -70.397102 0.213912
v -27.907530 -75.032715 0.213911
v -30.261095 -79.109207 0.213911
v -33.866959 -82.134880 0.213911
v -38.290195 -83.744843 0.213911
v -42.997318 -83.744827 0.213911
v -47.420593 -82.134903 0.213911
v -51.026463 -79.109200 0.213911
v -53.380032 -75.032722 0.213911
v -54.197392 -70.397110 0.213912
v -53.380016 -65.761497 0.213912
v -51.026451 -61.685005 0.213912
v -47.420582 -58.659328 0.213912
v -42.997345 -57.049370 0.213912
v -38.290226 -57.049385 0.213912
v 31.991522 63.137032 -0.213912
v 30.030216 66.534103 -0.213912
v 29.349087 70.397110 -0.213912
v 30.030230 74.260124 -0.213911
v 31.991537 77.657204 -0.213911
v 34.996418 80.178596 -0.213911
v 38.682453 81.520218 -0.213911
v 42.605068 81.520226 -0.213911
v 46.291119 80.178612 -0.213911
v 49.296013 77.657204 -0.213911
v 51.257317 74.260124 -0.213911
v 51.938446 70.397118 -0.213912
v 51.257305 66.534119 -0.213912
v 49.295998 63.137032 -0.213912
v 46.291115 60.615635 -0.213912
v 42.605080 59.274002 -0.213912
v 38.682476 59.274010 -0.213912
v 30.261078 61.685028 -0.213912
v 27.907503 65.761497 -0.213912
v 27.090147 70.397110 -0.213912
v 27.907524 75.032722 -0.213911
v 30.261091 79.109215 -0.213911
v 33.866955 82.134903 -0.213911
v 38.290195 83.744850 -0.213911
v 42.997314 83.744843 -0.213911
v 47.420582 82.134918 -0.213911
v 51.026455 79.109215 -0.213911
v 53.380028 75.032730 -0.213911
v 54.197392 70.397125 -0.213912
v 53.380009 65.761505 -0.213912
v 51.026443 61.685009 -0.213912
v 47.420578 58.659336 -0.213912
v 42.997341 57.049381 -0.213912
v 38.290226 57.049397 -0.213912
v -70.674034 -3.863029 -0.213915
v -72.635330 -7.260109 -0.213915
v -75.640221 -9.781492 -0.213915
v -79.326256 -11.123109 -0.213915
v -83.248878 -11.123105 -0.213915
v -86.934906 -9.781492 -0.213915
v -89.939812 -7.260105 -0.213915
v -91.901115 -3.863034 -0.213915
v -92.582283 -0.000009 -0.213915
v -91.901115 3.863012 -0.213914
v -89.939812 7.260092 -0.213914
v -86.934914 9.781475 -0.213914
v -83.248871 11.123083 -0.213914
v -79.326256 11.123088 -0.213914
v -75.640221 9.781475 -0.213914
v -72.635330 7.260088 -0.213914
v -70.674034 3.863012 -0.213914
v -68.551331 -4.635633 -0.213915
v -70.904884 -8.712128 -0.213915
v -74.510765 -11.737788 -0.213915
v -78.934006 -13.347722 -0.213915
v -83.641136 -13.347728 -0.213915
v -88.064392 -11.737788 -0.213915
v -91.670258 -8.712128 -0.213915
v -94.023819 -4.635642 -0.213915
v -94.841217 -0.000009 -0.213915
v -94.023827 4.635621 -0.213914
v -91.670258 8.712111 -0.213914
v -88.064384 11.737770 -0.213914
v -83.641136 13.347706 -0.213914
v -78.934006 13.347710 -0.213914
v -74.510765 11.737766 -0.213914
v -70.904884 8.712111 -0.213914
v -68.551331 4.635621 -0.213914
v 70.674034 3.863038 -0.213914
v 72.635330 7.260118 -0.213914
v 75.640221 9.781505 -0.213914
v 79.326263 11.123117 -0.213914
v 83.248871 11.123113 -0.213914
v 86.934906 9.781500 -0.213914
v 89.939812 7.260122 -0.213914
v 91.901115 3.863046 -0.213914
v 92.582283 0.000021 -0.213915
v 91.901115 -3.862999 -0.213915
v 89.939812 -7.260079 -0.213915
v 86.934914 -9.781462 -0.213915
v 83.248871 -11.123075 -0.213915
v 79.326263 -11.123078 -0.213915
v 75.640221 -9.781466 -0.213915
v 72.635330 -7.260079 -0.213915
v 70.674034 -3.863008 -0.213915
v 68.551331 4.635646 -0.213914
v 70.904877 8.712132 -0.213914
v 74.510757 11.737802 -0.213914
v 78.934006 13.347732 -0.213914
v 83.641136 13.347728 -0.213914
v 88.064384 11.737802 -0.213914
v 91.670258 8.712137 -0.213914
v 94.023819 4.635646 -0.213914
v 94.841225 0.000021 -0.213915
v 94.023827 -4.635608 -0.213915
v 91.670258 -8.712098 -0.213915
v 88.064384 -11.737759 -0.213915
v 83.641136 -13.347696 -0.213915
v 78.934006 -13.347701 -0.213915
v 74.510765 -11.737759 -0.213915
v 70.904884 -8.712102 -0.213915
v 68.551331 -4.635608 -0.213915
v 38.682495 -59.273994 -0.213917
v 42.605091 -59.273987 -0.213917
v 46.291126 -60.615612 -0.213917
v 49.296024 -63.137012 -0.213917
v 51.257328 -66.534088 -0.213918
v 51.938473 -70.397102 -0.213918
v 51.257336 -74.260109 -0.213918
v 49.296032 -77.657181 -0.213918
v 46.291138 -80.178589 -0.213918
v 42.605083 -81.520210 -0.213918
v 38.682476 -81.520210 -0.213918
v 34.996445 -80.178581 -0.213918
v 31.991556 -77.657188 -0.213918
v 30.030256 -74.260109 -0.213918
v 29.349104 -70.397102 -0.213918
v 30.030233 -66.534088 -0.213918
v 31.991545 -63.137012 -0.213917
v 38.290237 -57.049370 -0.213917
v 42.997360 -57.049366 -0.213917
v 47.420597 -58.659325 -0.213917
v 51.026463 -61.684998 -0.213917
v 53.380028 -65.761490 -0.213918
v 54.197411 -70.397102 -0.213918
v 53.380047 -75.032715 -0.213918
v 51.026485 -79.109200 -0.213918
v 47.420609 -82.134895 -0.213918
v 42.997341 -83.744827 -0.213918
v 38.290218 -83.744843 -0.213918
v 33.866978 -82.134880 -0.213918
v 30.261112 -79.109200 -0.213918
v 27.907545 -75.032715 -0.213918
v 27.090170 -70.397102 -0.213918
v 27.907530 -65.761482 -0.213918
v 30.261095 -61.685005 -0.213917
v -38.682495 59.273994 -0.213912
v -42.605095 59.273987 -0.213912
v -46.291130 60.615616 -0.213912
v -49.296024 63.137012 -0.213912
v -51.257328 66.534088 -0.213912
v -51.938477 70.397102 -0.213912
v -51.257339 74.260117 -0.213911
v -49.296036 77.657181 -0.213911
v -46.291142 80.178596 -0.213911
v -42.605087 81.520210 -0.213911
v -38.682480 81.520210 -0.213911
v -34.996445 80.178581 -0.213911
v -31.991562 77.657196 -0.213911
v -30.030256 74.260109 -0.213911
v -29.349112 70.397102 -0.213912
v -30.030237 66.534088 -0.213912
v -31.991549 63.137024 -0.213912
v -38.290245 57.049377 -0.213912
v -42.997364 57.049366 -0.213912
v -47.420609 58.659325 -0.213912
v -51.026466 61.684998 -0.213912
v -53.380032 65.761497 -0.213912
v -54.197414 70.397102 -0.213912
v -53.380047 75.032715 -0.213911
v -51.026485 79.109200 -0.213911
v -47.420616 82.134903 -0.213911
v -42.997341 83.744827 -0.213911
v -38.290218 83.744843 -0.213911
v -33.866982 82.134895 -0.213911
v -30.261112 79.109200 -0.213911
v -27.907545 75.032715 -0.213911
v -27.090170 70.397102 -0.213912
v -27.907534 65.761482 -0.213912
v -30.261099 61.685005 -0.213912
v -31.991533 -63.137028 -0.213917
v -30.030222 -66.534096 -0.213918
v -29.349091 -70.397102 -0.213918
v -30.030237 -74.260117 -0.213918
v -31.991545 -77.657196 -0.213918
v -34.996426 -80.178581 -0.213918
v -38.682457 -81.520210 -0.213918
v -42.605068 -81.520210 -0.213918
v -46.291122 -80.178596 -0.213918
v -49.296017 -77.657188 -0.213918
v -51.257320 -74.260117 -0.213918
v -51.938450 -70.397102 -0.213918
v -51.257313 -66.534103 -0.213918
v -49.296001 -63.137024 -0.213917
v -46.291119 -60.615620 -0.213917
v -42.605083 -59.273998 -0.213917
v -38.682480 -59.274002 -0.213917
v -30.261082 -61.685009 -0.213917
v -27.907507 -65.761490 -0.213918
v -27.090151 -70.397102 -0.213918
v -27.907530 -75.032715 -0.213918
v -30.261095 -79.109207 -0.213918
v -33.866959 -82.134880 -0.213918
v -38.290195 -83.744843 -0.213918
v -42.997318 -83.744827 -0.213918
v -47.420593 -82.134903 -0.213918
v -51.026463 -79.109200 -0.213918
v -53.380032 -75.032722 -0.213918
v -54.197392 -70.397110 -0.213918
v -53.380016 -65.761497 -0.213918
v -51.026451 -61.685005 -0.213917
v -47.420582 -58.659328 -0.213917
v -42.997345 -57.049370 -0.213917
v -38.290226 -57.049385 -0.213917
v 0.000000 -71.875328 0.213912
v -12.481022 -70.783379 0.213912
v -23.412197 -64.324486 0.213912
v -44.000546 -52.437805 0.213912
v -55.059700 -46.200577 0.213913
v -62.245861 -35.937664 0.213913
v -67.540718 -24.582811 0.213914
v -67.412735 -11.886686 0.213914
v -67.412735 11.886686 0.213915
v -67.540718 24.582811 0.213916
v -62.245861 35.937664 0.213916
v -55.059700 46.200577 0.213917
v -44.000546 52.437805 0.213917
v -23.412197 64.324486 0.213917
v -12.481022 70.783379 0.213918
v 0.000000 71.875328 0.213918
v 12.481022 70.783379 0.213918
v 23.412197 64.324486 0.213917
v 44.000546 52.437805 0.213917
v 55.059700 46.200577 0.213917
v 62.245861 35.937664 0.213916
v 67.540718 24.582811 0.213916
v 67.412735 11.886686 0.213915
v 67.412735 -11.886686 0.213914
v 67.540718 -24.582811 0.213914
v 62.245861 -35.937664 0.213913
v 55.059700 -46.200577 0.213913
v 44.000546 -52.437805 0.213912
v 23.412197 -64.324486 0.213912
v 12.481022 -70.783379 0.213912
v 0.000000 -75.469101 0.213911
v -13.105071 -74.322556 0.213911
v -24.582811 -67.540718 0.213912
v -46.200577 -55.059700 0.213912
v -57.812687 -48.510609 0.213913
v -65.358154 -37.734550 0.213913
v -70.917755 -25.811956 0.213914
v -70.783379 -12.481022 0.213914
v -70.783379 12.481022 0.213915
v -70.917755 25.811956 0.213916
v -65.358154 37.734550 0.213916
v -57.812687 48.510609 0.213917
v -46.200577 55.059700 0.213917
v -24.582811 67.540718 0.213918
v -13.105071 74.322556 0.213918
v 0.000000 75.469101 0.213918
v 13.105071 74.322556 0.213918
v 24.582811 67.540718 0.213918
v 46.200577 55.059700 0.213917
v 57.812687 48.510609 0.213917
v 65.358154 37.734550 0.213916
v 70.917755 25.811956 0.213916
v 70.783379 12.481022 0.213915
v 70.783379 -12.481022 0.213914
v 70.917755 -25.811956 0.213914
v 65.358154 -37.734550 0.213913
v 57.812687 -48.510609 0.213913
v 46.200577 -55.059700 0.213912
v 24.582811 -67.540718 0.213912
v 13.105071 -74.322556 0.213911
v 0.000000 -71.875328 -0.213918
v -12.481022 -70.783379 -0.213918
v -23.412197 -64.324486 -0.213917
v -44.000546 -52.437805 -0.213917
v -55.059700 -46.200577 -0.213917
v -62.245861 -35.937664 -0.213916
v -67.540718 -24.582811 -0.213916
v -67.412735 -11.886686 -0.213915
v -67.412735 11.886686 -0.213914
v -67.540718 24.582811 -0.213914
v -62.245861 35.937664 -0.213913
v -55.059700 46.200577 -0.213913
v -44.000546 52.437805 -0.213912
v -23.412197 64.324486 -0.213912
v -12.481022 70.783379 -0.213912
v 0.000000 71.875328 -0.213912
v 12.481022 70.783379 -0.213912
v 23.412197 64.324486 -0.213912
v 44.000546 52.437805 -0.213912
v 55.059700 46.200577 -0.213913
v 62.245861 35.937664 -0.213913
v 67.540718 24.582811 -0.213914
v 67.412735 11.886686 -0.213914
v 67.412735 -11.886686 -0.213915
v 67.540718 -24.582811 -0.213916
v 62.245861 -35.937664 -0.213916
v 55.059700 -46.200577 -0.213917
v 44.000546 -52.437805 -0.213917
v 23.412197 -64.324486 -0.213917
v 12.481022 -70.783379 -0.213918
v 0.000000 -75.469101 -0.213918
v -13.105071 -74.322556 -0.213918
v -24.582811 -67.540718 -0.213918
v -46.200577 -55.059700 -0.213917
v -57.812687 -48.510609 -0.213917
v -65.358154 -37.734550 -0.213916
v -70.917755 -25.811956 -0.213916
v -70.783379 -12.481022 -0.213915
v -70.783379 12.481022 -0.213914
v -70.917755 25.811956 -0.213914
v -65.358154 37.734550 -0.213913
v -57.812687 48.510609 -0.213913
v -46.200577 55.059700 -0.213912
v -24.582811 67.540718 -0.213912
v -13.105071 74.322556 -0.213911
v 0.000000 75.469101 -0.213911
v 13.105071 74.322556 -0.213911
v 24.582811 67.540718 -0.213912
v 46.200577 55.059700 -0.213912
v 57.812687 48.510609 -0.213913
v 65.358154 37.734550 -0.213913
v 70.917755 25.811956 -0.213914
v 70.783379 12.481022 -0.213914
v 70.783379 -12.481022 -0.213915
v 70.917755 -25.811956 -0.213916
v 65.358154 -37.734550 -0.213916
v 57.812687 -48.510609 -0.213917
v 46.200577 -55.059700 -0.213917
v 24.582811 -67.540718 -0.213918
v 13.105071 -74.322556 -0.213918
v -98.725014 -6.421513 0.734155
v -98.725014 -6.421513 -0.734155
v -108.464828 -1.319327 0.807571
v -108.464828 -1.319327 -0.807571
v -89.665703 -24.409536 0.667413
v -89.665703 -24.409536 -0.667415
v -90.546387 -19.830420 0.680761
v -90.546387 -19.830420 -0.680763
v -90.546371 19.830496 0.680763
v -90.546371 19.830496 -0.680761
v -89.665672 24.409618 0.667415
v -89.665672 24.409618 -0.667413
v -98.725014 6.421624 0.734155
v -98.725014 6.421624 -0.734155
v -108.464836 1.319464 0.807571
v -108.464836 1.319464 -0.807571
v -62.446915 -68.500206 0.680759
v -62.446915 -68.500206 -0.680765
v -65.972206 -65.447937 0.667411
v -65.972206 -65.447937 -0.667417
v -54.923809 -82.287552 0.734152
v -54.923809 -82.287552 -0.734159
v -55.375126 -93.273560 0.807567
v -55.375126 -93.273560 -0.807575
v -43.801331 -88.709122 0.734151
v -43.801331 -88.709122 -0.734159
v -53.089863 -94.592934 0.807566
v -53.089863 -94.592934 -0.807575
v -23.693590 -89.857536 0.667410
v -23.693590 -89.857536 -0.667418
v -28.099573 -88.330666 0.680758
v -28.099573 -88.330666 -0.680766
v -28.099453 88.330711 0.680766
v -28.099453 88.330711 -0.680758
v -23.693466 89.857574 0.667418
v -23.693466 89.857574 -0.667410
v -43.801197 88.709190 0.734159
v -43.801197 88.709190 -0.734151
v -53.089703 94.593048 0.807575
v -53.089703 94.593048 -0.807566
v -54.923679 82.287628 0.734159
v -54.923679 82.287628 -0.734152
v -55.374954 93.273643 0.807575
v -55.374954 93.273643 -0.807567
v -65.972122 65.448021 0.667417
v -65.972122 65.448021 -0.667411
v -62.446819 68.500282 0.680765
v -62.446819 68.500282 -0.680759
v 62.446941 68.500183 0.680765
v 62.446941 68.500183 -0.680759
v 65.972221 65.447914 0.667417
v 65.972221 65.447914 -0.667411
v 54.923836 82.287537 0.734159
v 54.923836 82.287537 -0.734152
v 55.375156 93.273537 0.807575
v 55.375156 93.273537 -0.807567
v 43.801361 88.709106 0.734159
v 43.801361 88.709106 -0.734151
v 53.089893 94.592926 0.807575
v 53.089893 94.592926 -0.807566
v 23.693621 89.857536 0.667418
v 23.693621 89.857536 -0.667410
v 28.099598 88.330666 0.680766
v 28.099598 88.330666 -0.680758
v 90.546364 -19.830523 0.680761
v 90.546364 -19.830523 -0.680763
v 89.665665 -24.409639 0.667413
v 89.665665 -24.409639 -0.667415
v 98.725006 -6.421645 0.734155
v 98.725006 -6.421645 -0.734155
v 108.464828 -1.319490 0.807571
v 108.464828 -1.319490 -0.807571
v 98.725014 6.421491 0.734155
v 98.725014 6.421491 -0.734155
v 108.464828 1.319297 0.807571
v 108.464828 1.319297 -0.807571
v 89.665710 24.409513 0.667415
v 89.665710 24.409513 -0.667413
v 90.546387 19.830389 0.680763
v 90.546387 19.830389 -0.680761
v 28.099461 -88.330711 0.680758
v 28.099461 -88.330711 -0.680766
v 23.693474 -89.857559 0.667410
v 23.693474 -89.857559 -0.667418
v 43.801205 -88.709175 0.734151
v 43.801205 -88.709175 -0.734159
v 53.089714 -94.593040 0.807566
v 53.089714 -94.593040 -0.807575
v 54.923687 -82.287621 0.734152
v 54.923687 -82.287621 -0.734159
v 55.374966 -93.273643 0.807567
v 55.374966 -93.273643 -0.807575
v 65.972122 -65.448013 0.667411
v 65.972122 -65.448013 -0.667417
v 62.446823 -68.500275 0.680759
v 62.446823 -68.500275 -0.680765
v -189.750885 0.000009 0.213915
v 94.875458 164.329086 0.213922
v 94.875427 -164.329086 0.213907
v -208.725998 0.000009 0.213915
v 104.363007 180.762024 0.213923
v 104.362991 -180.762024 0.213907
v -189.750885 0.000009 -0.213915
v 94.875458 164.329086 -0.213907
v 94.875427 -164.329086 -0.213922
v -208.725998 0.000009 -0.213915
v 104.363007 180.762024 -0.213907
v 104.362991 -180.762024 -0.213923
v -94.875443 -164.329071 0.213907
v -94.875443 164.329071 0.213922
v 189.750854 -0.000017 0.213915
v -104.363007 -180.761993 0.213907
v -104.362999 180.762024 0.213923
v 208.725998 -0.000009 0.213915
v -94.875443 -164.329071 -0.213922
v -94.875443 164.329071 -0.213907
v 189.750854 -0.000017 -0.213915
v -104.363007 -180.761993 -0.213923
v -104.362999 180.762024 -0.213907
v 208.725998 -0.000009 -0.213915
v -122.514000 -146.006485 -0.855665
v -146.006500 -122.514000 -0.855664
v -165.062668 -95.298950 -0.855663
v -179.103455 -65.188324 -0.855662
v -187.702332 -33.096989 -0.855660
v -187.702332 33.097000 -0.855657
v -179.103455 65.188339 -0.855656
v -165.062637 95.298973 -0.855654
v -146.006485 122.514000 -0.855653
v -122.514000 146.006500 -0.855652
v -65.188324 179.103455 -0.855651
v -33.096989 187.702332 -0.855650
v 0.000004 190.597946 -0.855650
v 33.097000 187.702332 -0.855650
v 65.188339 179.103455 -0.855651
v 122.514000 146.006485 -0.855652
v 146.006500 122.514000 -0.855653
v 165.062668 95.298950 -0.855654
v 179.103455 65.188324 -0.855656
v 187.702332 33.096989 -0.855657
v 187.702332 -33.097000 -0.855660
v 179.103455 -65.188339 -0.855662
v 165.062637 -95.298981 -0.855663
v 146.006485 -122.514000 -0.855664
v 122.514000 -146.006500 -0.855665
v 65.188324 -179.103455 -0.855666
v 33.096989 -187.702332 -0.855667
v -0.000004 -190.597946 -0.855667
v -33.097000 -187.702332 -0.855667
v -65.188339 -179.103455 -0.855666
v -125.331795 -149.364594 -0.855665
v -149.364639 -125.331802 -0.855664
v -168.859085 -97.490837 -0.855663
v -183.222855 -66.687653 -0.855662
v -192.019455 -33.858215 -0.855660
v -192.019455 33.858223 -0.855657
v -183.222839 66.687653 -0.855656
v -168.859055 97.490829 -0.855654
v -149.364594 125.331802 -0.855653
v -125.331802 149.364639 -0.855652
v -66.687653 183.222855 -0.855651
v -33.858215 192.019455 -0.855650
v 0.000009 194.981659 -0.855650
v 33.858223 192.019455 -0.855650
v 66.687653 183.222839 -0.855651
v 125.331802 149.364594 -0.855652
v 149.364639 125.331802 -0.855653
v 168.859085 97.490837 -0.855654
v 183.222855 66.687653 -0.855656
v 192.019455 33.858215 -0.855657
v 192.019455 -33.858223 -0.855660
v 183.222839 -66.687653 -0.855662
v 168.859055 -97.490837 -0.855663
v 149.364594 -125.331802 -0.855664
v 125.331802 -149.364639 -0.855665
v 66.687653 -183.222855 -0.855667
v 33.858215 -192.019455 -0.855667
v -0.000009 -194.981659 -0.855667
v -33.858223 -192.019455 -0.855667
v -66.687653 -183.222839 -0.855667
v -122.514000 -146.006485 0.855652
v -146.006500 -122.514000 0.855653
v -165.062668 -95.298950 0.855654
v -179.103455 -65.188324 0.855656
v -187.702332 -33.096989 0.855657
v -187.702332 33.097000 0.855660
v -179.103455 65.188339 0.855662
v -165.062637 95.298973 0.855663
v -146.006485 122.514000 0.855664
v -122.514000 146.006500 0.855665
v -65.188324 179.103455 0.855666
v -33.096989 187.702332 0.855667
v 0.000004 190.597946 0.855667
v 33.097000 187.702332 0.855667
v 65.188339 179.103455 0.855666
v 122.514000 146.006485 0.855665
v 146.006500 122.514000 0.855664
v 165.062668 95.298950 0.855663
v 179.103455 65.188324 0.855662
v 187.702332 33.096989 0.855660
v 187.702332 -33.097000 0.855657
v 179.103455 -65.188339 0.855656
v 165.062637 -95.298981 0.855654
v 146.006485 -122.514000 0.855653
v 122.514000 -146.006500 0.855652
v 65.188324 -179.103455 0.855651
v 33.096989 -187.702332 0.855650
v -0.000004 -190.597946 0.855650
v -33.097000 -187.702332 0.855650
v -65.188339 -179.103455 0.855651
v -125.331795 -149.364594 0.855652
v -149.364639 -125.331802 0.855653
v -168.859085 -97.490837 0.855654
v -183.222855 -66.687653 0.855656
v -192.019455 -33.858215 0.855657
v -192.019455 33.858223 0.855660
v -183.222839 66.687653 0.855662
v -168.859055 97.490829 0.855663
v -149.364594 125.331802 0.855664
v -125.331802 149.364639 0.855665
v -66.687653 183.222855 0.855667
v -33.858215 192.019455 0.855667
v 0.000009 194.981659 0.855667
v 33.858223 192.019455 0.855667
v 66.687653 183.222839 0.855667
v 125.331802 149.364594 0.855665
v 149.364639 125.331802 0.855664
v 168.859085 97.490837 0.855663
v 183.222855 66.687653 0.855662
v 192.019455 33.858215 0.855660
v 192.019455 -33.858223 0.855657
v 183.222839 -66.687653 0.855656
v 168.859055 -97.490837 0.855654
v 149.364594 -125.331802 0.855653
v 125.331802 -149.364639 0.855652
v 66.687653 -183.222855 0.855651
v 33.858215 -192.019455 0.855650
v -0.000009 -194.981659 0.855650
v -33.858223 -192.019455 0.855650
v -66.687653 -183.222839 0.855651
v 108.822357 121.360931 -0.855653
v 131.405869 110.262619 -0.855654
v 148.556396 85.769066 -0.855655
v 161.193161 58.669510 -0.855656
v 159.512833 33.562485 -0.855657
v 111.013481 123.972206 -0.855653
v 134.428177 112.798645 -0.855654
v 151.973206 87.741776 -0.855655
v 164.900604 60.018902 -0.855656
v 162.869858 34.154423 -0.855657
v 108.822357 121.360931 0.855664
v 131.405869 110.262619 0.855663
v 148.556396 85.769066 0.855662
v 161.193161 58.669510 0.855661
v 159.512833 33.562485 0.855660
v 111.013481 123.972206 0.855664
v 134.428177 112.798645 0.855664
v 151.973206 87.741776 0.855662
v 164.900604 60.018902 0.855661
v 162.869858 34.154423 0.855660
v 159.512833 -33.562477 -0.855660
v 161.193161 -58.669514 -0.855661
v 148.556412 -85.769089 -0.855662
v 131.405853 -110.262627 -0.855663
v 108.822357 -121.360924 -0.855664
v 162.869843 -34.154408 -0.855660
v 164.900589 -60.018906 -0.855661
v 151.973206 -87.741768 -0.855662
v 134.428192 -112.798660 -0.855664
v 111.013504 -123.972221 -0.855664
v 159.512833 -33.562477 0.855657
v 161.193161 -58.669514 0.855656
v 148.556412 -85.769089 0.855655
v 131.405853 -110.262627 0.855654
v 108.822357 -121.360924 0.855653
v 162.869843 -34.154408 0.855657
v 164.900589 -60.018906 0.855656
v 151.973206 -87.741768 0.855655
v 134.428192 -112.798660 0.855654
v 111.013504 -123.972221 0.855653
v 50.690479 -154.923386 -0.855665
v 29.787312 -168.932114 -0.855666
v 0.000017 -171.538132 -0.855666
v -29.787287 -168.932098 -0.855666
v -50.690441 -154.923401 -0.855665
v 51.856350 -158.126587 -0.855666
v 30.472412 -172.817535 -0.855666
v 0.000017 -175.483521 -0.855666
v -30.472387 -172.817535 -0.855666
v -51.856327 -158.126617 -0.855666
v 50.690479 -154.923386 0.855652
v 29.787312 -168.932114 0.855651
v 0.000017 -171.538132 0.855651
v -29.787287 -168.932098 0.855651
v -50.690441 -154.923401 0.855652
v 51.856350 -158.126587 0.855652
v 30.472412 -172.817535 0.855651
v 0.000017 -175.483521 0.855651
v -30.472387 -172.817535 0.855651
v -51.856327 -158.126617 0.855652
v -50.690426 154.923416 -0.855652
v -29.787252 168.932159 -0.855651
v 0.000047 171.538177 -0.855651
v 29.787352 168.932129 -0.855651
v 50.690506 154.923401 -0.855652
v -51.856304 158.126648 -0.855652
v -30.472353 172.817596 -0.855651
v 0.000047 175.483536 -0.855651
v 30.472446 172.817551 -0.855651
v 51.856392 158.126617 -0.855652
v -50.690426 154.923416 0.855665
v -29.787252 168.932159 0.855666
v 0.000047 171.538177 0.855666
v 29.787352 168.932129 0.855666
v 50.690506 154.923401 0.855665
v -51.856304 158.126648 0.855666
v -30.472353 172.817596 0.855666
v 0.000047 175.483536 0.855666
v 30.472446 172.817551 0.855666
v 51.856392 158.126617 0.855666
v -159.512833 33.562473 -0.855657
v -161.193161 58.669510 -0.855656
v -148.556412 85.769081 -0.855655
v -131.405853 110.262619 -0.855654
v -108.822372 121.360924 -0.855653
v -162.869843 34.154400 -0.855657
v -164.900589 60.018902 -0.855656
v -151.973206 87.741760 -0.855655
v -134.428192 112.798653 -0.855654
v -111.013512 123.972221 -0.855653
v -159.512833 33.562473 0.855660
v -161.193161 58.669510 0.855661
v -148.556412 85.769081 0.855662
v -131.405853 110.262619 0.855663
v -108.822372 121.360924 0.855664
v -162.869843 34.154400 0.855660
v -164.900589 60.018902 0.855661
v -151.973206 87.741760 0.855662
v -134.428192 112.798653 0.855664
v -111.013512 123.972221 0.855664
v -108.822357 -121.360931 -0.855664
v -131.405869 -110.262619 -0.855663
v -148.556396 -85.769066 -0.855662
v -161.193146 -58.669495 -0.855661
v -159.512833 -33.562481 -0.855660
v -111.013481 -123.972206 -0.855664
v -134.428177 -112.798645 -0.855664
v -151.973206 -87.741768 -0.855662
v -164.900589 -60.018906 -0.855661
v -162.869858 -34.154408 -0.855660
v -108.822357 -121.360931 0.855653
v -131.405869 -110.262619 0.855654
v -148.556396 -85.769066 0.855655
v -161.193146 -58.669495 0.855656
v -159.512833 -33.562481 0.855657
v -111.013481 -123.972206 0.855653
v -134.428177 -112.798645 0.855654
v -151.973206 -87.741768 0.855655
v -164.900589 -60.018906 0.855656
v -162.869858 -34.154408 0.855657
v -225.890762 25.988829 0.000001
v -197.212128 50.802238 0.000002
v -174.044754 100.484795 0.000004
v -142.602081 145.389587 0.000006
v -135.452362 182.632736 0.000008
v -231.589401 26.993647 0.000001
v -204.009033 53.276108 0.000002
v -180.308853 104.101357 0.000005
v -148.142990 150.038956 0.000007
v -139.171860 187.065491 0.000008
v 225.890762 -25.988838 -0.000001
v 197.212128 -50.802246 -0.000002
v 174.044754 -100.484810 -0.000004
v 142.602081 -145.389603 -0.000006
v 135.452362 -182.632736 -0.000008
v 231.589401 -26.993658 -0.000001
v 204.009033 -53.276119 -0.000002
v 180.308853 -104.101372 -0.000005
v 148.142960 -150.038956 -0.000007
v 139.171860 -187.065491 -0.000008
v 90.438393 -208.621567 -0.000009
v 54.610027 -196.191833 -0.000009
v -0.000013 -200.969589 -0.000009
v -54.610050 -196.191833 -0.000009
v -90.438431 -208.621567 -0.000009
v 92.417496 -214.059128 -0.000009
v 55.866051 -203.315063 -0.000009
v -0.000013 -208.202713 -0.000009
v -55.866077 -203.315063 -0.000009
v -92.417542 -214.059128 -0.000009
v -90.438400 208.621567 0.000009
v -54.610031 196.191833 0.000009
v 0.000004 200.969589 0.000009
v 54.610043 196.191833 0.000009
v 90.438416 208.621567 0.000009
v -92.417503 214.059128 0.000009
v -55.866055 203.315063 0.000009
v 0.000004 208.202713 0.000009
v 55.866074 203.315063 0.000009
v 92.417534 214.059128 0.000009
v -135.452393 -182.632721 -0.000008
v -142.602081 -145.389587 -0.000006
v -174.044769 -100.484772 -0.000004
v -197.212128 -50.802219 -0.000002
v -225.890793 -25.988804 -0.000001
v -139.171890 -187.065475 -0.000008
v -148.143005 -150.038940 -0.000007
v -180.308853 -104.101341 -0.000005
v -204.009064 -53.276089 -0.000002
v -231.589401 -26.993620 -0.000001
v 135.452362 182.632736 0.000008
v 142.602066 145.389603 0.000006
v 174.044754 100.484810 0.000004
v 197.212128 50.802250 0.000002
v 225.890762 25.988838 0.000001
v 139.171860 187.065491 0.000008
v 148.142960 150.038971 0.000007
v 180.308853 104.101372 0.000005
v 204.009033 53.276123 0.000002
v 231.589401 26.993658 0.000001
v -204.495972 15.815926 1.565753
v -204.495972 15.815926 -1.565752
v -198.990387 25.019958 1.535053
v -198.990387 25.019958 -1.535051
v -251.213776 0.000124 1.688557
v -251.213776 0.000124 -1.688557
v -285.524597 0.000154 1.857412
v -285.524597 0.000154 -1.857412
v -198.990448 -25.019779 1.535051
v -198.990448 -25.019779 -1.535053
v -204.496002 -15.815746 1.565752
v -204.496002 -15.815746 -1.565753
v -193.899551 11.470258 1.135536
v -193.899551 11.470258 -1.135535
v -189.906693 18.145319 1.113273
v -189.906693 18.145319 -1.113271
v -189.906723 -18.145155 1.113271
v -189.906723 -18.145155 -1.113273
v -193.899551 -11.470078 1.135535
v -193.899551 -11.470078 -1.135536
v -115.945007 -169.190720 1.565745
v -115.945007 -169.190720 -1.565760
v -121.163155 -159.820724 1.535045
v -121.163155 -159.820724 -1.535059
v -125.607033 -217.557404 1.688547
v -125.607033 -217.557404 -1.688566
v -142.762482 -247.271439 1.857402
v -142.762482 -247.271439 -1.857423
v -77.827484 -184.840652 1.535043
v -77.827484 -184.840652 -1.535060
v -88.551208 -185.006592 1.565745
v -88.551208 -185.006592 -1.565761
v -106.883331 -162.186798 1.135529
v -106.883331 -162.186798 -1.135543
v -110.667686 -155.391342 1.113265
v -110.667686 -155.391342 -1.113279
v -79.239235 -173.536621 1.113264
v -79.239235 -173.536621 -1.113279
v -87.016418 -173.656967 1.135528
v -87.016418 -173.656967 -1.135544
v -88.550949 185.006683 1.565761
v -88.550949 185.006683 -1.565745
v -77.827232 184.840714 1.535060
v -77.827232 184.840714 -1.535043
v -125.606720 217.557602 1.688566
v -125.606720 217.557602 -1.688547
v -142.762100 247.271667 1.857423
v -142.762100 247.271667 -1.857402
v -121.162941 159.820908 1.535059
v -121.162941 159.820908 -1.535045
v -115.944794 169.190887 1.565760
v -115.944794 169.190887 -1.565745
v -87.016205 173.657074 1.135544
v -87.016205 173.657074 -1.135528
v -79.238991 173.536697 1.113279
v -79.238991 173.536697 -1.113264
v -110.667480 155.391495 1.113279
v -110.667480 155.391495 -1.113265
v -106.883110 162.186905 1.135543
v -106.883110 162.186905 -1.135529
v 88.550980 -185.006668 1.565745
v 88.550980 -185.006668 -1.565761
v 77.827255 -184.840714 1.535043
v 77.827255 -184.840714 -1.535060
v 125.606758 -217.557571 1.688547
v 125.606758 -217.557571 -1.688566
v 142.762131 -247.271652 1.857402
v 142.762131 -247.271652 -1.857423
v 121.162971 -159.820892 1.535045
v 121.162971 -159.820892 -1.535059
v 115.944824 -169.190872 1.565745
v 115.944824 -169.190872 -1.565760
v 87.016220 -173.657059 1.135528
v 87.016220 -173.657059 -1.135544
v 79.239014 -173.536697 1.113264
v 79.239014 -173.536697 -1.113279
v 110.667511 -155.391495 1.113265
v 110.667511 -155.391495 -1.113279
v 106.883133 -162.186890 1.135529
v 106.883133 -162.186890 -1.135543
v 115.945061 169.190674 1.565760
v 115.945061 169.190674 -1.565745
v 121.163185 159.820679 1.535059
v 121.163185 159.820679 -1.535045
v 125.607101 217.557373 1.688566
v 125.607101 217.557373 -1.688547
v 142.762558 247.271408 1.857423
v 142.762558 247.271408 -1.857402
v 77.827553 184.840622 1.535060
v 77.827553 184.840622 -1.535043
v 88.551262 185.006546 1.565761
v 88.551262 185.006546 -1.565745
v 106.883377 162.186768 1.135543
v 106.883377 162.186768 -1.135529
v 110.667732 155.391296 1.113279
v 110.667732 155.391296 -1.113265
v 79.239288 173.536575 1.113279
v 79.239288 173.536575 -1.113264
v 87.016487 173.656921 1.135544
v 87.016487 173.656921 -1.135528
v 204.495956 -15.815989 1.565752
v 204.495956 -15.815989 -1.565753
v 198.990372 -25.020020 1.535051
v 198.990372 -25.020020 -1.535053
v 251.213760 -0.000205 1.688557
v 251.213760 -0.000205 -1.688557
v 285.524597 -0.000257 1.857412
v 285.524597 -0.000257 -1.857412
v 198.990463 25.019711 1.535053
v 198.990463 25.019711 -1.535051
v 204.496002 15.815673 1.565753
v 204.496002 15.815673 -1.565752
v 193.899551 -11.470318 1.135535
v 193.899551 -11.470318 -1.135536
v 189.906693 -18.145378 1.113271
v 189.906693 -18.145378 -1.113273
v 189.906723 18.145092 1.113273
v 189.906723 18.145092 -1.113271
v 193.899551 11.470015 1.135536
v 193.899551 11.470015 -1.135535
v -12.834879 -213.914642 -0.000009
v 0.000000 -235.306107 -0.000010
v -12.834879 -222.471207 -0.000010
v 0.000000 -243.862671 -0.000011
v 12.834879 -213.914642 -0.000009
v 12.834879 -222.471207 -0.000010
v 12.834871 213.914642 0.000009
v -0.000009 235.306107 0.000010
v 12.834871 222.471207 0.000010
v -0.000009 243.862671 0.000011
v -12.834884 213.914642 0.000009
v -12.834888 222.471207 0.000010
v 191.672974 95.841934 0.000004
v 203.781097 117.653015 0.000005
v 199.083176 100.120232 0.000004
v 211.191299 121.931290 0.000005
v 178.838120 118.072609 0.000005
v 186.248306 122.350891 0.000005
v -191.672974 -95.841957 -0.000004
v -203.781097 -117.653023 -0.000005
v -199.083176 -100.120239 -0.000004
v -211.191299 -121.931297 -0.000005
v -178.838120 -118.072624 -0.000005
v -186.248306 -122.350906 -0.000005
v 178.838074 -118.072655 -0.000005
v 203.781067 -117.653061 -0.000005
v 186.248260 -122.350937 -0.000005
v 211.191269 -121.931335 -0.000005
v 191.672958 -95.841995 -0.000004
v 199.083160 -100.120277 -0.000004
v -178.838058 118.072693 0.000005
v -203.781036 117.653091 0.000005
v -186.248245 122.350975 0.000005
v -211.191238 121.931381 0.000005
v -191.672928 95.842033 0.000004
v -199.083145 100.120316 0.000004
vn -0.0034 -0.0016 1.0000
vn -0.0032 -0.0019 1.0000
vn -0.0035 -0.0013 1.0000
vn -0.0036 -0.0010 1.0000
vn 0.0011 -0.0035 1.0000
vn 0.0010 -0.0036 1.0000
vn 0.0007 -0.0037 1.0000
vn -0.0000 -0.0037 1.0000
vn 0.0029 0.0024 1.0000
vn 0.0027 0.0027 1.0000
vn 0.0032 0.0019 1.0000
vn -0.0035 0.0013 1.0000
vn -0.0036 0.0010 1.0000
vn 0.0034 0.0016 1.0000
vn 0.0035 0.0013 1.0000
vn -0.0032 0.0019 1.0000
vn -0.0031 0.0022 1.0000
vn 0.0036 0.0010 1.0000
vn -0.0029 0.0024 1.0000
vn -0.0027 0.0027 1.0000
vn -0.0007 -0.0037 1.0000
vn -0.0010 -0.0036 1.0000
vn 0.0035 -0.0013 1.0000
vn 0.0036 -0.0010 1.0000
vn 0.0032 -0.0019 1.0000
vn 0.0031 -0.0022 1.0000
vn -0.0011 0.0035 1.0000
vn -0.0010 0.0036 1.0000
vn -0.0007 0.0037 1.0000
vn 0.0029 -0.0024 1.0000
vn -0.0000 0.0037 1.0000
vn -0.0029 -0.0024 1.0000
vn -0.0027 -0.0027 1.0000
vn 0.0027 -0.0027 1.0000
vn 0.0007 0.0037 1.0000
vn 0.0010 0.0036 1.0000
vn -0.0032 -0.0019 -1.0000
vn -0.0035 -0.0013 -1.0000
vn -0.0036 -0.0010 -1.0000
vn 0.0007 -0.0037 -1.0000
vn 0.0010 -0.0036 -1.0000
vn -0.0000 -0.0037 -1.0000
vn 0.0027 0.0027 -1.0000
vn 0.0029 0.0024 -1.0000
vn 0.0032 0.0019 -1.0000
vn -0.0036 0.0010 -1.0000
vn -0.0035 0.0013 -1.0000
vn 0.0035 0.0013 -1.0000
vn -0.0032 0.0019 -1.0000
vn -0.0031 0.0022 -1.0000
vn 0.0036 0.0010 -1.0000
vn -0.0029 0.0024 -1.0000
vn -0.0027 0.0027 -1.0000
vn -0.0007 -0.0037 -1.0000
vn -0.0010 -0.0036 -1.0000
vn 0.0036 -0.0010 -1.0000
vn 0.0035 -0.0013 -1.0000
vn 0.0032 -0.0019 -1.0000
vn 0.0031 -0.0022 -1.0000
vn -0.0007 0.0037 -1.0000
vn -0.0010 0.0036 -1.0000
vn 0.0029 -0.0024 -1.0000
vn -0.0000 0.0037 -1.0000
vn -0.0027 -0.0027 -1.0000
vn -0.0029 -0.0024 -1.0000
vn 0.0027 -0.0027 -1.0000
vn 0.0007 0.0037 -1.0000
vn 0.0010 0.0036 -1.0000
vn 0.9659 -0.2588 -0.0000
vn -0.9063 -0.4226 -0.0000
vn -0.9397 -0.3420 -0.0000
vn 0.9063 -0.4226 -0.0000
vn -0.9659 -0.2588 -0.0000
vn 0.8192 -0.5736 -0.0000
vn -0.9659 0.2588 -0.0000
vn 0.7071 -0.7071 -0.0000
vn -0.9063 0.4226 -0.0000
vn 0.7660 -0.6428 -0.0000
vn 0.2588 -0.9659 -0.0000
vn -0.8192 0.5736 -0.0000
vn 0.0872 -0.9962 -0.0000
vn -0.7071 0.7071 -0.0000
vn -0.2588 0.9659 -0.0000
vn -0.0872 0.9962 -0.0000
vn -0.7660 -0.6428 -0.0000
vn 0.9397 0.3420 -0.0000
vn -0.0872 -0.9962 -0.0000
vn 0.9397 -0.3420 -0.0000
vn -0.2588 -0.9659 -0.0000
vn -0.1736 0.9848 -0.0000
vn -0.7071 -0.7071 -0.0000
vn 0.0872 0.9962 -0.0000
vn -0.8192 -0.5736 -0.0000
vn 0.2588 0.9659 -0.0000
vn -0.7660 0.6428 -0.0000
vn 0.7071 0.7071 -0.0000
vn 0.8192 0.5736 -0.0000
vn 0.9063 0.4226 -0.0000
vn -0.1736 -0.9848 -0.0000
vn 0.9659 0.2588 -0.0000
vn 0.1736 -0.9848 -0.0000
vn 0.7660 0.6428 -0.0000
vn 0.1736 0.9848 -0.0000
vn -0.9397 0.3420 -0.0000
vn -1.0000 -0.0000 -0.0000
vn 1.0000 -0.0000 -0.0000
vn -0.0000 -0.0000 1.0000
vn -0.0000 -0.0000 -1.0000
vn 0.8660 -0.5000 -0.0000
vn -0.8660 -0.5000 -0.0000
vn 0.5759 0.8175 -0.0000
vn -0.5885 -0.8085 -0.0000
vn -0.9959 -0.0900 -0.0000
vn -0.5000 -0.8660 -0.0000
vn 0.5000 0.8660 -0.0000
vn 0.9944 0.1054 -0.0000
vn 0.8660 0.5000 -0.0000
vn -0.0000 -1.0000 -0.0000
vn -0.0000 1.0000 -0.0000
vn 0.4200 -0.9075 -0.0000
vn -0.4060 0.9139 -0.0000
vn 0.4200 0.9075 -0.0000
vn -0.5000 0.8660 -0.0000
vn 0.5000 -0.8660 -0.0000
vn -0.4060 -0.9139 -0.0000
vn -0.8660 0.5000 -0.0000
vn -0.5759 -0.8175 -0.0000
vn 0.5885 0.8085 -0.0000
vn 0.9959 0.0900 -0.0000
vn -0.9944 -0.1054 -0.0000
vn -0.9959 0.0900 -0.0000
vn 0.9944 -0.1054 -0.0000
vn 0.5759 -0.8175 -0.0000
vn -0.5885 0.8085 -0.0000
vn -0.4200 0.9075 -0.0000
vn 0.4060 -0.9139 -0.0000
vn -0.4200 -0.9075 -0.0000
vn 0.4060 0.9139 -0.0000
vn 0.9959 -0.0900 -0.0000
vn -0.9944 0.1054 -0.0000
vn -0.5759 0.8175 -0.0000
vn 0.5885 -0.8085 -0.0000
vn -0.2778 0.9607 -0.0000
vn 0.3207 -0.9472 -0.0000
vn 0.0043 -0.0028 -1.0000
vn 0.0027 0.0004 -1.0000
vn 0.0049 -0.0041 -1.0000
vn 0.0019 0.0022 1.0000
vn -0.2778 -0.9607 -0.0000
vn 0.3207 0.9472 -0.0000
vn 0.0019 -0.0022 -1.0000
vn 0.0043 0.0028 1.0000
vn 0.0027 -0.0004 1.0000
vn 0.0049 0.0041 1.0000
vn 0.0337 0.0168 0.9993
vn 0.0337 0.0168 -0.9993
vn 0.8582 -0.5133 -0.0000
vn 0.8582 0.5133 -0.0000
vn 0.6035 0.7974 -0.0000
vn -0.3794 -0.9252 -0.0000
vn -0.3794 0.9252 -0.0000
vn 0.0337 -0.0168 -0.9993
vn 0.6035 -0.7974 -0.0000
vn 0.0337 -0.0168 0.9993
vn 0.0019 0.0022 -1.0000
vn 0.0049 -0.0041 1.0000
vn 0.0049 0.0041 -1.0000
vn 0.0019 -0.0022 1.0000
vn 0.2778 -0.9607 -0.0000
vn -0.3207 0.9472 -0.0000
vn -0.0043 0.0028 -1.0000
vn -0.0027 -0.0004 -1.0000
vn -0.0049 0.0041 -1.0000
vn -0.0019 -0.0022 1.0000
vn 0.2778 0.9607 -0.0000
vn -0.3207 -0.9472 -0.0000
vn -0.0019 0.0022 -1.0000
vn -0.0043 -0.0028 1.0000
vn -0.0027 0.0004 1.0000
vn -0.0049 -0.0041 1.0000
vn -0.0337 -0.0168 0.9993
vn -0.0337 -0.0168 -0.9993
vn -0.8582 0.5133 -0.0000
vn -0.8582 -0.5133 -0.0000
vn -0.6035 -0.7974 -0.0000
vn 0.3794 0.9252 -0.0000
vn 0.3794 -0.9252 -0.0000
vn -0.0337 0.0168 -0.9993
vn -0.6035 0.7974 -0.0000
vn -0.0337 0.0168 0.9993
vn -0.0019 -0.0022 -1.0000
vn -0.0049 0.0041 1.0000
vn -0.0049 -0.0041 -1.0000
vn -0.0019 0.0022 1.0000
vn -0.9708 0.2398 -0.0000
vn 0.9806 -0.1959 -0.0000
vn 0.0046 0.0023 -1.0000
vn 0.0010 0.0026 -1.0000
vn 0.0060 0.0022 -1.0000
vn -0.0010 0.0027 1.0000
vn 0.6931 -0.7209 -0.0000
vn -0.6600 0.7513 -0.0000
vn 0.0029 0.0005 -1.0000
vn -0.0002 0.0051 1.0000
vn 0.0018 0.0021 1.0000
vn -0.0011 0.0063 1.0000
vn 0.0023 0.0376 0.9993
vn 0.0023 0.0376 -0.9993
vn 0.8737 0.4865 -0.0000
vn -0.0155 0.9999 -0.0000
vn -0.3888 0.9213 -0.0000
vn 0.6115 -0.7912 -0.0000
vn -0.9910 0.1340 -0.0000
vn 0.0314 0.0208 -0.9993
vn 0.9923 0.1239 -0.0000
vn 0.0314 0.0208 0.9993
vn -0.0010 0.0027 -1.0000
vn 0.0060 0.0022 1.0000
vn -0.0011 0.0063 -1.0000
vn 0.0029 0.0005 1.0000
vn 0.9708 -0.2398 -0.0000
vn -0.9806 0.1959 -0.0000
vn -0.0046 -0.0023 -1.0000
vn -0.0010 -0.0026 -1.0000
vn -0.0060 -0.0022 -1.0000
vn 0.0010 -0.0027 1.0000
vn -0.6931 0.7209 -0.0000
vn 0.6600 -0.7513 -0.0000
vn -0.0029 -0.0005 -1.0000
vn 0.0002 -0.0051 1.0000
vn -0.0018 -0.0021 1.0000
vn 0.0011 -0.0063 1.0000
vn -0.0023 -0.0376 0.9993
vn -0.0023 -0.0376 -0.9993
vn -0.8737 -0.4865 -0.0000
vn 0.0155 -0.9999 -0.0000
vn 0.3888 -0.9213 -0.0000
vn -0.6115 0.7912 -0.0000
vn 0.9910 -0.1340 -0.0000
vn -0.0314 -0.0208 -0.9993
vn -0.9923 -0.1239 -0.0000
vn -0.0314 -0.0208 0.9993
vn 0.0010 -0.0027 -1.0000
vn -0.0060 -0.0022 1.0000
vn 0.0011 -0.0063 -1.0000
vn -0.0029 -0.0005 1.0000
vn 0.6931 0.7209 -0.0000
vn -0.6600 -0.7513 -0.0000
vn -0.0002 -0.0051 -1.0000
vn 0.0018 -0.0021 -1.0000
vn -0.0011 -0.0063 -1.0000
vn 0.0029 -0.0005 1.0000
vn -0.9708 -0.2398 -0.0000
vn 0.9806 0.1959 -0.0000
vn -0.0010 -0.0027 -1.0000
vn 0.0046 -0.0023 1.0000
vn 0.0010 -0.0026 1.0000
vn 0.0060 -0.0022 1.0000
vn 0.0314 -0.0208 0.9993
vn 0.0314 -0.0208 -0.9993
vn -0.0155 -0.9999 -0.0000
vn 0.8737 -0.4865 -0.0000
vn 0.9923 -0.1239 -0.0000
vn -0.9910 -0.1340 -0.0000
vn 0.6115 0.7912 -0.0000
vn 0.0023 -0.0376 -0.9993
vn -0.3888 -0.9213 -0.0000
vn 0.0023 -0.0376 0.9993
vn 0.0029 -0.0005 -1.0000
vn -0.0011 -0.0063 1.0000
vn 0.0060 -0.0022 -1.0000
vn -0.0010 -0.0027 1.0000
vn -0.6931 -0.7209 -0.0000
vn 0.6600 0.7513 -0.0000
vn 0.0002 0.0051 -1.0000
vn -0.0018 0.0021 -1.0000
vn 0.0011 0.0063 -1.0000
vn -0.0029 0.0005 1.0000
vn 0.9708 0.2398 -0.0000
vn -0.9806 -0.1959 -0.0000
vn 0.0010 0.0027 -1.0000
vn -0.0046 0.0023 1.0000
vn -0.0010 0.0026 1.0000
vn -0.0060 0.0022 1.0000
vn -0.0314 0.0208 0.9993
vn -0.0314 0.0208 -0.9993
vn 0.0155 0.9999 -0.0000
vn -0.8737 0.4865 -0.0000
vn -0.9923 0.1239 -0.0000
vn 0.9910 0.1340 -0.0000
vn -0.6115 -0.7912 -0.0000
vn -0.0023 0.0376 -0.9993
vn 0.3888 0.9213 -0.0000
vn -0.0023 0.0376 0.9993
vn -0.0029 0.0005 -1.0000
vn 0.0011 0.0063 1.0000
vn -0.0060 0.0022 -1.0000
vn 0.0010 0.0027 1.0000
vn -0.0000 -0.0005 -1.0000
vn -0.0000 -0.0038 -1.0000
vn -0.0000 -0.0005 1.0000
vn 0.9343 0.3565 -0.0000
vn -0.9343 0.3565 -0.0000
vn -0.0000 -0.0038 1.0000
vn -0.0000 0.0005 -1.0000
vn -0.0000 0.0038 -1.0000
vn -0.0000 0.0005 1.0000
vn -0.9343 -0.3565 -0.0000
vn 0.9343 -0.3565 -0.0000
vn -0.0000 0.0038 1.0000
vn 0.0003 0.0002 -1.0000
vn 0.0004 0.0002 -1.0000
vn 0.0033 0.0019 -1.0000
vn 0.0003 0.0002 1.0000
vn 0.0004 0.0002 1.0000
vn -0.7759 0.6309 -0.0000
vn 0.1584 -0.9874 -0.0000
vn 0.0033 0.0019 1.0000
vn -0.0004 -0.0002 -1.0000
vn -0.0033 -0.0019 -1.0000
vn -0.0004 -0.0002 1.0000
vn 0.7759 -0.6309 -0.0000
vn -0.1584 0.9874 -0.0000
vn -0.0033 -0.0019 1.0000
vn 0.0004 -0.0002 -1.0000
vn 0.0033 -0.0019 -1.0000
vn 0.0004 -0.0002 1.0000
vn 0.1584 0.9874 -0.0000
vn -0.7759 -0.6309 -0.0000
vn 0.0033 -0.0019 1.0000
vn -0.0003 0.0002 -1.0000
vn -0.0004 0.0002 -1.0000
vn -0.0033 0.0019 -1.0000
vn -0.0003 0.0002 1.0000
vn -0.0004 0.0002 1.0000
vn -0.1584 -0.9874 -0.0000
vn 0.7759 0.6309 -0.0000
vn -0.0033 0.0019 1.0000
vn 0.3420 -0.9397 -0.0000
vn 0.9848 0.1736 -0.0000
vn 0.9848 -0.1736 -0.0000
vn 0.6428 -0.7660 -0.0000
vn -0.3420 -0.9397 -0.0000
vn -0.6428 -0.7660 -0.0000
vn -0.9848 -0.1736 -0.0000
vn -0.9848 -0.1737 -0.0000
vn -0.9848 0.1736 -0.0000
vn -0.9848 0.1737 -0.0000
vn -0.6428 0.7660 -0.0000
vn -0.3420 0.9397 -0.0000
vn 0.3420 0.9397 -0.0000
vn 0.6428 0.7660 -0.0000
vn 0.9848 0.1737 -0.0000
vn 0.9848 -0.1737 -0.0000
vn 0.4912 0.8710 -0.0000
vn -0.9999 0.0101 -0.0000
vn -0.9999 -0.0101 -0.0000
vn 0.9999 -0.0101 -0.0000
vn 0.9999 0.0101 -0.0000
vn -0.4912 0.8710 -0.0000
vn -0.5087 0.8609 -0.0000
vn 0.4912 -0.8710 -0.0000
vn 0.5087 -0.8609 -0.0000
vn 0.5087 0.8609 -0.0000
vn -0.5087 -0.8609 -0.0000
vn -0.4912 -0.8710 -0.0000
vn -0.7755 -0.6314 -0.0000
vn 0.8537 0.5207 -0.0000
vn 0.4640 0.8858 -0.0000
vn 0.0072 0.0002 -1.0000
vn 0.0057 -0.0013 -1.0000
vn 0.0080 0.0009 -1.0000
vn 0.0072 0.0002 1.0000
vn 0.0057 -0.0013 1.0000
vn 0.0051 -0.0019 1.0000
vn 0.9820 0.1889 -0.0000
vn 0.0051 -0.0019 -1.0000
vn 0.0080 0.0009 1.0000
vn -0.7755 0.6314 -0.0000
vn 0.8537 -0.5207 -0.0000
vn 0.0072 -0.0002 -1.0000
vn 0.0057 0.0013 -1.0000
vn 0.0051 0.0019 -1.0000
vn 0.0072 -0.0002 1.0000
vn 0.0057 0.0013 1.0000
vn 0.0080 -0.0009 1.0000
vn 0.4640 -0.8858 -0.0000
vn 0.9820 -0.1889 -0.0000
vn 0.0080 -0.0009 -1.0000
vn 0.0051 0.0019 1.0000
vn -0.9345 -0.3559 -0.0000
vn 0.8778 0.4790 -0.0000
vn 0.0037 0.0062 -1.0000
vn 0.0017 0.0056 -1.0000
vn 0.0009 0.0054 -1.0000
vn 0.0037 0.0062 1.0000
vn 0.0017 0.0056 1.0000
vn 0.0048 0.0065 1.0000
vn 0.9992 -0.0410 -0.0000
vn 0.6546 0.7560 -0.0000
vn 0.0048 0.0065 -1.0000
vn 0.0009 0.0054 1.0000
vn 0.1590 -0.9873 -0.0000
vn -0.0241 0.9997 -0.0000
vn -0.5351 0.8448 -0.0000
vn 0.0035 0.0063 -1.0000
vn 0.0040 0.0044 -1.0000
vn 0.0032 0.0074 -1.0000
vn 0.0035 0.0063 1.0000
vn 0.0040 0.0044 1.0000
vn 0.0042 0.0034 1.0000
vn 0.3274 0.9449 -0.0000
vn 0.0042 0.0034 -1.0000
vn 0.0032 0.0074 1.0000
vn 0.1590 0.9873 -0.0000
vn -0.0241 -0.9997 -0.0000
vn 0.0035 -0.0063 -1.0000
vn 0.0040 -0.0043 -1.0000
vn 0.0042 -0.0034 -1.0000
vn 0.0035 -0.0063 1.0000
vn 0.0040 -0.0043 1.0000
vn 0.0032 -0.0074 1.0000
vn -0.5351 -0.8448 -0.0000
vn 0.3274 -0.9449 -0.0000
vn 0.0032 -0.0074 -1.0000
vn 0.0042 -0.0034 1.0000
vn -0.9345 0.3559 -0.0000
vn 0.8778 -0.4790 -0.0000
vn 0.9992 0.0410 -0.0000
vn 0.0037 -0.0062 -1.0000
vn 0.0017 -0.0056 -1.0000
vn 0.0048 -0.0065 -1.0000
vn 0.0037 -0.0062 1.0000
vn 0.0017 -0.0056 1.0000
vn 0.0009 -0.0054 1.0000
vn 0.6546 -0.7560 -0.0000
vn 0.0009 -0.0054 -1.0000
vn 0.0048 -0.0065 1.0000
vn 0.9345 0.3559 -0.0000
vn -0.8778 -0.4790 -0.0000
vn -0.0038 -0.0062 -1.0000
vn -0.0017 -0.0056 -1.0000
vn -0.0009 -0.0054 -1.0000
vn -0.0038 -0.0062 1.0000
vn -0.0017 -0.0056 1.0000
vn -0.0048 -0.0065 1.0000
vn -0.9992 0.0410 -0.0000
vn -0.6546 -0.7560 -0.0000
vn -0.0048 -0.0065 -1.0000
vn -0.0009 -0.0054 1.0000
vn -0.1590 0.9873 -0.0000
vn 0.0241 -0.9997 -0.0000
vn 0.5351 -0.8448 -0.0000
vn -0.0035 -0.0063 -1.0000
vn -0.0040 -0.0043 -1.0000
vn -0.0032 -0.0074 -1.0000
vn -0.0035 -0.0063 1.0000
vn -0.0040 -0.0043 1.0000
vn -0.0042 -0.0034 1.0000
vn -0.3274 -0.9449 -0.0000
vn -0.0042 -0.0034 -1.0000
vn -0.0032 -0.0074 1.0000
vn 0.7755 -0.6314 -0.0000
vn -0.8537 0.5207 -0.0000
vn -0.0072 0.0002 -1.0000
vn -0.0057 -0.0013 -1.0000
vn -0.0051 -0.0019 -1.0000
vn -0.0072 0.0002 1.0000
vn -0.0057 -0.0013 1.0000
vn -0.0080 0.0009 1.0000
vn -0.4640 0.8858 -0.0000
vn -0.9820 0.1889 -0.0000
vn -0.0080 0.0009 -1.0000
vn -0.0051 -0.0019 1.0000
vn 0.7755 0.6314 -0.0000
vn -0.8537 -0.5207 -0.0000
vn -0.4640 -0.8858 -0.0000
vn -0.0072 -0.0002 -1.0000
vn -0.0057 0.0013 -1.0000
vn -0.0080 -0.0009 -1.0000
vn -0.0072 -0.0002 1.0000
vn -0.0057 0.0013 1.0000
vn -0.0051 0.0019 1.0000
vn -0.9820 -0.1889 -0.0000
vn -0.0051 0.0019 -1.0000
vn -0.0080 -0.0009 1.0000
vn -0.1590 -0.9873 -0.0000
vn 0.0241 0.9997 -0.0000
vn -0.0035 0.0063 -1.0000
vn -0.0040 0.0043 -1.0000
vn -0.0042 0.0034 -1.0000
vn -0.0035 0.0063 1.0000
vn -0.0040 0.0043 1.0000
vn -0.0032 0.0074 1.0000
vn 0.5351 0.8448 -0.0000
vn -0.3274 0.9449 -0.0000
vn -0.0032 0.0074 -1.0000
vn -0.0042 0.0034 1.0000
vn 0.9345 -0.3559 -0.0000
vn -0.8778 0.4790 -0.0000
vn -0.9992 -0.0410 -0.0000
vn -0.0037 0.0062 -1.0000
vn -0.0017 0.0056 -1.0000
vn -0.0048 0.0065 -1.0000
vn -0.0037 0.0062 1.0000
vn -0.0017 0.0056 1.0000
vn -0.0009 0.0054 1.0000
vn -0.6546 0.7560 -0.0000
vn -0.0009 0.0054 -1.0000
vn -0.0048 0.0065 1.0000
vn 0.9978 -0.0668 -0.0000
vn 0.4411 0.8975 -0.0000
vn -0.9969 0.0783 -0.0000
vn -0.4307 -0.9025 -0.0000
vn -0.1737 0.9848 -0.0000
vn 0.4411 -0.8975 -0.0000
vn 0.9978 0.0668 -0.0000
vn -0.4307 0.9025 -0.0000
vn -0.9969 -0.0783 -0.0000
vn -0.5567 -0.8307 -0.0000
vn 0.5567 -0.8307 -0.0000
vn 0.5663 0.8242 -0.0000
vn -0.5663 0.8242 -0.0000
vn 0.5663 -0.8242 -0.0000
vn 0.5567 0.8307 -0.0000
vn -0.5567 0.8307 -0.0000
vn -0.5663 -0.8242 -0.0000
vn -0.4411 0.8975 -0.0000
vn -0.9978 -0.0668 -0.0000
vn 0.4307 -0.9025 -0.0000
vn 0.9969 0.0783 -0.0000
vn -0.9978 0.0668 -0.0000
vn -0.4411 -0.8975 -0.0000
vn 0.9969 -0.0783 -0.0000
vn 0.4307 0.9025 -0.0000
vt 0.000000 0.000000
vt 0.625000 0.006850
vt 0.375000 0.114175
vt 0.375000 0.006850
vt 0.625000 0.750000
vt 0.375000 0.635825
vt 0.625000 0.635825
vt 0.125000 0.743150
vt 0.125000 0.635825
vt 0.250000 0.625000
vt 0.750000 0.625000
vt 0.375000 0.112500
vt 0.625000 0.125000
vt 0.375000 0.125000
vt 0.625000 0.112500
vt 0.375000 0.750000
vt 0.625000 0.000000
vt 0.875000 0.750000
vt 0.125000 0.750000
vt 0.375000 0.000000
vt 0.625000 0.743150
vt 0.375000 0.743150
vt 0.875000 0.635825
vt 0.375000 1.000000
vt 0.625000 0.114175
vt 0.875000 0.743150
vt 0.625000 1.000000
vt 0.625000 0.003288
vt 0.125000 0.746712
vt 0.625000 0.746712
vt 0.375000 0.746712
vt 0.875000 0.746712
vt 0.375000 0.003288
vt 0.375000 0.250000
vt 0.625000 0.500000
vt 0.375000 0.500000
vt 0.875000 0.500000
vt 0.625000 0.250000
vt 1.000000 0.000000
vt 0.000000 1.000000
vt 1.000000 1.000000
s 1
f 37/1/1 6/1/2 7/1/3
f 38/1/4 7/1/3 8/1/4
f 60/1/5 29/1/6 30/1/7
f 31/1/8 30/1/7 1/1/8
f 50/1/9 19/1/10 20/1/9
f 51/1/11 20/1/9 21/1/11
f 40/1/12 9/1/13 10/1/12
f 52/1/14 21/1/11 22/1/15
f 41/1/16 10/1/12 11/1/17
f 53/1/18 22/1/15 23/1/18
f 42/1/19 11/1/17 12/1/19
f 43/1/20 12/1/19 13/1/20
f 2/1/21 31/1/8 1/1/8
f 33/1/22 2/1/21 3/1/22
f 55/1/23 24/1/24 25/1/23
f 56/1/25 25/1/23 26/1/26
f 45/1/27 14/1/28 15/1/29
f 57/1/30 26/1/26 27/1/30
f 46/1/31 15/1/29 16/1/31
f 35/1/32 4/1/33 5/1/32
f 58/1/34 27/1/30 28/1/34
f 17/1/35 46/1/31 16/1/31
f 36/1/2 5/1/32 6/1/2
f 48/1/36 17/1/35 18/1/36
f 66/1/37 97/1/38 67/1/38
f 68/1/39 97/1/38 98/1/39
f 90/1/40 119/1/41 120/1/40
f 90/1/40 91/1/42 61/1/42
f 79/1/43 110/1/44 80/1/44
f 81/1/45 110/1/44 111/1/45
f 69/1/46 100/1/47 70/1/47
f 81/1/45 112/1/48 82/1/48
f 70/1/47 101/1/49 71/1/50
f 83/1/51 112/1/48 113/1/51
f 71/1/50 102/1/52 72/1/52
f 72/1/52 103/1/53 73/1/53
f 62/1/54 91/1/42 92/1/54
f 62/1/54 93/1/55 63/1/55
f 84/1/56 115/1/57 85/1/57
f 85/1/57 116/1/58 86/1/59
f 75/1/60 104/1/61 105/1/60
f 86/1/59 117/1/62 87/1/62
f 75/1/60 106/1/63 76/1/63
f 64/1/64 95/1/65 65/1/65
f 87/1/62 118/1/66 88/1/66
f 77/1/67 106/1/63 107/1/67
f 66/1/37 95/1/65 96/1/37
f 77/1/67 108/1/68 78/1/68
f 55/1/69 114/1/69 54/1/69
f 21/1/70 82/1/70 22/1/70
f 44/1/71 74/1/71 14/1/71
f 56/1/72 115/1/72 55/1/72
f 22/1/73 83/1/73 23/1/73
f 57/1/74 116/1/74 56/1/74
f 24/1/75 85/1/75 25/1/75
f 58/1/76 117/1/76 57/1/76
f 25/1/77 86/1/77 26/1/77
f 34/1/78 64/1/78 4/1/78
f 60/1/79 119/1/79 59/1/79
f 26/1/80 87/1/80 27/1/80
f 31/1/81 120/1/81 60/1/81
f 27/1/82 88/1/82 28/1/82
f 29/1/83 90/1/83 30/1/83
f 30/1/84 61/1/84 1/1/84
f 58/1/85 88/1/85 118/1/85
f 59/1/86 89/1/86 29/1/86
f 32/1/87 91/1/87 31/1/87
f 48/1/88 78/1/88 108/1/88
f 33/1/89 92/1/89 32/1/89
f 38/1/90 68/1/90 98/1/90
f 35/1/91 94/1/91 34/1/91
f 1/1/92 62/1/92 2/1/92
f 36/1/93 95/1/93 35/1/93
f 2/1/94 63/1/94 3/1/94
f 49/1/95 79/1/95 19/1/95
f 37/1/70 96/1/70 36/1/70
f 4/1/96 65/1/96 5/1/96
f 38/1/73 97/1/73 37/1/73
f 5/1/97 66/1/97 6/1/97
f 40/1/75 99/1/75 39/1/75
f 6/1/98 67/1/98 7/1/98
f 39/1/99 69/1/99 9/1/99
f 41/1/77 100/1/77 40/1/77
f 7/1/100 68/1/100 8/1/100
f 42/1/80 101/1/80 41/1/80
f 9/1/69 70/1/69 10/1/69
f 43/1/82 102/1/82 42/1/82
f 10/1/72 71/1/72 11/1/72
f 45/1/83 104/1/83 44/1/83
f 11/1/74 72/1/74 12/1/74
f 46/1/84 105/1/84 45/1/84
f 12/1/76 73/1/76 13/1/76
f 53/1/101 83/1/101 113/1/101
f 47/1/92 106/1/92 46/1/92
f 14/1/79 75/1/79 15/1/79
f 48/1/94 107/1/94 47/1/94
f 15/1/81 76/1/81 16/1/81
f 43/1/102 73/1/102 103/1/102
f 50/1/96 109/1/96 49/1/96
f 16/1/87 77/1/87 17/1/87
f 51/1/97 110/1/97 50/1/97
f 17/1/89 78/1/89 18/1/89
f 54/1/103 84/1/103 24/1/103
f 52/1/98 111/1/98 51/1/98
f 19/1/91 80/1/91 20/1/91
f 33/1/104 63/1/104 93/1/104
f 53/1/100 112/1/100 52/1/100
f 20/1/93 81/1/93 21/1/93
f 37/1/1 36/1/2 6/1/2
f 38/1/4 37/1/1 7/1/3
f 60/1/5 59/1/6 29/1/6
f 31/1/8 60/1/5 30/1/7
f 50/1/9 49/1/10 19/1/10
f 51/1/11 50/1/9 20/1/9
f 40/1/12 39/1/13 9/1/13
f 52/1/14 51/1/11 21/1/11
f 41/1/16 40/1/12 10/1/12
f 53/1/18 52/1/14 22/1/15
f 42/1/19 41/1/16 11/1/17
f 43/1/20 42/1/19 12/1/19
f 2/1/21 32/1/21 31/1/8
f 33/1/22 32/1/21 2/1/21
f 55/1/23 54/1/24 24/1/24
f 56/1/25 55/1/23 25/1/23
f 45/1/27 44/1/28 14/1/28
f 57/1/30 56/1/25 26/1/26
f 46/1/31 45/1/27 15/1/29
f 35/1/32 34/1/33 4/1/33
f 58/1/34 57/1/30 27/1/30
f 17/1/35 47/1/35 46/1/31
f 36/1/2 35/1/32 5/1/32
f 48/1/36 47/1/35 17/1/35
f 66/1/37 96/1/37 97/1/38
f 68/1/39 67/1/38 97/1/38
f 90/1/40 89/1/41 119/1/41
f 90/1/40 120/1/40 91/1/42
f 79/1/43 109/1/43 110/1/44
f 81/1/45 80/1/44 110/1/44
f 69/1/46 99/1/46 100/1/47
f 81/1/45 111/1/45 112/1/48
f 70/1/47 100/1/47 101/1/49
f 83/1/51 82/1/48 112/1/48
f 71/1/50 101/1/49 102/1/52
f 72/1/52 102/1/52 103/1/53
f 62/1/54 61/1/42 91/1/42
f 62/1/54 92/1/54 93/1/55
f 84/1/56 114/1/56 115/1/57
f 85/1/57 115/1/57 116/1/58
f 75/1/60 74/1/61 104/1/61
f 86/1/59 116/1/58 117/1/62
f 75/1/60 105/1/60 106/1/63
f 64/1/64 94/1/64 95/1/65
f 87/1/62 117/1/62 118/1/66
f 77/1/67 76/1/63 106/1/63
f 66/1/37 65/1/65 95/1/65
f 77/1/67 107/1/67 108/1/68
f 55/1/69 115/1/69 114/1/69
f 21/1/70 81/1/70 82/1/70
f 44/1/71 104/1/71 74/1/71
f 56/1/72 116/1/72 115/1/72
f 22/1/73 82/1/73 83/1/73
f 57/1/74 117/1/74 116/1/74
f 24/1/75 84/1/75 85/1/75
f 58/1/76 118/1/76 117/1/76
f 25/1/77 85/1/77 86/1/77
f 34/1/78 94/1/78 64/1/78
f 60/1/79 120/1/79 119/1/79
f 26/1/80 86/1/80 87/1/80
f 31/1/81 91/1/81 120/1/81
f 27/1/82 87/1/82 88/1/82
f 29/1/83 89/1/83 90/1/83
f 30/1/84 90/1/84 61/1/84
f 58/1/85 28/1/85 88/1/85
f 59/1/86 119/1/86 89/1/86
f 32/1/87 92/1/87 91/1/87
f 48/1/88 18/1/88 78/1/88
f 33/1/89 93/1/89 92/1/89
f 38/1/90 8/1/90 68/1/90
f 35/1/91 95/1/91 94/1/91
f 1/1/92 61/1/92 62/1/92
f 36/1/93 96/1/93 95/1/93
f 2/1/94 62/1/94 63/1/94
f 49/1/95 109/1/95 79/1/95
f 37/1/70 97/1/70 96/1/70
f 4/1/96 64/1/96 65/1/96
f 38/1/73 98/1/73 97/1/73
f 5/1/97 65/1/97 66/1/97
f 40/1/75 100/1/75 99/1/75
f 6/1/98 66/1/98 67/1/98
f 39/1/99 99/1/99 69/1/99
f 41/1/77 101/1/77 100/1/77
f 7/1/100 67/1/100 68/1/100
f 42/1/80 102/1/80 101/1/80
f 9/1/69 69/1/69 70/1/69
f 43/1/82 103/1/82 102/1/82
f 10/1/72 70/1/72 71/1/72
f 45/1/83 105/1/83 104/1/83
f 11/1/74 71/1/74 72/1/74
f 46/1/84 106/1/84 105/1/84
f 12/1/76 72/1/76 73/1/76
f 53/1/101 23/1/101 83/1/101
f 47/1/92 107/1/92 106/1/92
f 14/1/79 74/1/79 75/1/79
f 48/1/94 108/1/94 107/1/94
f 15/1/81 75/1/81 76/1/81
f 43/1/102 13/1/102 73/1/102
f 50/1/96 110/1/96 109/1/96
f 16/1/87 76/1/87 77/1/87
f 51/1/97 111/1/97 110/1/97
f 17/1/89 77/1/89 78/1/89
f 54/1/103 114/1/103 84/1/103
f 52/1/98 112/1/98 111/1/98
f 19/1/91 79/1/91 80/1/91
f 33/1/104 3/1/104 63/1/104
f 53/1/100 113/1/100 112/1/100
f 20/1/93 80/1/93 81/1/93
f 122/2/105 128/3/105 121/4/105
f 124/5/106 126/6/106 125/7/106
f 121/8/107 128/9/107 130/10/107
f 124/5/108 125/7/108 129/11/108
f 125/12/109 130/13/109 129/14/109
f 129/13/110 128/12/110 127/15/110
f 124/5/111 133/16/111 123/16/111
f 121/4/112 132/17/112 122/2/112
f 124/5/108 132/18/108 134/5/108
f 123/16/107 131/19/107 121/8/107
f 135/20/113 134/17/113 136/17/113
f 136/17/114 142/3/114 135/20/114
f 138/21/115 140/6/115 139/7/115
f 138/21/116 131/16/116 137/22/116
f 142/9/107 144/10/107 140/6/107
f 139/7/108 141/23/108 138/21/108
f 139/12/117 144/13/117 143/14/117
f 143/13/118 142/12/118 141/15/118
f 134/5/110 131/24/110 133/16/110
f 136/18/108 132/5/108 138/21/108
f 135/19/107 131/16/107 133/19/107
f 122/2/105 127/25/105 128/3/105
f 124/5/106 123/16/106 126/6/106
f 126/6/107 123/16/107 130/10/107
f 123/16/107 121/8/107 130/10/107
f 129/11/108 127/23/108 122/26/108
f 122/26/108 124/5/108 129/11/108
f 125/12/109 126/15/109 130/13/109
f 129/13/110 130/14/110 128/12/110
f 124/5/111 134/5/111 133/16/111
f 121/4/112 131/20/112 132/17/112
f 124/5/108 122/26/108 132/18/108
f 123/16/107 133/16/107 131/19/107
f 135/20/113 133/20/113 134/17/113
f 136/17/114 141/25/114 142/3/114
f 138/21/115 137/22/115 140/6/115
f 138/21/116 132/5/116 131/16/116
f 140/6/107 137/22/107 142/9/107
f 137/22/107 135/19/107 142/9/107
f 143/11/108 141/23/108 139/7/108
f 141/23/108 136/18/108 138/21/108
f 139/12/117 140/15/117 144/13/117
f 143/13/118 144/14/118 142/12/118
f 134/5/110 132/27/110 131/24/110
f 136/18/108 134/18/108 132/5/108
f 135/19/107 137/22/107 131/16/107
f 146/2/115 152/3/115 145/4/115
f 148/5/114 150/6/114 149/7/114
f 145/8/107 152/9/107 154/10/107
f 148/5/108 149/7/108 153/11/108
f 149/12/110 154/13/110 153/14/110
f 153/13/119 152/12/119 151/15/119
f 148/5/120 157/16/120 147/16/120
f 145/4/121 156/17/121 146/2/121
f 148/5/108 156/18/108 158/5/108
f 147/16/107 155/19/107 145/8/107
f 159/20/122 158/17/122 160/17/122
f 160/17/123 166/3/123 159/20/123
f 162/21/124 164/6/124 163/7/124
f 162/21/125 155/16/125 161/22/125
f 166/9/107 168/10/107 164/6/107
f 163/7/108 165/23/108 162/21/108
f 163/12/118 168/13/118 167/14/118
f 167/13/126 166/12/126 165/15/126
f 158/5/119 155/24/119 157/16/119
f 160/18/108 156/5/108 162/21/108
f 159/19/107 155/16/107 157/19/107
f 146/2/115 151/25/115 152/3/115
f 148/5/114 147/16/114 150/6/114
f 150/6/107 147/16/107 154/10/107
f 147/16/107 145/8/107 154/10/107
f 153/11/108 151/23/108 146/26/108
f 146/26/108 148/5/108 153/11/108
f 149/12/110 150/15/110 154/13/110
f 153/13/119 154/14/119 152/12/119
f 148/5/120 158/5/120 157/16/120
f 145/4/121 155/20/121 156/17/121
f 148/5/108 146/26/108 156/18/108
f 147/16/107 157/16/107 155/19/107
f 159/20/122 157/20/122 158/17/122
f 160/17/123 165/25/123 166/3/123
f 162/21/124 161/22/124 164/6/124
f 162/21/125 156/5/125 155/16/125
f 164/6/107 161/22/107 166/9/107
f 161/22/107 159/19/107 166/9/107
f 167/11/108 165/23/108 163/7/108
f 165/23/108 160/18/108 162/21/108
f 163/12/118 164/15/118 168/13/118
f 167/13/126 168/14/126 166/12/126
f 158/5/119 156/27/119 155/24/119
f 160/18/108 158/18/108 156/5/108
f 159/19/107 161/22/107 155/16/107
f 172/5/127 175/16/127 171/16/127
f 169/4/128 174/17/128 170/2/128
f 172/5/108 174/18/108 176/5/108
f 171/16/107 173/19/107 169/8/107
f 177/20/129 176/17/129 178/17/129
f 180/21/130 173/16/130 179/22/130
f 176/5/117 173/24/117 175/16/117
f 178/18/108 174/5/108 180/21/108
f 177/19/107 173/16/107 175/19/107
f 172/5/127 176/5/127 175/16/127
f 169/4/128 173/20/128 174/17/128
f 172/5/108 170/26/108 174/18/108
f 171/16/107 175/16/107 173/19/107
f 177/20/129 175/20/129 176/17/129
f 180/21/130 174/5/130 173/16/130
f 176/5/117 174/27/117 173/24/117
f 178/18/108 176/18/108 174/5/108
f 177/19/107 179/22/107 173/16/107
f 182/2/124 188/3/124 181/4/124
f 184/5/123 186/6/123 185/7/123
f 181/8/107 188/9/107 190/10/107
f 184/5/108 185/7/108 189/11/108
f 185/12/119 190/13/119 189/14/119
f 189/13/109 188/12/109 187/15/109
f 184/5/131 193/16/131 183/16/131
f 181/4/132 192/17/132 182/2/132
f 184/5/108 192/18/108 194/5/108
f 183/16/107 191/19/107 181/8/107
f 195/20/133 194/17/133 196/17/133
f 196/17/106 202/3/106 195/20/106
f 198/21/105 200/6/105 199/7/105
f 198/21/134 191/16/134 197/22/134
f 202/9/107 204/10/107 200/6/107
f 199/7/108 201/23/108 198/21/108
f 199/12/126 204/13/126 203/14/126
f 203/13/117 202/12/117 201/15/117
f 194/5/109 191/24/109 193/16/109
f 196/18/108 192/5/108 198/21/108
f 195/19/107 191/16/107 193/19/107
f 182/2/124 187/25/124 188/3/124
f 184/5/123 183/16/123 186/6/123
f 186/6/107 183/16/107 190/10/107
f 183/16/107 181/8/107 190/10/107
f 189/11/108 187/23/108 182/26/108
f 182/26/108 184/5/108 189/11/108
f 185/12/119 186/15/119 190/13/119
f 189/13/109 190/14/109 188/12/109
f 184/5/131 194/5/131 193/16/131
f 181/4/132 191/20/132 192/17/132
f 184/5/108 182/26/108 192/18/108
f 183/16/107 193/16/107 191/19/107
f 195/20/133 193/20/133 194/17/133
f 196/17/106 201/25/106 202/3/106
f 198/21/105 197/22/105 200/6/105
f 198/21/134 192/5/134 191/16/134
f 200/6/107 197/22/107 202/9/107
f 197/22/107 195/19/107 202/9/107
f 203/11/108 201/23/108 199/7/108
f 201/23/108 196/18/108 198/21/108
f 199/12/126 200/15/126 204/13/126
f 203/13/117 204/14/117 202/12/117
f 194/5/109 192/27/109 191/24/109
f 196/18/108 194/18/108 192/5/108
f 195/19/107 197/22/107 191/16/107
f 208/5/135 211/16/135 207/16/135
f 205/4/136 210/17/136 206/2/136
f 208/5/108 210/18/108 212/5/108
f 207/16/107 209/19/107 205/8/107
f 213/20/137 212/17/137 214/17/137
f 216/21/138 209/16/138 215/22/138
f 212/5/118 209/24/118 211/16/118
f 214/18/108 210/5/108 216/21/108
f 213/19/107 209/16/107 211/19/107
f 208/5/135 212/5/135 211/16/135
f 205/4/136 209/20/136 210/17/136
f 208/5/108 206/26/108 210/18/108
f 207/16/107 211/16/107 209/19/107
f 213/20/137 211/20/137 212/17/137
f 216/21/138 210/5/138 209/16/138
f 212/5/118 210/27/118 209/24/118
f 214/18/108 212/18/108 210/5/108
f 213/19/107 215/22/107 209/16/107
f 220/5/139 223/16/139 219/16/139
f 217/4/140 222/17/140 218/2/140
f 220/5/108 222/18/108 224/5/108
f 219/16/107 221/19/107 217/8/107
f 225/20/141 224/17/141 226/17/141
f 228/21/142 221/16/142 227/22/142
f 224/5/126 221/24/126 223/16/126
f 226/18/108 222/5/108 228/21/108
f 225/19/107 221/16/107 223/19/107
f 220/5/139 224/5/139 223/16/139
f 217/4/140 221/20/140 222/17/140
f 220/5/108 218/26/108 222/18/108
f 219/16/107 223/16/107 221/19/107
f 225/20/141 223/20/141 224/17/141
f 228/21/142 222/5/142 221/16/142
f 224/5/126 222/27/126 221/24/126
f 226/18/108 224/18/108 222/5/108
f 225/19/107 227/22/107 221/16/107
f 232/5/143 235/16/143 231/16/143
f 230/28/144 233/20/144 234/17/144
f 232/5/145 234/18/146 236/5/147
f 231/16/148 233/19/148 229/29/148
f 237/20/149 236/17/149 238/17/149
f 240/30/150 233/16/150 239/31/150
f 236/5/118 233/24/118 235/16/118
f 238/18/151 234/5/151 240/30/151
f 237/19/152 233/16/153 235/19/154
f 239/31/155 245/19/155 247/31/155
f 240/30/156 246/18/156 238/18/156
f 244/5/157 241/29/157 242/32/157
f 248/30/158 245/19/158 246/18/158
f 231/16/159 244/5/159 232/5/159
f 230/28/160 241/33/160 229/33/160
f 239/31/161 248/30/161 240/30/161
f 232/5/162 242/32/162 230/32/162
f 238/17/163 245/20/163 237/20/163
f 231/16/164 241/29/164 243/16/164
f 232/5/143 236/5/143 235/16/143
f 230/28/144 229/33/144 233/20/144
f 232/5/145 230/32/165 234/18/146
f 231/16/166 235/16/166 233/19/166
f 237/20/149 235/20/149 236/17/149
f 240/30/150 234/5/150 233/16/150
f 236/5/118 234/27/118 233/24/118
f 238/18/167 236/18/167 234/5/167
f 237/19/152 239/31/168 233/16/153
f 239/31/155 237/19/155 245/19/155
f 240/30/156 248/30/156 246/18/156
f 244/5/157 243/16/157 241/29/157
f 248/30/158 247/31/158 245/19/158
f 231/16/159 243/16/159 244/5/159
f 230/28/160 242/28/160 241/33/160
f 239/31/161 247/31/161 248/30/161
f 232/5/162 244/5/162 242/32/162
f 238/17/163 246/17/163 245/20/163
f 231/16/164 229/29/164 241/29/164
f 252/5/169 255/16/169 251/16/169
f 250/28/170 253/20/170 254/17/170
f 252/5/171 254/18/172 256/5/173
f 251/16/174 253/19/174 249/29/174
f 258/17/175 255/20/175 256/17/175
f 260/30/176 253/16/176 259/31/176
f 256/5/119 253/24/119 255/16/119
f 258/18/177 254/5/177 260/30/177
f 257/19/178 253/16/179 255/19/180
f 259/31/181 265/19/181 267/31/181
f 260/30/182 266/18/182 258/18/182
f 264/5/183 261/29/183 262/32/183
f 268/30/184 265/19/184 266/18/184
f 251/16/185 264/5/185 252/5/185
f 250/28/186 261/33/186 249/33/186
f 259/31/187 268/30/187 260/30/187
f 252/5/188 262/32/188 250/32/188
f 258/17/189 265/20/189 257/20/189
f 251/16/190 261/29/190 263/16/190
f 252/5/169 256/5/169 255/16/169
f 250/28/170 249/33/170 253/20/170
f 252/5/171 250/32/191 254/18/172
f 251/16/192 255/16/192 253/19/192
f 258/17/175 257/20/175 255/20/175
f 260/30/176 254/5/176 253/16/176
f 256/5/119 254/27/119 253/24/119
f 258/18/193 256/18/193 254/5/193
f 257/19/178 259/31/194 253/16/179
f 259/31/181 257/19/181 265/19/181
f 260/30/182 268/30/182 266/18/182
f 264/5/183 263/16/183 261/29/183
f 268/30/184 267/31/184 265/19/184
f 251/16/185 263/16/185 264/5/185
f 250/28/186 262/28/186 261/33/186
f 259/31/187 267/31/187 268/30/187
f 252/5/188 264/5/188 262/32/188
f 258/17/189 266/17/189 265/20/189
f 251/16/190 249/29/190 261/29/190
f 272/5/195 275/16/195 271/16/195
f 270/28/196 273/20/196 274/17/196
f 272/5/197 274/18/198 276/5/199
f 271/16/200 273/19/200 269/29/200
f 277/20/201 276/17/201 278/17/201
f 280/30/202 273/16/202 279/31/202
f 276/5/109 273/24/109 275/16/109
f 278/18/203 274/5/203 280/30/203
f 277/19/204 273/16/205 275/19/206
f 279/31/207 285/19/207 287/31/207
f 280/30/208 286/18/208 278/18/208
f 284/5/209 281/29/209 282/32/209
f 288/30/210 285/19/210 286/18/210
f 271/16/211 284/5/211 272/5/211
f 270/28/212 281/33/212 269/33/212
f 279/31/213 288/30/213 280/30/213
f 272/5/214 282/32/214 270/32/214
f 278/17/215 285/20/215 277/20/215
f 271/16/216 281/29/216 283/16/216
f 272/5/195 276/5/195 275/16/195
f 270/28/196 269/33/196 273/20/196
f 272/5/197 270/32/217 274/18/198
f 271/16/218 275/16/218 273/19/218
f 277/20/201 275/20/201 276/17/201
f 280/30/202 274/5/202 273/16/202
f 276/5/109 274/27/109 273/24/109
f 278/18/219 276/18/219 274/5/219
f 277/19/204 279/31/220 273/16/205
f 279/31/207 277/19/207 285/19/207
f 280/30/208 288/30/208 286/18/208
f 284/5/209 283/16/209 281/29/209
f 288/30/210 287/31/210 285/19/210
f 271/16/211 283/16/211 284/5/211
f 270/28/212 282/28/212 281/33/212
f 279/31/213 287/31/213 288/30/213
f 272/5/214 284/5/214 282/32/214
f 278/17/215 286/17/215 285/20/215
f 271/16/216 269/29/216 281/29/216
f 292/5/221 295/16/221 291/16/221
f 290/28/222 293/20/222 294/17/222
f 292/5/223 294/18/224 296/5/225
f 291/16/226 293/19/226 289/29/226
f 298/17/227 295/20/227 296/17/227
f 300/30/228 293/16/228 299/31/228
f 296/5/126 293/24/126 295/16/126
f 298/18/229 294/5/229 300/30/229
f 297/19/230 293/16/231 295/19/232
f 299/31/233 305/19/233 307/31/233
f 300/30/234 306/18/234 298/18/234
f 304/5/235 301/29/235 302/32/235
f 308/30/236 305/19/236 306/18/236
f 291/16/237 304/5/237 292/5/237
f 290/28/238 301/33/238 289/33/238
f 299/31/239 308/30/239 300/30/239
f 292/5/240 302/32/240 290/32/240
f 298/17/241 305/20/241 297/20/241
f 291/16/242 301/29/242 303/16/242
f 292/5/221 296/5/221 295/16/221
f 290/28/222 289/33/222 293/20/222
f 292/5/223 290/32/243 294/18/224
f 291/16/244 295/16/244 293/19/244
f 298/17/227 297/20/227 295/20/227
f 300/30/228 294/5/228 293/16/228
f 296/5/126 294/27/126 293/24/126
f 298/18/245 296/18/245 294/5/245
f 297/19/230 299/31/246 293/16/231
f 299/31/233 297/19/233 305/19/233
f 300/30/234 308/30/234 306/18/234
f 304/5/235 303/16/235 301/29/235
f 308/30/236 307/31/236 305/19/236
f 291/16/237 303/16/237 304/5/237
f 290/28/238 302/28/238 301/33/238
f 299/31/239 307/31/239 308/30/239
f 292/5/240 304/5/240 302/32/240
f 298/17/241 306/17/241 305/20/241
f 291/16/242 289/29/242 301/29/242
f 312/5/247 315/16/247 311/16/247
f 310/28/248 313/20/248 314/17/248
f 312/5/249 314/18/250 316/5/251
f 311/16/252 313/19/252 309/29/252
f 318/17/253 315/20/253 316/17/253
f 320/30/254 313/16/254 319/31/254
f 316/5/110 313/24/110 315/16/110
f 318/18/255 314/5/255 320/30/255
f 317/19/256 313/16/257 315/19/258
f 319/31/259 325/19/259 327/31/259
f 320/30/260 326/18/260 318/18/260
f 324/5/261 321/29/261 322/32/261
f 328/30/262 325/19/262 326/18/262
f 311/16/263 324/5/263 312/5/263
f 310/28/264 321/33/264 309/33/264
f 319/31/265 328/30/265 320/30/265
f 312/5/266 322/32/266 310/32/266
f 318/17/267 325/20/267 317/20/267
f 311/16/268 321/29/268 323/16/268
f 312/5/247 316/5/247 315/16/247
f 310/28/248 309/33/248 313/20/248
f 312/5/249 310/32/269 314/18/250
f 311/16/270 315/16/270 313/19/270
f 318/17/253 317/20/253 315/20/253
f 320/30/254 314/5/254 313/16/254
f 316/5/110 314/27/110 313/24/110
f 318/18/271 316/18/271 314/5/271
f 317/19/256 319/31/272 313/16/257
f 319/31/259 317/19/259 325/19/259
f 320/30/260 328/30/260 326/18/260
f 324/5/261 323/16/261 321/29/261
f 328/30/262 327/31/262 325/19/262
f 311/16/263 323/16/263 324/5/263
f 310/28/264 322/28/264 321/33/264
f 319/31/265 327/31/265 328/30/265
f 312/5/266 324/5/266 322/32/266
f 318/17/267 326/17/267 325/20/267
f 311/16/268 309/29/268 321/29/268
f 332/5/273 335/16/273 331/16/273
f 330/28/274 333/20/274 334/17/274
f 332/5/275 334/18/276 336/5/277
f 331/16/278 333/19/278 329/29/278
f 338/17/279 335/20/279 336/17/279
f 340/30/280 333/16/280 339/31/280
f 336/5/117 333/24/117 335/16/117
f 338/18/281 334/5/281 340/30/281
f 337/19/282 333/16/283 335/19/284
f 339/31/285 345/19/285 347/31/285
f 340/30/286 346/18/286 338/18/286
f 344/5/287 341/29/287 342/32/287
f 348/30/288 345/19/288 346/18/288
f 331/16/289 344/5/289 332/5/289
f 330/28/290 341/33/290 329/33/290
f 339/31/291 348/30/291 340/30/291
f 332/5/292 342/32/292 330/32/292
f 338/17/293 345/20/293 337/20/293
f 331/16/294 341/29/294 343/16/294
f 332/5/273 336/5/273 335/16/273
f 330/28/274 329/33/274 333/20/274
f 332/5/275 330/32/295 334/18/276
f 331/16/296 335/16/296 333/19/296
f 338/17/279 337/20/279 335/20/279
f 340/30/280 334/5/280 333/16/280
f 336/5/117 334/27/117 333/24/117
f 338/18/297 336/18/297 334/5/297
f 337/19/282 339/31/298 333/16/283
f 339/31/285 337/19/285 345/19/285
f 340/30/286 348/30/286 346/18/286
f 344/5/287 343/16/287 341/29/287
f 348/30/288 347/31/288 345/19/288
f 331/16/289 343/16/289 344/5/289
f 330/28/290 342/28/290 341/33/290
f 339/31/291 347/31/291 348/30/291
f 332/5/292 344/5/292 342/32/292
f 338/17/293 346/17/293 345/20/293
f 331/16/294 329/29/294 341/29/294
f 350/17/91 351/34/91 349/20/91
f 352/35/76 353/16/76 351/36/76
f 354/5/299 350/18/299 356/5/300
f 351/36/107 353/16/301 349/19/301
f 352/37/108 350/18/299 354/5/299
f 354/5/302 355/16/302 353/16/302
f 349/20/303 356/17/303 350/17/303
f 349/19/301 353/16/301 355/19/304
f 350/17/91 352/38/91 351/34/91
f 352/35/76 354/5/76 353/16/76
f 354/5/302 356/5/302 355/16/302
f 349/20/303 355/20/303 356/17/303
f 358/17/96 359/34/96 357/20/96
f 360/35/82 361/16/82 359/36/82
f 362/5/305 358/18/305 364/5/306
f 359/36/107 361/16/307 357/19/307
f 360/37/108 358/18/305 362/5/305
f 362/5/308 363/16/308 361/16/308
f 357/20/309 364/17/309 358/17/309
f 357/19/307 361/16/307 363/19/310
f 358/17/96 360/38/96 359/34/96
f 360/35/82 362/5/82 361/16/82
f 362/5/308 364/5/308 363/16/308
f 357/20/309 363/20/309 364/17/309
f 366/17/69 367/34/69 365/20/69
f 368/35/94 369/16/94 367/36/94
f 370/5/311 366/18/312 372/5/313
f 367/36/107 369/16/314 365/19/315
f 368/37/108 366/18/312 370/5/311
f 370/5/316 371/16/316 369/16/316
f 365/20/317 372/17/317 366/17/317
f 365/19/315 369/16/314 371/19/318
f 366/17/69 368/38/69 367/34/69
f 368/35/94 370/5/94 369/16/94
f 370/5/316 372/5/316 371/16/316
f 365/20/317 371/20/317 372/17/317
f 374/17/75 375/34/75 373/20/75
f 376/35/89 377/16/89 375/36/89
f 378/5/319 374/18/319 380/5/320
f 375/36/107 377/16/321 373/19/321
f 376/37/108 374/18/319 378/5/319
f 378/5/322 379/16/322 377/16/322
f 373/20/323 380/17/323 374/17/323
f 373/19/321 377/16/321 379/19/324
f 374/17/75 376/38/75 375/34/75
f 376/35/89 378/5/89 377/16/89
f 378/5/322 380/5/322 379/16/322
f 373/20/323 379/20/323 380/17/323
f 382/17/79 383/34/79 381/20/79
f 384/35/100 385/16/100 383/36/100
f 386/5/325 382/18/325 388/5/326
f 383/36/107 385/16/327 381/19/327
f 384/37/108 382/18/325 386/5/325
f 386/5/328 387/16/328 385/16/328
f 381/20/329 388/17/329 382/17/329
f 381/19/327 385/16/327 387/19/330
f 382/17/79 384/38/79 383/34/79
f 384/35/100 386/5/100 385/16/100
f 386/5/328 388/5/328 387/16/328
f 381/20/329 387/20/329 388/17/329
f 390/17/83 391/34/83 389/20/83
f 392/35/73 393/16/73 391/36/73
f 394/5/331 390/18/332 396/5/333
f 391/36/107 393/16/334 389/19/335
f 392/37/108 390/18/332 394/5/331
f 394/5/336 395/16/336 393/16/336
f 389/20/337 396/17/337 390/17/337
f 389/19/335 393/16/334 395/19/338
f 390/17/83 392/38/83 391/34/83
f 392/35/73 394/5/73 393/16/73
f 394/5/336 396/5/336 395/16/336
f 389/20/337 395/20/337 396/17/337
f 425/1/107 407/1/107 408/1/107
f 418/1/107 400/1/107 401/1/107
f 409/1/107 425/1/107 408/1/107
f 419/1/107 401/1/107 402/1/107
f 410/1/107 426/1/107 409/1/107
f 403/1/107 419/1/107 402/1/107
f 428/1/107 410/1/107 411/1/107
f 421/1/107 403/1/107 404/1/107
f 412/1/107 428/1/107 411/1/107
f 405/1/107 421/1/107 404/1/107
f 398/1/107 414/1/107 397/1/107
f 430/1/107 412/1/107 413/1/107
f 423/1/107 405/1/107 406/1/107
f 416/1/107 398/1/107 399/1/107
f 407/1/107 423/1/107 406/1/107
f 400/1/107 416/1/107 399/1/107
f 459/1/107 441/1/107 442/1/107
f 452/1/107 434/1/107 435/1/107
f 443/1/107 459/1/107 442/1/107
f 453/1/107 435/1/107 436/1/107
f 461/1/107 443/1/107 444/1/107
f 437/1/107 453/1/107 436/1/107
f 462/1/107 444/1/107 445/1/107
f 455/1/107 437/1/107 438/1/107
f 446/1/107 462/1/107 445/1/107
f 439/1/107 455/1/107 438/1/107
f 432/1/107 448/1/107 431/1/107
f 464/1/107 446/1/107 447/1/107
f 457/1/107 439/1/107 440/1/107
f 450/1/107 432/1/107 433/1/107
f 441/1/107 457/1/107 440/1/107
f 434/1/107 450/1/107 433/1/107
f 493/1/107 475/1/107 476/1/107
f 486/1/107 468/1/107 469/1/107
f 477/1/107 493/1/107 476/1/107
f 487/1/107 469/1/107 470/1/107
f 478/1/107 494/1/107 477/1/107
f 471/1/107 487/1/107 470/1/107
f 496/1/107 478/1/107 479/1/107
f 489/1/107 471/1/107 472/1/107
f 480/1/107 496/1/107 479/1/107
f 473/1/107 489/1/107 472/1/107
f 466/1/107 482/1/107 465/1/107
f 498/1/107 480/1/107 481/1/107
f 491/1/107 473/1/107 474/1/107
f 484/1/107 466/1/107 467/1/107
f 475/1/107 491/1/107 474/1/107
f 468/1/107 484/1/107 467/1/107
f 527/1/107 509/1/107 510/1/107
f 520/1/107 502/1/107 503/1/107
f 511/1/107 527/1/107 510/1/107
f 521/1/107 503/1/107 504/1/107
f 512/1/107 528/1/107 511/1/107
f 505/1/107 521/1/107 504/1/107
f 530/1/107 512/1/107 513/1/107
f 523/1/107 505/1/107 506/1/107
f 514/1/107 530/1/107 513/1/107
f 524/1/107 506/1/107 507/1/107
f 500/1/107 516/1/107 499/1/107
f 532/1/107 514/1/107 515/1/107
f 508/1/107 524/1/107 507/1/107
f 518/1/107 500/1/107 501/1/107
f 509/1/107 525/1/107 508/1/107
f 502/1/107 518/1/107 501/1/107
f 561/1/107 543/1/107 544/1/107
f 537/1/107 553/1/107 536/1/107
f 545/1/107 561/1/107 544/1/107
f 555/1/107 537/1/107 538/1/107
f 546/1/107 562/1/107 545/1/107
f 539/1/107 555/1/107 538/1/107
f 564/1/107 546/1/107 547/1/107
f 557/1/107 539/1/107 540/1/107
f 548/1/107 564/1/107 547/1/107
f 558/1/107 540/1/107 541/1/107
f 534/1/107 550/1/107 533/1/107
f 566/1/107 548/1/107 549/1/107
f 559/1/107 541/1/107 542/1/107
f 552/1/107 534/1/107 535/1/107
f 543/1/107 559/1/107 542/1/107
f 536/1/107 552/1/107 535/1/107
f 595/1/107 577/1/107 578/1/107
f 588/1/107 570/1/107 571/1/107
f 579/1/107 595/1/107 578/1/107
f 589/1/107 571/1/107 572/1/107
f 580/1/107 596/1/107 579/1/107
f 573/1/107 589/1/107 572/1/107
f 598/1/107 580/1/107 581/1/107
f 591/1/107 573/1/107 574/1/107
f 582/1/107 598/1/107 581/1/107
f 575/1/107 591/1/107 574/1/107
f 568/1/107 584/1/107 567/1/107
f 600/1/107 582/1/107 583/1/107
f 593/1/107 575/1/107 576/1/107
f 586/1/107 568/1/107 569/1/107
f 577/1/107 593/1/107 576/1/107
f 570/1/107 586/1/107 569/1/107
f 611/1/108 629/1/108 612/1/108
f 604/1/108 622/1/108 605/1/108
f 613/1/108 629/1/108 630/1/108
f 605/1/108 623/1/108 606/1/108
f 614/1/108 630/1/108 631/1/108
f 607/1/108 623/1/108 624/1/108
f 614/1/108 632/1/108 615/1/108
f 607/1/108 625/1/108 608/1/108
f 616/1/108 632/1/108 633/1/108
f 609/1/108 625/1/108 626/1/108
f 602/1/108 618/1/108 619/1/108
f 616/1/108 634/1/108 617/1/108
f 609/1/108 627/1/108 610/1/108
f 602/1/108 620/1/108 603/1/108
f 611/1/108 627/1/108 628/1/108
f 604/1/108 620/1/108 621/1/108
f 645/1/108 663/1/108 646/1/108
f 638/1/108 656/1/108 639/1/108
f 647/1/108 663/1/108 664/1/108
f 639/1/108 657/1/108 640/1/108
f 647/1/108 665/1/108 648/1/108
f 641/1/108 657/1/108 658/1/108
f 648/1/108 666/1/108 649/1/108
f 641/1/108 659/1/108 642/1/108
f 650/1/108 666/1/108 667/1/108
f 643/1/108 659/1/108 660/1/108
f 636/1/108 652/1/108 653/1/108
f 650/1/108 668/1/108 651/1/108
f 643/1/108 661/1/108 644/1/108
f 636/1/108 654/1/108 637/1/108
f 645/1/108 661/1/108 662/1/108
f 638/1/108 654/1/108 655/1/108
f 679/1/108 697/1/108 680/1/108
f 672/1/108 690/1/108 673/1/108
f 681/1/108 697/1/108 698/1/108
f 673/1/108 691/1/108 674/1/108
f 682/1/108 698/1/108 699/1/108
f 675/1/108 691/1/108 692/1/108
f 682/1/108 700/1/108 683/1/108
f 675/1/108 693/1/108 676/1/108
f 684/1/108 700/1/108 701/1/108
f 677/1/108 693/1/108 694/1/108
f 670/1/108 686/1/108 687/1/108
f 684/1/108 702/1/108 685/1/108
f 677/1/108 695/1/108 678/1/108
f 670/1/108 688/1/108 671/1/108
f 679/1/108 695/1/108 696/1/108
f 672/1/108 688/1/108 689/1/108
f 713/1/108 731/1/108 714/1/108
f 706/1/108 724/1/108 707/1/108
f 715/1/108 731/1/108 732/1/108
f 707/1/108 725/1/108 708/1/108
f 716/1/108 732/1/108 733/1/108
f 709/1/108 725/1/108 726/1/108
f 716/1/108 734/1/108 717/1/108
f 709/1/108 727/1/108 710/1/108
f 718/1/108 734/1/108 735/1/108
f 710/1/108 728/1/108 711/1/108
f 704/1/108 720/1/108 721/1/108
f 718/1/108 736/1/108 719/1/108
f 712/1/108 728/1/108 729/1/108
f 704/1/108 722/1/108 705/1/108
f 713/1/108 729/1/108 730/1/108
f 706/1/108 722/1/108 723/1/108
f 747/1/108 765/1/108 748/1/108
f 741/1/108 757/1/108 758/1/108
f 749/1/108 765/1/108 766/1/108
f 741/1/108 759/1/108 742/1/108
f 750/1/108 766/1/108 767/1/108
f 743/1/108 759/1/108 760/1/108
f 750/1/108 768/1/108 751/1/108
f 743/1/108 761/1/108 744/1/108
f 752/1/108 768/1/108 769/1/108
f 744/1/108 762/1/108 745/1/108
f 738/1/108 754/1/108 755/1/108
f 752/1/108 770/1/108 753/1/108
f 745/1/108 763/1/108 746/1/108
f 738/1/108 756/1/108 739/1/108
f 747/1/108 763/1/108 764/1/108
f 740/1/108 756/1/108 757/1/108
f 781/1/108 799/1/108 782/1/108
f 774/1/108 792/1/108 775/1/108
f 783/1/108 799/1/108 800/1/108
f 775/1/108 793/1/108 776/1/108
f 784/1/108 800/1/108 801/1/108
f 777/1/108 793/1/108 794/1/108
f 784/1/108 802/1/108 785/1/108
f 777/1/108 795/1/108 778/1/108
f 786/1/108 802/1/108 803/1/108
f 779/1/108 795/1/108 796/1/108
f 772/1/108 788/1/108 789/1/108
f 786/1/108 804/1/108 787/1/108
f 779/1/108 797/1/108 780/1/108
f 772/1/108 790/1/108 773/1/108
f 781/1/108 797/1/108 798/1/108
f 774/1/108 790/1/108 791/1/108
f 536/1/117 741/1/117 537/1/117
f 447/1/339 668/1/339 464/1/339
f 537/1/340 742/1/340 538/1/340
f 538/1/341 743/1/341 539/1/341
f 539/1/109 744/1/109 540/1/109
f 465/1/109 670/1/109 466/1/109
f 540/1/342 745/1/342 541/1/342
f 466/1/342 671/1/342 467/1/342
f 541/1/339 746/1/339 542/1/339
f 467/1/339 672/1/339 468/1/339
f 542/1/118 747/1/118 543/1/118
f 468/1/118 673/1/118 469/1/118
f 543/1/343 748/1/343 544/1/343
f 469/1/343 674/1/343 470/1/343
f 544/1/344 749/1/344 545/1/344
f 470/1/344 675/1/344 471/1/344
f 545/1/110 750/1/110 546/1/110
f 471/1/110 676/1/110 472/1/110
f 397/1/117 602/1/117 398/1/117
f 546/1/345 751/1/345 547/1/345
f 472/1/346 677/1/346 473/1/346
f 398/1/340 603/1/340 399/1/340
f 547/1/347 752/1/347 548/1/347
f 473/1/348 678/1/348 474/1/348
f 399/1/341 604/1/341 400/1/341
f 548/1/126 753/1/126 549/1/126
f 474/1/126 679/1/126 475/1/126
f 400/1/109 605/1/109 401/1/109
f 551/1/118 754/1/118 550/1/118
f 475/1/349 680/1/349 476/1/349
f 401/1/342 606/1/342 402/1/342
f 552/1/343 755/1/343 551/1/343
f 476/1/350 681/1/350 477/1/350
f 402/1/339 607/1/339 403/1/339
f 553/1/344 756/1/344 552/1/344
f 477/1/119 682/1/119 478/1/119
f 403/1/118 608/1/118 404/1/118
f 554/1/110 757/1/110 553/1/110
f 478/1/351 683/1/351 479/1/351
f 404/1/343 609/1/343 405/1/343
f 555/1/345 758/1/345 554/1/345
f 479/1/352 684/1/352 480/1/352
f 405/1/344 610/1/344 406/1/344
f 556/1/347 759/1/347 555/1/347
f 480/1/117 685/1/117 481/1/117
f 406/1/110 611/1/110 407/1/110
f 557/1/126 760/1/126 556/1/126
f 483/1/126 686/1/126 482/1/126
f 407/1/345 612/1/345 408/1/345
f 558/1/349 761/1/349 557/1/349
f 484/1/349 687/1/349 483/1/349
f 408/1/347 613/1/347 409/1/347
f 559/1/350 762/1/350 558/1/350
f 485/1/350 688/1/350 484/1/350
f 409/1/126 614/1/126 410/1/126
f 560/1/119 763/1/119 559/1/119
f 486/1/119 689/1/119 485/1/119
f 410/1/349 615/1/349 411/1/349
f 561/1/351 764/1/351 560/1/351
f 487/1/351 690/1/351 486/1/351
f 411/1/350 616/1/350 412/1/350
f 562/1/352 765/1/352 561/1/352
f 488/1/352 691/1/352 487/1/352
f 412/1/119 617/1/119 413/1/119
f 563/1/117 766/1/117 562/1/117
f 489/1/117 692/1/117 488/1/117
f 415/1/110 618/1/110 414/1/110
f 564/1/340 767/1/340 563/1/340
f 490/1/353 693/1/353 489/1/353
f 416/1/345 619/1/345 415/1/345
f 565/1/341 768/1/341 564/1/341
f 491/1/354 694/1/354 490/1/354
f 417/1/347 620/1/347 416/1/347
f 566/1/109 769/1/109 565/1/109
f 492/1/109 695/1/109 491/1/109
f 418/1/126 621/1/126 417/1/126
f 493/1/342 696/1/342 492/1/342
f 419/1/349 622/1/349 418/1/349
f 494/1/339 697/1/339 493/1/339
f 420/1/350 623/1/350 419/1/350
f 495/1/118 698/1/118 494/1/118
f 421/1/119 624/1/119 420/1/119
f 496/1/343 699/1/343 495/1/343
f 422/1/351 625/1/351 421/1/351
f 497/1/344 700/1/344 496/1/344
f 423/1/352 626/1/352 422/1/352
f 498/1/110 701/1/110 497/1/110
f 424/1/117 627/1/117 423/1/117
f 425/1/340 628/1/340 424/1/340
f 426/1/341 629/1/341 425/1/341
f 427/1/109 630/1/109 426/1/109
f 428/1/342 631/1/342 427/1/342
f 550/1/340 737/1/340 533/1/340
f 429/1/339 632/1/339 428/1/339
f 430/1/118 633/1/118 429/1/118
f 549/1/344 770/1/344 566/1/344
f 482/1/343 669/1/343 465/1/343
f 567/1/110 772/1/110 568/1/110
f 568/1/345 773/1/345 569/1/345
f 569/1/347 774/1/347 570/1/347
f 570/1/126 775/1/126 571/1/126
f 481/1/350 702/1/350 498/1/350
f 571/1/349 776/1/349 572/1/349
f 572/1/350 777/1/350 573/1/350
f 414/1/342 601/1/342 397/1/342
f 573/1/119 778/1/119 574/1/119
f 499/1/118 704/1/118 500/1/118
f 574/1/351 779/1/351 575/1/351
f 500/1/343 705/1/343 501/1/343
f 575/1/352 780/1/352 576/1/352
f 501/1/344 706/1/344 502/1/344
f 576/1/117 781/1/117 577/1/117
f 502/1/110 707/1/110 503/1/110
f 413/1/347 634/1/347 430/1/347
f 577/1/340 782/1/340 578/1/340
f 503/1/345 708/1/345 504/1/345
f 578/1/341 783/1/341 579/1/341
f 504/1/347 709/1/347 505/1/347
f 579/1/109 784/1/109 580/1/109
f 505/1/126 710/1/126 506/1/126
f 431/1/126 636/1/126 432/1/126
f 580/1/342 785/1/342 581/1/342
f 506/1/349 711/1/349 507/1/349
f 432/1/349 637/1/349 433/1/349
f 581/1/339 786/1/339 582/1/339
f 507/1/350 712/1/350 508/1/350
f 433/1/350 638/1/350 434/1/350
f 582/1/118 787/1/118 583/1/118
f 508/1/119 713/1/119 509/1/119
f 434/1/119 639/1/119 435/1/119
f 585/1/117 788/1/117 584/1/117
f 509/1/351 714/1/351 510/1/351
f 435/1/351 640/1/351 436/1/351
f 586/1/340 789/1/340 585/1/340
f 510/1/352 715/1/352 511/1/352
f 436/1/352 641/1/352 437/1/352
f 587/1/341 790/1/341 586/1/341
f 511/1/117 716/1/117 512/1/117
f 437/1/117 642/1/117 438/1/117
f 588/1/109 791/1/109 587/1/109
f 512/1/340 717/1/340 513/1/340
f 438/1/353 643/1/353 439/1/353
f 589/1/342 792/1/342 588/1/342
f 513/1/341 718/1/341 514/1/341
f 439/1/354 644/1/354 440/1/354
f 590/1/339 793/1/339 589/1/339
f 514/1/109 719/1/109 515/1/109
f 440/1/109 645/1/109 441/1/109
f 591/1/118 794/1/118 590/1/118
f 517/1/119 720/1/119 516/1/119
f 441/1/342 646/1/342 442/1/342
f 592/1/343 795/1/343 591/1/343
f 518/1/351 721/1/351 517/1/351
f 442/1/339 647/1/339 443/1/339
f 593/1/344 796/1/344 592/1/344
f 519/1/352 722/1/352 518/1/352
f 443/1/118 648/1/118 444/1/118
f 594/1/110 797/1/110 593/1/110
f 520/1/117 723/1/117 519/1/117
f 444/1/343 649/1/343 445/1/343
f 595/1/345 798/1/345 594/1/345
f 521/1/340 724/1/340 520/1/340
f 445/1/344 650/1/344 446/1/344
f 596/1/347 799/1/347 595/1/347
f 522/1/341 725/1/341 521/1/341
f 446/1/110 651/1/110 447/1/110
f 597/1/126 800/1/126 596/1/126
f 523/1/109 726/1/109 522/1/109
f 449/1/109 652/1/109 448/1/109
f 598/1/349 801/1/349 597/1/349
f 524/1/342 727/1/342 523/1/342
f 450/1/342 653/1/342 449/1/342
f 599/1/350 802/1/350 598/1/350
f 525/1/339 728/1/339 524/1/339
f 451/1/339 654/1/339 450/1/339
f 600/1/119 803/1/119 599/1/119
f 526/1/118 729/1/118 525/1/118
f 452/1/118 655/1/118 451/1/118
f 527/1/343 730/1/343 526/1/343
f 453/1/343 656/1/343 452/1/343
f 528/1/344 731/1/344 527/1/344
f 454/1/344 657/1/344 453/1/344
f 529/1/110 732/1/110 528/1/110
f 455/1/110 658/1/110 454/1/110
f 530/1/345 733/1/345 529/1/345
f 456/1/346 659/1/346 455/1/346
f 531/1/347 734/1/347 530/1/347
f 457/1/347 660/1/347 456/1/347
f 532/1/126 735/1/126 531/1/126
f 458/1/126 661/1/126 457/1/126
f 459/1/349 662/1/349 458/1/349
f 460/1/350 663/1/350 459/1/350
f 461/1/119 664/1/119 460/1/119
f 462/1/351 665/1/351 461/1/351
f 584/1/349 771/1/349 567/1/349
f 463/1/352 666/1/352 462/1/352
f 464/1/117 667/1/117 463/1/117
f 583/1/341 804/1/341 600/1/341
f 516/1/345 703/1/345 499/1/345
f 515/1/352 736/1/352 532/1/352
f 448/1/351 635/1/351 431/1/351
f 533/1/119 738/1/119 534/1/119
f 534/1/351 739/1/351 535/1/351
f 535/1/352 740/1/352 536/1/352
f 425/1/107 424/1/107 407/1/107
f 418/1/107 417/1/107 400/1/107
f 409/1/107 426/1/107 425/1/107
f 419/1/107 418/1/107 401/1/107
f 410/1/107 427/1/107 426/1/107
f 403/1/107 420/1/107 419/1/107
f 428/1/107 427/1/107 410/1/107
f 421/1/107 420/1/107 403/1/107
f 412/1/107 429/1/107 428/1/107
f 405/1/107 422/1/107 421/1/107
f 398/1/107 415/1/107 414/1/107
f 430/1/107 429/1/107 412/1/107
f 423/1/107 422/1/107 405/1/107
f 416/1/107 415/1/107 398/1/107
f 407/1/107 424/1/107 423/1/107
f 400/1/107 417/1/107 416/1/107
f 459/1/107 458/1/107 441/1/107
f 452/1/107 451/1/107 434/1/107
f 443/1/107 460/1/107 459/1/107
f 453/1/107 452/1/107 435/1/107
f 461/1/107 460/1/107 443/1/107
f 437/1/107 454/1/107 453/1/107
f 462/1/107 461/1/107 444/1/107
f 455/1/107 454/1/107 437/1/107
f 446/1/107 463/1/107 462/1/107
f 439/1/107 456/1/107 455/1/107
f 432/1/107 449/1/107 448/1/107
f 464/1/107 463/1/107 446/1/107
f 457/1/107 456/1/107 439/1/107
f 450/1/107 449/1/107 432/1/107
f 441/1/107 458/1/107 457/1/107
f 434/1/107 451/1/107 450/1/107
f 493/1/107 492/1/107 475/1/107
f 486/1/107 485/1/107 468/1/107
f 477/1/107 494/1/107 493/1/107
f 487/1/107 486/1/107 469/1/107
f 478/1/107 495/1/107 494/1/107
f 471/1/107 488/1/107 487/1/107
f 496/1/107 495/1/107 478/1/107
f 489/1/107 488/1/107 471/1/107
f 480/1/107 497/1/107 496/1/107
f 473/1/107 490/1/107 489/1/107
f 466/1/107 483/1/107 482/1/107
f 498/1/107 497/1/107 480/1/107
f 491/1/107 490/1/107 473/1/107
f 484/1/107 483/1/107 466/1/107
f 475/1/107 492/1/107 491/1/107
f 468/1/107 485/1/107 484/1/107
f 527/1/107 526/1/107 509/1/107
f 520/1/107 519/1/107 502/1/107
f 511/1/107 528/1/107 527/1/107
f 521/1/107 520/1/107 503/1/107
f 512/1/107 529/1/107 528/1/107
f 505/1/107 522/1/107 521/1/107
f 530/1/107 529/1/107 512/1/107
f 523/1/107 522/1/107 505/1/107
f 514/1/107 531/1/107 530/1/107
f 524/1/107 523/1/107 506/1/107
f 500/1/107 517/1/107 516/1/107
f 532/1/107 531/1/107 514/1/107
f 508/1/107 525/1/107 524/1/107
f 518/1/107 517/1/107 500/1/107
f 509/1/107 526/1/107 525/1/107
f 502/1/107 519/1/107 518/1/107
f 561/1/107 560/1/107 543/1/107
f 537/1/107 554/1/107 553/1/107
f 545/1/107 562/1/107 561/1/107
f 555/1/107 554/1/107 537/1/107
f 546/1/107 563/1/107 562/1/107
f 539/1/107 556/1/107 555/1/107
f 564/1/107 563/1/107 546/1/107
f 557/1/107 556/1/107 539/1/107
f 548/1/107 565/1/107 564/1/107
f 558/1/107 557/1/107 540/1/107
f 534/1/107 551/1/107 550/1/107
f 566/1/107 565/1/107 548/1/107
f 559/1/107 558/1/107 541/1/107
f 552/1/107 551/1/107 534/1/107
f 543/1/107 560/1/107 559/1/107
f 536/1/107 553/1/107 552/1/107
f 595/1/107 594/1/107 577/1/107
f 588/1/107 587/1/107 570/1/107
f 579/1/107 596/1/107 595/1/107
f 589/1/107 588/1/107 571/1/107
f 580/1/107 597/1/107 596/1/107
f 573/1/107 590/1/107 589/1/107
f 598/1/107 597/1/107 580/1/107
f 591/1/107 590/1/107 573/1/107
f 582/1/107 599/1/107 598/1/107
f 575/1/107 592/1/107 591/1/107
f 568/1/107 585/1/107 584/1/107
f 600/1/107 599/1/107 582/1/107
f 593/1/107 592/1/107 575/1/107
f 586/1/107 585/1/107 568/1/107
f 577/1/107 594/1/107 593/1/107
f 570/1/107 587/1/107 586/1/107
f 611/1/108 628/1/108 629/1/108
f 604/1/108 621/1/108 622/1/108
f 613/1/108 612/1/108 629/1/108
f 605/1/108 622/1/108 623/1/108
f 614/1/108 613/1/108 630/1/108
f 607/1/108 606/1/108 623/1/108
f 614/1/108 631/1/108 632/1/108
f 607/1/108 624/1/108 625/1/108
f 616/1/108 615/1/108 632/1/108
f 609/1/108 608/1/108 625/1/108
f 602/1/108 601/1/108 618/1/108
f 616/1/108 633/1/108 634/1/108
f 609/1/108 626/1/108 627/1/108
f 602/1/108 619/1/108 620/1/108
f 611/1/108 610/1/108 627/1/108
f 604/1/108 603/1/108 620/1/108
f 645/1/108 662/1/108 663/1/108
f 638/1/108 655/1/108 656/1/108
f 647/1/108 646/1/108 663/1/108
f 639/1/108 656/1/108 657/1/108
f 647/1/108 664/1/108 665/1/108
f 641/1/108 640/1/108 657/1/108
f 648/1/108 665/1/108 666/1/108
f 641/1/108 658/1/108 659/1/108
f 650/1/108 649/1/108 666/1/108
f 643/1/108 642/1/108 659/1/108
f 636/1/108 635/1/108 652/1/108
f 650/1/108 667/1/108 668/1/108
f 643/1/108 660/1/108 661/1/108
f 636/1/108 653/1/108 654/1/108
f 645/1/108 644/1/108 661/1/108
f 638/1/108 637/1/108 654/1/108
f 679/1/108 696/1/108 697/1/108
f 672/1/108 689/1/108 690/1/108
f 681/1/108 680/1/108 697/1/108
f 673/1/108 690/1/108 691/1/108
f 682/1/108 681/1/108 698/1/108
f 675/1/108 674/1/108 691/1/108
f 682/1/108 699/1/108 700/1/108
f 675/1/108 692/1/108 693/1/108
f 684/1/108 683/1/108 700/1/108
f 677/1/108 676/1/108 693/1/108
f 670/1/108 669/1/108 686/1/108
f 684/1/108 701/1/108 702/1/108
f 677/1/108 694/1/108 695/1/108
f 670/1/108 687/1/108 688/1/108
f 679/1/108 678/1/108 695/1/108
f 672/1/108 671/1/108 688/1/108
f 713/1/108 730/1/108 731/1/108
f 706/1/108 723/1/108 724/1/108
f 715/1/108 714/1/108 731/1/108
f 707/1/108 724/1/108 725/1/108
f 716/1/108 715/1/108 732/1/108
f 709/1/108 708/1/108 725/1/108
f 716/1/108 733/1/108 734/1/108
f 709/1/108 726/1/108 727/1/108
f 718/1/108 717/1/108 734/1/108
f 710/1/108 727/1/108 728/1/108
f 704/1/108 703/1/108 720/1/108
f 718/1/108 735/1/108 736/1/108
f 712/1/108 711/1/108 728/1/108
f 704/1/108 721/1/108 722/1/108
f 713/1/108 712/1/108 729/1/108
f 706/1/108 705/1/108 722/1/108
f 747/1/108 764/1/108 765/1/108
f 741/1/108 740/1/108 757/1/108
f 749/1/108 748/1/108 765/1/108
f 741/1/108 758/1/108 759/1/108
f 750/1/108 749/1/108 766/1/108
f 743/1/108 742/1/108 759/1/108
f 750/1/108 767/1/108 768/1/108
f 743/1/108 760/1/108 761/1/108
f 752/1/108 751/1/108 768/1/108
f 744/1/108 761/1/108 762/1/108
f 738/1/108 737/1/108 754/1/108
f 752/1/108 769/1/108 770/1/108
f 745/1/108 762/1/108 763/1/108
f 738/1/108 755/1/108 756/1/108
f 747/1/108 746/1/108 763/1/108
f 740/1/108 739/1/108 756/1/108
f 781/1/108 798/1/108 799/1/108
f 774/1/108 791/1/108 792/1/108
f 783/1/108 782/1/108 799/1/108
f 775/1/108 792/1/108 793/1/108
f 784/1/108 783/1/108 800/1/108
f 777/1/108 776/1/108 793/1/108
f 784/1/108 801/1/108 802/1/108
f 777/1/108 794/1/108 795/1/108
f 786/1/108 785/1/108 802/1/108
f 779/1/108 778/1/108 795/1/108
f 772/1/108 771/1/108 788/1/108
f 786/1/108 803/1/108 804/1/108
f 779/1/108 796/1/108 797/1/108
f 772/1/108 789/1/108 790/1/108
f 781/1/108 780/1/108 797/1/108
f 774/1/108 773/1/108 790/1/108
f 536/1/117 740/1/117 741/1/117
f 447/1/339 651/1/339 668/1/339
f 537/1/340 741/1/340 742/1/340
f 538/1/341 742/1/341 743/1/341
f 539/1/109 743/1/109 744/1/109
f 465/1/109 669/1/109 670/1/109
f 540/1/342 744/1/342 745/1/342
f 466/1/342 670/1/342 671/1/342
f 541/1/339 745/1/339 746/1/339
f 467/1/339 671/1/339 672/1/339
f 542/1/118 746/1/118 747/1/118
f 468/1/118 672/1/118 673/1/118
f 543/1/343 747/1/343 748/1/343
f 469/1/343 673/1/343 674/1/343
f 544/1/344 748/1/344 749/1/344
f 470/1/344 674/1/344 675/1/344
f 545/1/110 749/1/110 750/1/110
f 471/1/110 675/1/110 676/1/110
f 397/1/117 601/1/117 602/1/117
f 546/1/345 750/1/345 751/1/345
f 472/1/346 676/1/346 677/1/346
f 398/1/340 602/1/340 603/1/340
f 547/1/347 751/1/347 752/1/347
f 473/1/348 677/1/348 678/1/348
f 399/1/341 603/1/341 604/1/341
f 548/1/126 752/1/126 753/1/126
f 474/1/126 678/1/126 679/1/126
f 400/1/109 604/1/109 605/1/109
f 551/1/118 755/1/118 754/1/118
f 475/1/349 679/1/349 680/1/349
f 401/1/342 605/1/342 606/1/342
f 552/1/343 756/1/343 755/1/343
f 476/1/350 680/1/350 681/1/350
f 402/1/339 606/1/339 607/1/339
f 553/1/344 757/1/344 756/1/344
f 477/1/119 681/1/119 682/1/119
f 403/1/118 607/1/118 608/1/118
f 554/1/110 758/1/110 757/1/110
f 478/1/351 682/1/351 683/1/351
f 404/1/343 608/1/343 609/1/343
f 555/1/345 759/1/345 758/1/345
f 479/1/352 683/1/352 684/1/352
f 405/1/344 609/1/344 610/1/344
f 556/1/347 760/1/347 759/1/347
f 480/1/117 684/1/117 685/1/117
f 406/1/110 610/1/110 611/1/110
f 557/1/126 761/1/126 760/1/126
f 483/1/126 687/1/126 686/1/126
f 407/1/345 611/1/345 612/1/345
f 558/1/349 762/1/349 761/1/349
f 484/1/349 688/1/349 687/1/349
f 408/1/347 612/1/347 613/1/347
f 559/1/350 763/1/350 762/1/350
f 485/1/350 689/1/350 688/1/350
f 409/1/126 613/1/126 614/1/126
f 560/1/119 764/1/119 763/1/119
f 486/1/119 690/1/119 689/1/119
f 410/1/349 614/1/349 615/1/349
f 561/1/351 765/1/351 764/1/351
f 487/1/351 691/1/351 690/1/351
f 411/1/350 615/1/350 616/1/350
f 562/1/352 766/1/352 765/1/352
f 488/1/352 692/1/352 691/1/352
f 412/1/119 616/1/119 617/1/119
f 563/1/117 767/1/117 766/1/117
f 489/1/117 693/1/117 692/1/117
f 415/1/110 619/1/110 618/1/110
f 564/1/340 768/1/340 767/1/340
f 490/1/353 694/1/353 693/1/353
f 416/1/345 620/1/345 619/1/345
f 565/1/341 769/1/341 768/1/341
f 491/1/354 695/1/354 694/1/354
f 417/1/347 621/1/347 620/1/347
f 566/1/109 770/1/109 769/1/109
f 492/1/109 696/1/109 695/1/109
f 418/1/126 622/1/126 621/1/126
f 493/1/342 697/1/342 696/1/342
f 419/1/349 623/1/349 622/1/349
f 494/1/339 698/1/339 697/1/339
f 420/1/350 624/1/350 623/1/350
f 495/1/118 699/1/118 698/1/118
f 421/1/119 625/1/119 624/1/119
f 496/1/343 700/1/343 699/1/343
f 422/1/351 626/1/351 625/1/351
f 497/1/344 701/1/344 700/1/344
f 423/1/352 627/1/352 626/1/352
f 498/1/110 702/1/110 701/1/110
f 424/1/117 628/1/117 627/1/117
f 425/1/340 629/1/340 628/1/340
f 426/1/341 630/1/341 629/1/341
f 427/1/109 631/1/109 630/1/109
f 428/1/342 632/1/342 631/1/342
f 550/1/340 754/1/340 737/1/340
f 429/1/339 633/1/339 632/1/339
f 430/1/118 634/1/118 633/1/118
f 549/1/344 753/1/344 770/1/344
f 482/1/343 686/1/343 669/1/343
f 567/1/110 771/1/110 772/1/110
f 568/1/345 772/1/345 773/1/345
f 569/1/347 773/1/347 774/1/347
f 570/1/126 774/1/126 775/1/126
f 481/1/350 685/1/350 702/1/350
f 571/1/349 775/1/349 776/1/349
f 572/1/350 776/1/350 777/1/350
f 414/1/342 618/1/342 601/1/342
f 573/1/119 777/1/119 778/1/119
f 499/1/118 703/1/118 704/1/118
f 574/1/351 778/1/351 779/1/351
f 500/1/343 704/1/343 705/1/343
f 575/1/352 779/1/352 780/1/352
f 501/1/344 705/1/344 706/1/344
f 576/1/117 780/1/117 781/1/117
f 502/1/110 706/1/110 707/1/110
f 413/1/347 617/1/347 634/1/347
f 577/1/340 781/1/340 782/1/340
f 503/1/345 707/1/345 708/1/345
f 578/1/341 782/1/341 783/1/341
f 504/1/347 708/1/347 709/1/347
f 579/1/109 783/1/109 784/1/109
f 505/1/126 709/1/126 710/1/126
f 431/1/126 635/1/126 636/1/126
f 580/1/342 784/1/342 785/1/342
f 506/1/349 710/1/349 711/1/349
f 432/1/349 636/1/349 637/1/349
f 581/1/339 785/1/339 786/1/339
f 507/1/350 711/1/350 712/1/350
f 433/1/350 637/1/350 638/1/350
f 582/1/118 786/1/118 787/1/118
f 508/1/119 712/1/119 713/1/119
f 434/1/119 638/1/119 639/1/119
f 585/1/117 789/1/117 788/1/117
f 509/1/351 713/1/351 714/1/351
f 435/1/351 639/1/351 640/1/351
f 586/1/340 790/1/340 789/1/340
f 510/1/352 714/1/352 715/1/352
f 436/1/352 640/1/352 641/1/352
f 587/1/341 791/1/341 790/1/341
f 511/1/117 715/1/117 716/1/117
f 437/1/117 641/1/117 642/1/117
f 588/1/109 792/1/109 791/1/109
f 512/1/340 716/1/340 717/1/340
f 438/1/353 642/1/353 643/1/353
f 589/1/342 793/1/342 792/1/342
f 513/1/341 717/1/341 718/1/341
f 439/1/354 643/1/354 644/1/354
f 590/1/339 794/1/339 793/1/339
f 514/1/109 718/1/109 719/1/109
f 440/1/109 644/1/109 645/1/109
f 591/1/118 795/1/118 794/1/118
f 517/1/119 721/1/119 720/1/119
f 441/1/342 645/1/342 646/1/342
f 592/1/343 796/1/343 795/1/343
f 518/1/351 722/1/351 721/1/351
f 442/1/339 646/1/339 647/1/339
f 593/1/344 797/1/344 796/1/344
f 519/1/352 723/1/352 722/1/352
f 443/1/118 647/1/118 648/1/118
f 594/1/110 798/1/110 797/1/110
f 520/1/117 724/1/117 723/1/117
f 444/1/343 648/1/343 649/1/343
f 595/1/345 799/1/345 798/1/345
f 521/1/340 725/1/340 724/1/340
f 445/1/344 649/1/344 650/1/344
f 596/1/347 800/1/347 799/1/347
f 522/1/341 726/1/341 725/1/341
f 446/1/110 650/1/110 651/1/110
f 597/1/126 801/1/126 800/1/126
f 523/1/109 727/1/109 726/1/109
f 449/1/109 653/1/109 652/1/109
f 598/1/349 802/1/349 801/1/349
f 524/1/342 728/1/342 727/1/342
f 450/1/342 654/1/342 653/1/342
f 599/1/350 803/1/350 802/1/350
f 525/1/339 729/1/339 728/1/339
f 451/1/339 655/1/339 654/1/339
f 600/1/119 804/1/119 803/1/119
f 526/1/118 730/1/118 729/1/118
f 452/1/118 656/1/118 655/1/118
f 527/1/343 731/1/343 730/1/343
f 453/1/343 657/1/343 656/1/343
f 528/1/344 732/1/344 731/1/344
f 454/1/344 658/1/344 657/1/344
f 529/1/110 733/1/110 732/1/110
f 455/1/110 659/1/110 658/1/110
f 530/1/345 734/1/345 733/1/345
f 456/1/346 660/1/346 659/1/346
f 531/1/347 735/1/347 734/1/347
f 457/1/347 661/1/347 660/1/347
f 532/1/126 736/1/126 735/1/126
f 458/1/126 662/1/126 661/1/126
f 459/1/349 663/1/349 662/1/349
f 460/1/350 664/1/350 663/1/350
f 461/1/119 665/1/119 664/1/119
f 462/1/351 666/1/351 665/1/351
f 584/1/349 788/1/349 771/1/349
f 463/1/352 667/1/352 666/1/352
f 464/1/117 668/1/117 667/1/117
f 583/1/341 787/1/341 804/1/341
f 516/1/345 720/1/345 703/1/345
f 515/1/352 719/1/352 736/1/352
f 448/1/351 652/1/351 635/1/351
f 533/1/119 737/1/119 738/1/119
f 534/1/351 738/1/351 739/1/351
f 535/1/352 739/1/352 740/1/352
f 841/1/107 810/1/107 811/1/107
f 842/1/107 811/1/107 812/1/107
f 834/1/107 863/1/107 833/1/107
f 835/1/107 834/1/107 805/1/107
f 824/1/107 853/1/107 823/1/107
f 855/1/107 824/1/107 825/1/107
f 814/1/107 843/1/107 813/1/107
f 856/1/107 825/1/107 826/1/107
f 815/1/107 844/1/107 814/1/107
f 857/1/107 826/1/107 827/1/107
f 816/1/107 845/1/107 815/1/107
f 847/1/107 816/1/107 817/1/107
f 836/1/107 805/1/107 806/1/107
f 837/1/107 806/1/107 807/1/107
f 829/1/107 858/1/107 828/1/107
f 830/1/107 859/1/107 829/1/107
f 819/1/107 848/1/107 818/1/107
f 831/1/107 860/1/107 830/1/107
f 820/1/107 849/1/107 819/1/107
f 809/1/107 838/1/107 808/1/107
f 862/1/107 831/1/107 832/1/107
f 821/1/107 850/1/107 820/1/107
f 840/1/107 809/1/107 810/1/107
f 852/1/107 821/1/107 822/1/107
f 870/1/108 901/1/108 871/1/108
f 871/1/108 902/1/108 872/1/108
f 894/1/108 923/1/108 924/1/108
f 894/1/108 895/1/108 865/1/108
f 884/1/108 913/1/108 914/1/108
f 884/1/108 915/1/108 885/1/108
f 874/1/108 903/1/108 904/1/108
f 885/1/108 916/1/108 886/1/108
f 875/1/108 904/1/108 905/1/108
f 886/1/108 917/1/108 887/1/108
f 876/1/108 905/1/108 906/1/108
f 876/1/108 907/1/108 877/1/108
f 865/1/108 896/1/108 866/1/108
f 866/1/108 897/1/108 867/1/108
f 889/1/108 918/1/108 919/1/108
f 890/1/108 919/1/108 920/1/108
f 879/1/108 908/1/108 909/1/108
f 891/1/108 920/1/108 921/1/108
f 880/1/108 909/1/108 910/1/108
f 869/1/108 898/1/108 899/1/108
f 891/1/108 922/1/108 892/1/108
f 881/1/108 910/1/108 911/1/108
f 869/1/108 900/1/108 870/1/108
f 881/1/108 912/1/108 882/1/108
f 853/1/95 883/1/95 823/1/95
f 841/1/70 900/1/70 840/1/70
f 808/1/355 869/1/355 809/1/355
f 842/1/356 901/1/356 841/1/356
f 809/1/97 870/1/97 810/1/97
f 844/1/357 903/1/357 843/1/357
f 810/1/98 871/1/98 811/1/98
f 843/1/99 873/1/99 813/1/99
f 845/1/77 904/1/77 844/1/77
f 811/1/358 872/1/358 812/1/358
f 846/1/80 905/1/80 845/1/80
f 813/1/359 874/1/359 814/1/359
f 847/1/360 906/1/360 846/1/360
f 814/1/72 875/1/72 815/1/72
f 849/1/361 908/1/361 848/1/361
f 815/1/74 876/1/74 816/1/74
f 850/1/84 909/1/84 849/1/84
f 816/1/362 877/1/362 817/1/362
f 827/1/101 917/1/101 857/1/101
f 851/1/92 910/1/92 850/1/92
f 818/1/363 879/1/363 819/1/363
f 852/1/364 911/1/364 851/1/364
f 819/1/81 880/1/81 820/1/81
f 817/1/102 907/1/102 847/1/102
f 854/1/355 913/1/355 853/1/355
f 820/1/87 881/1/87 821/1/87
f 855/1/97 914/1/97 854/1/97
f 821/1/365 882/1/365 822/1/365
f 858/1/103 888/1/103 828/1/103
f 856/1/98 915/1/98 855/1/98
f 823/1/366 884/1/366 824/1/366
f 807/1/104 897/1/104 837/1/104
f 857/1/358 916/1/358 856/1/358
f 824/1/93 885/1/93 825/1/93
f 859/1/359 918/1/359 858/1/359
f 825/1/70 886/1/70 826/1/70
f 848/1/71 878/1/71 818/1/71
f 860/1/72 919/1/72 859/1/72
f 826/1/356 887/1/356 827/1/356
f 861/1/74 920/1/74 860/1/74
f 828/1/357 889/1/357 829/1/357
f 862/1/362 921/1/362 861/1/362
f 829/1/77 890/1/77 830/1/77
f 838/1/78 868/1/78 808/1/78
f 864/1/363 923/1/363 863/1/363
f 830/1/80 891/1/80 831/1/80
f 835/1/81 924/1/81 864/1/81
f 831/1/360 892/1/360 832/1/360
f 833/1/361 894/1/361 834/1/361
f 834/1/84 865/1/84 805/1/84
f 832/1/85 922/1/85 862/1/85
f 863/1/86 893/1/86 833/1/86
f 836/1/87 895/1/87 835/1/87
f 822/1/88 912/1/88 852/1/88
f 837/1/365 896/1/365 836/1/365
f 812/1/90 902/1/90 842/1/90
f 839/1/366 898/1/366 838/1/366
f 805/1/92 866/1/92 806/1/92
f 840/1/93 899/1/93 839/1/93
f 806/1/364 867/1/364 807/1/364
f 841/1/107 840/1/107 810/1/107
f 842/1/107 841/1/107 811/1/107
f 834/1/107 864/1/107 863/1/107
f 835/1/107 864/1/107 834/1/107
f 824/1/107 854/1/107 853/1/107
f 855/1/107 854/1/107 824/1/107
f 814/1/107 844/1/107 843/1/107
f 856/1/107 855/1/107 825/1/107
f 815/1/107 845/1/107 844/1/107
f 857/1/107 856/1/107 826/1/107
f 816/1/107 846/1/107 845/1/107
f 847/1/107 846/1/107 816/1/107
f 836/1/107 835/1/107 805/1/107
f 837/1/107 836/1/107 806/1/107
f 829/1/107 859/1/107 858/1/107
f 830/1/107 860/1/107 859/1/107
f 819/1/107 849/1/107 848/1/107
f 831/1/107 861/1/107 860/1/107
f 820/1/107 850/1/107 849/1/107
f 809/1/107 839/1/107 838/1/107
f 862/1/107 861/1/107 831/1/107
f 821/1/107 851/1/107 850/1/107
f 840/1/107 839/1/107 809/1/107
f 852/1/107 851/1/107 821/1/107
f 870/1/108 900/1/108 901/1/108
f 871/1/108 901/1/108 902/1/108
f 894/1/108 893/1/108 923/1/108
f 894/1/108 924/1/108 895/1/108
f 884/1/108 883/1/108 913/1/108
f 884/1/108 914/1/108 915/1/108
f 874/1/108 873/1/108 903/1/108
f 885/1/108 915/1/108 916/1/108
f 875/1/108 874/1/108 904/1/108
f 886/1/108 916/1/108 917/1/108
f 876/1/108 875/1/108 905/1/108
f 876/1/108 906/1/108 907/1/108
f 865/1/108 895/1/108 896/1/108
f 866/1/108 896/1/108 897/1/108
f 889/1/108 888/1/108 918/1/108
f 890/1/108 889/1/108 919/1/108
f 879/1/108 878/1/108 908/1/108
f 891/1/108 890/1/108 920/1/108
f 880/1/108 879/1/108 909/1/108
f 869/1/108 868/1/108 898/1/108
f 891/1/108 921/1/108 922/1/108
f 881/1/108 880/1/108 910/1/108
f 869/1/108 899/1/108 900/1/108
f 881/1/108 911/1/108 912/1/108
f 853/1/95 913/1/95 883/1/95
f 841/1/70 901/1/70 900/1/70
f 808/1/355 868/1/355 869/1/355
f 842/1/356 902/1/356 901/1/356
f 809/1/97 869/1/97 870/1/97
f 844/1/357 904/1/357 903/1/357
f 810/1/98 870/1/98 871/1/98
f 843/1/99 903/1/99 873/1/99
f 845/1/77 905/1/77 904/1/77
f 811/1/358 871/1/358 872/1/358
f 846/1/80 906/1/80 905/1/80
f 813/1/359 873/1/359 874/1/359
f 847/1/360 907/1/360 906/1/360
f 814/1/72 874/1/72 875/1/72
f 849/1/361 909/1/361 908/1/361
f 815/1/74 875/1/74 876/1/74
f 850/1/84 910/1/84 909/1/84
f 816/1/362 876/1/362 877/1/362
f 827/1/101 887/1/101 917/1/101
f 851/1/92 911/1/92 910/1/92
f 818/1/363 878/1/363 879/1/363
f 852/1/364 912/1/364 911/1/364
f 819/1/81 879/1/81 880/1/81
f 817/1/102 877/1/102 907/1/102
f 854/1/355 914/1/355 913/1/355
f 820/1/87 880/1/87 881/1/87
f 855/1/97 915/1/97 914/1/97
f 821/1/365 881/1/365 882/1/365
f 858/1/103 918/1/103 888/1/103
f 856/1/98 916/1/98 915/1/98
f 823/1/366 883/1/366 884/1/366
f 807/1/104 867/1/104 897/1/104
f 857/1/358 917/1/358 916/1/358
f 824/1/93 884/1/93 885/1/93
f 859/1/359 919/1/359 918/1/359
f 825/1/70 885/1/70 886/1/70
f 848/1/71 908/1/71 878/1/71
f 860/1/72 920/1/72 919/1/72
f 826/1/356 886/1/356 887/1/356
f 861/1/74 921/1/74 920/1/74
f 828/1/357 888/1/357 889/1/357
f 862/1/362 922/1/362 921/1/362
f 829/1/77 889/1/77 890/1/77
f 838/1/78 898/1/78 868/1/78
f 864/1/363 924/1/363 923/1/363
f 830/1/80 890/1/80 891/1/80
f 835/1/81 895/1/81 924/1/81
f 831/1/360 891/1/360 892/1/360
f 833/1/361 893/1/361 894/1/361
f 834/1/84 894/1/84 865/1/84
f 832/1/85 892/1/85 922/1/85
f 863/1/86 923/1/86 893/1/86
f 836/1/87 896/1/87 895/1/87
f 822/1/88 882/1/88 912/1/88
f 837/1/365 897/1/365 896/1/365
f 812/1/90 872/1/90 902/1/90
f 839/1/366 899/1/366 898/1/366
f 805/1/92 865/1/92 866/1/92
f 840/1/93 900/1/93 899/1/93
f 806/1/364 866/1/364 867/1/364
f 929/20/367 928/17/367 930/17/367
f 932/30/368 925/16/368 931/31/368
f 927/16/369 926/27/369 928/5/369
f 932/30/370 928/18/371 926/5/372
f 931/31/373 927/19/374 929/19/375
f 932/30/376 929/19/376 930/18/376
f 929/20/367 927/20/367 928/17/367
f 932/30/368 926/5/368 925/16/368
f 927/16/369 925/24/369 926/27/369
f 932/30/370 930/18/377 928/18/371
f 931/31/373 925/16/378 927/19/374
f 932/30/376 931/31/376 929/19/376
f 936/5/379 939/16/379 935/16/379
f 933/33/380 938/17/380 934/28/380
f 934/32/381 940/5/382 936/5/383
f 933/29/384 939/16/385 937/19/386
f 937/19/387 940/5/387 938/18/387
f 936/5/388 933/29/388 934/32/388
f 936/5/379 940/5/379 939/16/379
f 933/33/380 937/20/380 938/17/380
f 934/32/381 938/18/389 940/5/382
f 933/29/384 935/16/390 939/16/385
f 937/19/387 939/16/387 940/5/387
f 936/5/388 935/16/388 933/29/388
f 944/5/391 947/16/391 943/16/391
f 941/33/392 946/17/392 942/28/392
f 942/32/393 948/5/394 944/5/395
f 941/29/396 947/16/397 945/19/398
f 945/19/399 948/5/399 946/18/399
f 944/5/400 941/29/400 942/32/400
f 944/5/391 948/5/391 947/16/391
f 941/33/392 945/20/392 946/17/392
f 942/32/393 946/18/401 948/5/394
f 941/29/396 943/16/402 947/16/397
f 945/19/399 947/16/399 948/5/399
f 944/5/400 943/16/400 941/29/400
f 953/20/403 952/17/403 954/17/403
f 956/30/404 949/16/404 955/31/404
f 951/16/405 950/27/405 952/5/405
f 956/30/406 952/18/407 950/5/408
f 955/31/409 951/19/410 953/19/411
f 956/30/412 953/19/412 954/18/412
f 953/20/403 951/20/403 952/17/403
f 956/30/404 950/5/404 949/16/404
f 951/16/405 949/24/405 950/27/405
f 956/30/406 954/18/413 952/18/407
f 955/31/409 949/16/414 951/19/410
f 956/30/412 955/31/412 953/19/412
f 960/5/415 963/16/415 959/16/415
f 957/33/416 962/17/416 958/28/416
f 958/32/417 964/5/418 960/5/419
f 957/29/420 963/16/421 961/19/422
f 961/19/423 964/5/423 962/18/423
f 960/5/424 957/29/424 958/32/424
f 960/5/415 964/5/415 963/16/415
f 957/33/416 961/20/416 962/17/416
f 958/32/417 962/18/425 964/5/418
f 957/29/420 959/16/426 963/16/421
f 961/19/423 963/16/423 964/5/423
f 960/5/424 959/16/424 957/29/424
f 969/20/427 968/17/427 970/17/427
f 972/30/428 965/16/428 971/31/428
f 967/16/429 966/27/429 968/5/429
f 972/30/430 968/18/431 966/5/432
f 971/31/433 967/19/434 969/19/435
f 972/30/436 969/19/436 970/18/436
f 969/20/427 967/20/427 968/17/427
f 972/30/428 966/5/428 965/16/428
f 967/16/429 965/24/429 966/27/429
f 972/30/430 970/18/437 968/18/431
f 971/31/433 965/16/438 967/19/434
f 972/30/436 971/31/436 969/19/436
f 976/5/439 979/16/439 975/16/439
f 973/33/440 978/17/440 974/28/440
f 974/32/441 980/5/442 976/5/443
f 973/29/444 979/16/445 977/19/446
f 977/19/447 980/5/447 978/18/447
f 976/5/448 973/29/448 974/32/448
f 976/5/439 980/5/439 979/16/439
f 973/33/440 977/20/440 978/17/440
f 974/32/441 978/18/449 980/5/442
f 973/29/444 975/16/450 979/16/445
f 977/19/447 979/16/447 980/5/447
f 976/5/448 975/16/448 973/29/448
f 985/20/451 984/17/451 986/17/451
f 988/30/452 981/16/452 987/31/452
f 983/16/453 982/27/453 984/5/453
f 988/30/454 984/18/455 982/5/456
f 987/31/457 983/19/458 985/19/459
f 988/30/460 985/19/460 986/18/460
f 985/20/451 983/20/451 984/17/451
f 988/30/452 982/5/452 981/16/452
f 983/16/453 981/24/453 982/27/453
f 988/30/454 986/18/461 984/18/455
f 987/31/457 981/16/462 983/19/458
f 988/30/460 987/31/460 985/19/460
f 992/5/463 995/16/463 991/16/463
f 989/33/464 994/17/464 990/28/464
f 990/32/465 996/5/466 992/5/467
f 989/29/468 995/16/469 993/19/470
f 993/19/471 996/5/471 994/18/471
f 992/5/472 989/29/472 990/32/472
f 992/5/463 996/5/463 995/16/463
f 989/33/464 993/20/464 994/17/464
f 990/32/465 994/18/473 996/5/466
f 989/29/468 991/16/474 995/16/469
f 993/19/471 995/16/471 996/5/471
f 992/5/472 991/16/472 989/29/472
f 1001/20/475 1000/17/475 1002/17/475
f 1004/30/476 997/16/476 1003/31/476
f 999/16/477 998/27/477 1000/5/477
f 1004/30/478 1000/18/479 998/5/480
f 1003/31/481 999/19/482 1001/19/483
f 1004/30/484 1001/19/484 1002/18/484
f 1001/20/475 999/20/475 1000/17/475
f 1004/30/476 998/5/476 997/16/476
f 999/16/477 997/24/477 998/27/477
f 1004/30/478 1002/18/485 1000/18/479
f 1003/31/481 997/16/486 999/19/482
f 1004/30/484 1003/31/484 1001/19/484
f 1008/5/487 1011/16/487 1007/16/487
f 1005/33/488 1010/17/488 1006/28/488
f 1006/32/489 1012/5/490 1008/5/491
f 1005/29/492 1011/16/493 1009/19/494
f 1009/19/495 1012/5/495 1010/18/495
f 1008/5/496 1005/29/496 1006/32/496
f 1008/5/487 1012/5/487 1011/16/487
f 1005/33/488 1009/20/488 1010/17/488
f 1006/32/489 1010/18/497 1012/5/490
f 1005/29/492 1007/16/498 1011/16/493
f 1009/19/495 1011/16/495 1012/5/495
f 1008/5/496 1007/16/496 1005/29/496
f 1017/20/499 1016/17/499 1018/17/499
f 1020/30/500 1013/16/500 1019/31/500
f 1015/16/501 1014/27/501 1016/5/501
f 1020/30/502 1016/18/503 1014/5/504
f 1019/31/505 1015/19/506 1017/19/507
f 1020/30/508 1017/19/508 1018/18/508
f 1017/20/499 1015/20/499 1016/17/499
f 1020/30/500 1014/5/500 1013/16/500
f 1015/16/501 1013/24/501 1014/27/501
f 1020/30/502 1018/18/509 1016/18/503
f 1019/31/505 1013/16/510 1015/19/506
f 1020/30/508 1019/31/508 1017/19/508
f 1024/1/107 1023/1/107 1021/1/107
f 1026/1/107 1022/1/107 1023/1/107
f 1022/1/107 1024/1/107 1021/1/107
f 1029/1/108 1030/1/108 1027/1/108
f 1028/1/108 1032/1/108 1029/1/108
f 1027/1/108 1031/1/108 1028/1/108
f 1023/1/115 1027/1/115 1021/1/115
f 1021/1/124 1028/1/124 1022/1/124
f 1024/1/114 1032/1/114 1026/1/114
f 1025/1/123 1030/1/123 1024/1/123
f 1022/1/105 1029/1/105 1023/1/105
f 1026/1/106 1031/1/106 1025/1/106
f 1024/1/107 1026/1/107 1023/1/107
f 1026/1/107 1025/1/107 1022/1/107
f 1022/1/107 1025/1/107 1024/1/107
f 1029/1/108 1032/1/108 1030/1/108
f 1028/1/108 1031/1/108 1032/1/108
f 1027/1/108 1030/1/108 1031/1/108
f 1023/1/115 1029/1/115 1027/1/115
f 1021/1/124 1027/1/124 1028/1/124
f 1024/1/114 1030/1/114 1032/1/114
f 1025/1/123 1031/1/123 1030/1/123
f 1022/1/105 1028/1/105 1029/1/105
f 1026/1/106 1032/1/106 1031/1/106
f 1036/1/107 1035/1/107 1033/1/107
f 1038/1/107 1034/1/107 1035/1/107
f 1037/1/107 1033/1/107 1034/1/107
f 1039/1/108 1044/1/108 1042/1/108
f 1040/1/108 1044/1/108 1041/1/108
f 1039/1/108 1043/1/108 1040/1/108
f 1036/1/124 1044/1/124 1038/1/124
f 1037/1/105 1042/1/105 1036/1/105
f 1034/1/114 1041/1/114 1035/1/114
f 1038/1/115 1043/1/115 1037/1/115
f 1035/1/123 1039/1/123 1033/1/123
f 1033/1/106 1040/1/106 1034/1/106
f 1036/1/107 1038/1/107 1035/1/107
f 1038/1/107 1037/1/107 1034/1/107
f 1037/1/107 1036/1/107 1033/1/107
f 1039/1/108 1041/1/108 1044/1/108
f 1040/1/108 1043/1/108 1044/1/108
f 1039/1/108 1042/1/108 1043/1/108
f 1036/1/124 1042/1/124 1044/1/124
f 1037/1/105 1043/1/105 1042/1/105
f 1034/1/114 1040/1/114 1041/1/114
f 1038/1/115 1044/1/115 1043/1/115
f 1035/1/123 1041/1/123 1039/1/123
f 1033/1/106 1039/1/106 1040/1/106
f 1054/1/107 1083/1/107 1053/1/107
f 1096/1/107 1065/1/107 1066/1/107
f 1097/1/107 1066/1/107 1067/1/107
f 1086/1/107 1055/1/107 1056/1/107
f 1068/1/107 1097/1/107 1067/1/107
f 1057/1/107 1086/1/107 1056/1/107
f 1046/1/107 1075/1/107 1045/1/107
f 1069/1/107 1098/1/107 1068/1/107
f 1088/1/107 1057/1/107 1058/1/107
f 1077/1/107 1046/1/107 1047/1/107
f 1089/1/107 1058/1/107 1059/1/107
f 1078/1/107 1047/1/107 1048/1/107
f 1079/1/107 1048/1/107 1049/1/107
f 1101/1/107 1070/1/107 1071/1/107
f 1072/1/107 1101/1/107 1071/1/107
f 1061/1/107 1090/1/107 1060/1/107
f 1103/1/107 1072/1/107 1073/1/107
f 1092/1/107 1061/1/107 1062/1/107
f 1081/1/107 1050/1/107 1051/1/107
f 1104/1/107 1073/1/107 1074/1/107
f 1093/1/107 1062/1/107 1063/1/107
f 1082/1/107 1051/1/107 1052/1/107
f 1094/1/107 1063/1/107 1064/1/107
f 1053/1/107 1082/1/107 1052/1/107
f 1114/1/108 1143/1/108 1144/1/108
f 1125/1/108 1156/1/108 1126/1/108
f 1126/1/108 1157/1/108 1127/1/108
f 1115/1/108 1146/1/108 1116/1/108
f 1128/1/108 1157/1/108 1158/1/108
f 1117/1/108 1146/1/108 1147/1/108
f 1106/1/108 1135/1/108 1136/1/108
f 1129/1/108 1158/1/108 1159/1/108
f 1118/1/108 1147/1/108 1148/1/108
f 1106/1/108 1137/1/108 1107/1/108
f 1118/1/108 1149/1/108 1119/1/108
f 1107/1/108 1138/1/108 1108/1/108
f 1108/1/108 1139/1/108 1109/1/108
f 1130/1/108 1161/1/108 1131/1/108
f 1132/1/108 1161/1/108 1162/1/108
f 1121/1/108 1150/1/108 1151/1/108
f 1133/1/108 1162/1/108 1163/1/108
f 1121/1/108 1152/1/108 1122/1/108
f 1110/1/108 1141/1/108 1111/1/108
f 1133/1/108 1164/1/108 1134/1/108
f 1122/1/108 1153/1/108 1123/1/108
f 1111/1/108 1142/1/108 1112/1/108
f 1123/1/108 1154/1/108 1124/1/108
f 1113/1/108 1142/1/108 1143/1/108
f 1089/1/89 1148/1/89 1088/1/89
f 1056/1/84 1117/1/84 1057/1/84
f 1091/1/91 1150/1/91 1090/1/91
f 1057/1/92 1118/1/92 1058/1/92
f 1059/1/104 1149/1/104 1089/1/104
f 1092/1/93 1151/1/93 1091/1/93
f 1058/1/94 1119/1/94 1059/1/94
f 1093/1/70 1152/1/70 1092/1/70
f 1060/1/96 1121/1/96 1061/1/96
f 1100/1/71 1130/1/71 1070/1/71
f 1094/1/73 1153/1/73 1093/1/73
f 1061/1/97 1122/1/97 1062/1/97
f 1049/1/101 1139/1/101 1079/1/101
f 1096/1/75 1155/1/75 1095/1/75
f 1062/1/98 1123/1/98 1063/1/98
f 1097/1/77 1156/1/77 1096/1/77
f 1063/1/100 1124/1/100 1064/1/100
f 1090/1/78 1120/1/78 1060/1/78
f 1098/1/80 1157/1/80 1097/1/80
f 1065/1/69 1126/1/69 1066/1/69
f 1099/1/82 1158/1/82 1098/1/82
f 1066/1/72 1127/1/72 1067/1/72
f 1101/1/83 1160/1/83 1100/1/83
f 1067/1/74 1128/1/74 1068/1/74
f 1080/1/103 1110/1/103 1050/1/103
f 1102/1/84 1161/1/84 1101/1/84
f 1068/1/76 1129/1/76 1069/1/76
f 1103/1/92 1162/1/92 1102/1/92
f 1070/1/79 1131/1/79 1071/1/79
f 1104/1/94 1163/1/94 1103/1/94
f 1071/1/81 1132/1/81 1072/1/81
f 1064/1/90 1154/1/90 1094/1/90
f 1072/1/87 1133/1/87 1073/1/87
f 1074/1/88 1164/1/88 1104/1/88
f 1073/1/89 1134/1/89 1074/1/89
f 1054/1/85 1144/1/85 1084/1/85
f 1076/1/96 1135/1/96 1075/1/96
f 1095/1/99 1125/1/99 1065/1/99
f 1077/1/97 1136/1/97 1076/1/97
f 1078/1/98 1137/1/98 1077/1/98
f 1045/1/91 1106/1/91 1046/1/91
f 1085/1/86 1115/1/86 1055/1/86
f 1079/1/100 1138/1/100 1078/1/100
f 1046/1/93 1107/1/93 1047/1/93
f 1081/1/69 1140/1/69 1080/1/69
f 1047/1/70 1108/1/70 1048/1/70
f 1082/1/72 1141/1/72 1081/1/72
f 1048/1/73 1109/1/73 1049/1/73
f 1075/1/95 1105/1/95 1045/1/95
f 1083/1/74 1142/1/74 1082/1/74
f 1050/1/75 1111/1/75 1051/1/75
f 1084/1/76 1143/1/76 1083/1/76
f 1051/1/77 1112/1/77 1052/1/77
f 1086/1/79 1145/1/79 1085/1/79
f 1052/1/80 1113/1/80 1053/1/80
f 1087/1/81 1146/1/81 1086/1/81
f 1053/1/82 1114/1/82 1054/1/82
f 1069/1/102 1159/1/102 1099/1/102
f 1088/1/87 1147/1/87 1087/1/87
f 1055/1/83 1116/1/83 1056/1/83
f 1054/1/107 1084/1/107 1083/1/107
f 1096/1/107 1095/1/107 1065/1/107
f 1097/1/107 1096/1/107 1066/1/107
f 1086/1/107 1085/1/107 1055/1/107
f 1068/1/107 1098/1/107 1097/1/107
f 1057/1/107 1087/1/107 1086/1/107
f 1046/1/107 1076/1/107 1075/1/107
f 1069/1/107 1099/1/107 1098/1/107
f 1088/1/107 1087/1/107 1057/1/107
f 1077/1/107 1076/1/107 1046/1/107
f 1089/1/107 1088/1/107 1058/1/107
f 1078/1/107 1077/1/107 1047/1/107
f 1079/1/107 1078/1/107 1048/1/107
f 1101/1/107 1100/1/107 1070/1/107
f 1072/1/107 1102/1/107 1101/1/107
f 1061/1/107 1091/1/107 1090/1/107
f 1103/1/107 1102/1/107 1072/1/107
f 1092/1/107 1091/1/107 1061/1/107
f 1081/1/107 1080/1/107 1050/1/107
f 1104/1/107 1103/1/107 1073/1/107
f 1093/1/107 1092/1/107 1062/1/107
f 1082/1/107 1081/1/107 1051/1/107
f 1094/1/107 1093/1/107 1063/1/107
f 1053/1/107 1083/1/107 1082/1/107
f 1114/1/108 1113/1/108 1143/1/108
f 1125/1/108 1155/1/108 1156/1/108
f 1126/1/108 1156/1/108 1157/1/108
f 1115/1/108 1145/1/108 1146/1/108
f 1128/1/108 1127/1/108 1157/1/108
f 1117/1/108 1116/1/108 1146/1/108
f 1106/1/108 1105/1/108 1135/1/108
f 1129/1/108 1128/1/108 1158/1/108
f 1118/1/108 1117/1/108 1147/1/108
f 1106/1/108 1136/1/108 1137/1/108
f 1118/1/108 1148/1/108 1149/1/108
f 1107/1/108 1137/1/108 1138/1/108
f 1108/1/108 1138/1/108 1139/1/108
f 1130/1/108 1160/1/108 1161/1/108
f 1132/1/108 1131/1/108 1161/1/108
f 1121/1/108 1120/1/108 1150/1/108
f 1133/1/108 1132/1/108 1162/1/108
f 1121/1/108 1151/1/108 1152/1/108
f 1110/1/108 1140/1/108 1141/1/108
f 1133/1/108 1163/1/108 1164/1/108
f 1122/1/108 1152/1/108 1153/1/108
f 1111/1/108 1141/1/108 1142/1/108
f 1123/1/108 1153/1/108 1154/1/108
f 1113/1/108 1112/1/108 1142/1/108
f 1089/1/89 1149/1/89 1148/1/89
f 1056/1/84 1116/1/84 1117/1/84
f 1091/1/91 1151/1/91 1150/1/91
f 1057/1/92 1117/1/92 1118/1/92
f 1059/1/104 1119/1/104 1149/1/104
f 1092/1/93 1152/1/93 1151/1/93
f 1058/1/94 1118/1/94 1119/1/94
f 1093/1/70 1153/1/70 1152/1/70
f 1060/1/96 1120/1/96 1121/1/96
f 1100/1/71 1160/1/71 1130/1/71
f 1094/1/73 1154/1/73 1153/1/73
f 1061/1/97 1121/1/97 1122/1/97
f 1049/1/101 1109/1/101 1139/1/101
f 1096/1/75 1156/1/75 1155/1/75
f 1062/1/98 1122/1/98 1123/1/98
f 1097/1/77 1157/1/77 1156/1/77
f 1063/1/100 1123/1/100 1124/1/100
f 1090/1/78 1150/1/78 1120/1/78
f 1098/1/80 1158/1/80 1157/1/80
f 1065/1/69 1125/1/69 1126/1/69
f 1099/1/82 1159/1/82 1158/1/82
f 1066/1/72 1126/1/72 1127/1/72
f 1101/1/83 1161/1/83 1160/1/83
f 1067/1/74 1127/1/74 1128/1/74
f 1080/1/103 1140/1/103 1110/1/103
f 1102/1/84 1162/1/84 1161/1/84
f 1068/1/76 1128/1/76 1129/1/76
f 1103/1/92 1163/1/92 1162/1/92
f 1070/1/79 1130/1/79 1131/1/79
f 1104/1/94 1164/1/94 1163/1/94
f 1071/1/81 1131/1/81 1132/1/81
f 1064/1/90 1124/1/90 1154/1/90
f 1072/1/87 1132/1/87 1133/1/87
f 1074/1/88 1134/1/88 1164/1/88
f 1073/1/89 1133/1/89 1134/1/89
f 1054/1/85 1114/1/85 1144/1/85
f 1076/1/96 1136/1/96 1135/1/96
f 1095/1/99 1155/1/99 1125/1/99
f 1077/1/97 1137/1/97 1136/1/97
f 1078/1/98 1138/1/98 1137/1/98
f 1045/1/91 1105/1/91 1106/1/91
f 1085/1/86 1145/1/86 1115/1/86
f 1079/1/100 1139/1/100 1138/1/100
f 1046/1/93 1106/1/93 1107/1/93
f 1081/1/69 1141/1/69 1140/1/69
f 1047/1/70 1107/1/70 1108/1/70
f 1082/1/72 1142/1/72 1141/1/72
f 1048/1/73 1108/1/73 1109/1/73
f 1075/1/95 1135/1/95 1105/1/95
f 1083/1/74 1143/1/74 1142/1/74
f 1050/1/75 1110/1/75 1111/1/75
f 1084/1/76 1144/1/76 1143/1/76
f 1051/1/77 1111/1/77 1112/1/77
f 1086/1/79 1146/1/79 1145/1/79
f 1052/1/80 1112/1/80 1113/1/80
f 1087/1/81 1147/1/81 1146/1/81
f 1053/1/82 1113/1/82 1114/1/82
f 1069/1/102 1129/1/102 1159/1/102
f 1088/1/87 1148/1/87 1147/1/87
f 1055/1/83 1115/1/83 1116/1/83
f 1166/1/107 1170/1/107 1165/1/107
f 1172/1/107 1166/1/107 1167/1/107
f 1173/1/107 1167/1/107 1168/1/107
f 1174/1/107 1168/1/107 1169/1/107
f 1176/1/108 1180/1/108 1181/1/108
f 1176/1/108 1182/1/108 1177/1/108
f 1177/1/108 1183/1/108 1178/1/108
f 1178/1/108 1184/1/108 1179/1/108
f 1168/1/511 1179/1/511 1169/1/511
f 1165/1/512 1176/1/512 1166/1/512
f 1174/1/513 1183/1/513 1173/1/513
f 1171/1/514 1180/1/514 1170/1/514
f 1166/1/97 1177/1/97 1167/1/97
f 1169/1/90 1184/1/90 1174/1/515
f 1172/1/93 1181/1/93 1171/1/93
f 1167/1/98 1178/1/98 1168/1/98
f 1170/1/78 1175/1/78 1165/1/78
f 1173/1/70 1182/1/70 1172/1/70
f 1166/1/107 1171/1/107 1170/1/107
f 1172/1/107 1171/1/107 1166/1/107
f 1173/1/107 1172/1/107 1167/1/107
f 1174/1/107 1173/1/107 1168/1/107
f 1176/1/108 1175/1/108 1180/1/108
f 1176/1/108 1181/1/108 1182/1/108
f 1177/1/108 1182/1/108 1183/1/108
f 1178/1/108 1183/1/108 1184/1/108
f 1168/1/511 1178/1/511 1179/1/511
f 1165/1/512 1175/1/512 1176/1/512
f 1174/1/513 1184/1/513 1183/1/513
f 1171/1/514 1181/1/514 1180/1/514
f 1166/1/97 1176/1/97 1177/1/97
f 1169/1/90 1179/1/90 1184/1/90
f 1172/1/93 1182/1/93 1181/1/93
f 1167/1/98 1177/1/98 1178/1/98
f 1170/1/78 1180/1/78 1175/1/78
f 1173/1/70 1183/1/70 1182/1/70
f 1186/1/107 1190/1/107 1185/1/107
f 1192/1/107 1186/1/107 1187/1/107
f 1193/1/107 1187/1/107 1188/1/107
f 1194/1/107 1188/1/107 1189/1/107
f 1196/1/108 1200/1/108 1201/1/108
f 1196/1/108 1202/1/108 1197/1/108
f 1197/1/108 1203/1/108 1198/1/108
f 1198/1/108 1204/1/108 1199/1/108
f 1186/1/72 1197/1/72 1187/1/72
f 1189/1/102 1204/1/102 1194/1/102
f 1192/1/77 1201/1/77 1191/1/77
f 1187/1/74 1198/1/74 1188/1/74
f 1190/1/99 1195/1/99 1185/1/99
f 1193/1/80 1202/1/80 1192/1/80
f 1188/1/516 1199/1/516 1189/1/516
f 1185/1/517 1196/1/517 1186/1/517
f 1194/1/518 1203/1/518 1193/1/518
f 1191/1/519 1200/1/519 1190/1/519
f 1186/1/107 1191/1/107 1190/1/107
f 1192/1/107 1191/1/107 1186/1/107
f 1193/1/107 1192/1/107 1187/1/107
f 1194/1/107 1193/1/107 1188/1/107
f 1196/1/108 1195/1/108 1200/1/108
f 1196/1/108 1201/1/108 1202/1/108
f 1197/1/108 1202/1/108 1203/1/108
f 1198/1/108 1203/1/108 1204/1/108
f 1186/1/72 1196/1/72 1197/1/72
f 1189/1/102 1199/1/102 1204/1/102
f 1192/1/77 1202/1/77 1201/1/77
f 1187/1/74 1197/1/74 1198/1/74
f 1190/1/99 1200/1/99 1195/1/99
f 1193/1/80 1203/1/80 1202/1/80
f 1188/1/516 1198/1/516 1199/1/516
f 1185/1/517 1195/1/517 1196/1/517
f 1194/1/518 1204/1/518 1203/1/518
f 1191/1/519 1201/1/519 1200/1/519
f 1206/1/107 1210/1/107 1205/1/107
f 1212/1/107 1206/1/107 1207/1/107
f 1213/1/107 1207/1/107 1208/1/107
f 1214/1/107 1208/1/107 1209/1/107
f 1216/1/108 1220/1/108 1221/1/108
f 1216/1/108 1222/1/108 1217/1/108
f 1217/1/108 1223/1/108 1218/1/108
f 1218/1/108 1224/1/108 1219/1/108
f 1207/1/87 1218/1/87 1208/1/87
f 1210/1/71 1215/1/71 1205/1/71
f 1213/1/92 1222/1/92 1212/1/92
f 1208/1/520 1219/1/520 1209/1/520
f 1205/1/521 1216/1/521 1206/1/521
f 1214/1/522 1223/1/522 1213/1/522
f 1211/1/523 1220/1/523 1210/1/523
f 1206/1/81 1217/1/81 1207/1/81
f 1209/1/88 1224/1/88 1214/1/88
f 1212/1/84 1221/1/84 1211/1/84
f 1206/1/107 1211/1/107 1210/1/107
f 1212/1/107 1211/1/107 1206/1/107
f 1213/1/107 1212/1/107 1207/1/107
f 1214/1/107 1213/1/107 1208/1/107
f 1216/1/108 1215/1/108 1220/1/108
f 1216/1/108 1221/1/108 1222/1/108
f 1217/1/108 1222/1/108 1223/1/108
f 1218/1/108 1223/1/108 1224/1/108
f 1207/1/87 1217/1/87 1218/1/87
f 1210/1/71 1220/1/71 1215/1/71
f 1213/1/92 1223/1/92 1222/1/92
f 1208/1/520 1218/1/520 1219/1/520
f 1205/1/521 1215/1/521 1216/1/521
f 1214/1/522 1224/1/522 1223/1/522
f 1211/1/523 1221/1/523 1220/1/523
f 1206/1/81 1216/1/81 1217/1/81
f 1209/1/88 1219/1/88 1224/1/88
f 1212/1/84 1222/1/84 1221/1/84
f 1226/1/107 1230/1/107 1225/1/107
f 1232/1/107 1226/1/107 1227/1/107
f 1233/1/107 1227/1/107 1228/1/107
f 1234/1/107 1228/1/107 1229/1/107
f 1236/1/108 1240/1/108 1241/1/108
f 1236/1/108 1242/1/108 1237/1/108
f 1237/1/108 1243/1/108 1238/1/108
f 1238/1/108 1244/1/108 1239/1/108
f 1231/1/524 1240/1/524 1230/1/524
f 1226/1/84 1237/1/84 1227/1/84
f 1229/1/104 1244/1/104 1234/1/104
f 1232/1/81 1241/1/81 1231/1/81
f 1227/1/92 1238/1/92 1228/1/92
f 1230/1/86 1235/1/86 1225/1/86
f 1233/1/87 1242/1/87 1232/1/87
f 1228/1/525 1239/1/525 1229/1/525
f 1225/1/526 1236/1/526 1226/1/526
f 1234/1/527 1243/1/527 1233/1/527
f 1226/1/107 1231/1/107 1230/1/107
f 1232/1/107 1231/1/107 1226/1/107
f 1233/1/107 1232/1/107 1227/1/107
f 1234/1/107 1233/1/107 1228/1/107
f 1236/1/108 1235/1/108 1240/1/108
f 1236/1/108 1241/1/108 1242/1/108
f 1237/1/108 1242/1/108 1243/1/108
f 1238/1/108 1243/1/108 1244/1/108
f 1231/1/524 1241/1/524 1240/1/524
f 1226/1/84 1236/1/84 1237/1/84
f 1229/1/104 1239/1/104 1244/1/104
f 1232/1/81 1242/1/81 1241/1/81
f 1227/1/92 1237/1/92 1238/1/92
f 1230/1/86 1240/1/86 1235/1/86
f 1233/1/87 1243/1/87 1242/1/87
f 1228/1/525 1238/1/525 1239/1/525
f 1225/1/526 1235/1/526 1236/1/526
f 1234/1/527 1244/1/527 1243/1/527
f 1246/1/107 1250/1/107 1245/1/107
f 1252/1/107 1246/1/107 1247/1/107
f 1253/1/107 1247/1/107 1248/1/107
f 1254/1/107 1248/1/107 1249/1/107
f 1256/1/108 1260/1/108 1261/1/108
f 1256/1/108 1262/1/108 1257/1/108
f 1257/1/108 1263/1/108 1258/1/108
f 1258/1/108 1264/1/108 1259/1/108
f 1253/1/74 1262/1/74 1252/1/74
f 1248/1/528 1259/1/528 1249/1/528
f 1245/1/529 1256/1/529 1246/1/529
f 1254/1/530 1263/1/530 1253/1/530
f 1251/1/531 1260/1/531 1250/1/531
f 1246/1/77 1257/1/77 1247/1/77
f 1249/1/85 1264/1/85 1254/1/85
f 1252/1/72 1261/1/72 1251/1/72
f 1247/1/80 1258/1/80 1248/1/80
f 1250/1/103 1255/1/103 1245/1/103
f 1246/1/107 1251/1/107 1250/1/107
f 1252/1/107 1251/1/107 1246/1/107
f 1253/1/107 1252/1/107 1247/1/107
f 1254/1/107 1253/1/107 1248/1/107
f 1256/1/108 1255/1/108 1260/1/108
f 1256/1/108 1261/1/108 1262/1/108
f 1257/1/108 1262/1/108 1263/1/108
f 1258/1/108 1263/1/108 1264/1/108
f 1253/1/74 1263/1/74 1262/1/74
f 1248/1/528 1258/1/528 1259/1/528
f 1245/1/529 1255/1/529 1256/1/529
f 1254/1/530 1264/1/530 1263/1/530
f 1251/1/531 1261/1/531 1260/1/531
f 1246/1/77 1256/1/77 1257/1/77
f 1249/1/85 1259/1/85 1264/1/85
f 1252/1/72 1262/1/72 1261/1/72
f 1247/1/80 1257/1/80 1258/1/80
f 1250/1/103 1260/1/103 1255/1/103
f 1266/1/107 1270/1/107 1265/1/107
f 1272/1/107 1266/1/107 1267/1/107
f 1273/1/107 1267/1/107 1268/1/107
f 1274/1/107 1268/1/107 1269/1/107
f 1276/1/108 1280/1/108 1281/1/108
f 1276/1/108 1282/1/108 1277/1/108
f 1277/1/108 1283/1/108 1278/1/108
f 1278/1/108 1284/1/108 1279/1/108
f 1270/1/95 1275/1/95 1265/1/95
f 1273/1/98 1282/1/98 1272/1/98
f 1268/1/532 1279/1/532 1269/1/532
f 1265/1/533 1276/1/533 1266/1/533
f 1274/1/534 1283/1/534 1273/1/534
f 1271/1/535 1280/1/535 1270/1/535
f 1266/1/93 1277/1/93 1267/1/93
f 1269/1/101 1284/1/101 1274/1/101
f 1272/1/97 1281/1/97 1271/1/97
f 1267/1/70 1278/1/70 1268/1/70
f 1266/1/107 1271/1/107 1270/1/107
f 1272/1/107 1271/1/107 1266/1/107
f 1273/1/107 1272/1/107 1267/1/107
f 1274/1/107 1273/1/107 1268/1/107
f 1276/1/108 1275/1/108 1280/1/108
f 1276/1/108 1281/1/108 1282/1/108
f 1277/1/108 1282/1/108 1283/1/108
f 1278/1/108 1283/1/108 1284/1/108
f 1270/1/95 1280/1/95 1275/1/95
f 1273/1/98 1283/1/98 1282/1/98
f 1268/1/532 1278/1/532 1279/1/532
f 1265/1/533 1275/1/533 1276/1/533
f 1274/1/534 1284/1/534 1283/1/534
f 1271/1/535 1281/1/535 1280/1/535
f 1266/1/93 1276/1/93 1277/1/93
f 1269/1/101 1279/1/101 1284/1/101
f 1272/1/97 1282/1/97 1281/1/97
f 1267/1/70 1277/1/70 1278/1/70
f 1289/1/108 1293/1/108 1294/1/108
f 1285/1/108 1291/1/108 1286/1/108
f 1286/1/108 1292/1/108 1287/1/108
f 1287/1/108 1293/1/108 1288/1/108
f 1289/1/108 1288/1/108 1293/1/108
f 1285/1/108 1290/1/108 1291/1/108
f 1286/1/108 1291/1/108 1292/1/108
f 1287/1/108 1292/1/108 1293/1/108
f 1299/1/108 1303/1/108 1304/1/108
f 1295/1/108 1301/1/108 1296/1/108
f 1296/1/108 1302/1/108 1297/1/108
f 1297/1/108 1303/1/108 1298/1/108
f 1299/1/108 1298/1/108 1303/1/108
f 1295/1/108 1300/1/108 1301/1/108
f 1296/1/108 1301/1/108 1302/1/108
f 1297/1/108 1302/1/108 1303/1/108
f 1309/1/108 1313/1/108 1314/1/108
f 1305/1/108 1311/1/108 1306/1/108
f 1306/1/108 1312/1/108 1307/1/108
f 1307/1/108 1313/1/108 1308/1/108
f 1309/1/108 1308/1/108 1313/1/108
f 1305/1/108 1310/1/108 1311/1/108
f 1306/1/108 1311/1/108 1312/1/108
f 1307/1/108 1312/1/108 1313/1/108
f 1319/1/108 1323/1/108 1324/1/108
f 1315/1/108 1321/1/108 1316/1/108
f 1316/1/108 1322/1/108 1317/1/108
f 1317/1/108 1323/1/108 1318/1/108
f 1319/1/108 1318/1/108 1323/1/108
f 1315/1/108 1320/1/108 1321/1/108
f 1316/1/108 1321/1/108 1322/1/108
f 1317/1/108 1322/1/108 1323/1/108
f 1329/1/108 1333/1/108 1334/1/108
f 1325/1/108 1331/1/108 1326/1/108
f 1326/1/108 1332/1/108 1327/1/108
f 1327/1/108 1333/1/108 1328/1/108
f 1329/1/108 1328/1/108 1333/1/108
f 1325/1/108 1330/1/108 1331/1/108
f 1326/1/108 1331/1/108 1332/1/108
f 1327/1/108 1332/1/108 1333/1/108
f 1339/1/108 1343/1/108 1344/1/108
f 1335/1/108 1341/1/108 1336/1/108
f 1336/1/108 1342/1/108 1337/1/108
f 1337/1/108 1343/1/108 1338/1/108
f 1339/1/108 1338/1/108 1343/1/108
f 1335/1/108 1340/1/108 1341/1/108
f 1336/1/108 1341/1/108 1342/1/108
f 1337/1/108 1342/1/108 1343/1/108
f 1348/5/143 1351/16/143 1347/16/143
f 1345/33/144 1350/17/144 1346/28/144
f 1348/5/145 1350/18/146 1352/5/147
f 1347/16/148 1349/19/148 1345/29/148
f 1353/20/149 1352/17/149 1354/17/149
f 1356/30/150 1349/16/150 1355/31/150
f 1352/5/118 1349/24/118 1351/16/118
f 1354/18/151 1350/5/151 1356/30/151
f 1353/19/152 1349/16/153 1351/19/154
f 1355/31/155 1361/19/155 1363/31/155
f 1356/30/156 1362/18/156 1354/18/156
f 1358/32/157 1359/16/157 1357/29/157
f 1364/30/158 1361/19/158 1362/18/158
f 1347/16/159 1360/5/159 1348/5/159
f 1346/28/160 1357/33/160 1345/33/160
f 1355/31/161 1364/30/161 1356/30/161
f 1348/5/162 1358/32/162 1346/32/162
f 1354/17/163 1361/20/163 1353/20/163
f 1347/16/164 1357/29/164 1359/16/164
f 1348/5/143 1352/5/143 1351/16/143
f 1345/33/144 1349/20/144 1350/17/144
f 1348/5/145 1346/32/165 1350/18/146
f 1347/16/166 1351/16/166 1349/19/166
f 1353/20/149 1351/20/149 1352/17/149
f 1356/30/150 1350/5/150 1349/16/150
f 1352/5/118 1350/27/118 1349/24/118
f 1354/18/167 1352/18/167 1350/5/167
f 1353/19/152 1355/31/168 1349/16/153
f 1355/31/155 1353/19/155 1361/19/155
f 1356/30/156 1364/30/156 1362/18/156
f 1358/32/157 1360/5/157 1359/16/157
f 1364/30/158 1363/31/158 1361/19/158
f 1347/16/159 1359/16/159 1360/5/159
f 1346/28/160 1358/28/160 1357/33/160
f 1355/31/161 1363/31/161 1364/30/161
f 1348/5/162 1360/5/162 1358/32/162
f 1354/17/163 1362/17/163 1361/20/163
f 1347/16/164 1345/29/164 1357/29/164
f 1368/5/195 1371/16/195 1367/16/195
f 1365/33/196 1370/17/196 1366/28/196
f 1368/5/197 1370/18/198 1372/5/199
f 1367/16/200 1369/19/200 1365/29/200
f 1373/20/201 1372/17/201 1374/17/201
f 1376/30/202 1369/16/202 1375/31/202
f 1372/5/109 1369/24/109 1371/16/109
f 1374/18/203 1370/5/203 1376/30/203
f 1373/19/204 1369/16/205 1371/19/206
f 1375/31/207 1381/19/207 1383/31/207
f 1376/30/208 1382/18/208 1374/18/208
f 1378/32/209 1379/16/209 1377/29/209
f 1384/30/210 1381/19/210 1382/18/210
f 1367/16/211 1380/5/211 1368/5/211
f 1366/28/212 1377/33/212 1365/33/212
f 1375/31/213 1384/30/213 1376/30/213
f 1368/5/214 1378/32/214 1366/32/214
f 1374/17/215 1381/20/215 1373/20/215
f 1367/16/216 1377/29/216 1379/16/216
f 1368/5/195 1372/5/195 1371/16/195
f 1365/33/196 1369/20/196 1370/17/196
f 1368/5/197 1366/32/217 1370/18/198
f 1367/16/218 1371/16/218 1369/19/218
f 1373/20/201 1371/20/201 1372/17/201
f 1376/30/202 1370/5/202 1369/16/202
f 1372/5/109 1370/27/109 1369/24/109
f 1374/18/219 1372/18/219 1370/5/219
f 1373/19/204 1375/31/220 1369/16/205
f 1375/31/207 1373/19/207 1381/19/207
f 1376/30/208 1384/30/208 1382/18/208
f 1378/32/209 1380/5/209 1379/16/209
f 1384/30/210 1383/31/210 1381/19/210
f 1367/16/211 1379/16/211 1380/5/211
f 1366/28/212 1378/28/212 1377/33/212
f 1375/31/213 1383/31/213 1384/30/213
f 1368/5/214 1380/5/214 1378/32/214
f 1374/17/215 1382/17/215 1381/20/215
f 1367/16/216 1365/29/216 1377/29/216
f 1388/5/247 1391/16/247 1387/16/247
f 1385/33/248 1390/17/248 1386/28/248
f 1388/5/249 1390/18/250 1392/5/251
f 1387/16/252 1389/19/252 1385/29/252
f 1393/20/253 1392/17/253 1394/17/253
f 1396/30/254 1389/16/254 1395/31/254
f 1392/5/110 1389/24/110 1391/16/110
f 1394/18/255 1390/5/255 1396/30/255
f 1393/19/256 1389/16/257 1391/19/258
f 1395/31/259 1401/19/259 1403/31/259
f 1396/30/260 1402/18/260 1394/18/260
f 1398/32/261 1399/16/261 1397/29/261
f 1404/30/262 1401/19/262 1402/18/262
f 1387/16/263 1400/5/263 1388/5/263
f 1386/28/264 1397/33/264 1385/33/264
f 1395/31/265 1404/30/265 1396/30/265
f 1388/5/266 1398/32/266 1386/32/266
f 1394/17/267 1401/20/267 1393/20/267
f 1387/16/268 1397/29/268 1399/16/268
f 1388/5/247 1392/5/247 1391/16/247
f 1385/33/248 1389/20/248 1390/17/248
f 1388/5/249 1386/32/269 1390/18/250
f 1387/16/270 1391/16/270 1389/19/270
f 1393/20/253 1391/20/253 1392/17/253
f 1396/30/254 1390/5/254 1389/16/254
f 1392/5/110 1390/27/110 1389/24/110
f 1394/18/271 1392/18/271 1390/5/271
f 1393/19/256 1395/31/272 1389/16/257
f 1395/31/259 1393/19/259 1401/19/259
f 1396/30/260 1404/30/260 1402/18/260
f 1398/32/261 1400/5/261 1399/16/261
f 1404/30/262 1403/31/262 1401/19/262
f 1387/16/263 1399/16/263 1400/5/263
f 1386/28/264 1398/28/264 1397/33/264
f 1395/31/265 1403/31/265 1404/30/265
f 1388/5/266 1400/5/266 1398/32/266
f 1394/17/267 1402/17/267 1401/20/267
f 1387/16/268 1385/29/268 1397/29/268
f 1408/5/273 1411/16/273 1407/16/273
f 1405/33/274 1410/17/274 1406/28/274
f 1408/5/275 1410/18/276 1412/5/277
f 1407/16/278 1409/19/278 1405/29/278
f 1413/20/279 1412/17/279 1414/17/279
f 1416/30/280 1409/16/280 1415/31/280
f 1412/5/117 1409/24/117 1411/16/117
f 1414/18/281 1410/5/281 1416/30/281
f 1413/19/282 1409/16/283 1411/19/284
f 1415/31/285 1421/19/285 1423/31/285
f 1416/30/286 1422/18/286 1414/18/286
f 1418/32/287 1419/16/287 1417/29/287
f 1424/30/288 1421/19/288 1422/18/288
f 1407/16/289 1420/5/289 1408/5/289
f 1406/28/290 1417/33/290 1405/33/290
f 1415/31/291 1424/30/291 1416/30/291
f 1408/5/292 1418/32/292 1406/32/292
f 1414/17/293 1421/20/293 1413/20/293
f 1407/16/294 1417/29/294 1419/16/294
f 1408/5/273 1412/5/273 1411/16/273
f 1405/33/274 1409/20/274 1410/17/274
f 1408/5/275 1406/32/295 1410/18/276
f 1407/16/296 1411/16/296 1409/19/296
f 1413/20/279 1411/20/279 1412/17/279
f 1416/30/280 1410/5/280 1409/16/280
f 1412/5/117 1410/27/117 1409/24/117
f 1414/18/297 1412/18/297 1410/5/297
f 1413/19/282 1415/31/298 1409/16/283
f 1415/31/285 1413/19/285 1421/19/285
f 1416/30/286 1424/30/286 1422/18/286
f 1418/32/287 1420/5/287 1419/16/287
f 1424/30/288 1423/31/288 1421/19/288
f 1407/16/289 1419/16/289 1420/5/289
f 1406/28/290 1418/28/290 1417/33/290
f 1415/31/291 1423/31/291 1424/30/291
f 1408/5/292 1420/5/292 1418/32/292
f 1414/17/293 1422/17/293 1421/20/293
f 1407/16/294 1405/29/294 1417/29/294
f 1428/5/221 1431/16/221 1427/16/221
f 1425/33/222 1430/17/222 1426/28/222
f 1428/5/223 1430/18/224 1432/5/225
f 1427/16/226 1429/19/226 1425/29/226
f 1433/20/227 1432/17/227 1434/17/227
f 1436/30/228 1429/16/228 1435/31/228
f 1432/5/126 1429/24/126 1431/16/126
f 1434/18/229 1430/5/229 1436/30/229
f 1433/19/230 1429/16/231 1431/19/232
f 1435/31/233 1441/19/233 1443/31/233
f 1436/30/234 1442/18/234 1434/18/234
f 1438/32/235 1439/16/235 1437/29/235
f 1444/30/236 1441/19/236 1442/18/236
f 1427/16/237 1440/5/237 1428/5/237
f 1426/28/238 1437/33/238 1425/33/238
f 1435/31/239 1444/30/239 1436/30/239
f 1428/5/240 1438/32/240 1426/32/240
f 1434/17/241 1441/20/241 1433/20/241
f 1427/16/242 1437/29/242 1439/16/242
f 1428/5/221 1432/5/221 1431/16/221
f 1425/33/222 1429/20/222 1430/17/222
f 1428/5/223 1426/32/243 1430/18/224
f 1427/16/244 1431/16/244 1429/19/244
f 1433/20/227 1431/20/227 1432/17/227
f 1436/30/228 1430/5/228 1429/16/228
f 1432/5/126 1430/27/126 1429/24/126
f 1434/18/245 1432/18/245 1430/5/245
f 1433/19/230 1435/31/246 1429/16/231
f 1435/31/233 1433/19/233 1441/19/233
f 1436/30/234 1444/30/234 1442/18/234
f 1438/32/235 1440/5/235 1439/16/235
f 1444/30/236 1443/31/236 1441/19/236
f 1427/16/237 1439/16/237 1440/5/237
f 1426/28/238 1438/28/238 1437/33/238
f 1435/31/239 1443/31/239 1444/30/239
f 1428/5/240 1440/5/240 1438/32/240
f 1434/17/241 1442/17/241 1441/20/241
f 1427/16/242 1425/29/242 1437/29/242
f 1448/5/169 1451/16/169 1447/16/169
f 1445/33/170 1450/17/170 1446/28/170
f 1448/5/171 1450/18/172 1452/5/173
f 1447/16/174 1449/19/174 1445/29/174
f 1453/20/175 1452/17/175 1454/17/175
f 1456/30/176 1449/16/176 1455/31/176
f 1452/5/119 1449/24/119 1451/16/119
f 1454/18/177 1450/5/177 1456/30/177
f 1453/19/178 1449/16/179 1451/19/180
f 1455/31/181 1461/19/181 1463/31/181
f 1456/30/182 1462/18/182 1454/18/182
f 1458/32/183 1459/16/183 1457/29/183
f 1464/30/184 1461/19/184 1462/18/184
f 1447/16/185 1460/5/185 1448/5/185
f 1446/28/186 1457/33/186 1445/33/186
f 1455/31/187 1464/30/187 1456/30/187
f 1448/5/188 1458/32/188 1446/32/188
f 1454/17/189 1461/20/189 1453/20/189
f 1447/16/190 1457/29/190 1459/16/190
f 1448/5/169 1452/5/169 1451/16/169
f 1445/33/170 1449/20/170 1450/17/170
f 1448/5/171 1446/32/191 1450/18/172
f 1447/16/192 1451/16/192 1449/19/192
f 1453/20/175 1451/20/175 1452/17/175
f 1456/30/176 1450/5/176 1449/16/176
f 1452/5/119 1450/27/119 1449/24/119
f 1454/18/193 1452/18/193 1450/5/193
f 1453/19/178 1455/31/194 1449/16/179
f 1455/31/181 1453/19/181 1461/19/181
f 1456/30/182 1464/30/182 1462/18/182
f 1458/32/183 1460/5/183 1459/16/183
f 1464/30/184 1463/31/184 1461/19/184
f 1447/16/185 1459/16/185 1460/5/185
f 1446/28/186 1458/28/186 1457/33/186
f 1455/31/187 1463/31/187 1464/30/187
f 1448/5/188 1460/5/188 1458/32/188
f 1454/17/189 1462/17/189 1461/20/189
f 1447/16/190 1445/29/190 1457/29/190
f 1466/39/108 1467/40/108 1465/1/108
f 1466/39/108 1470/41/108 1468/41/108
f 1466/39/108 1468/41/108 1467/40/108
f 1466/39/108 1469/39/108 1470/41/108
f 1472/39/108 1473/40/108 1471/1/108
f 1472/39/108 1476/41/108 1474/41/108
f 1472/39/108 1474/41/108 1473/40/108
f 1472/39/108 1475/39/108 1476/41/108
f 1478/39/108 1479/40/108 1477/1/108
f 1478/39/108 1482/41/108 1480/41/108
f 1478/39/108 1480/41/108 1479/40/108
f 1478/39/108 1481/39/108 1482/41/108
f 1484/39/108 1485/40/108 1483/1/108
f 1484/39/108 1488/41/108 1486/41/108
f 1484/39/108 1486/41/108 1485/40/108
f 1484/39/108 1487/39/108 1488/41/108
f 1490/39/108 1491/40/108 1489/1/108
f 1490/39/108 1494/41/108 1492/41/108
f 1490/39/108 1492/41/108 1491/40/108
f 1490/39/108 1493/39/108 1494/41/108
f 1496/39/108 1497/40/108 1495/1/108
f 1496/39/108 1500/41/108 1498/41/108
f 1496/39/108 1498/41/108 1497/40/108
f 1496/39/108 1499/39/108 1500/41/108
o Circle.019
v -41.600002 0.000000 0.000005
v -40.968002 7.223766 0.000004
v -40.968002 -7.223764 0.000006
v -44.096004 0.000000 0.000005
v -43.426086 7.657192 0.000004
v -43.426086 -7.657190 0.000007
v -41.436691 -15.081722 0.000007
v -38.188259 -22.048002 0.000008
v -39.091213 -14.228038 0.000006
v -36.026657 -20.800001 0.000007
v -31.867453 -26.739969 0.000007
v -26.739967 -31.867449 0.000007
v -33.779499 -28.344368 0.000007
v -28.344368 -33.779499 0.000008
v -22.048002 -38.188259 0.000007
v -15.081722 -41.436691 0.000007
v -20.800001 -36.026657 0.000007
v -14.228040 -39.091213 0.000006
v -7.223765 -40.968002 0.000006
v 0.000000 -41.600002 0.000005
v -7.657192 -43.426086 0.000006
v 0.000000 -44.096004 0.000005
v 7.657191 -43.426086 0.000004
v 15.081722 -41.436691 0.000003
v 7.223765 -40.968002 0.000004
v 14.228038 -39.091213 0.000003
v 20.800001 -36.026657 0.000002
v 26.739969 -31.867453 0.000000
v 22.048002 -38.188259 0.000002
v 28.344368 -33.779499 0.000001
v 33.779499 -28.344368 -0.000001
v 38.188259 -22.048002 -0.000002
v 31.867449 -26.739967 -0.000001
v 36.026657 -20.800001 -0.000001
v 39.091213 -14.228038 -0.000003
v 40.968002 -7.223764 -0.000004
v 41.436691 -15.081720 -0.000003
v 43.426086 -7.657191 -0.000004
v 44.096004 -0.000000 -0.000005
v 43.426086 7.657192 -0.000007
v 41.600002 -0.000000 -0.000005
v 40.968002 7.223766 -0.000006
v 39.091213 14.228040 -0.000006
v 36.026657 20.800001 -0.000007
v 41.436691 15.081723 -0.000007
v 38.188259 22.048002 -0.000008
v 33.779499 28.344368 -0.000007
v 28.344368 33.779499 -0.000008
v 31.867453 26.739969 -0.000007
v 26.739967 31.867449 -0.000007
v 20.800001 36.026657 -0.000007
v 14.228040 39.091213 -0.000006
v 22.048002 38.188259 -0.000007
v 15.081722 41.436691 -0.000007
v 7.657192 43.426086 -0.000006
v 0.000000 44.096004 -0.000005
v 7.223765 40.968002 -0.000006
v 0.000000 41.600002 -0.000005
v -7.223765 40.968002 -0.000004
v -14.228038 39.091213 -0.000003
v -7.657191 43.426086 -0.000004
v -15.081722 41.436691 -0.000003
v -22.048002 38.188259 -0.000002
v -28.344368 33.779499 -0.000001
v -20.800001 36.026657 -0.000002
v -26.739969 31.867453 -0.000000
v -31.867449 26.739967 0.000001
v -36.026657 20.800001 0.000001
v -33.779499 28.344368 0.000001
v -38.188259 22.048002 0.000002
v -41.436691 15.081724 0.000003
v -39.091213 14.228041 0.000003
vn -0.0000 -0.0000 -1.0000
vt 0.000000 0.000000
s 1
f 1502/42/536 1504/42/536 1505/42/536
f 1503/42/536 1504/42/536 1501/42/536
f 1503/42/536 1507/42/536 1506/42/536
f 1510/42/536 1507/42/536 1509/42/536
f 1511/42/536 1508/42/536 1510/42/536
f 1511/42/536 1514/42/536 1513/42/536
f 1512/42/536 1515/42/536 1514/42/536
f 1518/42/536 1515/42/536 1517/42/536
f 1519/42/536 1516/42/536 1518/42/536
f 1519/42/536 1522/42/536 1521/42/536
f 1525/42/536 1522/42/536 1520/42/536
f 1526/42/536 1523/42/536 1525/42/536
f 1527/42/536 1524/42/536 1526/42/536
f 1528/42/536 1529/42/536 1527/42/536
f 1528/42/536 1531/42/536 1530/42/536
f 1533/42/536 1532/42/536 1531/42/536
f 1535/42/536 1532/42/536 1534/42/536
f 1535/42/536 1538/42/536 1537/42/536
f 1536/42/536 1539/42/536 1538/42/536
f 1542/42/536 1539/42/536 1541/42/536
f 1543/42/536 1540/42/536 1542/42/536
f 1544/42/536 1545/42/536 1543/42/536
f 1549/42/536 1546/42/536 1544/42/536
f 1549/42/536 1548/42/536 1547/42/536
f 1550/42/536 1553/42/536 1548/42/536
f 1552/42/536 1553/42/536 1551/42/536
f 1557/42/536 1554/42/536 1552/42/536
f 1557/42/536 1556/42/536 1555/42/536
f 1559/42/536 1556/42/536 1558/42/536
f 1560/42/536 1561/42/536 1559/42/536
f 1565/42/536 1562/42/536 1560/42/536
f 1566/42/536 1563/42/536 1565/42/536
f 1566/42/536 1569/42/536 1564/42/536
f 1567/42/536 1570/42/536 1569/42/536
f 1572/42/536 1570/42/536 1568/42/536
f 1502/42/536 1571/42/536 1572/42/536
f 1502/42/536 1501/42/536 1504/42/536
f 1503/42/536 1506/42/536 1504/42/536
f 1503/42/536 1509/42/536 1507/42/536
f 1510/42/536 1508/42/536 1507/42/536
f 1511/42/536 1513/42/536 1508/42/536
f 1511/42/536 1512/42/536 1514/42/536
f 1512/42/536 1517/42/536 1515/42/536
f 1518/42/536 1516/42/536 1515/42/536
f 1519/42/536 1521/42/536 1516/42/536
f 1519/42/536 1520/42/536 1522/42/536
f 1525/42/536 1523/42/536 1522/42/536
f 1526/42/536 1524/42/536 1523/42/536
f 1527/42/536 1529/42/536 1524/42/536
f 1528/42/536 1530/42/536 1529/42/536
f 1528/42/536 1533/42/536 1531/42/536
f 1533/42/536 1534/42/536 1532/42/536
f 1535/42/536 1537/42/536 1532/42/536
f 1535/42/536 1536/42/536 1538/42/536
f 1536/42/536 1541/42/536 1539/42/536
f 1542/42/536 1540/42/536 1539/42/536
f 1543/42/536 1545/42/536 1540/42/536
f 1544/42/536 1546/42/536 1545/42/536
f 1549/42/536 1547/42/536 1546/42/536
f 1549/42/536 1550/42/536 1548/42/536
f 1550/42/536 1551/42/536 1553/42/536
f 1552/42/536 1554/42/536 1553/42/536
f 1557/42/536 1555/42/536 1554/42/536
f 1557/42/536 1558/42/536 1556/42/536
f 1559/42/536 1561/42/536 1556/42/536
f 1560/42/536 1562/42/536 1561/42/536
f 1565/42/536 1563/42/536 1562/42/536
f 1566/42/536 1564/42/536 1563/42/536
f 1566/42/536 1567/42/536 1569/42/536
f 1567/42/536 1568/42/536 1570/42/536
f 1572/42/536 1571/42/536 1570/42/536
f 1502/42/536 1505/42/536 1571/42/536
o Circle.020
v 0.000000 -0.000002 -18.304003
v -3.178457 -0.000002 -18.025925
v 3.178457 -0.000002 -18.025925
v 0.000000 -0.000004 -20.372358
v -3.537624 -0.000004 -20.062855
v 3.537622 -0.000004 -20.062855
v 6.967757 -0.000002 -19.143755
v 10.186179 -0.000002 -17.642981
v 6.260338 -0.000002 -17.200136
v 9.152001 -0.000002 -15.851732
v 11.765588 -0.000002 -14.021681
v 14.021679 -0.000002 -11.765587
v 13.095101 -0.000002 -15.606133
v 15.606131 -0.000002 -13.095100
v 17.642981 -0.000002 -10.186179
v 19.143755 -0.000002 -6.967757
v 15.851732 -0.000002 -9.152001
v 17.200136 -0.000000 -6.260338
v 18.025925 -0.000000 -3.178457
v 18.304003 0.000000 0.000000
v 20.062855 -0.000000 -3.537623
v 20.372358 0.000000 0.000000
v 20.062855 0.000000 3.537623
v 19.143755 0.000002 6.967757
v 18.025925 0.000000 3.178457
v 17.200136 0.000000 6.260338
v 15.851732 0.000002 9.152001
v 14.021681 0.000002 11.765588
v 17.642981 0.000002 10.186179
v 15.606133 0.000002 13.095101
v 13.095100 0.000002 15.606131
v 10.186179 0.000002 17.642981
v 11.765587 0.000002 14.021679
v 9.152001 0.000002 15.851732
v 6.260338 0.000002 17.200136
v 3.178457 0.000002 18.025925
v 6.967756 0.000002 19.143755
v 3.537623 0.000004 20.062855
v 0.000000 0.000004 20.372358
v -3.537623 0.000004 20.062855
v 0.000000 0.000002 18.304003
v -3.178457 0.000002 18.025925
v -6.260338 0.000002 17.200136
v -9.152001 0.000002 15.851732
v -6.967757 0.000002 19.143755
v -10.186179 0.000002 17.642981
v -13.095101 0.000002 15.606133
v -15.606131 0.000002 13.095100
v -11.765588 0.000002 14.021681
v -14.021679 0.000002 11.765587
v -15.851732 0.000002 9.152001
v -17.200136 0.000000 6.260338
v -17.642981 0.000002 10.186179
v -19.143755 0.000002 6.967757
v -20.062855 0.000000 3.537623
v -20.372358 0.000000 0.000000
v -18.025925 0.000000 3.178457
v -18.304003 0.000000 0.000000
v -18.025925 -0.000000 -3.178457
v -17.200136 -0.000000 -6.260338
v -20.062855 -0.000000 -3.537623
v -19.143755 -0.000002 -6.967757
v -17.642981 -0.000002 -10.186179
v -15.606133 -0.000002 -13.095101
v -15.851732 -0.000002 -9.152001
v -14.021681 -0.000002 -11.765588
v -11.765587 -0.000002 -14.021679
v -9.152001 -0.000002 -15.851732
v -13.095100 -0.000002 -15.606131
v -10.186179 -0.000002 -17.642981
v -6.967758 -0.000002 -19.143755
v -6.260339 -0.000002 -17.200136
vn -0.0000 1.0000 -0.0000
vt 0.000000 0.000000
s 1
f 1573/43/537 1577/43/537 1574/43/537
f 1575/43/537 1576/43/537 1573/43/537
f 1581/43/537 1578/43/537 1575/43/537
f 1582/43/537 1579/43/537 1581/43/537
f 1583/43/537 1580/43/537 1582/43/537
f 1583/43/537 1586/43/537 1585/43/537
f 1584/43/537 1587/43/537 1586/43/537
f 1590/43/537 1587/43/537 1589/43/537
f 1591/43/537 1588/43/537 1590/43/537
f 1592/43/537 1593/43/537 1591/43/537
f 1597/43/537 1594/43/537 1592/43/537
f 1598/43/537 1595/43/537 1597/43/537
f 1599/43/537 1596/43/537 1598/43/537
f 1600/43/537 1601/43/537 1599/43/537
f 1600/43/537 1603/43/537 1602/43/537
f 1605/43/537 1604/43/537 1603/43/537
f 1607/43/537 1604/43/537 1606/43/537
f 1607/43/537 1610/43/537 1609/43/537
f 1613/43/537 1610/43/537 1608/43/537
f 1613/43/537 1612/43/537 1611/43/537
f 1615/43/537 1612/43/537 1614/43/537
f 1616/43/537 1617/43/537 1615/43/537
f 1621/43/537 1618/43/537 1616/43/537
f 1621/43/537 1620/43/537 1619/43/537
f 1622/43/537 1625/43/537 1620/43/537
f 1624/43/537 1625/43/537 1623/43/537
f 1629/43/537 1626/43/537 1624/43/537
f 1630/43/537 1627/43/537 1629/43/537
f 1631/43/537 1628/43/537 1630/43/537
f 1632/43/537 1633/43/537 1631/43/537
f 1637/43/537 1634/43/537 1632/43/537
f 1638/43/537 1635/43/537 1637/43/537
f 1638/43/537 1641/43/537 1636/43/537
f 1639/43/537 1642/43/537 1641/43/537
f 1644/43/537 1642/43/537 1640/43/537
f 1574/43/537 1643/43/537 1644/43/537
f 1573/43/537 1576/43/537 1577/43/537
f 1575/43/537 1578/43/537 1576/43/537
f 1581/43/537 1579/43/537 1578/43/537
f 1582/43/537 1580/43/537 1579/43/537
f 1583/43/537 1585/43/537 1580/43/537
f 1583/43/537 1584/43/537 1586/43/537
f 1584/43/537 1589/43/537 1587/43/537
f 1590/43/537 1588/43/537 1587/43/537
f 1591/43/537 1593/43/537 1588/43/537
f 1592/43/537 1594/43/537 1593/43/537
f 1597/43/537 1595/43/537 1594/43/537
f 1598/43/537 1596/43/537 1595/43/537
f 1599/43/537 1601/43/537 1596/43/537
f 1600/43/537 1602/43/537 1601/43/537
f 1600/43/537 1605/43/537 1603/43/537
f 1605/43/537 1606/43/537 1604/43/537
f 1607/43/537 1609/43/537 1604/43/537
f 1607/43/537 1608/43/537 1610/43/537
f 1613/43/537 1611/43/537 1610/43/537
f 1613/43/537 1614/43/537 1612/43/537
f 1615/43/537 1617/43/537 1612/43/537
f 1616/43/537 1618/43/537 1617/43/537
f 1621/43/537 1619/43/537 1618/43/537
f 1621/43/537 1622/43/537 1620/43/537
f 1622/43/537 1623/43/537 1625/43/537
f 1624/43/537 1626/43/537 1625/43/537
f 1629/43/537 1627/43/537 1626/43/537
f 1630/43/537 1628/43/537 1627/43/537
f 1631/43/537 1633/43/537 1628/43/537
f 1632/43/537 1634/43/537 1633/43/537
f 1637/43/537 1635/43/537 1634/43/537
f 1638/43/537 1636/43/537 1635/43/537
f 1638/43/537 1639/43/537 1641/43/537
f 1639/43/537 1640/43/537 1642/43/537
f 1644/43/537 1643/43/537 1642/43/537
f 1574/43/537 1577/43/537 1643/43/537
o ss
v 0.000000 8.684278 -48.792591
v 0.000000 0.000023 300.000000
v 42.956085 -0.000003 -42.207638
v 0.000000 -0.000015 -198.290421
v -42.956085 -0.000003 -42.207638
v 0.000000 -8.684285 -48.792591
v 0.000000 8.560039 -40.729996
v 11.440130 -0.000003 -42.257236
v -11.440130 -0.000003 -42.257236
v 0.000000 -8.560044 -40.729996
v 0.000000 7.867454 -57.210648
v 11.984455 -0.000004 -56.635014
v -11.984455 -0.000004 -56.635014
v 0.000000 -7.867462 -57.210648
v 0.000000 8.638979 -0.000001
v 36.622742 -0.000000 -4.805594
v 10.842014 -0.000001 -7.743145
v 37.034302 -0.000015 -197.910492
v -12.842036 -0.000001 -8.490593
v -36.622742 0.000000 4.534745
v 0.000000 -8.638979 0.000001
v 3.946310 5.911855 -66.274368
v 12.346252 -0.000005 -63.007771
v -7.554011 -0.000005 -63.970200
v 3.946310 -5.911868 -66.274361
v 9.725955 3.930524 -112.965401
v 16.355715 -0.000008 -107.754448
v 3.057506 -0.000009 -118.180847
v 9.725955 -3.930542 -112.965424
v 16.234797 2.634217 -142.325012
v 20.927074 -0.000010 -137.923218
v 11.508515 -0.000011 -146.743622
v 16.234797 -2.634240 -142.325012
v 22.765596 1.686726 -163.012512
v 25.867168 -0.000012 -159.578583
v 19.673677 -0.000013 -166.438538
v 22.765596 -1.686750 -163.012512
v -4.958579 -0.000004 -54.164268
v -10.842014 0.000001 7.743146
v -37.034286 0.000015 197.910492
v 12.842037 0.000001 8.490593
v -3.946307 5.911865 66.274368
v -12.346252 0.000005 63.007771
v 7.554017 0.000005 63.970200
v -3.946307 -5.911858 66.274361
v -9.725949 3.930542 112.965401
v -16.355713 0.000008 107.754448
v -3.057502 0.000009 118.180847
v -9.725949 -3.930524 112.965424
v -16.234789 2.634239 142.325012
v -20.927065 0.000010 137.923218
v -11.508508 0.000011 146.743622
v -16.234789 -2.634218 142.325012
v -22.765594 1.686750 163.012512
v -25.867161 0.000012 159.578583
v -19.673666 0.000013 166.438538
v -22.765594 -1.686726 163.012512
v 4.958582 0.000004 54.164268
vn -0.0013 0.6002 0.7998
vn -0.0001 0.6002 0.7998
vn 0.2453 0.8140 -0.5265
vn 0.4122 0.8581 -0.3063
vn -0.0000 0.9812 -0.1932
vn -0.4122 0.8581 -0.3063
vn -0.2453 0.8140 -0.5265
vn 0.0013 0.6002 0.7998
vn 0.0001 0.6002 0.7998
vn -0.0001 -0.6002 0.7998
vn -0.0013 -0.6002 0.7998
vn -0.0000 -0.9812 -0.1932
vn 0.4122 -0.8581 -0.3063
vn 0.2453 -0.8140 -0.5265
vn -0.2453 -0.8140 -0.5265
vn -0.4122 -0.8581 -0.3063
vn 0.0001 -0.6002 0.7998
vn 0.0013 -0.6002 0.7998
vn 0.6004 0.7995 0.0164
vn 0.6007 0.7992 0.0201
vn 0.6005 0.7994 0.0180
vn -0.6005 0.7994 0.0180
vn -0.6007 0.7992 0.0201
vn -0.6004 0.7995 0.0164
vn 0.6005 -0.7994 0.0180
vn 0.6007 -0.7992 0.0201
vn 0.6004 -0.7995 0.0164
vn -0.6004 -0.7995 0.0164
vn -0.6007 -0.7992 0.0201
vn -0.6005 -0.7994 0.0180
vn -0.0001 -0.9812 -0.1932
vn 0.0001 0.9812 -0.1932
vn 0.5498 0.8340 -0.0465
vn 0.5498 0.8329 -0.0636
vn -0.5498 0.8329 -0.0636
vn -0.5498 0.8340 -0.0465
vn 0.5498 -0.8329 -0.0636
vn 0.5498 -0.8340 -0.0465
vn -0.5498 -0.8340 -0.0465
vn -0.5498 -0.8329 -0.0636
vn 0.0788 0.7184 -0.6912
vn 0.3803 0.8364 -0.3948
vn -0.0311 0.9863 -0.1622
vn -0.4071 0.8689 -0.2815
vn -0.2574 0.8444 -0.4699
vn -0.2001 -0.9606 -0.1927
vn 0.3803 -0.8364 -0.3948
vn 0.0788 -0.7184 -0.6912
vn -0.2001 -0.9606 -0.1928
vn -0.2574 -0.8444 -0.4699
vn -0.4071 -0.8689 -0.2815
vn 0.3955 0.9136 0.0943
vn 0.0171 0.9990 -0.0413
vn 0.0203 0.9992 -0.0344
vn -0.3277 0.9302 -0.1653
vn 0.0203 -0.9992 -0.0344
vn 0.0171 -0.9990 -0.0413
vn 0.3955 -0.9136 0.0943
vn -0.3277 -0.9302 -0.1653
vn -0.5999 -0.7984 -0.0514
vn -0.4534 -0.8910 0.0229
vn -0.4505 -0.8916 -0.0464
vn -0.1734 0.9843 -0.0329
vn -0.4534 0.8910 0.0229
vn -0.5999 0.7984 -0.0514
vn -0.0854 0.7223 0.6863
vn -0.3837 0.8368 0.3905
vn 0.1101 0.8095 0.5767
vn 0.4087 0.8690 0.2790
vn 0.2606 0.8455 0.4661
vn 0.1101 0.8095 0.5766
vn 0.3646 -0.8621 0.3518
vn -0.3837 -0.8369 0.3904
vn -0.0854 -0.7223 0.6863
vn 0.3646 -0.8621 0.3519
vn 0.2606 -0.8455 0.4661
vn 0.4087 -0.8690 0.2790
vn -0.3955 0.9136 -0.0943
vn -0.0171 0.9990 0.0413
vn -0.0203 0.9992 0.0344
vn 0.3277 0.9302 0.1653
vn -0.0203 -0.9992 0.0344
vn -0.0171 -0.9990 0.0413
vn -0.3955 -0.9136 -0.0943
vn 0.3277 -0.9302 0.1653
vn 0.5999 -0.7984 0.0514
vn 0.4534 -0.8910 -0.0229
vn 0.4505 -0.8916 0.0464
vn -0.0318 0.9994 0.0105
vn 0.4534 0.8910 -0.0229
vn 0.5999 0.7984 0.0514
vn 0.5617 0.8258 0.0503
vn 0.5674 0.8229 0.0301
vn 0.4909 0.8702 0.0425
vn 0.0062 0.9995 -0.0318
vn 0.4909 -0.8702 0.0425
vn 0.5674 -0.8229 0.0301
vn 0.5706 -0.8206 0.0335
vn 0.0062 -0.9995 -0.0318
vn 0.4384 0.8958 0.0726
vn 0.0140 0.9994 -0.0328
vn 0.4384 -0.8958 0.0726
vn 0.0140 -0.9994 -0.0328
vn -0.4909 -0.8702 -0.0425
vn -0.5674 -0.8229 -0.0301
vn -0.5706 -0.8206 -0.0335
vn -0.0062 -0.9995 0.0318
vn -0.4384 -0.8958 -0.0726
vn -0.0140 -0.9994 0.0328
vn -0.0140 0.9994 0.0328
vn -0.4384 0.8958 -0.0726
vn -0.4909 0.8702 -0.0425
vn -0.0062 0.9995 0.0318
vn -0.5674 0.8229 -0.0301
vn 0.4382 0.8916 0.1141
vn 0.3798 0.9139 0.1430
vn -0.4382 0.8916 -0.1141
vn -0.3798 0.9139 -0.1430
vn 0.4382 -0.8916 0.1141
vn 0.3798 -0.9139 0.1430
vn -0.4382 -0.8916 -0.1141
vn -0.3798 -0.9139 -0.1430
vn 0.4088 0.8690 0.2789
vn -0.0310 0.9863 -0.1621
vn -0.3838 0.8368 0.3904
vn 0.4088 -0.8690 0.2789
vn -0.3838 -0.8368 0.3904
vt 0.283870 0.604670
vt 0.405000 0.813970
vt 0.223320 0.657000
vt 0.268750 0.719790
vt 0.177920 0.719800
vt 0.041680 0.813990
vt 0.162770 0.604670
vt 0.223320 0.592440
vt 0.223250 0.029060
vt 0.223360 0.970970
vt 0.223330 0.724400
vt 0.908390 0.528730
vt 0.795490 0.543750
vt 0.748010 0.504170
vt 0.691780 0.547570
vt 0.587630 0.481010
vt 0.833720 0.838190
vt 0.860180 0.918420
vt 0.823450 0.845380
vt 0.813210 0.852550
vt 0.727260 0.617550
vt 0.716400 0.638070
vt 0.764550 0.642890
vt 0.700530 0.464600
vt 0.804240 0.460770
vt 0.662300 0.170160
vt 0.635840 0.089930
vt 0.672570 0.162970
vt 0.682810 0.155800
vt 0.768760 0.390800
vt 0.779620 0.370280
vt 0.731470 0.365460
vt 0.799720 0.636050
vt 0.811900 0.729710
vt 0.786010 0.740620
vt 0.822740 0.792860
vt 0.805990 0.802080
vt 0.684120 0.278630
vt 0.696300 0.372290
vt 0.710010 0.267730
vt 0.673280 0.215490
vt 0.690030 0.206270
vt 0.736040 0.256810
vt 0.706900 0.197020
vt 0.759980 0.751540
vt 0.789120 0.811330
s 1
usemtl mat1
f 1652/44/538 1647/45/538 1645/46/539
f 1647/45/540 1656/47/541 1645/46/542
f 1657/48/543 1649/49/544 1645/46/542
f 1649/49/545 1653/50/545 1645/46/546
f 1650/46/547 1647/45/548 1652/44/548
f 1650/46/549 1656/47/550 1647/45/551
f 1650/46/549 1649/49/552 1657/48/553
f 1650/46/554 1653/50/555 1649/49/555
f 1651/51/556 1646/52/557 1652/44/558
f 1653/50/559 1646/52/560 1651/51/561
f 1652/44/562 1646/52/563 1654/51/564
f 1654/51/565 1646/52/566 1653/50/567
f 1645/46/542 1651/51/556 1652/44/558
f 1652/44/562 1654/51/564 1650/46/568
f 1653/50/559 1651/51/561 1645/46/569
f 1650/46/549 1654/51/565 1653/50/567
f 1656/47/541 1648/53/570 1655/54/571
f 1655/54/572 1648/53/573 1657/48/543
f 1658/54/574 1648/53/575 1656/47/550
f 1657/48/553 1648/53/576 1658/54/577
f 1656/47/541 1655/54/571 1645/46/542
f 1650/46/549 1658/54/574 1656/47/550
f 1645/46/542 1655/54/572 1657/48/543
f 1657/48/553 1658/54/577 1650/46/549
f 1660/55/578 1661/56/579 1659/57/580
f 1663/58/581 1664/59/582 1659/57/580
f 1665/57/583 1661/56/584 1660/55/585
f 1665/57/586 1664/59/587 1663/58/588
f 1679/60/589 1662/61/590 1678/62/591
f 1678/62/591 1662/61/590 1680/63/592
f 1681/62/593 1662/61/594 1679/60/595
f 1680/63/596 1662/61/594 1681/62/593
f 1682/64/597 1668/65/598 1669/66/599
f 1666/66/600 1668/65/601 1682/64/602
f 1664/59/603 1683/67/604 1659/57/605
f 1685/68/606 1660/55/607 1659/57/608
f 1665/57/609 1683/67/610 1664/59/611
f 1665/57/612 1660/55/613 1685/68/614
f 1699/69/615 1684/70/616 1698/71/617
f 1698/71/617 1684/70/616 1700/72/618
f 1701/71/619 1684/70/620 1699/69/621
f 1700/72/622 1684/70/620 1701/71/619
f 1702/73/623 1688/74/624 1689/75/625
f 1686/75/626 1688/74/627 1702/73/628
f 1666/66/629 1667/76/630 1671/77/631
f 1670/78/632 1666/66/600 1671/77/631
f 1671/77/633 1667/76/634 1669/66/635
f 1673/78/636 1671/77/633 1669/66/599
f 1670/78/632 1671/77/631 1675/79/637
f 1674/80/638 1670/78/632 1675/79/637
f 1675/79/639 1671/77/633 1673/78/636
f 1677/80/640 1675/79/639 1673/78/636
f 1674/80/638 1675/79/637 1679/60/589
f 1678/62/591 1674/80/638 1679/60/589
f 1679/60/595 1675/79/639 1677/80/640
f 1681/62/593 1679/60/595 1677/80/640
f 1691/81/641 1687/82/642 1689/75/643
f 1693/83/644 1691/81/641 1689/75/625
f 1695/84/645 1691/81/641 1693/83/644
f 1697/85/646 1695/84/645 1693/83/644
f 1694/85/647 1695/84/648 1699/69/615
f 1698/71/617 1694/85/647 1699/69/615
f 1699/69/621 1695/84/645 1697/85/646
f 1701/71/619 1699/69/621 1697/85/646
f 1691/81/649 1690/83/650 1686/75/626
f 1686/75/626 1687/82/651 1691/81/649
f 1695/84/648 1694/85/647 1690/83/650
f 1690/83/650 1691/81/649 1695/84/648
f 1692/86/652 1688/74/627 1686/75/626
f 1686/75/626 1690/83/650 1692/86/652
f 1696/87/653 1692/86/652 1690/83/650
f 1690/83/650 1694/85/647 1696/87/653
f 1694/85/647 1698/71/617 1700/72/618
f 1700/72/618 1696/87/653 1694/85/647
f 1672/88/654 1668/65/601 1666/66/600
f 1666/66/600 1670/78/632 1672/88/654
f 1676/89/655 1672/88/654 1670/78/632
f 1670/78/632 1674/80/638 1676/89/655
f 1680/63/592 1676/89/655 1674/80/638
f 1674/80/638 1678/62/591 1680/63/592
f 1689/75/625 1688/74/624 1692/86/656
f 1692/86/656 1693/83/644 1689/75/625
f 1696/87/657 1697/85/646 1693/83/644
f 1693/83/644 1692/86/656 1696/87/657
f 1700/72/622 1701/71/619 1697/85/646
f 1697/85/646 1696/87/657 1700/72/622
f 1672/88/658 1673/78/636 1669/66/599
f 1669/66/599 1668/65/598 1672/88/658
f 1673/78/636 1672/88/658 1676/89/659
f 1676/89/659 1677/80/640 1673/78/636
f 1680/63/596 1681/62/593 1677/80/640
f 1677/80/640 1676/89/659 1680/63/596
f 1686/75/626 1702/73/628 1685/68/660
f 1685/68/660 1659/57/661 1686/75/626
f 1683/67/662 1687/82/651 1686/75/626
f 1686/75/626 1659/57/661 1683/67/662
f 1661/56/579 1667/76/630 1666/66/600
f 1666/66/600 1659/57/580 1661/56/579
f 1663/58/581 1659/57/580 1666/66/600
f 1666/66/600 1682/64/602 1663/58/581
f 1663/58/588 1682/64/597 1669/66/599
f 1669/66/599 1665/57/586 1663/58/588
f 1661/56/584 1665/57/609 1669/66/635
f 1669/66/635 1667/76/634 1661/56/584
f 1685/68/663 1702/73/623 1689/75/625
f 1689/75/625 1665/57/586 1685/68/663
f 1683/67/664 1665/57/586 1689/75/643
f 1689/75/643 1687/82/642 1683/67/664
